Model,Dataset,Pair Modality,Pair Type,Cosine Similarity
ALIGN,mscoco,Txt-Txt,Pos,0.6256278
ALIGN,mscoco,Txt-Txt,Pos,0.75055325
ALIGN,mscoco,Txt-Txt,Pos,0.7493638
ALIGN,mscoco,Txt-Txt,Pos,0.81590116
ALIGN,mscoco,Txt-Txt,Pos,0.86105144
ALIGN,mscoco,Txt-Txt,Pos,0.62129664
ALIGN,mscoco,Txt-Txt,Pos,0.82569945
ALIGN,mscoco,Txt-Txt,Pos,0.8224502
ALIGN,mscoco,Txt-Txt,Pos,0.8490063
ALIGN,mscoco,Txt-Txt,Pos,0.70350695
ALIGN,mscoco,Txt-Txt,Pos,0.89563406
ALIGN,mscoco,Txt-Txt,Pos,0.7810209
ALIGN,mscoco,Txt-Txt,Pos,0.892979
ALIGN,mscoco,Txt-Txt,Pos,0.6107701
ALIGN,mscoco,Txt-Txt,Pos,0.71459556
ALIGN,mscoco,Txt-Txt,Pos,0.7639632
ALIGN,mscoco,Txt-Txt,Pos,0.7656775
ALIGN,mscoco,Txt-Txt,Pos,0.70589167
ALIGN,mscoco,Txt-Txt,Pos,0.65591216
ALIGN,mscoco,Txt-Txt,Pos,0.7841417
ALIGN,mscoco,Txt-Txt,Pos,0.7602754
ALIGN,mscoco,Txt-Txt,Pos,0.77964884
ALIGN,mscoco,Txt-Txt,Pos,0.7278234
ALIGN,mscoco,Txt-Txt,Pos,0.8399818
ALIGN,mscoco,Txt-Txt,Pos,0.88864213
ALIGN,mscoco,Txt-Txt,Pos,0.72812676
ALIGN,mscoco,Txt-Txt,Pos,0.7853667
ALIGN,mscoco,Txt-Txt,Pos,0.69648474
ALIGN,mscoco,Txt-Txt,Pos,0.85758007
ALIGN,mscoco,Txt-Txt,Pos,0.7653712
ALIGN,mscoco,Txt-Txt,Pos,0.72843057
ALIGN,mscoco,Txt-Txt,Pos,0.8168872
ALIGN,mscoco,Txt-Txt,Pos,0.83975405
ALIGN,mscoco,Txt-Txt,Pos,0.68710685
ALIGN,mscoco,Txt-Txt,Pos,0.7177442
ALIGN,mscoco,Txt-Txt,Pos,0.7776403
ALIGN,mscoco,Txt-Txt,Pos,0.6372472
ALIGN,mscoco,Txt-Txt,Pos,0.6000371
ALIGN,mscoco,Txt-Txt,Pos,0.6735294
ALIGN,mscoco,Txt-Txt,Pos,0.535827
ALIGN,mscoco,Txt-Txt,Pos,0.67387193
ALIGN,mscoco,Txt-Txt,Pos,0.72458035
ALIGN,mscoco,Txt-Txt,Pos,0.6988849
ALIGN,mscoco,Txt-Txt,Pos,0.7794504
ALIGN,mscoco,Txt-Txt,Pos,0.7797611
ALIGN,mscoco,Txt-Txt,Pos,0.8072699
ALIGN,mscoco,Txt-Txt,Pos,0.75347835
ALIGN,mscoco,Txt-Txt,Pos,0.54005677
ALIGN,mscoco,Txt-Txt,Pos,0.84660995
ALIGN,mscoco,Txt-Txt,Pos,0.85428476
ALIGN,mscoco,Txt-Txt,Pos,0.81026846
ALIGN,mscoco,Txt-Txt,Pos,0.65720296
ALIGN,mscoco,Txt-Txt,Pos,0.8637324
ALIGN,mscoco,Txt-Txt,Pos,0.7761029
ALIGN,mscoco,Txt-Txt,Pos,0.85922694
ALIGN,mscoco,Txt-Txt,Pos,0.80335736
ALIGN,mscoco,Txt-Txt,Pos,0.807691
ALIGN,mscoco,Txt-Txt,Pos,0.79556274
ALIGN,mscoco,Txt-Txt,Pos,0.8514537
ALIGN,mscoco,Txt-Txt,Pos,0.8009951
ALIGN,mscoco,Txt-Txt,Pos,0.50989217
ALIGN,mscoco,Txt-Txt,Pos,0.7237271
ALIGN,mscoco,Txt-Txt,Pos,0.7091925
ALIGN,mscoco,Txt-Txt,Pos,0.7777292
ALIGN,mscoco,Txt-Txt,Pos,0.900862
ALIGN,mscoco,Txt-Txt,Pos,0.7577218
ALIGN,mscoco,Txt-Txt,Pos,0.7565305
ALIGN,mscoco,Txt-Txt,Pos,0.64333946
ALIGN,mscoco,Txt-Txt,Pos,0.72820956
ALIGN,mscoco,Txt-Txt,Pos,0.7967851
ALIGN,mscoco,Txt-Txt,Pos,0.7234775
ALIGN,mscoco,Txt-Txt,Pos,0.6568706
ALIGN,mscoco,Txt-Txt,Pos,0.53166205
ALIGN,mscoco,Txt-Txt,Pos,0.7259808
ALIGN,mscoco,Txt-Txt,Pos,0.7739283
ALIGN,mscoco,Txt-Txt,Pos,0.916651
ALIGN,mscoco,Txt-Txt,Pos,0.6519169
ALIGN,mscoco,Txt-Txt,Pos,0.72853786
ALIGN,mscoco,Txt-Txt,Pos,0.62473226
ALIGN,mscoco,Txt-Txt,Pos,0.6028879
ALIGN,mscoco,Txt-Txt,Pos,0.66074973
ALIGN,mscoco,Txt-Txt,Pos,0.7809964
ALIGN,mscoco,Txt-Txt,Pos,0.65335536
ALIGN,mscoco,Txt-Txt,Pos,0.87938476
ALIGN,mscoco,Txt-Txt,Pos,0.85858464
ALIGN,mscoco,Txt-Txt,Pos,0.8094006
ALIGN,mscoco,Txt-Txt,Pos,0.6467675
ALIGN,mscoco,Txt-Txt,Pos,0.671319
ALIGN,mscoco,Txt-Txt,Pos,0.6856485
ALIGN,mscoco,Txt-Txt,Pos,0.7512457
ALIGN,mscoco,Txt-Txt,Pos,0.70601493
ALIGN,mscoco,Txt-Txt,Pos,0.7104787
ALIGN,mscoco,Txt-Txt,Pos,0.73465455
ALIGN,mscoco,Txt-Txt,Pos,0.6637305
ALIGN,mscoco,Txt-Txt,Pos,0.8446254
ALIGN,mscoco,Txt-Txt,Pos,0.93243325
ALIGN,mscoco,Txt-Txt,Pos,0.65883607
ALIGN,mscoco,Txt-Txt,Pos,0.7050793
ALIGN,mscoco,Txt-Txt,Pos,0.81039345
ALIGN,mscoco,Txt-Txt,Pos,0.865478
ALIGN,mscoco,Txt-Txt,Pos,0.8579505
ALIGN,mscoco,Txt-Txt,Pos,0.7557255
ALIGN,mscoco,Txt-Txt,Pos,0.8895414
ALIGN,mscoco,Txt-Txt,Pos,0.8208167
ALIGN,mscoco,Txt-Txt,Pos,0.8434111
ALIGN,mscoco,Txt-Txt,Pos,0.5654886
ALIGN,mscoco,Txt-Txt,Pos,0.5751376
ALIGN,mscoco,Txt-Txt,Pos,0.8114267
ALIGN,mscoco,Txt-Txt,Pos,0.76529866
ALIGN,mscoco,Txt-Txt,Pos,0.60930425
ALIGN,mscoco,Txt-Txt,Pos,0.6809363
ALIGN,mscoco,Txt-Txt,Pos,0.7461162
ALIGN,mscoco,Txt-Txt,Pos,0.6812659
ALIGN,mscoco,Txt-Txt,Pos,0.6533298
ALIGN,mscoco,Txt-Txt,Pos,0.7405671
ALIGN,mscoco,Txt-Txt,Pos,0.8090617
ALIGN,mscoco,Txt-Txt,Pos,0.7963834
ALIGN,mscoco,Txt-Txt,Pos,0.6989608
ALIGN,mscoco,Txt-Txt,Pos,0.6810798
ALIGN,mscoco,Txt-Txt,Pos,0.68864167
ALIGN,mscoco,Txt-Txt,Pos,0.7110012
ALIGN,mscoco,Txt-Txt,Pos,0.8265228
ALIGN,mscoco,Txt-Txt,Pos,0.78566337
ALIGN,mscoco,Txt-Txt,Pos,0.8577571
ALIGN,mscoco,Txt-Txt,Pos,0.73402
ALIGN,mscoco,Txt-Txt,Pos,0.76662886
ALIGN,mscoco,Txt-Txt,Pos,0.5786798
ALIGN,mscoco,Txt-Txt,Pos,0.6010685
ALIGN,mscoco,Txt-Txt,Pos,0.90360713
ALIGN,mscoco,Txt-Txt,Pos,0.9110535
ALIGN,mscoco,Txt-Txt,Pos,0.6336498
ALIGN,mscoco,Txt-Txt,Pos,0.6728681
ALIGN,mscoco,Txt-Txt,Pos,0.94813025
ALIGN,mscoco,Txt-Txt,Pos,0.6670243
ALIGN,mscoco,Txt-Txt,Pos,0.66758144
ALIGN,mscoco,Txt-Txt,Pos,0.85304224
ALIGN,mscoco,Txt-Txt,Pos,0.6401984
ALIGN,mscoco,Txt-Txt,Pos,0.837755
ALIGN,mscoco,Txt-Txt,Pos,0.7890938
ALIGN,mscoco,Txt-Txt,Pos,0.6547745
ALIGN,mscoco,Txt-Txt,Pos,0.6295252
ALIGN,mscoco,Txt-Txt,Pos,0.82490575
ALIGN,mscoco,Txt-Txt,Pos,0.8192452
ALIGN,mscoco,Txt-Txt,Pos,0.6956991
ALIGN,mscoco,Txt-Txt,Pos,0.8970225
ALIGN,mscoco,Txt-Txt,Pos,0.73785275
ALIGN,mscoco,Txt-Txt,Pos,0.658396
ALIGN,mscoco,Txt-Txt,Pos,0.7251
ALIGN,mscoco,Txt-Txt,Pos,0.7305462
ALIGN,mscoco,Txt-Txt,Pos,0.5729609
ALIGN,mscoco,Txt-Txt,Pos,0.65176845
ALIGN,mscoco,Txt-Txt,Pos,0.77651757
ALIGN,mscoco,Txt-Txt,Pos,0.73251855
ALIGN,mscoco,Txt-Txt,Pos,0.93460524
ALIGN,mscoco,Txt-Txt,Pos,0.85201
ALIGN,mscoco,Txt-Txt,Pos,0.64300174
ALIGN,mscoco,Txt-Txt,Pos,0.7536782
ALIGN,mscoco,Txt-Txt,Pos,0.6414651
ALIGN,mscoco,Txt-Txt,Pos,0.8831964
ALIGN,mscoco,Txt-Txt,Pos,0.5669584
ALIGN,mscoco,Txt-Txt,Pos,0.6941807
ALIGN,mscoco,Txt-Txt,Pos,0.6107892
ALIGN,mscoco,Txt-Txt,Pos,0.6485279
ALIGN,mscoco,Txt-Txt,Pos,0.671018
ALIGN,mscoco,Txt-Txt,Pos,0.71611655
ALIGN,mscoco,Txt-Txt,Pos,0.72196436
ALIGN,mscoco,Txt-Txt,Pos,0.68986136
ALIGN,mscoco,Txt-Txt,Pos,0.7158183
ALIGN,mscoco,Txt-Txt,Pos,0.6031939
ALIGN,mscoco,Txt-Txt,Pos,0.6136201
ALIGN,mscoco,Txt-Txt,Pos,0.84958947
ALIGN,mscoco,Txt-Txt,Pos,0.7344292
ALIGN,mscoco,Txt-Txt,Pos,0.65996325
ALIGN,mscoco,Txt-Txt,Pos,0.7289801
ALIGN,mscoco,Txt-Txt,Pos,0.73578143
ALIGN,mscoco,Txt-Txt,Pos,0.84092563
ALIGN,mscoco,Txt-Txt,Pos,0.7937281
ALIGN,mscoco,Txt-Txt,Pos,0.688049
ALIGN,mscoco,Txt-Txt,Pos,0.6121127
ALIGN,mscoco,Txt-Txt,Pos,0.6225285
ALIGN,mscoco,Txt-Txt,Pos,0.6879555
ALIGN,mscoco,Txt-Txt,Pos,0.7473829
ALIGN,mscoco,Txt-Txt,Pos,0.74590707
ALIGN,mscoco,Txt-Txt,Pos,0.61905915
ALIGN,mscoco,Txt-Txt,Pos,0.6142706
ALIGN,mscoco,Txt-Txt,Pos,0.7184255
ALIGN,mscoco,Txt-Txt,Pos,0.7042566
ALIGN,mscoco,Txt-Txt,Pos,0.7572456
ALIGN,mscoco,Txt-Txt,Pos,0.8891237
ALIGN,mscoco,Txt-Txt,Pos,0.64465886
ALIGN,mscoco,Txt-Txt,Pos,0.56338865
ALIGN,mscoco,Txt-Txt,Pos,0.7236393
ALIGN,mscoco,Txt-Txt,Pos,0.58269316
ALIGN,mscoco,Txt-Txt,Pos,0.75997
ALIGN,mscoco,Txt-Txt,Pos,0.7152987
ALIGN,mscoco,Txt-Txt,Pos,0.8010309
ALIGN,mscoco,Txt-Txt,Pos,0.6339066
ALIGN,mscoco,Txt-Txt,Pos,0.69767594
ALIGN,mscoco,Txt-Txt,Pos,0.6379376
ALIGN,mscoco,Txt-Txt,Pos,0.69386435
ALIGN,mscoco,Txt-Txt,Pos,0.76537913
ALIGN,mscoco,Txt-Txt,Pos,0.6176456
ALIGN,mscoco,Txt-Txt,Pos,0.67143524
ALIGN,mscoco,Txt-Txt,Pos,0.8199166
ALIGN,mscoco,Txt-Txt,Pos,0.7356577
ALIGN,mscoco,Txt-Txt,Pos,0.70716435
ALIGN,mscoco,Txt-Txt,Pos,0.6668036
ALIGN,mscoco,Txt-Txt,Pos,0.67084193
ALIGN,mscoco,Txt-Txt,Pos,0.73922634
ALIGN,mscoco,Txt-Txt,Pos,0.71711576
ALIGN,mscoco,Txt-Txt,Pos,0.64059174
ALIGN,mscoco,Txt-Txt,Pos,0.61671
ALIGN,mscoco,Txt-Txt,Pos,0.54319394
ALIGN,mscoco,Txt-Txt,Pos,0.7739977
ALIGN,mscoco,Txt-Txt,Pos,0.7613292
ALIGN,mscoco,Txt-Txt,Pos,0.7560086
ALIGN,mscoco,Txt-Txt,Pos,0.5921599
ALIGN,mscoco,Txt-Txt,Pos,0.84461063
ALIGN,mscoco,Txt-Txt,Pos,0.7620934
ALIGN,mscoco,Txt-Txt,Pos,0.83168936
ALIGN,mscoco,Txt-Txt,Pos,0.6978155
ALIGN,mscoco,Txt-Txt,Pos,0.7546081
ALIGN,mscoco,Txt-Txt,Pos,0.89890677
ALIGN,mscoco,Txt-Txt,Pos,0.70338386
ALIGN,mscoco,Txt-Txt,Pos,0.6407721
ALIGN,mscoco,Txt-Txt,Pos,0.6857422
ALIGN,mscoco,Txt-Txt,Pos,0.5507519
ALIGN,mscoco,Txt-Txt,Pos,0.7125915
ALIGN,mscoco,Txt-Txt,Pos,0.5251061
ALIGN,mscoco,Txt-Txt,Pos,0.65760005
ALIGN,mscoco,Txt-Txt,Pos,0.6468304
ALIGN,mscoco,Txt-Txt,Pos,0.7285536
ALIGN,mscoco,Txt-Txt,Pos,0.902688
ALIGN,mscoco,Txt-Txt,Pos,0.72103983
ALIGN,mscoco,Txt-Txt,Pos,0.7446625
ALIGN,mscoco,Txt-Txt,Pos,0.662856
ALIGN,mscoco,Txt-Txt,Pos,0.6658209
ALIGN,mscoco,Txt-Txt,Pos,0.7590591
ALIGN,mscoco,Txt-Txt,Pos,0.72699296
ALIGN,mscoco,Txt-Txt,Pos,0.7783639
ALIGN,mscoco,Txt-Txt,Pos,0.76324505
ALIGN,mscoco,Txt-Txt,Pos,0.419892
ALIGN,mscoco,Txt-Txt,Pos,0.686212
ALIGN,mscoco,Txt-Txt,Pos,0.83793527
ALIGN,mscoco,Txt-Txt,Pos,0.7257706
ALIGN,mscoco,Txt-Txt,Pos,0.8203975
ALIGN,mscoco,Txt-Txt,Pos,0.58429325
ALIGN,mscoco,Txt-Txt,Pos,0.8775346
ALIGN,mscoco,Txt-Txt,Pos,0.68822485
ALIGN,mscoco,Txt-Txt,Pos,0.83060557
ALIGN,mscoco,Txt-Txt,Pos,0.7891653
ALIGN,mscoco,Txt-Txt,Pos,0.82997614
ALIGN,mscoco,Txt-Txt,Pos,0.80949503
ALIGN,mscoco,Txt-Txt,Pos,0.6238364
ALIGN,mscoco,Txt-Txt,Pos,0.6260071
ALIGN,mscoco,Txt-Txt,Pos,0.67204463
ALIGN,mscoco,Txt-Txt,Pos,0.730003
ALIGN,mscoco,Txt-Txt,Pos,0.97296333
ALIGN,mscoco,Txt-Txt,Pos,0.7623448
ALIGN,mscoco,Txt-Txt,Pos,0.78025085
ALIGN,mscoco,Txt-Txt,Pos,0.71030474
ALIGN,mscoco,Txt-Txt,Pos,0.8499486
ALIGN,mscoco,Txt-Txt,Pos,0.72034335
ALIGN,mscoco,Txt-Txt,Pos,0.6742971
ALIGN,mscoco,Txt-Txt,Pos,0.67090625
ALIGN,mscoco,Txt-Txt,Pos,0.74484754
ALIGN,mscoco,Txt-Txt,Pos,0.9274421
ALIGN,mscoco,Txt-Txt,Pos,0.6790262
ALIGN,mscoco,Txt-Txt,Pos,0.69225496
ALIGN,mscoco,Txt-Txt,Pos,0.7189326
ALIGN,mscoco,Txt-Txt,Pos,0.69820356
ALIGN,mscoco,Txt-Txt,Pos,0.64735997
ALIGN,mscoco,Txt-Txt,Pos,0.5870378
ALIGN,mscoco,Txt-Txt,Pos,0.7509052
ALIGN,mscoco,Txt-Txt,Pos,0.6337048
ALIGN,mscoco,Txt-Txt,Pos,0.6656351
ALIGN,mscoco,Txt-Txt,Pos,0.6663687
ALIGN,mscoco,Txt-Txt,Pos,0.6456403
ALIGN,mscoco,Txt-Txt,Pos,0.8779703
ALIGN,mscoco,Txt-Txt,Pos,0.84712696
ALIGN,mscoco,Txt-Txt,Pos,0.8079177
ALIGN,mscoco,Txt-Txt,Pos,0.86517143
ALIGN,mscoco,Txt-Txt,Pos,0.70296943
ALIGN,mscoco,Txt-Txt,Pos,0.62667376
ALIGN,mscoco,Txt-Txt,Pos,0.8575144
ALIGN,mscoco,Txt-Txt,Pos,0.54679096
ALIGN,mscoco,Txt-Txt,Pos,0.8578368
ALIGN,mscoco,Txt-Txt,Pos,0.809739
ALIGN,mscoco,Txt-Txt,Pos,0.56595904
ALIGN,mscoco,Txt-Txt,Pos,0.7280278
ALIGN,mscoco,Txt-Txt,Pos,0.9182249
ALIGN,mscoco,Txt-Txt,Pos,0.7088948
ALIGN,mscoco,Txt-Txt,Pos,0.52261555
ALIGN,mscoco,Txt-Txt,Pos,0.72533685
ALIGN,mscoco,Txt-Txt,Pos,0.6721511
ALIGN,mscoco,Txt-Txt,Pos,0.69196784
ALIGN,mscoco,Txt-Txt,Pos,0.7729433
ALIGN,mscoco,Txt-Txt,Pos,0.5549973
ALIGN,mscoco,Txt-Txt,Pos,0.6534763
ALIGN,mscoco,Txt-Txt,Pos,0.66725737
ALIGN,mscoco,Txt-Txt,Pos,0.6805986
ALIGN,mscoco,Txt-Txt,Pos,0.82994103
ALIGN,mscoco,Txt-Txt,Pos,0.62971044
ALIGN,mscoco,Txt-Txt,Pos,0.80917597
ALIGN,mscoco,Txt-Txt,Pos,0.7837041
ALIGN,mscoco,Txt-Txt,Pos,0.79060376
ALIGN,mscoco,Txt-Txt,Pos,0.600058
ALIGN,mscoco,Txt-Txt,Pos,0.58499396
ALIGN,mscoco,Txt-Txt,Pos,0.8140543
ALIGN,mscoco,Txt-Txt,Pos,0.642088
ALIGN,mscoco,Txt-Txt,Pos,0.68688357
ALIGN,mscoco,Txt-Txt,Pos,0.7393565
ALIGN,mscoco,Txt-Txt,Pos,0.526452
ALIGN,mscoco,Txt-Txt,Pos,0.707269
ALIGN,mscoco,Txt-Txt,Pos,0.7241732
ALIGN,mscoco,Txt-Txt,Pos,0.7786757
ALIGN,mscoco,Txt-Txt,Pos,0.84344035
ALIGN,mscoco,Txt-Txt,Pos,0.60779834
ALIGN,mscoco,Txt-Txt,Pos,0.68149424
ALIGN,mscoco,Txt-Txt,Pos,0.84974056
ALIGN,mscoco,Txt-Txt,Pos,0.64131814
ALIGN,mscoco,Txt-Txt,Pos,0.80058527
ALIGN,mscoco,Txt-Txt,Pos,0.9156321
ALIGN,mscoco,Txt-Txt,Pos,0.7723744
ALIGN,mscoco,Txt-Txt,Pos,0.7793135
ALIGN,mscoco,Txt-Txt,Pos,0.5813656
ALIGN,mscoco,Txt-Txt,Pos,0.8608372
ALIGN,mscoco,Txt-Txt,Pos,0.73363554
ALIGN,mscoco,Txt-Txt,Pos,0.8421488
ALIGN,mscoco,Txt-Txt,Pos,0.5615391
ALIGN,mscoco,Txt-Txt,Pos,0.6499056
ALIGN,mscoco,Txt-Txt,Pos,0.6046678
ALIGN,mscoco,Txt-Txt,Pos,0.6865837
ALIGN,mscoco,Txt-Txt,Pos,0.65669763
ALIGN,mscoco,Txt-Txt,Pos,0.6386666
ALIGN,mscoco,Txt-Txt,Pos,0.6762372
ALIGN,mscoco,Txt-Txt,Pos,0.71869814
ALIGN,mscoco,Txt-Txt,Pos,0.87759364
ALIGN,mscoco,Txt-Txt,Pos,0.60800123
ALIGN,mscoco,Txt-Txt,Pos,0.63824034
ALIGN,mscoco,Txt-Txt,Pos,0.5965026
ALIGN,mscoco,Txt-Txt,Pos,0.787701
ALIGN,mscoco,Txt-Txt,Pos,0.64150214
ALIGN,mscoco,Txt-Txt,Pos,0.56243926
ALIGN,mscoco,Txt-Txt,Pos,0.72249764
ALIGN,mscoco,Txt-Txt,Pos,0.9264792
ALIGN,mscoco,Txt-Txt,Pos,0.7639308
ALIGN,mscoco,Txt-Txt,Pos,0.711413
ALIGN,mscoco,Txt-Txt,Pos,0.5789384
ALIGN,mscoco,Txt-Txt,Pos,0.7780439
ALIGN,mscoco,Txt-Txt,Pos,0.74246764
ALIGN,mscoco,Txt-Txt,Pos,0.69039655
ALIGN,mscoco,Txt-Txt,Pos,0.6899551
ALIGN,mscoco,Txt-Txt,Pos,0.86409587
ALIGN,mscoco,Txt-Txt,Pos,0.7071672
ALIGN,mscoco,Txt-Txt,Pos,0.5767828
ALIGN,mscoco,Txt-Txt,Pos,0.7746236
ALIGN,mscoco,Txt-Txt,Pos,0.6308058
ALIGN,mscoco,Txt-Txt,Pos,0.8373815
ALIGN,mscoco,Txt-Txt,Pos,0.5983668
ALIGN,mscoco,Txt-Txt,Pos,0.7582565
ALIGN,mscoco,Txt-Txt,Pos,0.65840685
ALIGN,mscoco,Txt-Txt,Pos,0.76944894
ALIGN,mscoco,Txt-Txt,Pos,0.5199749
ALIGN,mscoco,Txt-Txt,Pos,0.71302783
ALIGN,mscoco,Txt-Txt,Pos,0.74547666
ALIGN,mscoco,Txt-Txt,Pos,0.602809
ALIGN,mscoco,Txt-Txt,Pos,0.6715775
ALIGN,mscoco,Txt-Txt,Pos,0.62675345
ALIGN,mscoco,Txt-Txt,Pos,0.6894487
ALIGN,mscoco,Txt-Txt,Pos,0.77180547
ALIGN,mscoco,Txt-Txt,Pos,0.6765334
ALIGN,mscoco,Txt-Txt,Pos,0.47521377
ALIGN,mscoco,Txt-Txt,Pos,0.5770685
ALIGN,mscoco,Txt-Txt,Pos,0.5281017
ALIGN,mscoco,Txt-Txt,Pos,0.74486035
ALIGN,mscoco,Txt-Txt,Pos,0.80125815
ALIGN,mscoco,Txt-Txt,Pos,0.76921475
ALIGN,mscoco,Txt-Txt,Pos,0.638198
ALIGN,mscoco,Txt-Txt,Pos,0.59411037
ALIGN,mscoco,Txt-Txt,Pos,0.7462846
ALIGN,mscoco,Txt-Txt,Pos,0.6218881
ALIGN,mscoco,Txt-Txt,Pos,0.788276
ALIGN,mscoco,Txt-Txt,Pos,0.7957386
ALIGN,mscoco,Txt-Txt,Pos,0.7523207
ALIGN,mscoco,Txt-Txt,Pos,0.7496969
ALIGN,mscoco,Txt-Txt,Pos,0.779254
ALIGN,mscoco,Txt-Txt,Pos,0.6886317
ALIGN,mscoco,Txt-Txt,Pos,0.6420555
ALIGN,mscoco,Txt-Txt,Pos,0.63635594
ALIGN,mscoco,Txt-Txt,Pos,0.67704576
ALIGN,mscoco,Txt-Txt,Pos,0.5615969
ALIGN,mscoco,Txt-Txt,Pos,0.92650706
ALIGN,mscoco,Txt-Txt,Pos,0.65481824
ALIGN,mscoco,Txt-Txt,Pos,0.6474713
ALIGN,mscoco,Txt-Txt,Pos,0.748943
ALIGN,mscoco,Txt-Txt,Pos,0.7895383
ALIGN,mscoco,Txt-Txt,Pos,0.8039404
ALIGN,mscoco,Txt-Txt,Pos,0.6767241
ALIGN,mscoco,Txt-Txt,Pos,0.64199257
ALIGN,mscoco,Txt-Txt,Pos,0.83794975
ALIGN,mscoco,Txt-Txt,Pos,0.8201407
ALIGN,mscoco,Txt-Txt,Pos,0.7713184
ALIGN,mscoco,Txt-Txt,Pos,0.7648152
ALIGN,mscoco,Txt-Txt,Pos,0.72742456
ALIGN,mscoco,Txt-Txt,Pos,0.5782533
ALIGN,mscoco,Txt-Txt,Pos,0.6287724
ALIGN,mscoco,Txt-Txt,Pos,0.7140749
ALIGN,mscoco,Txt-Txt,Pos,0.673303
ALIGN,mscoco,Txt-Txt,Pos,0.5911513
ALIGN,mscoco,Txt-Txt,Pos,0.67783886
ALIGN,mscoco,Txt-Txt,Pos,0.92459404
ALIGN,mscoco,Txt-Txt,Pos,0.7234856
ALIGN,mscoco,Txt-Txt,Pos,0.67355037
ALIGN,mscoco,Txt-Txt,Pos,0.6625512
ALIGN,mscoco,Txt-Txt,Pos,0.6280619
ALIGN,mscoco,Txt-Txt,Pos,0.60474503
ALIGN,mscoco,Txt-Txt,Pos,0.7522902
ALIGN,mscoco,Txt-Txt,Pos,0.7110413
ALIGN,mscoco,Txt-Txt,Pos,0.69714105
ALIGN,mscoco,Txt-Txt,Pos,0.7843674
ALIGN,mscoco,Txt-Txt,Pos,0.7193303
ALIGN,mscoco,Txt-Txt,Pos,0.5701614
ALIGN,mscoco,Txt-Txt,Pos,0.86732244
ALIGN,mscoco,Txt-Txt,Pos,0.6757828
ALIGN,mscoco,Txt-Txt,Pos,0.7018725
ALIGN,mscoco,Txt-Txt,Pos,0.79275554
ALIGN,mscoco,Txt-Txt,Pos,0.5244331
ALIGN,mscoco,Txt-Txt,Pos,0.64100194
ALIGN,mscoco,Txt-Txt,Pos,0.57973564
ALIGN,mscoco,Txt-Txt,Pos,0.7010072
ALIGN,mscoco,Txt-Txt,Pos,0.6856545
ALIGN,mscoco,Txt-Txt,Pos,0.6290734
ALIGN,mscoco,Txt-Txt,Pos,0.73784316
ALIGN,mscoco,Txt-Txt,Pos,0.6824704
ALIGN,mscoco,Txt-Txt,Pos,0.58303857
ALIGN,mscoco,Txt-Txt,Pos,0.6657287
ALIGN,mscoco,Txt-Txt,Pos,0.7563293
ALIGN,mscoco,Txt-Txt,Pos,0.74699557
ALIGN,mscoco,Txt-Txt,Pos,0.7593589
ALIGN,mscoco,Txt-Txt,Pos,0.68989843
ALIGN,mscoco,Txt-Txt,Pos,0.655329
ALIGN,mscoco,Txt-Txt,Pos,0.65834945
ALIGN,mscoco,Txt-Txt,Pos,0.53582156
ALIGN,mscoco,Txt-Txt,Pos,0.83398575
ALIGN,mscoco,Txt-Txt,Pos,0.87854147
ALIGN,mscoco,Txt-Txt,Pos,0.7758745
ALIGN,mscoco,Txt-Txt,Pos,0.68880486
ALIGN,mscoco,Txt-Txt,Pos,0.69492644
ALIGN,mscoco,Txt-Txt,Pos,0.6575411
ALIGN,mscoco,Txt-Txt,Pos,0.6745474
ALIGN,mscoco,Txt-Txt,Pos,0.5969648
ALIGN,mscoco,Txt-Txt,Pos,0.8555902
ALIGN,mscoco,Txt-Txt,Pos,0.70356435
ALIGN,mscoco,Txt-Txt,Pos,0.6986019
ALIGN,mscoco,Txt-Txt,Pos,0.6399933
ALIGN,mscoco,Txt-Txt,Pos,0.6147853
ALIGN,mscoco,Txt-Txt,Pos,0.6442791
ALIGN,mscoco,Txt-Txt,Pos,0.70432544
ALIGN,mscoco,Txt-Txt,Pos,0.6132541
ALIGN,mscoco,Txt-Txt,Pos,0.61722636
ALIGN,mscoco,Txt-Txt,Pos,0.6594316
ALIGN,mscoco,Txt-Txt,Pos,0.6292505
ALIGN,mscoco,Txt-Txt,Pos,0.67927384
ALIGN,mscoco,Txt-Txt,Pos,0.6882815
ALIGN,mscoco,Txt-Txt,Pos,0.6930098
ALIGN,mscoco,Txt-Txt,Pos,0.6205356
ALIGN,mscoco,Txt-Txt,Pos,0.7243287
ALIGN,mscoco,Txt-Txt,Pos,0.71516526
ALIGN,mscoco,Txt-Txt,Pos,0.6974669
ALIGN,mscoco,Txt-Txt,Pos,0.71044385
ALIGN,mscoco,Txt-Txt,Pos,0.6854606
ALIGN,mscoco,Txt-Txt,Pos,0.8511374
ALIGN,mscoco,Txt-Txt,Pos,0.69746953
ALIGN,mscoco,Txt-Txt,Pos,0.69899076
ALIGN,mscoco,Txt-Txt,Pos,0.63580465
ALIGN,mscoco,Txt-Txt,Pos,0.7086431
ALIGN,mscoco,Txt-Txt,Pos,0.7302081
ALIGN,mscoco,Txt-Txt,Pos,0.6756928
ALIGN,mscoco,Txt-Txt,Pos,0.59761494
ALIGN,mscoco,Txt-Txt,Pos,0.6856588
ALIGN,mscoco,Txt-Txt,Pos,0.8571632
ALIGN,mscoco,Txt-Txt,Pos,0.96212834
ALIGN,mscoco,Txt-Txt,Pos,0.70809937
ALIGN,mscoco,Txt-Txt,Pos,0.7460649
ALIGN,mscoco,Txt-Txt,Pos,0.848012
ALIGN,mscoco,Txt-Txt,Pos,0.646174
ALIGN,mscoco,Txt-Txt,Pos,0.85929394
ALIGN,mscoco,Txt-Txt,Pos,0.7143205
ALIGN,mscoco,Txt-Txt,Pos,0.7135803
ALIGN,mscoco,Txt-Txt,Pos,0.74565476
ALIGN,mscoco,Txt-Txt,Pos,0.698159
ALIGN,mscoco,Txt-Txt,Pos,0.6725676
ALIGN,mscoco,Txt-Txt,Pos,0.8387418
ALIGN,mscoco,Txt-Txt,Pos,0.52947843
ALIGN,mscoco,Txt-Txt,Pos,0.73334163
ALIGN,mscoco,Txt-Txt,Pos,0.77879834
ALIGN,mscoco,Txt-Txt,Pos,0.5992066
ALIGN,mscoco,Txt-Txt,Pos,0.6482205
ALIGN,mscoco,Txt-Txt,Pos,0.67848694
ALIGN,mscoco,Txt-Txt,Pos,0.6598118
ALIGN,mscoco,Txt-Txt,Pos,0.72177976
ALIGN,mscoco,Txt-Txt,Pos,0.5882254
ALIGN,mscoco,Txt-Txt,Pos,0.7779216
ALIGN,mscoco,Txt-Txt,Pos,0.8281394
ALIGN,mscoco,Txt-Txt,Pos,0.78137267
ALIGN,mscoco,Txt-Txt,Pos,0.71395266
ALIGN,mscoco,Txt-Txt,Pos,0.68767375
ALIGN,mscoco,Txt-Txt,Pos,0.7059401
ALIGN,mscoco,Txt-Txt,Pos,0.8439314
ALIGN,mscoco,Txt-Txt,Pos,0.679392
ALIGN,mscoco,Txt-Txt,Pos,0.38955715
ALIGN,mscoco,Txt-Txt,Pos,0.6429116
ALIGN,mscoco,Txt-Txt,Pos,0.8247185
ALIGN,mscoco,Txt-Txt,Pos,0.66603017
ALIGN,mscoco,Txt-Txt,Pos,0.9175339
ALIGN,mscoco,Txt-Txt,Pos,0.75407296
ALIGN,mscoco,Txt-Txt,Pos,0.6677973
ALIGN,mscoco,Txt-Txt,Pos,0.71006376
ALIGN,mscoco,Txt-Txt,Pos,0.793866
ALIGN,mscoco,Txt-Txt,Pos,0.7134328
ALIGN,mscoco,Txt-Txt,Pos,0.7777178
ALIGN,mscoco,Txt-Txt,Pos,0.6474681
ALIGN,mscoco,Img-Img,Pos,0.6671805
ALIGN,mscoco,Img-Img,Pos,0.6794255
ALIGN,mscoco,Img-Img,Pos,0.65721023
ALIGN,mscoco,Img-Img,Pos,0.63634074
ALIGN,mscoco,Img-Img,Pos,0.7470652
ALIGN,mscoco,Img-Img,Pos,0.6415916
ALIGN,mscoco,Img-Img,Pos,0.7537595
ALIGN,mscoco,Img-Img,Pos,0.7082813
ALIGN,mscoco,Img-Img,Pos,0.6285676
ALIGN,mscoco,Img-Img,Pos,0.52592635
ALIGN,mscoco,Img-Img,Pos,0.8349015
ALIGN,mscoco,Img-Img,Pos,0.40603656
ALIGN,mscoco,Img-Img,Pos,0.5737125
ALIGN,mscoco,Img-Img,Pos,0.44841868
ALIGN,mscoco,Img-Img,Pos,0.6737552
ALIGN,mscoco,Img-Img,Pos,0.763463
ALIGN,mscoco,Img-Img,Pos,0.5274149
ALIGN,mscoco,Img-Img,Pos,0.6593497
ALIGN,mscoco,Img-Img,Pos,0.40987268
ALIGN,mscoco,Img-Img,Pos,0.6756631
ALIGN,mscoco,Img-Img,Pos,0.54610467
ALIGN,mscoco,Img-Img,Pos,0.610286
ALIGN,mscoco,Img-Img,Pos,0.5695257
ALIGN,mscoco,Img-Img,Pos,0.640694
ALIGN,mscoco,Img-Img,Pos,0.7544639
ALIGN,mscoco,Img-Img,Pos,0.52827567
ALIGN,mscoco,Img-Img,Pos,0.51347387
ALIGN,mscoco,Img-Img,Pos,0.44236127
ALIGN,mscoco,Img-Img,Pos,0.41641074
ALIGN,mscoco,Img-Img,Pos,0.5431309
ALIGN,mscoco,Img-Img,Pos,0.38943422
ALIGN,mscoco,Img-Img,Pos,0.8121599
ALIGN,mscoco,Img-Img,Pos,0.52903545
ALIGN,mscoco,Img-Img,Pos,0.8017835
ALIGN,mscoco,Img-Img,Pos,0.5698046
ALIGN,mscoco,Img-Img,Pos,0.60294306
ALIGN,mscoco,Img-Img,Pos,0.4926936
ALIGN,mscoco,Img-Img,Pos,0.37001926
ALIGN,mscoco,Img-Img,Pos,0.5455748
ALIGN,mscoco,Img-Img,Pos,0.42557198
ALIGN,mscoco,Img-Img,Pos,0.46431118
ALIGN,mscoco,Img-Img,Pos,0.5935545
ALIGN,mscoco,Img-Img,Pos,0.41365373
ALIGN,mscoco,Img-Img,Pos,0.6243069
ALIGN,mscoco,Img-Img,Pos,0.7358918
ALIGN,mscoco,Img-Img,Pos,0.45051572
ALIGN,mscoco,Img-Img,Pos,0.79454374
ALIGN,mscoco,Img-Img,Pos,0.61399084
ALIGN,mscoco,Img-Img,Pos,0.45559683
ALIGN,mscoco,Img-Img,Pos,0.5834964
ALIGN,mscoco,Img-Img,Pos,0.75230044
ALIGN,mscoco,Img-Img,Pos,0.4273937
ALIGN,mscoco,Img-Img,Pos,0.528185
ALIGN,mscoco,Img-Img,Pos,0.6390215
ALIGN,mscoco,Img-Img,Pos,0.70402706
ALIGN,mscoco,Img-Img,Pos,0.5303117
ALIGN,mscoco,Img-Img,Pos,0.7365529
ALIGN,mscoco,Img-Img,Pos,0.74981916
ALIGN,mscoco,Img-Img,Pos,0.658661
ALIGN,mscoco,Img-Img,Pos,0.6464665
ALIGN,mscoco,Img-Img,Pos,0.55709565
ALIGN,mscoco,Img-Img,Pos,0.5904466
ALIGN,mscoco,Img-Img,Pos,0.5308596
ALIGN,mscoco,Img-Img,Pos,0.69915605
ALIGN,mscoco,Img-Img,Pos,0.7790532
ALIGN,mscoco,Img-Img,Pos,0.3970068
ALIGN,mscoco,Img-Img,Pos,0.24767369
ALIGN,mscoco,Img-Img,Pos,0.45576847
ALIGN,mscoco,Img-Img,Pos,0.41909283
ALIGN,mscoco,Img-Img,Pos,0.63812697
ALIGN,mscoco,Img-Img,Pos,0.51692164
ALIGN,mscoco,Img-Img,Pos,0.5019302
ALIGN,mscoco,Img-Img,Pos,0.3776713
ALIGN,mscoco,Img-Img,Pos,0.5477234
ALIGN,mscoco,Img-Img,Pos,0.54564846
ALIGN,mscoco,Img-Img,Pos,0.8852384
ALIGN,mscoco,Img-Img,Pos,0.348477
ALIGN,mscoco,Img-Img,Pos,0.6482203
ALIGN,mscoco,Img-Img,Pos,0.5236174
ALIGN,mscoco,Img-Img,Pos,0.44148535
ALIGN,mscoco,Img-Img,Pos,0.6095514
ALIGN,mscoco,Img-Img,Pos,0.6952902
ALIGN,mscoco,Img-Img,Pos,0.59835917
ALIGN,mscoco,Img-Img,Pos,0.6856692
ALIGN,mscoco,Img-Img,Pos,0.6048362
ALIGN,mscoco,Img-Img,Pos,0.53496486
ALIGN,mscoco,Img-Img,Pos,0.29565534
ALIGN,mscoco,Img-Img,Pos,0.57380056
ALIGN,mscoco,Img-Img,Pos,0.4259619
ALIGN,mscoco,Img-Img,Pos,0.48631245
ALIGN,mscoco,Img-Img,Pos,0.63444895
ALIGN,mscoco,Img-Img,Pos,0.5691937
ALIGN,mscoco,Img-Img,Pos,0.6162864
ALIGN,mscoco,Img-Img,Pos,0.42101574
ALIGN,mscoco,Img-Img,Pos,0.7971411
ALIGN,mscoco,Img-Img,Pos,0.4353837
ALIGN,mscoco,Img-Img,Pos,0.36068076
ALIGN,mscoco,Img-Img,Pos,0.58585167
ALIGN,mscoco,Img-Img,Pos,0.4748119
ALIGN,mscoco,Img-Img,Pos,0.5852975
ALIGN,mscoco,Img-Img,Pos,0.7705106
ALIGN,mscoco,Img-Img,Pos,0.6896516
ALIGN,mscoco,Img-Img,Pos,0.673038
ALIGN,mscoco,Img-Img,Pos,0.74888754
ALIGN,mscoco,Img-Img,Pos,0.5329459
ALIGN,mscoco,Img-Img,Pos,0.49922097
ALIGN,mscoco,Img-Img,Pos,0.5585605
ALIGN,mscoco,Img-Img,Pos,0.7219609
ALIGN,mscoco,Img-Img,Pos,0.7633386
ALIGN,mscoco,Img-Img,Pos,0.3953949
ALIGN,mscoco,Img-Img,Pos,0.31097955
ALIGN,mscoco,Img-Img,Pos,0.68159366
ALIGN,mscoco,Img-Img,Pos,0.44649225
ALIGN,mscoco,Img-Img,Pos,0.5125275
ALIGN,mscoco,Img-Img,Pos,0.5391232
ALIGN,mscoco,Img-Img,Pos,0.5339908
ALIGN,mscoco,Img-Img,Pos,0.5985986
ALIGN,mscoco,Img-Img,Pos,0.43676284
ALIGN,mscoco,Img-Img,Pos,0.4487713
ALIGN,mscoco,Img-Img,Pos,0.45297003
ALIGN,mscoco,Img-Img,Pos,0.4794175
ALIGN,mscoco,Img-Img,Pos,0.68302214
ALIGN,mscoco,Img-Img,Pos,0.60104907
ALIGN,mscoco,Img-Img,Pos,0.8702049
ALIGN,mscoco,Img-Img,Pos,0.67018664
ALIGN,mscoco,Img-Img,Pos,0.5998637
ALIGN,mscoco,Img-Img,Pos,0.5492048
ALIGN,mscoco,Img-Img,Pos,0.51214296
ALIGN,mscoco,Img-Img,Pos,0.7036538
ALIGN,mscoco,Img-Img,Pos,0.8666146
ALIGN,mscoco,Img-Img,Pos,0.42691648
ALIGN,mscoco,Img-Img,Pos,0.70095503
ALIGN,mscoco,Img-Img,Pos,0.7215626
ALIGN,mscoco,Img-Img,Pos,0.4276133
ALIGN,mscoco,Img-Img,Pos,0.5006801
ALIGN,mscoco,Img-Img,Pos,0.6507704
ALIGN,mscoco,Img-Img,Pos,0.51026887
ALIGN,mscoco,Img-Img,Pos,0.4244449
ALIGN,mscoco,Img-Img,Pos,0.7964463
ALIGN,mscoco,Img-Img,Pos,0.4241538
ALIGN,mscoco,Img-Img,Pos,0.4013038
ALIGN,mscoco,Img-Img,Pos,0.7256198
ALIGN,mscoco,Img-Img,Pos,0.72550964
ALIGN,mscoco,Img-Img,Pos,0.62662303
ALIGN,mscoco,Img-Img,Pos,0.77374625
ALIGN,mscoco,Img-Img,Pos,0.24083391
ALIGN,mscoco,Img-Img,Pos,0.6132083
ALIGN,mscoco,Img-Img,Pos,0.67990786
ALIGN,mscoco,Img-Img,Pos,0.62626815
ALIGN,mscoco,Img-Img,Pos,0.38049763
ALIGN,mscoco,Img-Img,Pos,0.68111134
ALIGN,mscoco,Img-Img,Pos,0.7340473
ALIGN,mscoco,Img-Img,Pos,0.6468055
ALIGN,mscoco,Img-Img,Pos,0.75010324
ALIGN,mscoco,Img-Img,Pos,0.78017235
ALIGN,mscoco,Img-Img,Pos,0.4704213
ALIGN,mscoco,Img-Img,Pos,0.5033256
ALIGN,mscoco,Img-Img,Pos,0.57672274
ALIGN,mscoco,Img-Img,Pos,0.8128252
ALIGN,mscoco,Img-Img,Pos,0.42013657
ALIGN,mscoco,Img-Img,Pos,0.58783466
ALIGN,mscoco,Img-Img,Pos,0.64651287
ALIGN,mscoco,Img-Img,Pos,0.39876354
ALIGN,mscoco,Img-Img,Pos,0.611799
ALIGN,mscoco,Img-Img,Pos,0.6536257
ALIGN,mscoco,Img-Img,Pos,0.50008905
ALIGN,mscoco,Img-Img,Pos,0.64957476
ALIGN,mscoco,Img-Img,Pos,0.5515977
ALIGN,mscoco,Img-Img,Pos,0.43282565
ALIGN,mscoco,Img-Img,Pos,0.5555078
ALIGN,mscoco,Img-Img,Pos,0.7641037
ALIGN,mscoco,Img-Img,Pos,0.42807078
ALIGN,mscoco,Img-Img,Pos,0.22792917
ALIGN,mscoco,Img-Img,Pos,0.3466158
ALIGN,mscoco,Img-Img,Pos,0.37013036
ALIGN,mscoco,Img-Img,Pos,0.7415254
ALIGN,mscoco,Img-Img,Pos,0.5900235
ALIGN,mscoco,Img-Img,Pos,0.5367998
ALIGN,mscoco,Img-Img,Pos,0.4823627
ALIGN,mscoco,Img-Img,Pos,0.45616114
ALIGN,mscoco,Img-Img,Pos,0.5826732
ALIGN,mscoco,Img-Img,Pos,0.44908217
ALIGN,mscoco,Img-Img,Pos,0.7480592
ALIGN,mscoco,Img-Img,Pos,0.55144644
ALIGN,mscoco,Img-Img,Pos,0.32805377
ALIGN,mscoco,Img-Img,Pos,0.32214132
ALIGN,mscoco,Img-Img,Pos,0.5610588
ALIGN,mscoco,Img-Img,Pos,0.3210433
ALIGN,mscoco,Img-Img,Pos,0.79968214
ALIGN,mscoco,Img-Img,Pos,0.416546
ALIGN,mscoco,Img-Img,Pos,0.6314014
ALIGN,mscoco,Img-Img,Pos,0.58476406
ALIGN,mscoco,Img-Img,Pos,0.4223528
ALIGN,mscoco,Img-Img,Pos,0.40948218
ALIGN,mscoco,Img-Img,Pos,0.38123533
ALIGN,mscoco,Img-Img,Pos,0.6926247
ALIGN,mscoco,Img-Img,Pos,0.69913584
ALIGN,mscoco,Img-Img,Pos,0.43381572
ALIGN,mscoco,Img-Img,Pos,0.4568655
ALIGN,mscoco,Img-Img,Pos,0.49120116
ALIGN,mscoco,Img-Img,Pos,0.5412838
ALIGN,mscoco,Img-Img,Pos,0.4375472
ALIGN,mscoco,Img-Img,Pos,0.7005272
ALIGN,mscoco,Img-Img,Pos,0.30691642
ALIGN,mscoco,Img-Img,Pos,0.6552191
ALIGN,mscoco,Img-Img,Pos,0.4813404
ALIGN,mscoco,Img-Img,Pos,0.52499896
ALIGN,mscoco,Img-Img,Pos,0.58009285
ALIGN,mscoco,Img-Img,Pos,0.3792622
ALIGN,mscoco,Img-Img,Pos,0.592316
ALIGN,mscoco,Img-Img,Pos,0.44566453
ALIGN,mscoco,Img-Img,Pos,0.6948108
ALIGN,mscoco,Img-Img,Pos,0.32317737
ALIGN,mscoco,Img-Img,Pos,0.6636679
ALIGN,mscoco,Img-Img,Pos,0.67062724
ALIGN,mscoco,Img-Img,Pos,0.46032763
ALIGN,mscoco,Img-Img,Pos,0.26028
ALIGN,mscoco,Img-Img,Pos,0.7300405
ALIGN,mscoco,Img-Img,Pos,0.5196865
ALIGN,mscoco,Img-Img,Pos,0.6587685
ALIGN,mscoco,Img-Img,Pos,0.70072603
ALIGN,mscoco,Img-Img,Pos,0.37801236
ALIGN,mscoco,Img-Img,Pos,0.77773476
ALIGN,mscoco,Img-Img,Pos,0.52341044
ALIGN,mscoco,Img-Img,Pos,0.5312922
ALIGN,mscoco,Img-Img,Pos,0.5832844
ALIGN,mscoco,Img-Img,Pos,0.54150873
ALIGN,mscoco,Img-Img,Pos,0.6992855
ALIGN,mscoco,Img-Img,Pos,0.47753662
ALIGN,mscoco,Img-Img,Pos,0.40699255
ALIGN,mscoco,Img-Img,Pos,0.47737586
ALIGN,mscoco,Img-Img,Pos,0.685275
ALIGN,mscoco,Img-Img,Pos,0.8632664
ALIGN,mscoco,Img-Img,Pos,0.58075494
ALIGN,mscoco,Img-Img,Pos,0.72828853
ALIGN,mscoco,Img-Img,Pos,0.36320764
ALIGN,mscoco,Img-Img,Pos,0.7206
ALIGN,mscoco,Img-Img,Pos,0.64445615
ALIGN,mscoco,Img-Img,Pos,0.70829207
ALIGN,mscoco,Img-Img,Pos,0.59670013
ALIGN,mscoco,Img-Img,Pos,0.63038385
ALIGN,mscoco,Img-Img,Pos,0.26716116
ALIGN,mscoco,Img-Img,Pos,0.5902813
ALIGN,mscoco,Img-Img,Pos,0.73772955
ALIGN,mscoco,Img-Img,Pos,0.5501165
ALIGN,mscoco,Img-Img,Pos,0.7210206
ALIGN,mscoco,Img-Img,Pos,0.61342204
ALIGN,mscoco,Img-Img,Pos,0.85163236
ALIGN,mscoco,Img-Img,Pos,0.50975186
ALIGN,mscoco,Img-Img,Pos,0.5552603
ALIGN,mscoco,Img-Img,Pos,0.58774316
ALIGN,mscoco,Img-Img,Pos,0.73552394
ALIGN,mscoco,Img-Img,Pos,0.7802392
ALIGN,mscoco,Img-Img,Pos,0.3592778
ALIGN,mscoco,Img-Img,Pos,0.44366914
ALIGN,mscoco,Img-Img,Pos,0.6443124
ALIGN,mscoco,Img-Img,Pos,0.46551508
ALIGN,mscoco,Img-Img,Pos,0.77182794
ALIGN,mscoco,Img-Img,Pos,0.49652004
ALIGN,mscoco,Img-Img,Pos,0.46737623
ALIGN,mscoco,Img-Img,Pos,0.7921404
ALIGN,mscoco,Img-Img,Pos,0.7085508
ALIGN,mscoco,Img-Img,Pos,0.7189624
ALIGN,mscoco,Img-Img,Pos,0.52025056
ALIGN,mscoco,Img-Img,Pos,0.6128458
ALIGN,mscoco,Img-Img,Pos,0.46264428
ALIGN,mscoco,Img-Img,Pos,0.72316456
ALIGN,mscoco,Img-Img,Pos,0.3292896
ALIGN,mscoco,Img-Img,Pos,0.8440609
ALIGN,mscoco,Img-Img,Pos,0.37657952
ALIGN,mscoco,Img-Img,Pos,0.42340517
ALIGN,mscoco,Img-Img,Pos,0.47117475
ALIGN,mscoco,Img-Img,Pos,0.56109416
ALIGN,mscoco,Img-Img,Pos,0.41519418
ALIGN,mscoco,Img-Img,Pos,0.4219466
ALIGN,mscoco,Img-Img,Pos,0.5506723
ALIGN,mscoco,Img-Img,Pos,0.31542036
ALIGN,mscoco,Img-Img,Pos,0.40955234
ALIGN,mscoco,Img-Img,Pos,0.7605392
ALIGN,mscoco,Img-Img,Pos,0.6433046
ALIGN,mscoco,Img-Img,Pos,0.52034044
ALIGN,mscoco,Img-Img,Pos,0.5045548
ALIGN,mscoco,Img-Img,Pos,0.72816
ALIGN,mscoco,Img-Img,Pos,0.671239
ALIGN,mscoco,Img-Img,Pos,0.579625
ALIGN,mscoco,Img-Img,Pos,0.5613193
ALIGN,mscoco,Img-Img,Pos,0.7678759
ALIGN,mscoco,Img-Img,Pos,0.76858944
ALIGN,mscoco,Img-Img,Pos,0.5433822
ALIGN,mscoco,Img-Img,Pos,0.8233147
ALIGN,mscoco,Img-Img,Pos,0.86729175
ALIGN,mscoco,Img-Img,Pos,0.7807111
ALIGN,mscoco,Img-Img,Pos,0.2202887
ALIGN,mscoco,Img-Img,Pos,0.47379
ALIGN,mscoco,Img-Img,Pos,0.6438186
ALIGN,mscoco,Img-Img,Pos,0.50786394
ALIGN,mscoco,Img-Img,Pos,0.64700377
ALIGN,mscoco,Img-Img,Pos,0.55887115
ALIGN,mscoco,Img-Img,Pos,0.55012417
ALIGN,mscoco,Img-Img,Pos,0.23581028
ALIGN,mscoco,Img-Img,Pos,0.66530466
ALIGN,mscoco,Img-Img,Pos,0.54477674
ALIGN,mscoco,Img-Img,Pos,0.42020124
ALIGN,mscoco,Img-Img,Pos,0.67084014
ALIGN,mscoco,Img-Img,Pos,0.4227038
ALIGN,mscoco,Img-Img,Pos,0.6197107
ALIGN,mscoco,Img-Img,Pos,0.33242735
ALIGN,mscoco,Img-Img,Pos,0.33401668
ALIGN,mscoco,Img-Img,Pos,0.6074055
ALIGN,mscoco,Img-Img,Pos,0.5293796
ALIGN,mscoco,Img-Img,Pos,0.64148676
ALIGN,mscoco,Img-Img,Pos,0.62506
ALIGN,mscoco,Img-Img,Pos,0.3457191
ALIGN,mscoco,Img-Img,Pos,0.4878158
ALIGN,mscoco,Img-Img,Pos,0.6594852
ALIGN,mscoco,Img-Img,Pos,0.53739107
ALIGN,mscoco,Img-Img,Pos,0.5975854
ALIGN,mscoco,Img-Img,Pos,0.3287617
ALIGN,mscoco,Img-Img,Pos,0.68245685
ALIGN,mscoco,Img-Img,Pos,0.65427667
ALIGN,mscoco,Img-Img,Pos,0.4625456
ALIGN,mscoco,Img-Img,Pos,0.6191362
ALIGN,mscoco,Img-Img,Pos,0.8942977
ALIGN,mscoco,Img-Img,Pos,0.7883928
ALIGN,mscoco,Img-Img,Pos,0.7248098
ALIGN,mscoco,Img-Img,Pos,0.455136
ALIGN,mscoco,Img-Img,Pos,0.6774606
ALIGN,mscoco,Img-Img,Pos,0.6032537
ALIGN,mscoco,Img-Img,Pos,0.6662443
ALIGN,mscoco,Img-Img,Pos,0.6455816
ALIGN,mscoco,Img-Img,Pos,0.50766
ALIGN,mscoco,Img-Img,Pos,0.30768538
ALIGN,mscoco,Img-Img,Pos,0.70238423
ALIGN,mscoco,Img-Img,Pos,0.63389015
ALIGN,mscoco,Img-Img,Pos,0.5172672
ALIGN,mscoco,Img-Img,Pos,0.5398977
ALIGN,mscoco,Img-Img,Pos,0.59252894
ALIGN,mscoco,Img-Img,Pos,0.72356045
ALIGN,mscoco,Img-Img,Pos,0.40209892
ALIGN,mscoco,Img-Img,Pos,0.27733305
ALIGN,mscoco,Img-Img,Pos,0.32749498
ALIGN,mscoco,Img-Img,Pos,0.7248471
ALIGN,mscoco,Img-Img,Pos,0.3921005
ALIGN,mscoco,Img-Img,Pos,0.45676306
ALIGN,mscoco,Img-Img,Pos,0.59676933
ALIGN,mscoco,Img-Img,Pos,0.75030625
ALIGN,mscoco,Img-Img,Pos,0.4283563
ALIGN,mscoco,Img-Img,Pos,0.6767875
ALIGN,mscoco,Img-Img,Pos,0.37922782
ALIGN,mscoco,Img-Img,Pos,0.81183213
ALIGN,mscoco,Img-Img,Pos,0.42807657
ALIGN,mscoco,Img-Img,Pos,0.36882108
ALIGN,mscoco,Img-Img,Pos,0.57019645
ALIGN,mscoco,Img-Img,Pos,0.5778356
ALIGN,mscoco,Img-Img,Pos,0.587921
ALIGN,mscoco,Img-Img,Pos,0.48282313
ALIGN,mscoco,Img-Img,Pos,0.83269036
ALIGN,mscoco,Img-Img,Pos,0.47483766
ALIGN,mscoco,Img-Img,Pos,0.75439024
ALIGN,mscoco,Img-Img,Pos,0.46320844
ALIGN,mscoco,Img-Img,Pos,0.49855354
ALIGN,mscoco,Img-Img,Pos,0.48685622
ALIGN,mscoco,Img-Img,Pos,0.53489107
ALIGN,mscoco,Img-Img,Pos,0.7461479
ALIGN,mscoco,Img-Img,Pos,0.46957958
ALIGN,mscoco,Img-Img,Pos,0.61397904
ALIGN,mscoco,Img-Img,Pos,0.41253096
ALIGN,mscoco,Img-Img,Pos,0.43510467
ALIGN,mscoco,Img-Img,Pos,0.33225375
ALIGN,mscoco,Img-Img,Pos,0.47026646
ALIGN,mscoco,Img-Img,Pos,0.62497115
ALIGN,mscoco,Img-Img,Pos,0.34964046
ALIGN,mscoco,Img-Img,Pos,0.3648076
ALIGN,mscoco,Img-Img,Pos,0.38501257
ALIGN,mscoco,Img-Img,Pos,0.5422516
ALIGN,mscoco,Img-Img,Pos,0.6176777
ALIGN,mscoco,Img-Img,Pos,0.3215931
ALIGN,mscoco,Img-Img,Pos,0.7461886
ALIGN,mscoco,Img-Img,Pos,0.41308528
ALIGN,mscoco,Img-Img,Pos,0.45712054
ALIGN,mscoco,Img-Img,Pos,0.4500493
ALIGN,mscoco,Img-Img,Pos,0.1912294
ALIGN,mscoco,Img-Img,Pos,0.7039466
ALIGN,mscoco,Img-Img,Pos,0.6184994
ALIGN,mscoco,Img-Img,Pos,0.61816114
ALIGN,mscoco,Img-Img,Pos,0.39297926
ALIGN,mscoco,Img-Img,Pos,0.4621755
ALIGN,mscoco,Img-Img,Pos,0.32657465
ALIGN,mscoco,Img-Img,Pos,0.28916797
ALIGN,mscoco,Img-Img,Pos,0.27959663
ALIGN,mscoco,Img-Img,Pos,0.39298594
ALIGN,mscoco,Img-Img,Pos,0.33202854
ALIGN,mscoco,Img-Img,Pos,0.80055666
ALIGN,mscoco,Img-Img,Pos,0.30707097
ALIGN,mscoco,Img-Img,Pos,0.44754362
ALIGN,mscoco,Img-Img,Pos,0.66688895
ALIGN,mscoco,Img-Img,Pos,0.7619164
ALIGN,mscoco,Img-Img,Pos,0.5511707
ALIGN,mscoco,Img-Img,Pos,0.48458782
ALIGN,mscoco,Img-Img,Pos,0.5941852
ALIGN,mscoco,Img-Img,Pos,0.7068017
ALIGN,mscoco,Img-Img,Pos,0.8425083
ALIGN,mscoco,Img-Img,Pos,0.4690227
ALIGN,mscoco,Img-Img,Pos,0.46307033
ALIGN,mscoco,Img-Img,Pos,0.62482005
ALIGN,mscoco,Img-Img,Pos,0.30037838
ALIGN,mscoco,Img-Img,Pos,0.37086213
ALIGN,mscoco,Img-Img,Pos,0.24103662
ALIGN,mscoco,Img-Img,Pos,0.43523735
ALIGN,mscoco,Img-Img,Pos,0.34406364
ALIGN,mscoco,Img-Img,Pos,0.43525583
ALIGN,mscoco,Img-Img,Pos,0.7336621
ALIGN,mscoco,Img-Img,Pos,0.81190777
ALIGN,mscoco,Img-Img,Pos,0.5760675
ALIGN,mscoco,Img-Img,Pos,0.36691958
ALIGN,mscoco,Img-Img,Pos,0.7143629
ALIGN,mscoco,Img-Img,Pos,0.49415684
ALIGN,mscoco,Img-Img,Pos,0.67541337
ALIGN,mscoco,Img-Img,Pos,0.6738863
ALIGN,mscoco,Img-Img,Pos,0.43595463
ALIGN,mscoco,Img-Img,Pos,0.70801127
ALIGN,mscoco,Img-Img,Pos,0.5702249
ALIGN,mscoco,Img-Img,Pos,0.27602044
ALIGN,mscoco,Img-Img,Pos,0.80668604
ALIGN,mscoco,Img-Img,Pos,0.35225832
ALIGN,mscoco,Img-Img,Pos,0.40646064
ALIGN,mscoco,Img-Img,Pos,0.68660486
ALIGN,mscoco,Img-Img,Pos,0.2833739
ALIGN,mscoco,Img-Img,Pos,0.37545606
ALIGN,mscoco,Img-Img,Pos,0.69200426
ALIGN,mscoco,Img-Img,Pos,0.6142727
ALIGN,mscoco,Img-Img,Pos,0.43953946
ALIGN,mscoco,Img-Img,Pos,0.42145857
ALIGN,mscoco,Img-Img,Pos,0.57452416
ALIGN,mscoco,Img-Img,Pos,0.46389067
ALIGN,mscoco,Img-Img,Pos,0.74897504
ALIGN,mscoco,Img-Img,Pos,0.4727771
ALIGN,mscoco,Img-Img,Pos,0.5331031
ALIGN,mscoco,Img-Img,Pos,0.50917006
ALIGN,mscoco,Img-Img,Pos,0.78874713
ALIGN,mscoco,Img-Img,Pos,0.3605446
ALIGN,mscoco,Img-Img,Pos,0.34882444
ALIGN,mscoco,Img-Img,Pos,0.5879356
ALIGN,mscoco,Img-Img,Pos,0.26926202
ALIGN,mscoco,Img-Img,Pos,0.7429699
ALIGN,mscoco,Img-Img,Pos,0.65731037
ALIGN,mscoco,Img-Img,Pos,0.421273
ALIGN,mscoco,Img-Img,Pos,0.6982516
ALIGN,mscoco,Img-Img,Pos,0.2727225
ALIGN,mscoco,Img-Img,Pos,0.49704903
ALIGN,mscoco,Img-Img,Pos,0.33450568
ALIGN,mscoco,Img-Img,Pos,0.5530038
ALIGN,mscoco,Img-Img,Pos,0.7903153
ALIGN,mscoco,Img-Img,Pos,0.49628285
ALIGN,mscoco,Img-Img,Pos,0.6725278
ALIGN,mscoco,Img-Img,Pos,0.50084877
ALIGN,mscoco,Img-Img,Pos,0.30288583
ALIGN,mscoco,Img-Img,Pos,0.43222618
ALIGN,mscoco,Img-Img,Pos,0.4885754
ALIGN,mscoco,Img-Img,Pos,0.40854195
ALIGN,mscoco,Img-Img,Pos,0.54903185
ALIGN,mscoco,Img-Img,Pos,0.46950352
ALIGN,mscoco,Img-Img,Pos,0.39708263
ALIGN,mscoco,Img-Img,Pos,0.29005057
ALIGN,mscoco,Img-Img,Pos,0.51319295
ALIGN,mscoco,Img-Img,Pos,0.56309736
ALIGN,mscoco,Img-Img,Pos,0.42226246
ALIGN,mscoco,Img-Img,Pos,0.82974184
ALIGN,mscoco,Img-Img,Pos,0.56587917
ALIGN,mscoco,Img-Img,Pos,0.7589017
ALIGN,mscoco,Img-Img,Pos,0.7000725
ALIGN,mscoco,Img-Img,Pos,0.5270853
ALIGN,mscoco,Img-Img,Pos,0.89518046
ALIGN,mscoco,Img-Img,Pos,0.5224356
ALIGN,mscoco,Img-Img,Pos,0.34031516
ALIGN,mscoco,Img-Img,Pos,0.4154538
ALIGN,mscoco,Img-Img,Pos,0.76144266
ALIGN,mscoco,Img-Img,Pos,0.41480306
ALIGN,mscoco,Img-Img,Pos,0.63195646
ALIGN,mscoco,Img-Img,Pos,0.4549179
ALIGN,mscoco,Img-Img,Pos,0.48510343
ALIGN,mscoco,Img-Img,Pos,0.75493264
ALIGN,mscoco,Img-Img,Pos,0.9118864
ALIGN,mscoco,Img-Img,Pos,0.7607534
ALIGN,mscoco,Img-Img,Pos,0.7741047
ALIGN,mscoco,Img-Img,Pos,0.8465965
ALIGN,mscoco,Img-Img,Pos,0.39469993
ALIGN,mscoco,Img-Img,Pos,0.84411776
ALIGN,mscoco,Img-Img,Pos,0.57744503
ALIGN,mscoco,Img-Img,Pos,0.50083625
ALIGN,mscoco,Img-Img,Pos,0.5948416
ALIGN,mscoco,Img-Img,Pos,0.9653709
ALIGN,mscoco,Img-Img,Pos,0.3959866
ALIGN,mscoco,Img-Img,Pos,0.6994611
ALIGN,mscoco,Img-Img,Pos,0.33551937
ALIGN,mscoco,Img-Img,Pos,0.6386968
ALIGN,mscoco,Img-Img,Pos,0.6545733
ALIGN,mscoco,Img-Img,Pos,0.4556411
ALIGN,mscoco,Img-Img,Pos,0.3833809
ALIGN,mscoco,Img-Img,Pos,0.37845445
ALIGN,mscoco,Img-Img,Pos,0.41052413
ALIGN,mscoco,Img-Img,Pos,0.3242162
ALIGN,mscoco,Img-Img,Pos,0.25219673
ALIGN,mscoco,Img-Img,Pos,0.6350539
ALIGN,mscoco,Img-Img,Pos,0.5422014
ALIGN,mscoco,Img-Img,Pos,0.51036686
ALIGN,mscoco,Img-Img,Pos,0.4840079
ALIGN,mscoco,Img-Img,Pos,0.5018337
ALIGN,mscoco,Img-Img,Pos,0.5545818
ALIGN,mscoco,Img-Img,Pos,0.73679066
ALIGN,mscoco,Img-Img,Pos,0.5065949
ALIGN,mscoco,Img-Img,Pos,0.19995038
ALIGN,mscoco,Img-Img,Pos,0.31230867
ALIGN,mscoco,Img-Img,Pos,0.81300306
ALIGN,mscoco,Img-Img,Pos,0.25242823
ALIGN,mscoco,Img-Img,Pos,0.75142074
ALIGN,mscoco,Img-Img,Pos,0.63115263
ALIGN,mscoco,Img-Img,Pos,0.49057597
ALIGN,mscoco,Img-Img,Pos,0.58261365
ALIGN,mscoco,Img-Img,Pos,0.5619973
ALIGN,mscoco,Img-Img,Pos,0.34773716
ALIGN,mscoco,Img-Img,Pos,0.64887536
ALIGN,mscoco,Img-Img,Pos,0.47027516
ALIGN,mscoco,Txt-Img,Pos,0.14387046
ALIGN,mscoco,Txt-Img,Pos,0.1994358
ALIGN,mscoco,Txt-Img,Pos,0.1648967
ALIGN,mscoco,Txt-Img,Pos,0.24490476
ALIGN,mscoco,Txt-Img,Pos,0.23361656
ALIGN,mscoco,Txt-Img,Pos,0.1827152
ALIGN,mscoco,Txt-Img,Pos,0.19254342
ALIGN,mscoco,Txt-Img,Pos,0.2155086
ALIGN,mscoco,Txt-Img,Pos,0.24757798
ALIGN,mscoco,Txt-Img,Pos,0.21215534
ALIGN,mscoco,Txt-Img,Pos,0.25548023
ALIGN,mscoco,Txt-Img,Pos,0.23016115
ALIGN,mscoco,Txt-Img,Pos,0.2219944
ALIGN,mscoco,Txt-Img,Pos,0.24202618
ALIGN,mscoco,Txt-Img,Pos,0.24092892
ALIGN,mscoco,Txt-Img,Pos,0.25476128
ALIGN,mscoco,Txt-Img,Pos,0.26798806
ALIGN,mscoco,Txt-Img,Pos,0.24850152
ALIGN,mscoco,Txt-Img,Pos,0.16113332
ALIGN,mscoco,Txt-Img,Pos,0.20711723
ALIGN,mscoco,Txt-Img,Pos,0.19418994
ALIGN,mscoco,Txt-Img,Pos,0.23318538
ALIGN,mscoco,Txt-Img,Pos,0.2575354
ALIGN,mscoco,Txt-Img,Pos,0.22617283
ALIGN,mscoco,Txt-Img,Pos,0.20507611
ALIGN,mscoco,Txt-Img,Pos,0.25509408
ALIGN,mscoco,Txt-Img,Pos,0.2311528
ALIGN,mscoco,Txt-Img,Pos,0.16357952
ALIGN,mscoco,Txt-Img,Pos,0.1880824
ALIGN,mscoco,Txt-Img,Pos,0.24253555
ALIGN,mscoco,Txt-Img,Pos,0.22347501
ALIGN,mscoco,Txt-Img,Pos,0.20526111
ALIGN,mscoco,Txt-Img,Pos,0.18189764
ALIGN,mscoco,Txt-Img,Pos,0.2347868
ALIGN,mscoco,Txt-Img,Pos,0.22313164
ALIGN,mscoco,Txt-Img,Pos,0.16847274
ALIGN,mscoco,Txt-Img,Pos,0.28775746
ALIGN,mscoco,Txt-Img,Pos,0.23178847
ALIGN,mscoco,Txt-Img,Pos,0.24582486
ALIGN,mscoco,Txt-Img,Pos,0.24410751
ALIGN,mscoco,Txt-Img,Pos,0.24963656
ALIGN,mscoco,Txt-Img,Pos,0.20099306
ALIGN,mscoco,Txt-Img,Pos,0.19874936
ALIGN,mscoco,Txt-Img,Pos,0.23619898
ALIGN,mscoco,Txt-Img,Pos,0.18098333
ALIGN,mscoco,Txt-Img,Pos,0.1733583
ALIGN,mscoco,Txt-Img,Pos,0.20754719
ALIGN,mscoco,Txt-Img,Pos,0.20126167
ALIGN,mscoco,Txt-Img,Pos,0.20468375
ALIGN,mscoco,Txt-Img,Pos,0.23114932
ALIGN,mscoco,Txt-Img,Pos,0.20626889
ALIGN,mscoco,Txt-Img,Pos,0.26683718
ALIGN,mscoco,Txt-Img,Pos,0.25988215
ALIGN,mscoco,Txt-Img,Pos,0.15110122
ALIGN,mscoco,Txt-Img,Pos,0.27519244
ALIGN,mscoco,Txt-Img,Pos,0.20596941
ALIGN,mscoco,Txt-Img,Pos,0.16174844
ALIGN,mscoco,Txt-Img,Pos,0.20335487
ALIGN,mscoco,Txt-Img,Pos,0.18687467
ALIGN,mscoco,Txt-Img,Pos,0.23651904
ALIGN,mscoco,Txt-Img,Pos,0.23264414
ALIGN,mscoco,Txt-Img,Pos,0.21583128
ALIGN,mscoco,Txt-Img,Pos,0.21847108
ALIGN,mscoco,Txt-Img,Pos,0.15744665
ALIGN,mscoco,Txt-Img,Pos,0.2405504
ALIGN,mscoco,Txt-Img,Pos,0.19838741
ALIGN,mscoco,Txt-Img,Pos,0.18443272
ALIGN,mscoco,Txt-Img,Pos,0.20139974
ALIGN,mscoco,Txt-Img,Pos,0.27708516
ALIGN,mscoco,Txt-Img,Pos,0.24561873
ALIGN,mscoco,Txt-Img,Pos,0.21646068
ALIGN,mscoco,Txt-Img,Pos,0.1276301
ALIGN,mscoco,Txt-Img,Pos,0.22012982
ALIGN,mscoco,Txt-Img,Pos,0.18777804
ALIGN,mscoco,Txt-Img,Pos,0.16976148
ALIGN,mscoco,Txt-Img,Pos,0.18908443
ALIGN,mscoco,Txt-Img,Pos,0.28043222
ALIGN,mscoco,Txt-Img,Pos,0.16953954
ALIGN,mscoco,Txt-Img,Pos,0.23644638
ALIGN,mscoco,Txt-Img,Pos,0.21983716
ALIGN,mscoco,Txt-Img,Pos,0.24913883
ALIGN,mscoco,Txt-Img,Pos,0.18327284
ALIGN,mscoco,Txt-Img,Pos,0.120189354
ALIGN,mscoco,Txt-Img,Pos,0.1730023
ALIGN,mscoco,Txt-Img,Pos,0.18427733
ALIGN,mscoco,Txt-Img,Pos,0.18978646
ALIGN,mscoco,Txt-Img,Pos,0.16360024
ALIGN,mscoco,Txt-Img,Pos,0.2340392
ALIGN,mscoco,Txt-Img,Pos,0.2138102
ALIGN,mscoco,Txt-Img,Pos,0.2284115
ALIGN,mscoco,Txt-Img,Pos,0.17252594
ALIGN,mscoco,Txt-Img,Pos,0.22764638
ALIGN,mscoco,Txt-Img,Pos,0.24329889
ALIGN,mscoco,Txt-Img,Pos,0.16631024
ALIGN,mscoco,Txt-Img,Pos,0.22266185
ALIGN,mscoco,Txt-Img,Pos,0.21626341
ALIGN,mscoco,Txt-Img,Pos,0.1437263
ALIGN,mscoco,Txt-Img,Pos,0.25284785
ALIGN,mscoco,Txt-Img,Pos,0.26752964
ALIGN,mscoco,Txt-Img,Pos,0.20774429
ALIGN,mscoco,Txt-Img,Pos,0.24795452
ALIGN,mscoco,Txt-Img,Pos,0.11507219
ALIGN,mscoco,Txt-Img,Pos,0.23020062
ALIGN,mscoco,Txt-Img,Pos,0.28033453
ALIGN,mscoco,Txt-Img,Pos,0.23424193
ALIGN,mscoco,Txt-Img,Pos,0.28164616
ALIGN,mscoco,Txt-Img,Pos,0.19382593
ALIGN,mscoco,Txt-Img,Pos,0.23486802
ALIGN,mscoco,Txt-Img,Pos,0.1987096
ALIGN,mscoco,Txt-Img,Pos,0.17001551
ALIGN,mscoco,Txt-Img,Pos,0.22324167
ALIGN,mscoco,Txt-Img,Pos,0.17172554
ALIGN,mscoco,Txt-Img,Pos,0.19758365
ALIGN,mscoco,Txt-Img,Pos,0.16939121
ALIGN,mscoco,Txt-Img,Pos,0.26767713
ALIGN,mscoco,Txt-Img,Pos,0.1781908
ALIGN,mscoco,Txt-Img,Pos,0.22751066
ALIGN,mscoco,Txt-Img,Pos,0.22497323
ALIGN,mscoco,Txt-Img,Pos,0.122652546
ALIGN,mscoco,Txt-Img,Pos,0.21299821
ALIGN,mscoco,Txt-Img,Pos,0.23965426
ALIGN,mscoco,Txt-Img,Pos,0.28574842
ALIGN,mscoco,Txt-Img,Pos,0.24391812
ALIGN,mscoco,Txt-Img,Pos,0.24048722
ALIGN,mscoco,Txt-Img,Pos,0.24851371
ALIGN,mscoco,Txt-Img,Pos,0.18717459
ALIGN,mscoco,Txt-Img,Pos,0.164855
ALIGN,mscoco,Txt-Img,Pos,0.20894814
ALIGN,mscoco,Txt-Img,Pos,0.24780613
ALIGN,mscoco,Txt-Img,Pos,0.23133579
ALIGN,mscoco,Txt-Img,Pos,0.29019836
ALIGN,mscoco,Txt-Img,Pos,0.12227535
ALIGN,mscoco,Txt-Img,Pos,0.20430787
ALIGN,mscoco,Txt-Img,Pos,0.2447522
ALIGN,mscoco,Txt-Img,Pos,0.14183024
ALIGN,mscoco,Txt-Img,Pos,0.19274318
ALIGN,mscoco,Txt-Img,Pos,0.27081877
ALIGN,mscoco,Txt-Img,Pos,0.2194674
ALIGN,mscoco,Txt-Img,Pos,0.22700846
ALIGN,mscoco,Txt-Img,Pos,0.26727915
ALIGN,mscoco,Txt-Img,Pos,0.18965062
ALIGN,mscoco,Txt-Img,Pos,0.2317132
ALIGN,mscoco,Txt-Img,Pos,0.10985476
ALIGN,mscoco,Txt-Img,Pos,0.2892257
ALIGN,mscoco,Txt-Img,Pos,0.25739327
ALIGN,mscoco,Txt-Img,Pos,0.19417554
ALIGN,mscoco,Txt-Img,Pos,0.20913061
ALIGN,mscoco,Txt-Img,Pos,0.25468567
ALIGN,mscoco,Txt-Img,Pos,0.27651888
ALIGN,mscoco,Txt-Img,Pos,0.28533456
ALIGN,mscoco,Txt-Img,Pos,0.23894069
ALIGN,mscoco,Txt-Img,Pos,0.21569127
ALIGN,mscoco,Txt-Img,Pos,0.24139607
ALIGN,mscoco,Txt-Img,Pos,0.23780614
ALIGN,mscoco,Txt-Img,Pos,0.21690655
ALIGN,mscoco,Txt-Img,Pos,0.19389653
ALIGN,mscoco,Txt-Img,Pos,0.20269439
ALIGN,mscoco,Txt-Img,Pos,0.24156438
ALIGN,mscoco,Txt-Img,Pos,0.20615984
ALIGN,mscoco,Txt-Img,Pos,0.2140449
ALIGN,mscoco,Txt-Img,Pos,0.25583798
ALIGN,mscoco,Txt-Img,Pos,0.15258159
ALIGN,mscoco,Txt-Img,Pos,0.2586463
ALIGN,mscoco,Txt-Img,Pos,0.16092199
ALIGN,mscoco,Txt-Img,Pos,0.16330369
ALIGN,mscoco,Txt-Img,Pos,0.22195804
ALIGN,mscoco,Txt-Img,Pos,0.23592094
ALIGN,mscoco,Txt-Img,Pos,0.25995
ALIGN,mscoco,Txt-Img,Pos,0.08971368
ALIGN,mscoco,Txt-Img,Pos,0.20026386
ALIGN,mscoco,Txt-Img,Pos,0.2655396
ALIGN,mscoco,Txt-Img,Pos,0.24173799
ALIGN,mscoco,Txt-Img,Pos,0.17558327
ALIGN,mscoco,Txt-Img,Pos,0.21901718
ALIGN,mscoco,Txt-Img,Pos,0.229791
ALIGN,mscoco,Txt-Img,Pos,0.18491794
ALIGN,mscoco,Txt-Img,Pos,0.20719084
ALIGN,mscoco,Txt-Img,Pos,0.14861864
ALIGN,mscoco,Txt-Img,Pos,0.26490542
ALIGN,mscoco,Txt-Img,Pos,0.1894548
ALIGN,mscoco,Txt-Img,Pos,0.23075803
ALIGN,mscoco,Txt-Img,Pos,0.21086347
ALIGN,mscoco,Txt-Img,Pos,0.21181005
ALIGN,mscoco,Txt-Img,Pos,0.2143543
ALIGN,mscoco,Txt-Img,Pos,0.26867804
ALIGN,mscoco,Txt-Img,Pos,0.15361866
ALIGN,mscoco,Txt-Img,Pos,0.24116649
ALIGN,mscoco,Txt-Img,Pos,0.20497268
ALIGN,mscoco,Txt-Img,Pos,0.26803988
ALIGN,mscoco,Txt-Img,Pos,0.23297709
ALIGN,mscoco,Txt-Img,Pos,0.19607508
ALIGN,mscoco,Txt-Img,Pos,0.2447637
ALIGN,mscoco,Txt-Img,Pos,0.20290619
ALIGN,mscoco,Txt-Img,Pos,0.17769176
ALIGN,mscoco,Txt-Img,Pos,0.21631584
ALIGN,mscoco,Txt-Img,Pos,0.15188971
ALIGN,mscoco,Txt-Img,Pos,0.24191815
ALIGN,mscoco,Txt-Img,Pos,0.21153685
ALIGN,mscoco,Txt-Img,Pos,0.27825695
ALIGN,mscoco,Txt-Img,Pos,0.20605564
ALIGN,mscoco,Txt-Img,Pos,0.15082487
ALIGN,mscoco,Txt-Img,Pos,0.20906767
ALIGN,mscoco,Txt-Img,Pos,0.23572536
ALIGN,mscoco,Txt-Img,Pos,0.24639127
ALIGN,mscoco,Txt-Img,Pos,0.29006115
ALIGN,mscoco,Txt-Img,Pos,0.2519892
ALIGN,mscoco,Txt-Img,Pos,0.30349898
ALIGN,mscoco,Txt-Img,Pos,0.23142183
ALIGN,mscoco,Txt-Img,Pos,0.22556442
ALIGN,mscoco,Txt-Img,Pos,0.28283942
ALIGN,mscoco,Txt-Img,Pos,0.13853264
ALIGN,mscoco,Txt-Img,Pos,0.25939533
ALIGN,mscoco,Txt-Img,Pos,0.18066263
ALIGN,mscoco,Txt-Img,Pos,0.22474708
ALIGN,mscoco,Txt-Img,Pos,0.2606517
ALIGN,mscoco,Txt-Img,Pos,0.30131328
ALIGN,mscoco,Txt-Img,Pos,0.28883436
ALIGN,mscoco,Txt-Img,Pos,0.2294266
ALIGN,mscoco,Txt-Img,Pos,0.20920396
ALIGN,mscoco,Txt-Img,Pos,0.2289972
ALIGN,mscoco,Txt-Img,Pos,0.21752596
ALIGN,mscoco,Txt-Img,Pos,0.24708304
ALIGN,mscoco,Txt-Img,Pos,0.22723344
ALIGN,mscoco,Txt-Img,Pos,0.21899313
ALIGN,mscoco,Txt-Img,Pos,0.21170053
ALIGN,mscoco,Txt-Img,Pos,0.22643827
ALIGN,mscoco,Txt-Img,Pos,0.17925751
ALIGN,mscoco,Txt-Img,Pos,0.24614114
ALIGN,mscoco,Txt-Img,Pos,0.2658403
ALIGN,mscoco,Txt-Img,Pos,0.2192682
ALIGN,mscoco,Txt-Img,Pos,0.24503455
ALIGN,mscoco,Txt-Img,Pos,0.2565568
ALIGN,mscoco,Txt-Img,Pos,0.24166827
ALIGN,mscoco,Txt-Img,Pos,0.21126068
ALIGN,mscoco,Txt-Img,Pos,0.26445132
ALIGN,mscoco,Txt-Img,Pos,0.27714747
ALIGN,mscoco,Txt-Img,Pos,0.19419411
ALIGN,mscoco,Txt-Img,Pos,0.2616883
ALIGN,mscoco,Txt-Img,Pos,0.19758914
ALIGN,mscoco,Txt-Img,Pos,0.2000725
ALIGN,mscoco,Txt-Img,Pos,0.23969945
ALIGN,mscoco,Txt-Img,Pos,0.2425004
ALIGN,mscoco,Txt-Img,Pos,0.28470924
ALIGN,mscoco,Txt-Img,Pos,0.24113435
ALIGN,mscoco,Txt-Img,Pos,0.18851158
ALIGN,mscoco,Txt-Img,Pos,0.25455362
ALIGN,mscoco,Txt-Img,Pos,0.21598828
ALIGN,mscoco,Txt-Img,Pos,0.24265389
ALIGN,mscoco,Txt-Img,Pos,0.2625805
ALIGN,mscoco,Txt-Img,Pos,0.18698718
ALIGN,mscoco,Txt-Img,Pos,0.19973686
ALIGN,mscoco,Txt-Img,Pos,0.25540286
ALIGN,mscoco,Txt-Img,Pos,0.221509
ALIGN,mscoco,Txt-Img,Pos,0.20279038
ALIGN,mscoco,Txt-Img,Pos,0.15911758
ALIGN,mscoco,Txt-Img,Pos,0.19561857
ALIGN,mscoco,Txt-Img,Pos,0.23290095
ALIGN,mscoco,Txt-Img,Pos,0.19765446
ALIGN,mscoco,Txt-Img,Pos,0.19916493
ALIGN,mscoco,Txt-Img,Pos,0.18501754
ALIGN,mscoco,Txt-Img,Pos,0.17735326
ALIGN,mscoco,Txt-Img,Pos,0.20334706
ALIGN,mscoco,Txt-Img,Pos,0.2211271
ALIGN,mscoco,Txt-Img,Pos,0.24685887
ALIGN,mscoco,Txt-Img,Pos,0.16089574
ALIGN,mscoco,Txt-Img,Pos,0.27618235
ALIGN,mscoco,Txt-Img,Pos,0.21010211
ALIGN,mscoco,Txt-Img,Pos,0.20484555
ALIGN,mscoco,Txt-Img,Pos,0.20885685
ALIGN,mscoco,Txt-Img,Pos,0.2831714
ALIGN,mscoco,Txt-Img,Pos,0.23652786
ALIGN,mscoco,Txt-Img,Pos,0.24405766
ALIGN,mscoco,Txt-Img,Pos,0.11929506
ALIGN,mscoco,Txt-Img,Pos,0.23277539
ALIGN,mscoco,Txt-Img,Pos,0.2371287
ALIGN,mscoco,Txt-Img,Pos,0.1287786
ALIGN,mscoco,Txt-Img,Pos,0.23269756
ALIGN,mscoco,Txt-Img,Pos,0.17570913
ALIGN,mscoco,Txt-Img,Pos,0.2043255
ALIGN,mscoco,Txt-Img,Pos,0.22323993
ALIGN,mscoco,Txt-Img,Pos,0.21635151
ALIGN,mscoco,Txt-Img,Pos,0.21609586
ALIGN,mscoco,Txt-Img,Pos,0.20594248
ALIGN,mscoco,Txt-Img,Pos,0.15665334
ALIGN,mscoco,Txt-Img,Pos,0.20636474
ALIGN,mscoco,Txt-Img,Pos,0.099316105
ALIGN,mscoco,Txt-Img,Pos,0.26349294
ALIGN,mscoco,Txt-Img,Pos,0.21661249
ALIGN,mscoco,Txt-Img,Pos,0.17401956
ALIGN,mscoco,Txt-Img,Pos,0.269216
ALIGN,mscoco,Txt-Img,Pos,0.21364169
ALIGN,mscoco,Txt-Img,Pos,0.14316899
ALIGN,mscoco,Txt-Img,Pos,0.18269838
ALIGN,mscoco,Txt-Img,Pos,0.19470993
ALIGN,mscoco,Txt-Img,Pos,0.22685516
ALIGN,mscoco,Txt-Img,Pos,0.23237953
ALIGN,mscoco,Txt-Img,Pos,0.19106017
ALIGN,mscoco,Txt-Img,Pos,0.24500573
ALIGN,mscoco,Txt-Img,Pos,0.27187002
ALIGN,mscoco,Txt-Img,Pos,0.20099986
ALIGN,mscoco,Txt-Img,Pos,0.19555756
ALIGN,mscoco,Txt-Img,Pos,0.2034097
ALIGN,mscoco,Txt-Img,Pos,0.24819347
ALIGN,mscoco,Txt-Img,Pos,0.27962005
ALIGN,mscoco,Txt-Img,Pos,0.19136055
ALIGN,mscoco,Txt-Img,Pos,0.21340632
ALIGN,mscoco,Txt-Img,Pos,0.23012447
ALIGN,mscoco,Txt-Img,Pos,0.20946294
ALIGN,mscoco,Txt-Img,Pos,0.23352209
ALIGN,mscoco,Txt-Img,Pos,0.18957019
ALIGN,mscoco,Txt-Img,Pos,0.23709306
ALIGN,mscoco,Txt-Img,Pos,0.21854487
ALIGN,mscoco,Txt-Img,Pos,0.29659367
ALIGN,mscoco,Txt-Img,Pos,0.07105305
ALIGN,mscoco,Txt-Img,Pos,0.2034171
ALIGN,mscoco,Txt-Img,Pos,0.22049502
ALIGN,mscoco,Txt-Img,Pos,0.24628511
ALIGN,mscoco,Txt-Img,Pos,0.20721659
ALIGN,mscoco,Txt-Img,Pos,0.25584394
ALIGN,mscoco,Txt-Img,Pos,0.27310377
ALIGN,mscoco,Txt-Img,Pos,0.18510243
ALIGN,mscoco,Txt-Img,Pos,0.17488472
ALIGN,mscoco,Txt-Img,Pos,0.22945896
ALIGN,mscoco,Txt-Img,Pos,0.24328384
ALIGN,mscoco,Txt-Img,Pos,0.2298971
ALIGN,mscoco,Txt-Img,Pos,0.20356752
ALIGN,mscoco,Txt-Img,Pos,0.2899938
ALIGN,mscoco,Txt-Img,Pos,0.26515883
ALIGN,mscoco,Txt-Img,Pos,0.29175785
ALIGN,mscoco,Txt-Img,Pos,0.12074754
ALIGN,mscoco,Txt-Img,Pos,0.18457243
ALIGN,mscoco,Txt-Img,Pos,0.16426192
ALIGN,mscoco,Txt-Img,Pos,0.22053066
ALIGN,mscoco,Txt-Img,Pos,0.27238554
ALIGN,mscoco,Txt-Img,Pos,0.21450993
ALIGN,mscoco,Txt-Img,Pos,0.20947638
ALIGN,mscoco,Txt-Img,Pos,0.25554544
ALIGN,mscoco,Txt-Img,Pos,0.2406131
ALIGN,mscoco,Txt-Img,Pos,0.24153808
ALIGN,mscoco,Txt-Img,Pos,0.25903517
ALIGN,mscoco,Txt-Img,Pos,0.15335822
ALIGN,mscoco,Txt-Img,Pos,0.23651016
ALIGN,mscoco,Txt-Img,Pos,0.2632325
ALIGN,mscoco,Txt-Img,Pos,0.24247782
ALIGN,mscoco,Txt-Img,Pos,0.25576395
ALIGN,mscoco,Txt-Img,Pos,0.2543472
ALIGN,mscoco,Txt-Img,Pos,0.19778356
ALIGN,mscoco,Txt-Img,Pos,0.24179667
ALIGN,mscoco,Txt-Img,Pos,0.24045452
ALIGN,mscoco,Txt-Img,Pos,0.225663
ALIGN,mscoco,Txt-Img,Pos,0.13548172
ALIGN,mscoco,Txt-Img,Pos,0.16407245
ALIGN,mscoco,Txt-Img,Pos,0.2117306
ALIGN,mscoco,Txt-Img,Pos,0.2368016
ALIGN,mscoco,Txt-Img,Pos,0.22076924
ALIGN,mscoco,Txt-Img,Pos,0.12714848
ALIGN,mscoco,Txt-Img,Pos,0.1881946
ALIGN,mscoco,Txt-Img,Pos,0.24695072
ALIGN,mscoco,Txt-Img,Pos,0.23117477
ALIGN,mscoco,Txt-Img,Pos,0.25759333
ALIGN,mscoco,Txt-Img,Pos,0.2257022
ALIGN,mscoco,Txt-Img,Pos,0.23695382
ALIGN,mscoco,Txt-Img,Pos,0.14156063
ALIGN,mscoco,Txt-Img,Pos,0.15181468
ALIGN,mscoco,Txt-Img,Pos,0.27141055
ALIGN,mscoco,Txt-Img,Pos,0.21125284
ALIGN,mscoco,Txt-Img,Pos,0.21559319
ALIGN,mscoco,Txt-Img,Pos,0.22750613
ALIGN,mscoco,Txt-Img,Pos,0.22585306
ALIGN,mscoco,Txt-Img,Pos,0.22200477
ALIGN,mscoco,Txt-Img,Pos,0.21559897
ALIGN,mscoco,Txt-Img,Pos,0.24472061
ALIGN,mscoco,Txt-Img,Pos,0.12954435
ALIGN,mscoco,Txt-Img,Pos,0.16558391
ALIGN,mscoco,Txt-Img,Pos,0.24123488
ALIGN,mscoco,Txt-Img,Pos,0.1701054
ALIGN,mscoco,Txt-Img,Pos,0.20469752
ALIGN,mscoco,Txt-Img,Pos,0.25761068
ALIGN,mscoco,Txt-Img,Pos,0.24188662
ALIGN,mscoco,Txt-Img,Pos,0.22432089
ALIGN,mscoco,Txt-Img,Pos,0.24211147
ALIGN,mscoco,Txt-Img,Pos,0.22220951
ALIGN,mscoco,Txt-Img,Pos,0.20089275
ALIGN,mscoco,Txt-Img,Pos,0.19992852
ALIGN,mscoco,Txt-Img,Pos,0.29498097
ALIGN,mscoco,Txt-Img,Pos,0.14653274
ALIGN,mscoco,Txt-Img,Pos,0.1632657
ALIGN,mscoco,Txt-Img,Pos,0.20578551
ALIGN,mscoco,Txt-Img,Pos,0.057178278
ALIGN,mscoco,Txt-Img,Pos,0.22807589
ALIGN,mscoco,Txt-Img,Pos,0.19653851
ALIGN,mscoco,Txt-Img,Pos,0.21051434
ALIGN,mscoco,Txt-Img,Pos,0.19880718
ALIGN,mscoco,Txt-Img,Pos,0.20823759
ALIGN,mscoco,Txt-Img,Pos,0.25647196
ALIGN,mscoco,Txt-Img,Pos,0.21940812
ALIGN,mscoco,Txt-Img,Pos,0.25919384
ALIGN,mscoco,Txt-Img,Pos,0.24810755
ALIGN,mscoco,Txt-Img,Pos,0.20394033
ALIGN,mscoco,Txt-Img,Pos,0.26833567
ALIGN,mscoco,Txt-Img,Pos,0.26523742
ALIGN,mscoco,Txt-Img,Pos,0.24291313
ALIGN,mscoco,Txt-Img,Pos,0.16300935
ALIGN,mscoco,Txt-Img,Pos,0.19714831
ALIGN,mscoco,Txt-Img,Pos,0.23425949
ALIGN,mscoco,Txt-Img,Pos,0.29880282
ALIGN,mscoco,Txt-Img,Pos,0.20436445
ALIGN,mscoco,Txt-Img,Pos,0.15535186
ALIGN,mscoco,Txt-Img,Pos,0.19167195
ALIGN,mscoco,Txt-Img,Pos,0.2607768
ALIGN,mscoco,Txt-Img,Pos,0.16903913
ALIGN,mscoco,Txt-Img,Pos,0.266199
ALIGN,mscoco,Txt-Img,Pos,0.2191504
ALIGN,mscoco,Txt-Img,Pos,0.19524655
ALIGN,mscoco,Txt-Img,Pos,0.21291351
ALIGN,mscoco,Txt-Img,Pos,0.17527598
ALIGN,mscoco,Txt-Img,Pos,0.21982595
ALIGN,mscoco,Txt-Img,Pos,0.19031861
ALIGN,mscoco,Txt-Img,Pos,0.21605456
ALIGN,mscoco,Txt-Img,Pos,0.22793533
ALIGN,mscoco,Txt-Img,Pos,0.2657244
ALIGN,mscoco,Txt-Img,Pos,0.17529568
ALIGN,mscoco,Txt-Img,Pos,0.25692394
ALIGN,mscoco,Txt-Img,Pos,0.2588719
ALIGN,mscoco,Txt-Img,Pos,0.24667263
ALIGN,mscoco,Txt-Img,Pos,0.14713818
ALIGN,mscoco,Txt-Img,Pos,0.14282526
ALIGN,mscoco,Txt-Img,Pos,0.24189603
ALIGN,mscoco,Txt-Img,Pos,0.23934974
ALIGN,mscoco,Txt-Img,Pos,0.22375473
ALIGN,mscoco,Txt-Img,Pos,0.22371522
ALIGN,mscoco,Txt-Img,Pos,0.16068923
ALIGN,mscoco,Txt-Img,Pos,0.23477885
ALIGN,mscoco,Txt-Img,Pos,0.2549429
ALIGN,mscoco,Txt-Img,Pos,0.2254435
ALIGN,mscoco,Txt-Img,Pos,0.15350625
ALIGN,mscoco,Txt-Img,Pos,0.21871144
ALIGN,mscoco,Txt-Img,Pos,0.21784642
ALIGN,mscoco,Txt-Img,Pos,0.17609164
ALIGN,mscoco,Txt-Img,Pos,0.22148092
ALIGN,mscoco,Txt-Img,Pos,0.09859921
ALIGN,mscoco,Txt-Img,Pos,0.19424424
ALIGN,mscoco,Txt-Img,Pos,0.2400203
ALIGN,mscoco,Txt-Img,Pos,0.28022718
ALIGN,mscoco,Txt-Img,Pos,0.30118445
ALIGN,mscoco,Txt-Img,Pos,0.25493667
ALIGN,mscoco,Txt-Img,Pos,0.23283312
ALIGN,mscoco,Txt-Img,Pos,0.22117051
ALIGN,mscoco,Txt-Img,Pos,0.2030097
ALIGN,mscoco,Txt-Img,Pos,0.21919431
ALIGN,mscoco,Txt-Img,Pos,0.19804591
ALIGN,mscoco,Txt-Img,Pos,0.23138879
ALIGN,mscoco,Txt-Img,Pos,0.26666117
ALIGN,mscoco,Txt-Img,Pos,0.23867851
ALIGN,mscoco,Txt-Img,Pos,0.25723106
ALIGN,mscoco,Txt-Img,Pos,0.20116335
ALIGN,mscoco,Txt-Img,Pos,0.21665594
ALIGN,mscoco,Txt-Img,Pos,0.23557764
ALIGN,mscoco,Txt-Img,Pos,0.25606158
ALIGN,mscoco,Txt-Img,Pos,0.24092706
ALIGN,mscoco,Txt-Img,Pos,0.21677962
ALIGN,mscoco,Txt-Img,Pos,0.16155997
ALIGN,mscoco,Txt-Img,Pos,0.110892035
ALIGN,mscoco,Txt-Img,Pos,0.20381457
ALIGN,mscoco,Txt-Img,Pos,0.24401847
ALIGN,mscoco,Txt-Img,Pos,0.17189257
ALIGN,mscoco,Txt-Img,Pos,0.17505082
ALIGN,mscoco,Txt-Img,Pos,0.2632498
ALIGN,mscoco,Txt-Img,Pos,0.22285664
ALIGN,mscoco,Txt-Img,Pos,0.22922368
ALIGN,mscoco,Txt-Img,Pos,0.223402
ALIGN,mscoco,Txt-Img,Pos,0.23214182
ALIGN,mscoco,Txt-Img,Pos,0.2310273
ALIGN,mscoco,Txt-Img,Pos,0.18564057
ALIGN,mscoco,Txt-Img,Pos,0.22485512
ALIGN,mscoco,Txt-Img,Pos,0.24829859
ALIGN,mscoco,Txt-Img,Pos,0.19694221
ALIGN,mscoco,Txt-Img,Pos,0.18264852
ALIGN,mscoco,Txt-Img,Pos,0.25426662
ALIGN,mscoco,Txt-Img,Pos,0.18270352
ALIGN,mscoco,Txt-Img,Pos,0.2800772
ALIGN,mscoco,Txt-Img,Pos,0.24194697
ALIGN,mscoco,Txt-Img,Pos,0.18210939
ALIGN,mscoco,Txt-Img,Pos,0.134698
ALIGN,mscoco,Txt-Img,Pos,0.26525527
ALIGN,mscoco,Txt-Img,Pos,0.228044
ALIGN,mscoco,Txt-Img,Pos,0.27896827
ALIGN,mscoco,Txt-Img,Pos,0.23735431
ALIGN,mscoco,Txt-Img,Pos,0.20651536
ALIGN,mscoco,Txt-Img,Pos,0.20713708
ALIGN,mscoco,Txt-Img,Pos,0.23557845
ALIGN,mscoco,Txt-Img,Pos,0.19857818
ALIGN,mscoco,Txt-Img,Pos,0.27747643
ALIGN,mscoco,Txt-Img,Pos,0.274239
ALIGN,mscoco,Txt-Img,Pos,0.22616547
ALIGN,mscoco,Txt-Img,Pos,0.21918267
ALIGN,mscoco,Txt-Img,Pos,0.2616701
ALIGN,mscoco,Txt-Img,Pos,0.28166685
ALIGN,mscoco,Txt-Img,Pos,0.17011318
ALIGN,mscoco,Txt-Img,Pos,0.17021221
ALIGN,mscoco,Txt-Img,Pos,0.19744126
ALIGN,mscoco,Txt-Img,Pos,0.21781093
ALIGN,mscoco,Txt-Img,Pos,0.24342445
ALIGN,mscoco,Txt-Img,Pos,0.22913375
ALIGN,mscoco,Txt-Img,Pos,0.18993732
ALIGN,mscoco,Txt-Img,Pos,0.22267053
ALIGN,mscoco,Txt-Img,Pos,0.24996391
ALIGN,mscoco,Txt-Img,Pos,0.24550387
ALIGN,mscoco,Txt-Img,Pos,0.19049284
ALIGN,mscoco,Txt-Img,Pos,0.2583213
ALIGN,mscoco,Txt-Img,Pos,0.25140303
ALIGN,mscoco,Txt-Img,Pos,0.15038043
ALIGN,mscoco,Txt-Img,Pos,0.21774645
ALIGN,mscoco,Txt-Img,Pos,0.19676429
ALIGN,mscoco,Txt-Img,Pos,0.24622074
ALIGN,mscoco,Txt-Img,Pos,0.2252591
ALIGN,mscoco,Txt-Img,Pos,0.24645579
ALIGN,mscoco,Txt-Img,Pos,0.24913356
ALIGN,mscoco,Txt-Img,Pos,0.24992758
ALIGN,mscoco,Txt-Img,Pos,0.21846586
ALIGN,mscoco,Txt-Img,Pos,0.24343672
ALIGN,mscoco,Txt-Img,Pos,0.26251456
ALIGN,mscoco,Txt-Img,Pos,0.20929134
ALIGN,mscoco,Txt-Txt,Neg,0.5651557
ALIGN,mscoco,Txt-Txt,Neg,0.64044577
ALIGN,mscoco,Txt-Txt,Neg,0.61957175
ALIGN,mscoco,Txt-Txt,Neg,0.61786973
ALIGN,mscoco,Txt-Txt,Neg,0.650082
ALIGN,mscoco,Txt-Txt,Neg,0.5425498
ALIGN,mscoco,Txt-Txt,Neg,0.61775184
ALIGN,mscoco,Txt-Txt,Neg,0.61555016
ALIGN,mscoco,Txt-Txt,Neg,0.5781234
ALIGN,mscoco,Txt-Txt,Neg,0.6448503
ALIGN,mscoco,Txt-Txt,Neg,0.68191624
ALIGN,mscoco,Txt-Txt,Neg,0.5942784
ALIGN,mscoco,Txt-Txt,Neg,0.6932141
ALIGN,mscoco,Txt-Txt,Neg,0.6360736
ALIGN,mscoco,Txt-Txt,Neg,0.59794384
ALIGN,mscoco,Txt-Txt,Neg,0.6605776
ALIGN,mscoco,Txt-Txt,Neg,0.6910545
ALIGN,mscoco,Txt-Txt,Neg,0.66279036
ALIGN,mscoco,Txt-Txt,Neg,0.5980626
ALIGN,mscoco,Txt-Txt,Neg,0.6459932
ALIGN,mscoco,Txt-Txt,Neg,0.69262606
ALIGN,mscoco,Txt-Txt,Neg,0.58815295
ALIGN,mscoco,Txt-Txt,Neg,0.5852999
ALIGN,mscoco,Txt-Txt,Neg,0.6206796
ALIGN,mscoco,Txt-Txt,Neg,0.59664243
ALIGN,mscoco,Txt-Txt,Neg,0.6818729
ALIGN,mscoco,Txt-Txt,Neg,0.68394566
ALIGN,mscoco,Txt-Txt,Neg,0.58867323
ALIGN,mscoco,Txt-Txt,Neg,0.6590893
ALIGN,mscoco,Txt-Txt,Neg,0.6883721
ALIGN,mscoco,Txt-Txt,Neg,0.6302159
ALIGN,mscoco,Txt-Txt,Neg,0.7497701
ALIGN,mscoco,Txt-Txt,Neg,0.66500825
ALIGN,mscoco,Txt-Txt,Neg,0.63145167
ALIGN,mscoco,Txt-Txt,Neg,0.61371386
ALIGN,mscoco,Txt-Txt,Neg,0.634988
ALIGN,mscoco,Txt-Txt,Neg,0.71749
ALIGN,mscoco,Txt-Txt,Neg,0.61417514
ALIGN,mscoco,Txt-Txt,Neg,0.7105827
ALIGN,mscoco,Txt-Txt,Neg,0.6497013
ALIGN,mscoco,Txt-Txt,Neg,0.5892716
ALIGN,mscoco,Txt-Txt,Neg,0.5806498
ALIGN,mscoco,Txt-Txt,Neg,0.623208
ALIGN,mscoco,Txt-Txt,Neg,0.54805005
ALIGN,mscoco,Txt-Txt,Neg,0.61418915
ALIGN,mscoco,Txt-Txt,Neg,0.60611296
ALIGN,mscoco,Txt-Txt,Neg,0.6625938
ALIGN,mscoco,Txt-Txt,Neg,0.65897363
ALIGN,mscoco,Txt-Txt,Neg,0.6857549
ALIGN,mscoco,Txt-Txt,Neg,0.7135176
ALIGN,mscoco,Txt-Txt,Neg,0.51260155
ALIGN,mscoco,Txt-Txt,Neg,0.6214978
ALIGN,mscoco,Txt-Txt,Neg,0.71889186
ALIGN,mscoco,Txt-Txt,Neg,0.41394866
ALIGN,mscoco,Txt-Txt,Neg,0.6215783
ALIGN,mscoco,Txt-Txt,Neg,0.65584284
ALIGN,mscoco,Txt-Txt,Neg,0.611615
ALIGN,mscoco,Txt-Txt,Neg,0.58768135
ALIGN,mscoco,Txt-Txt,Neg,0.65020853
ALIGN,mscoco,Txt-Txt,Neg,0.42251796
ALIGN,mscoco,Txt-Txt,Neg,0.6618197
ALIGN,mscoco,Txt-Txt,Neg,0.5841245
ALIGN,mscoco,Txt-Txt,Neg,0.5660559
ALIGN,mscoco,Txt-Txt,Neg,0.6874102
ALIGN,mscoco,Txt-Txt,Neg,0.72192395
ALIGN,mscoco,Txt-Txt,Neg,0.70508987
ALIGN,mscoco,Txt-Txt,Neg,0.45877042
ALIGN,mscoco,Txt-Txt,Neg,0.622924
ALIGN,mscoco,Txt-Txt,Neg,0.5968812
ALIGN,mscoco,Txt-Txt,Neg,0.64392596
ALIGN,mscoco,Txt-Txt,Neg,0.5873528
ALIGN,mscoco,Txt-Txt,Neg,0.51523906
ALIGN,mscoco,Txt-Txt,Neg,0.5582261
ALIGN,mscoco,Txt-Txt,Neg,0.5502398
ALIGN,mscoco,Txt-Txt,Neg,0.6979824
ALIGN,mscoco,Txt-Txt,Neg,0.59764767
ALIGN,mscoco,Txt-Txt,Neg,0.65333843
ALIGN,mscoco,Txt-Txt,Neg,0.61082244
ALIGN,mscoco,Txt-Txt,Neg,0.6260966
ALIGN,mscoco,Txt-Txt,Neg,0.5642071
ALIGN,mscoco,Txt-Txt,Neg,0.6833937
ALIGN,mscoco,Txt-Txt,Neg,0.6802732
ALIGN,mscoco,Txt-Txt,Neg,0.6879047
ALIGN,mscoco,Txt-Txt,Neg,0.71212375
ALIGN,mscoco,Txt-Txt,Neg,0.54532117
ALIGN,mscoco,Txt-Txt,Neg,0.65411055
ALIGN,mscoco,Txt-Txt,Neg,0.7255736
ALIGN,mscoco,Txt-Txt,Neg,0.7058243
ALIGN,mscoco,Txt-Txt,Neg,0.62006974
ALIGN,mscoco,Txt-Txt,Neg,0.7071496
ALIGN,mscoco,Txt-Txt,Neg,0.5762203
ALIGN,mscoco,Txt-Txt,Neg,0.650543
ALIGN,mscoco,Txt-Txt,Neg,0.6781007
ALIGN,mscoco,Txt-Txt,Neg,0.52770746
ALIGN,mscoco,Txt-Txt,Neg,0.56066173
ALIGN,mscoco,Txt-Txt,Neg,0.53465325
ALIGN,mscoco,Txt-Txt,Neg,0.6374598
ALIGN,mscoco,Txt-Txt,Neg,0.6711928
ALIGN,mscoco,Txt-Txt,Neg,0.6586091
ALIGN,mscoco,Txt-Txt,Neg,0.57274604
ALIGN,mscoco,Txt-Txt,Neg,0.56328297
ALIGN,mscoco,Txt-Txt,Neg,0.7034073
ALIGN,mscoco,Txt-Txt,Neg,0.6700558
ALIGN,mscoco,Txt-Txt,Neg,0.4330818
ALIGN,mscoco,Txt-Txt,Neg,0.6261863
ALIGN,mscoco,Txt-Txt,Neg,0.63959694
ALIGN,mscoco,Txt-Txt,Neg,0.5927502
ALIGN,mscoco,Txt-Txt,Neg,0.59822786
ALIGN,mscoco,Txt-Txt,Neg,0.47612393
ALIGN,mscoco,Txt-Txt,Neg,0.609522
ALIGN,mscoco,Txt-Txt,Neg,0.5532486
ALIGN,mscoco,Txt-Txt,Neg,0.7825352
ALIGN,mscoco,Txt-Txt,Neg,0.60212153
ALIGN,mscoco,Txt-Txt,Neg,0.6114511
ALIGN,mscoco,Txt-Txt,Neg,0.6305162
ALIGN,mscoco,Txt-Txt,Neg,0.67329746
ALIGN,mscoco,Txt-Txt,Neg,0.6826019
ALIGN,mscoco,Txt-Txt,Neg,0.6142086
ALIGN,mscoco,Txt-Txt,Neg,0.68586904
ALIGN,mscoco,Txt-Txt,Neg,0.6577544
ALIGN,mscoco,Txt-Txt,Neg,0.71335125
ALIGN,mscoco,Txt-Txt,Neg,0.65532833
ALIGN,mscoco,Txt-Txt,Neg,0.673446
ALIGN,mscoco,Txt-Txt,Neg,0.5973027
ALIGN,mscoco,Txt-Txt,Neg,0.6002272
ALIGN,mscoco,Txt-Txt,Neg,0.56654507
ALIGN,mscoco,Txt-Txt,Neg,0.61632484
ALIGN,mscoco,Txt-Txt,Neg,0.59325784
ALIGN,mscoco,Txt-Txt,Neg,0.6511909
ALIGN,mscoco,Txt-Txt,Neg,0.69675004
ALIGN,mscoco,Txt-Txt,Neg,0.5695244
ALIGN,mscoco,Txt-Txt,Neg,0.6873304
ALIGN,mscoco,Txt-Txt,Neg,0.69989234
ALIGN,mscoco,Txt-Txt,Neg,0.54056305
ALIGN,mscoco,Txt-Txt,Neg,0.66171885
ALIGN,mscoco,Txt-Txt,Neg,0.70554835
ALIGN,mscoco,Txt-Txt,Neg,0.6838385
ALIGN,mscoco,Txt-Txt,Neg,0.6461258
ALIGN,mscoco,Txt-Txt,Neg,0.64981925
ALIGN,mscoco,Txt-Txt,Neg,0.56890774
ALIGN,mscoco,Txt-Txt,Neg,0.6402086
ALIGN,mscoco,Txt-Txt,Neg,0.7080986
ALIGN,mscoco,Txt-Txt,Neg,0.6186273
ALIGN,mscoco,Txt-Txt,Neg,0.67347425
ALIGN,mscoco,Txt-Txt,Neg,0.5939823
ALIGN,mscoco,Txt-Txt,Neg,0.6395718
ALIGN,mscoco,Txt-Txt,Neg,0.57028675
ALIGN,mscoco,Txt-Txt,Neg,0.6363777
ALIGN,mscoco,Txt-Txt,Neg,0.55186814
ALIGN,mscoco,Txt-Txt,Neg,0.6758972
ALIGN,mscoco,Txt-Txt,Neg,0.6990627
ALIGN,mscoco,Txt-Txt,Neg,0.45861667
ALIGN,mscoco,Txt-Txt,Neg,0.66049314
ALIGN,mscoco,Txt-Txt,Neg,0.5813261
ALIGN,mscoco,Txt-Txt,Neg,0.61264783
ALIGN,mscoco,Txt-Txt,Neg,0.64764386
ALIGN,mscoco,Txt-Txt,Neg,0.5811344
ALIGN,mscoco,Txt-Txt,Neg,0.74113727
ALIGN,mscoco,Txt-Txt,Neg,0.71238333
ALIGN,mscoco,Txt-Txt,Neg,0.6468712
ALIGN,mscoco,Txt-Txt,Neg,0.62475324
ALIGN,mscoco,Txt-Txt,Neg,0.66646975
ALIGN,mscoco,Txt-Txt,Neg,0.6035225
ALIGN,mscoco,Txt-Txt,Neg,0.55495375
ALIGN,mscoco,Txt-Txt,Neg,0.522775
ALIGN,mscoco,Txt-Txt,Neg,0.56604147
ALIGN,mscoco,Txt-Txt,Neg,0.562442
ALIGN,mscoco,Txt-Txt,Neg,0.6014287
ALIGN,mscoco,Txt-Txt,Neg,0.6454567
ALIGN,mscoco,Txt-Txt,Neg,0.55389935
ALIGN,mscoco,Txt-Txt,Neg,0.64122146
ALIGN,mscoco,Txt-Txt,Neg,0.64650136
ALIGN,mscoco,Txt-Txt,Neg,0.55304974
ALIGN,mscoco,Txt-Txt,Neg,0.7104793
ALIGN,mscoco,Txt-Txt,Neg,0.55781454
ALIGN,mscoco,Txt-Txt,Neg,0.6263113
ALIGN,mscoco,Txt-Txt,Neg,0.6364211
ALIGN,mscoco,Txt-Txt,Neg,0.6340945
ALIGN,mscoco,Txt-Txt,Neg,0.6615677
ALIGN,mscoco,Txt-Txt,Neg,0.6031597
ALIGN,mscoco,Txt-Txt,Neg,0.64137
ALIGN,mscoco,Txt-Txt,Neg,0.6881565
ALIGN,mscoco,Txt-Txt,Neg,0.5158713
ALIGN,mscoco,Txt-Txt,Neg,0.56847143
ALIGN,mscoco,Txt-Txt,Neg,0.5164009
ALIGN,mscoco,Txt-Txt,Neg,0.6692789
ALIGN,mscoco,Txt-Txt,Neg,0.60210633
ALIGN,mscoco,Txt-Txt,Neg,0.6240334
ALIGN,mscoco,Txt-Txt,Neg,0.56364393
ALIGN,mscoco,Txt-Txt,Neg,0.59379846
ALIGN,mscoco,Txt-Txt,Neg,0.6988765
ALIGN,mscoco,Txt-Txt,Neg,0.6214573
ALIGN,mscoco,Txt-Txt,Neg,0.72019345
ALIGN,mscoco,Txt-Txt,Neg,0.67856413
ALIGN,mscoco,Txt-Txt,Neg,0.6780221
ALIGN,mscoco,Txt-Txt,Neg,0.6089029
ALIGN,mscoco,Txt-Txt,Neg,0.68514466
ALIGN,mscoco,Txt-Txt,Neg,0.5924974
ALIGN,mscoco,Txt-Txt,Neg,0.6590316
ALIGN,mscoco,Txt-Txt,Neg,0.6963276
ALIGN,mscoco,Txt-Txt,Neg,0.60241127
ALIGN,mscoco,Txt-Txt,Neg,0.62009656
ALIGN,mscoco,Txt-Txt,Neg,0.5934314
ALIGN,mscoco,Txt-Txt,Neg,0.63340193
ALIGN,mscoco,Txt-Txt,Neg,0.5615981
ALIGN,mscoco,Txt-Txt,Neg,0.6632633
ALIGN,mscoco,Txt-Txt,Neg,0.6509445
ALIGN,mscoco,Txt-Txt,Neg,0.573214
ALIGN,mscoco,Txt-Txt,Neg,0.58760387
ALIGN,mscoco,Txt-Txt,Neg,0.5537521
ALIGN,mscoco,Txt-Txt,Neg,0.6467134
ALIGN,mscoco,Txt-Txt,Neg,0.55527824
ALIGN,mscoco,Txt-Txt,Neg,0.6616461
ALIGN,mscoco,Txt-Txt,Neg,0.64423645
ALIGN,mscoco,Txt-Txt,Neg,0.5867385
ALIGN,mscoco,Txt-Txt,Neg,0.6588229
ALIGN,mscoco,Txt-Txt,Neg,0.6794792
ALIGN,mscoco,Txt-Txt,Neg,0.68245107
ALIGN,mscoco,Txt-Txt,Neg,0.64209807
ALIGN,mscoco,Txt-Txt,Neg,0.78084946
ALIGN,mscoco,Txt-Txt,Neg,0.6210662
ALIGN,mscoco,Txt-Txt,Neg,0.6954006
ALIGN,mscoco,Txt-Txt,Neg,0.65356237
ALIGN,mscoco,Txt-Txt,Neg,0.7403109
ALIGN,mscoco,Txt-Txt,Neg,0.61075383
ALIGN,mscoco,Txt-Txt,Neg,0.6867223
ALIGN,mscoco,Txt-Txt,Neg,0.6362823
ALIGN,mscoco,Txt-Txt,Neg,0.702492
ALIGN,mscoco,Txt-Txt,Neg,0.6349731
ALIGN,mscoco,Txt-Txt,Neg,0.6337862
ALIGN,mscoco,Txt-Txt,Neg,0.63534033
ALIGN,mscoco,Txt-Txt,Neg,0.66923237
ALIGN,mscoco,Txt-Txt,Neg,0.60355717
ALIGN,mscoco,Txt-Txt,Neg,0.5084612
ALIGN,mscoco,Txt-Txt,Neg,0.7037138
ALIGN,mscoco,Txt-Txt,Neg,0.6710735
ALIGN,mscoco,Txt-Txt,Neg,0.6011713
ALIGN,mscoco,Txt-Txt,Neg,0.657135
ALIGN,mscoco,Txt-Txt,Neg,0.61330944
ALIGN,mscoco,Txt-Txt,Neg,0.6021929
ALIGN,mscoco,Txt-Txt,Neg,0.66868055
ALIGN,mscoco,Txt-Txt,Neg,0.6172575
ALIGN,mscoco,Txt-Txt,Neg,0.7456248
ALIGN,mscoco,Txt-Txt,Neg,0.6879007
ALIGN,mscoco,Txt-Txt,Neg,0.568501
ALIGN,mscoco,Txt-Txt,Neg,0.60433286
ALIGN,mscoco,Txt-Txt,Neg,0.6282802
ALIGN,mscoco,Txt-Txt,Neg,0.6429695
ALIGN,mscoco,Txt-Txt,Neg,0.5476664
ALIGN,mscoco,Txt-Txt,Neg,0.64042485
ALIGN,mscoco,Txt-Txt,Neg,0.63426393
ALIGN,mscoco,Txt-Txt,Neg,0.69426876
ALIGN,mscoco,Txt-Txt,Neg,0.6509467
ALIGN,mscoco,Txt-Txt,Neg,0.565
ALIGN,mscoco,Txt-Txt,Neg,0.5784988
ALIGN,mscoco,Txt-Txt,Neg,0.71775687
ALIGN,mscoco,Txt-Txt,Neg,0.6719121
ALIGN,mscoco,Txt-Txt,Neg,0.6995759
ALIGN,mscoco,Txt-Txt,Neg,0.65202475
ALIGN,mscoco,Txt-Txt,Neg,0.6659456
ALIGN,mscoco,Txt-Txt,Neg,0.64130837
ALIGN,mscoco,Txt-Txt,Neg,0.682714
ALIGN,mscoco,Txt-Txt,Neg,0.653197
ALIGN,mscoco,Txt-Txt,Neg,0.4933574
ALIGN,mscoco,Txt-Txt,Neg,0.6631755
ALIGN,mscoco,Txt-Txt,Neg,0.64546573
ALIGN,mscoco,Txt-Txt,Neg,0.63908374
ALIGN,mscoco,Txt-Txt,Neg,0.6627989
ALIGN,mscoco,Txt-Txt,Neg,0.7054243
ALIGN,mscoco,Txt-Txt,Neg,0.601695
ALIGN,mscoco,Txt-Txt,Neg,0.56515914
ALIGN,mscoco,Txt-Txt,Neg,0.6020268
ALIGN,mscoco,Txt-Txt,Neg,0.63817954
ALIGN,mscoco,Txt-Txt,Neg,0.70590925
ALIGN,mscoco,Txt-Txt,Neg,0.555256
ALIGN,mscoco,Txt-Txt,Neg,0.6893909
ALIGN,mscoco,Txt-Txt,Neg,0.6360037
ALIGN,mscoco,Txt-Txt,Neg,0.56067294
ALIGN,mscoco,Txt-Txt,Neg,0.65109193
ALIGN,mscoco,Txt-Txt,Neg,0.61604655
ALIGN,mscoco,Txt-Txt,Neg,0.43704712
ALIGN,mscoco,Txt-Txt,Neg,0.56473607
ALIGN,mscoco,Txt-Txt,Neg,0.69554174
ALIGN,mscoco,Txt-Txt,Neg,0.6729132
ALIGN,mscoco,Txt-Txt,Neg,0.5947437
ALIGN,mscoco,Txt-Txt,Neg,0.6240425
ALIGN,mscoco,Txt-Txt,Neg,0.62429863
ALIGN,mscoco,Txt-Txt,Neg,0.5930832
ALIGN,mscoco,Txt-Txt,Neg,0.58334047
ALIGN,mscoco,Txt-Txt,Neg,0.70577866
ALIGN,mscoco,Txt-Txt,Neg,0.6386946
ALIGN,mscoco,Txt-Txt,Neg,0.65888506
ALIGN,mscoco,Txt-Txt,Neg,0.583445
ALIGN,mscoco,Txt-Txt,Neg,0.6356319
ALIGN,mscoco,Txt-Txt,Neg,0.54830366
ALIGN,mscoco,Txt-Txt,Neg,0.6653335
ALIGN,mscoco,Txt-Txt,Neg,0.65689945
ALIGN,mscoco,Txt-Txt,Neg,0.5702521
ALIGN,mscoco,Txt-Txt,Neg,0.72887045
ALIGN,mscoco,Txt-Txt,Neg,0.6277613
ALIGN,mscoco,Txt-Txt,Neg,0.59112567
ALIGN,mscoco,Txt-Txt,Neg,0.69849813
ALIGN,mscoco,Txt-Txt,Neg,0.7150626
ALIGN,mscoco,Txt-Txt,Neg,0.5319898
ALIGN,mscoco,Txt-Txt,Neg,0.66581357
ALIGN,mscoco,Txt-Txt,Neg,0.6365738
ALIGN,mscoco,Txt-Txt,Neg,0.7408479
ALIGN,mscoco,Txt-Txt,Neg,0.64248896
ALIGN,mscoco,Txt-Txt,Neg,0.7151596
ALIGN,mscoco,Txt-Txt,Neg,0.66337836
ALIGN,mscoco,Txt-Txt,Neg,0.6976298
ALIGN,mscoco,Txt-Txt,Neg,0.7010224
ALIGN,mscoco,Txt-Txt,Neg,0.53141236
ALIGN,mscoco,Txt-Txt,Neg,0.5880415
ALIGN,mscoco,Txt-Txt,Neg,0.60735357
ALIGN,mscoco,Txt-Txt,Neg,0.70104015
ALIGN,mscoco,Txt-Txt,Neg,0.65663636
ALIGN,mscoco,Txt-Txt,Neg,0.53846365
ALIGN,mscoco,Txt-Txt,Neg,0.61744297
ALIGN,mscoco,Txt-Txt,Neg,0.5932659
ALIGN,mscoco,Txt-Txt,Neg,0.543182
ALIGN,mscoco,Txt-Txt,Neg,0.6188792
ALIGN,mscoco,Txt-Txt,Neg,0.65613365
ALIGN,mscoco,Txt-Txt,Neg,0.65086055
ALIGN,mscoco,Txt-Txt,Neg,0.5294284
ALIGN,mscoco,Txt-Txt,Neg,0.6790788
ALIGN,mscoco,Txt-Txt,Neg,0.62981373
ALIGN,mscoco,Txt-Txt,Neg,0.6671075
ALIGN,mscoco,Txt-Txt,Neg,0.65698296
ALIGN,mscoco,Txt-Txt,Neg,0.6397005
ALIGN,mscoco,Txt-Txt,Neg,0.66469353
ALIGN,mscoco,Txt-Txt,Neg,0.690865
ALIGN,mscoco,Txt-Txt,Neg,0.6431744
ALIGN,mscoco,Txt-Txt,Neg,0.7463283
ALIGN,mscoco,Txt-Txt,Neg,0.5343138
ALIGN,mscoco,Txt-Txt,Neg,0.69529814
ALIGN,mscoco,Txt-Txt,Neg,0.63699555
ALIGN,mscoco,Txt-Txt,Neg,0.6425711
ALIGN,mscoco,Txt-Txt,Neg,0.69284225
ALIGN,mscoco,Txt-Txt,Neg,0.7450535
ALIGN,mscoco,Txt-Txt,Neg,0.62304944
ALIGN,mscoco,Txt-Txt,Neg,0.666946
ALIGN,mscoco,Txt-Txt,Neg,0.61388284
ALIGN,mscoco,Txt-Txt,Neg,0.69082063
ALIGN,mscoco,Txt-Txt,Neg,0.6099485
ALIGN,mscoco,Txt-Txt,Neg,0.5959494
ALIGN,mscoco,Txt-Txt,Neg,0.58020854
ALIGN,mscoco,Txt-Txt,Neg,0.574315
ALIGN,mscoco,Txt-Txt,Neg,0.52401316
ALIGN,mscoco,Txt-Txt,Neg,0.64389104
ALIGN,mscoco,Txt-Txt,Neg,0.6489804
ALIGN,mscoco,Txt-Txt,Neg,0.62818223
ALIGN,mscoco,Txt-Txt,Neg,0.5898831
ALIGN,mscoco,Txt-Txt,Neg,0.6828632
ALIGN,mscoco,Txt-Txt,Neg,0.46891913
ALIGN,mscoco,Txt-Txt,Neg,0.64956546
ALIGN,mscoco,Txt-Txt,Neg,0.4653753
ALIGN,mscoco,Txt-Txt,Neg,0.71908474
ALIGN,mscoco,Txt-Txt,Neg,0.79244274
ALIGN,mscoco,Txt-Txt,Neg,0.60654795
ALIGN,mscoco,Txt-Txt,Neg,0.6119916
ALIGN,mscoco,Txt-Txt,Neg,0.6313492
ALIGN,mscoco,Txt-Txt,Neg,0.6911722
ALIGN,mscoco,Txt-Txt,Neg,0.5883845
ALIGN,mscoco,Txt-Txt,Neg,0.5252869
ALIGN,mscoco,Txt-Txt,Neg,0.64398354
ALIGN,mscoco,Txt-Txt,Neg,0.6894379
ALIGN,mscoco,Txt-Txt,Neg,0.6430816
ALIGN,mscoco,Txt-Txt,Neg,0.5446772
ALIGN,mscoco,Txt-Txt,Neg,0.57040787
ALIGN,mscoco,Txt-Txt,Neg,0.5711315
ALIGN,mscoco,Txt-Txt,Neg,0.6283991
ALIGN,mscoco,Txt-Txt,Neg,0.6684666
ALIGN,mscoco,Txt-Txt,Neg,0.68733287
ALIGN,mscoco,Txt-Txt,Neg,0.56286985
ALIGN,mscoco,Txt-Txt,Neg,0.6078618
ALIGN,mscoco,Txt-Txt,Neg,0.640108
ALIGN,mscoco,Txt-Txt,Neg,0.5695811
ALIGN,mscoco,Txt-Txt,Neg,0.518974
ALIGN,mscoco,Txt-Txt,Neg,0.67232114
ALIGN,mscoco,Txt-Txt,Neg,0.64955336
ALIGN,mscoco,Txt-Txt,Neg,0.6734723
ALIGN,mscoco,Txt-Txt,Neg,0.6392697
ALIGN,mscoco,Txt-Txt,Neg,0.62688696
ALIGN,mscoco,Txt-Txt,Neg,0.7221911
ALIGN,mscoco,Txt-Txt,Neg,0.67240524
ALIGN,mscoco,Txt-Txt,Neg,0.6201147
ALIGN,mscoco,Txt-Txt,Neg,0.76939553
ALIGN,mscoco,Txt-Txt,Neg,0.61536217
ALIGN,mscoco,Txt-Txt,Neg,0.72280145
ALIGN,mscoco,Txt-Txt,Neg,0.67617476
ALIGN,mscoco,Txt-Txt,Neg,0.55599695
ALIGN,mscoco,Txt-Txt,Neg,0.69935375
ALIGN,mscoco,Txt-Txt,Neg,0.7203086
ALIGN,mscoco,Txt-Txt,Neg,0.57375884
ALIGN,mscoco,Txt-Txt,Neg,0.67187536
ALIGN,mscoco,Txt-Txt,Neg,0.5329973
ALIGN,mscoco,Txt-Txt,Neg,0.67700887
ALIGN,mscoco,Txt-Txt,Neg,0.5401358
ALIGN,mscoco,Txt-Txt,Neg,0.5569481
ALIGN,mscoco,Txt-Txt,Neg,0.634454
ALIGN,mscoco,Txt-Txt,Neg,0.66654044
ALIGN,mscoco,Txt-Txt,Neg,0.64973736
ALIGN,mscoco,Txt-Txt,Neg,0.6040276
ALIGN,mscoco,Txt-Txt,Neg,0.6206991
ALIGN,mscoco,Txt-Txt,Neg,0.607737
ALIGN,mscoco,Txt-Txt,Neg,0.63171136
ALIGN,mscoco,Txt-Txt,Neg,0.60714483
ALIGN,mscoco,Txt-Txt,Neg,0.6077821
ALIGN,mscoco,Txt-Txt,Neg,0.63250834
ALIGN,mscoco,Txt-Txt,Neg,0.6846213
ALIGN,mscoco,Txt-Txt,Neg,0.5872083
ALIGN,mscoco,Txt-Txt,Neg,0.6276538
ALIGN,mscoco,Txt-Txt,Neg,0.5554143
ALIGN,mscoco,Txt-Txt,Neg,0.5907689
ALIGN,mscoco,Txt-Txt,Neg,0.71113366
ALIGN,mscoco,Txt-Txt,Neg,0.6345091
ALIGN,mscoco,Txt-Txt,Neg,0.59625876
ALIGN,mscoco,Txt-Txt,Neg,0.67646784
ALIGN,mscoco,Txt-Txt,Neg,0.6364856
ALIGN,mscoco,Txt-Txt,Neg,0.6828235
ALIGN,mscoco,Txt-Txt,Neg,0.57212967
ALIGN,mscoco,Txt-Txt,Neg,0.62752837
ALIGN,mscoco,Txt-Txt,Neg,0.7086857
ALIGN,mscoco,Txt-Txt,Neg,0.5807267
ALIGN,mscoco,Txt-Txt,Neg,0.59811246
ALIGN,mscoco,Txt-Txt,Neg,0.6857535
ALIGN,mscoco,Txt-Txt,Neg,0.75978297
ALIGN,mscoco,Txt-Txt,Neg,0.6192352
ALIGN,mscoco,Txt-Txt,Neg,0.724357
ALIGN,mscoco,Txt-Txt,Neg,0.5915565
ALIGN,mscoco,Txt-Txt,Neg,0.67353123
ALIGN,mscoco,Txt-Txt,Neg,0.7118065
ALIGN,mscoco,Txt-Txt,Neg,0.6751621
ALIGN,mscoco,Txt-Txt,Neg,0.6583551
ALIGN,mscoco,Txt-Txt,Neg,0.68233275
ALIGN,mscoco,Txt-Txt,Neg,0.5227542
ALIGN,mscoco,Txt-Txt,Neg,0.62122643
ALIGN,mscoco,Txt-Txt,Neg,0.59966207
ALIGN,mscoco,Txt-Txt,Neg,0.64244246
ALIGN,mscoco,Txt-Txt,Neg,0.7302919
ALIGN,mscoco,Txt-Txt,Neg,0.70481765
ALIGN,mscoco,Txt-Txt,Neg,0.604582
ALIGN,mscoco,Txt-Txt,Neg,0.73490113
ALIGN,mscoco,Txt-Txt,Neg,0.5546127
ALIGN,mscoco,Txt-Txt,Neg,0.5936407
ALIGN,mscoco,Txt-Txt,Neg,0.6313926
ALIGN,mscoco,Txt-Txt,Neg,0.812909
ALIGN,mscoco,Txt-Txt,Neg,0.59174657
ALIGN,mscoco,Txt-Txt,Neg,0.64838827
ALIGN,mscoco,Txt-Txt,Neg,0.66528445
ALIGN,mscoco,Txt-Txt,Neg,0.7521717
ALIGN,mscoco,Txt-Txt,Neg,0.57906926
ALIGN,mscoco,Txt-Txt,Neg,0.7079605
ALIGN,mscoco,Txt-Txt,Neg,0.65792024
ALIGN,mscoco,Txt-Txt,Neg,0.6711945
ALIGN,mscoco,Txt-Txt,Neg,0.57848006
ALIGN,mscoco,Txt-Txt,Neg,0.6185324
ALIGN,mscoco,Txt-Txt,Neg,0.61520344
ALIGN,mscoco,Txt-Txt,Neg,0.68421143
ALIGN,mscoco,Txt-Txt,Neg,0.6579448
ALIGN,mscoco,Txt-Txt,Neg,0.6913582
ALIGN,mscoco,Txt-Txt,Neg,0.5133176
ALIGN,mscoco,Txt-Txt,Neg,0.6103826
ALIGN,mscoco,Txt-Txt,Neg,0.6411009
ALIGN,mscoco,Txt-Txt,Neg,0.7059972
ALIGN,mscoco,Txt-Txt,Neg,0.6404756
ALIGN,mscoco,Txt-Txt,Neg,0.57685107
ALIGN,mscoco,Txt-Txt,Neg,0.584399
ALIGN,mscoco,Txt-Txt,Neg,0.61347306
ALIGN,mscoco,Txt-Txt,Neg,0.64545935
ALIGN,mscoco,Txt-Txt,Neg,0.6292476
ALIGN,mscoco,Txt-Txt,Neg,0.47941428
ALIGN,mscoco,Txt-Txt,Neg,0.69280314
ALIGN,mscoco,Txt-Txt,Neg,0.6640329
ALIGN,mscoco,Txt-Txt,Neg,0.6156727
ALIGN,mscoco,Txt-Txt,Neg,0.61847216
ALIGN,mscoco,Txt-Txt,Neg,0.7000772
ALIGN,mscoco,Txt-Txt,Neg,0.6975383
ALIGN,mscoco,Txt-Txt,Neg,0.6278611
ALIGN,mscoco,Txt-Txt,Neg,0.67207867
ALIGN,mscoco,Txt-Txt,Neg,0.5419392
ALIGN,mscoco,Txt-Txt,Neg,0.5890393
ALIGN,mscoco,Txt-Txt,Neg,0.70219237
ALIGN,mscoco,Txt-Txt,Neg,0.6869034
ALIGN,mscoco,Txt-Txt,Neg,0.5675669
ALIGN,mscoco,Txt-Txt,Neg,0.7537669
ALIGN,mscoco,Txt-Txt,Neg,0.66379607
ALIGN,mscoco,Txt-Txt,Neg,0.6643196
ALIGN,mscoco,Txt-Txt,Neg,0.67670214
ALIGN,mscoco,Txt-Txt,Neg,0.59038615
ALIGN,mscoco,Txt-Txt,Neg,0.625376
ALIGN,mscoco,Txt-Txt,Neg,0.74526983
ALIGN,mscoco,Txt-Txt,Neg,0.6534577
ALIGN,mscoco,Txt-Txt,Neg,0.39188296
ALIGN,mscoco,Txt-Txt,Neg,0.72352433
ALIGN,mscoco,Txt-Txt,Neg,0.54375666
ALIGN,mscoco,Txt-Txt,Neg,0.6216734
ALIGN,mscoco,Txt-Txt,Neg,0.6863326
ALIGN,mscoco,Txt-Txt,Neg,0.5640338
ALIGN,mscoco,Txt-Txt,Neg,0.6692966
ALIGN,mscoco,Txt-Txt,Neg,0.5695702
ALIGN,mscoco,Txt-Txt,Neg,0.4859358
ALIGN,mscoco,Txt-Txt,Neg,0.73404574
ALIGN,mscoco,Txt-Txt,Neg,0.6760829
ALIGN,mscoco,Txt-Txt,Neg,0.6505804
ALIGN,mscoco,Txt-Txt,Neg,0.572813
ALIGN,mscoco,Txt-Txt,Neg,0.641756
ALIGN,mscoco,Txt-Txt,Neg,0.63676065
ALIGN,mscoco,Txt-Txt,Neg,0.72381884
ALIGN,mscoco,Txt-Txt,Neg,0.6470509
ALIGN,mscoco,Txt-Txt,Neg,0.7095835
ALIGN,mscoco,Txt-Txt,Neg,0.61856353
ALIGN,mscoco,Txt-Txt,Neg,0.6773467
ALIGN,mscoco,Txt-Txt,Neg,0.6669783
ALIGN,mscoco,Txt-Txt,Neg,0.63359964
ALIGN,mscoco,Txt-Txt,Neg,0.7078279
ALIGN,mscoco,Txt-Txt,Neg,0.60971135
ALIGN,mscoco,Txt-Txt,Neg,0.59431297
ALIGN,mscoco,Txt-Txt,Neg,0.5875935
ALIGN,mscoco,Txt-Txt,Neg,0.6929752
ALIGN,mscoco,Txt-Txt,Neg,0.6481921
ALIGN,mscoco,Txt-Txt,Neg,0.69669724
ALIGN,mscoco,Img-Img,Neg,0.36512414
ALIGN,mscoco,Img-Img,Neg,0.27733663
ALIGN,mscoco,Img-Img,Neg,0.29794663
ALIGN,mscoco,Img-Img,Neg,0.33325237
ALIGN,mscoco,Img-Img,Neg,0.3764022
ALIGN,mscoco,Img-Img,Neg,0.30300778
ALIGN,mscoco,Img-Img,Neg,0.28067407
ALIGN,mscoco,Img-Img,Neg,0.36252284
ALIGN,mscoco,Img-Img,Neg,0.37417525
ALIGN,mscoco,Img-Img,Neg,0.4018892
ALIGN,mscoco,Img-Img,Neg,0.33063608
ALIGN,mscoco,Img-Img,Neg,0.4632895
ALIGN,mscoco,Img-Img,Neg,0.35682723
ALIGN,mscoco,Img-Img,Neg,0.30020857
ALIGN,mscoco,Img-Img,Neg,0.6081693
ALIGN,mscoco,Img-Img,Neg,0.4151706
ALIGN,mscoco,Img-Img,Neg,0.5259001
ALIGN,mscoco,Img-Img,Neg,0.29485643
ALIGN,mscoco,Img-Img,Neg,0.27651155
ALIGN,mscoco,Img-Img,Neg,0.32119846
ALIGN,mscoco,Img-Img,Neg,0.34532917
ALIGN,mscoco,Img-Img,Neg,0.23209533
ALIGN,mscoco,Img-Img,Neg,0.5162379
ALIGN,mscoco,Img-Img,Neg,0.34950688
ALIGN,mscoco,Img-Img,Neg,0.36654973
ALIGN,mscoco,Img-Img,Neg,0.23934197
ALIGN,mscoco,Img-Img,Neg,0.29422072
ALIGN,mscoco,Img-Img,Neg,0.312634
ALIGN,mscoco,Img-Img,Neg,0.36830896
ALIGN,mscoco,Img-Img,Neg,0.32606986
ALIGN,mscoco,Img-Img,Neg,0.35192144
ALIGN,mscoco,Img-Img,Neg,0.33832276
ALIGN,mscoco,Img-Img,Neg,0.3179094
ALIGN,mscoco,Img-Img,Neg,0.3538419
ALIGN,mscoco,Img-Img,Neg,0.21292496
ALIGN,mscoco,Img-Img,Neg,0.31021875
ALIGN,mscoco,Img-Img,Neg,0.376342
ALIGN,mscoco,Img-Img,Neg,0.3233722
ALIGN,mscoco,Img-Img,Neg,0.2818862
ALIGN,mscoco,Img-Img,Neg,0.21898127
ALIGN,mscoco,Img-Img,Neg,0.22454396
ALIGN,mscoco,Img-Img,Neg,0.40188524
ALIGN,mscoco,Img-Img,Neg,0.31566074
ALIGN,mscoco,Img-Img,Neg,0.4109349
ALIGN,mscoco,Img-Img,Neg,0.3863864
ALIGN,mscoco,Img-Img,Neg,0.31963196
ALIGN,mscoco,Img-Img,Neg,0.2780779
ALIGN,mscoco,Img-Img,Neg,0.3519687
ALIGN,mscoco,Img-Img,Neg,0.34306586
ALIGN,mscoco,Img-Img,Neg,0.49259672
ALIGN,mscoco,Img-Img,Neg,0.38741595
ALIGN,mscoco,Img-Img,Neg,0.27107528
ALIGN,mscoco,Img-Img,Neg,0.41814798
ALIGN,mscoco,Img-Img,Neg,0.31256038
ALIGN,mscoco,Img-Img,Neg,0.32055634
ALIGN,mscoco,Img-Img,Neg,0.26199523
ALIGN,mscoco,Img-Img,Neg,0.25686207
ALIGN,mscoco,Img-Img,Neg,0.44145626
ALIGN,mscoco,Img-Img,Neg,0.30582073
ALIGN,mscoco,Img-Img,Neg,0.2719374
ALIGN,mscoco,Img-Img,Neg,0.36327726
ALIGN,mscoco,Img-Img,Neg,0.49155012
ALIGN,mscoco,Img-Img,Neg,0.3141403
ALIGN,mscoco,Img-Img,Neg,0.2845319
ALIGN,mscoco,Img-Img,Neg,0.37506986
ALIGN,mscoco,Img-Img,Neg,0.35529333
ALIGN,mscoco,Img-Img,Neg,0.22245008
ALIGN,mscoco,Img-Img,Neg,0.48822206
ALIGN,mscoco,Img-Img,Neg,0.26128688
ALIGN,mscoco,Img-Img,Neg,0.29280746
ALIGN,mscoco,Img-Img,Neg,0.42782184
ALIGN,mscoco,Img-Img,Neg,0.4052016
ALIGN,mscoco,Img-Img,Neg,0.32658678
ALIGN,mscoco,Img-Img,Neg,0.3222702
ALIGN,mscoco,Img-Img,Neg,0.4641053
ALIGN,mscoco,Img-Img,Neg,0.51980937
ALIGN,mscoco,Img-Img,Neg,0.3382272
ALIGN,mscoco,Img-Img,Neg,0.346106
ALIGN,mscoco,Img-Img,Neg,0.37218004
ALIGN,mscoco,Img-Img,Neg,0.30542466
ALIGN,mscoco,Img-Img,Neg,0.3245533
ALIGN,mscoco,Img-Img,Neg,0.35939002
ALIGN,mscoco,Img-Img,Neg,0.31781968
ALIGN,mscoco,Img-Img,Neg,0.36458188
ALIGN,mscoco,Img-Img,Neg,0.49934137
ALIGN,mscoco,Img-Img,Neg,0.2142798
ALIGN,mscoco,Img-Img,Neg,0.71719885
ALIGN,mscoco,Img-Img,Neg,0.3336946
ALIGN,mscoco,Img-Img,Neg,0.41271102
ALIGN,mscoco,Img-Img,Neg,0.42179546
ALIGN,mscoco,Img-Img,Neg,0.317924
ALIGN,mscoco,Img-Img,Neg,0.26690632
ALIGN,mscoco,Img-Img,Neg,0.40348214
ALIGN,mscoco,Img-Img,Neg,0.4270798
ALIGN,mscoco,Img-Img,Neg,0.3058651
ALIGN,mscoco,Img-Img,Neg,0.3568122
ALIGN,mscoco,Img-Img,Neg,0.34278488
ALIGN,mscoco,Img-Img,Neg,0.41706488
ALIGN,mscoco,Img-Img,Neg,0.54754394
ALIGN,mscoco,Img-Img,Neg,0.36647385
ALIGN,mscoco,Img-Img,Neg,0.5255469
ALIGN,mscoco,Img-Img,Neg,0.36384794
ALIGN,mscoco,Img-Img,Neg,0.38013172
ALIGN,mscoco,Img-Img,Neg,0.3050389
ALIGN,mscoco,Img-Img,Neg,0.3668277
ALIGN,mscoco,Img-Img,Neg,0.28113574
ALIGN,mscoco,Img-Img,Neg,0.52914894
ALIGN,mscoco,Img-Img,Neg,0.33497998
ALIGN,mscoco,Img-Img,Neg,0.22026868
ALIGN,mscoco,Img-Img,Neg,0.2738091
ALIGN,mscoco,Img-Img,Neg,0.365135
ALIGN,mscoco,Img-Img,Neg,0.31216013
ALIGN,mscoco,Img-Img,Neg,0.3445444
ALIGN,mscoco,Img-Img,Neg,0.4612999
ALIGN,mscoco,Img-Img,Neg,0.42404824
ALIGN,mscoco,Img-Img,Neg,0.3806799
ALIGN,mscoco,Img-Img,Neg,0.31999296
ALIGN,mscoco,Img-Img,Neg,0.3140015
ALIGN,mscoco,Img-Img,Neg,0.2718049
ALIGN,mscoco,Img-Img,Neg,0.45052743
ALIGN,mscoco,Img-Img,Neg,0.4630016
ALIGN,mscoco,Img-Img,Neg,0.33665752
ALIGN,mscoco,Img-Img,Neg,0.37791568
ALIGN,mscoco,Img-Img,Neg,0.359349
ALIGN,mscoco,Img-Img,Neg,0.42276978
ALIGN,mscoco,Img-Img,Neg,0.29850087
ALIGN,mscoco,Img-Img,Neg,0.41028127
ALIGN,mscoco,Img-Img,Neg,0.34666395
ALIGN,mscoco,Img-Img,Neg,0.25943625
ALIGN,mscoco,Img-Img,Neg,0.3268392
ALIGN,mscoco,Img-Img,Neg,0.414177
ALIGN,mscoco,Img-Img,Neg,0.23995537
ALIGN,mscoco,Img-Img,Neg,0.29283243
ALIGN,mscoco,Img-Img,Neg,0.34688693
ALIGN,mscoco,Img-Img,Neg,0.40907675
ALIGN,mscoco,Img-Img,Neg,0.26651543
ALIGN,mscoco,Img-Img,Neg,0.32358342
ALIGN,mscoco,Img-Img,Neg,0.34503776
ALIGN,mscoco,Img-Img,Neg,0.380431
ALIGN,mscoco,Img-Img,Neg,0.25545806
ALIGN,mscoco,Img-Img,Neg,0.27584404
ALIGN,mscoco,Img-Img,Neg,0.28273913
ALIGN,mscoco,Img-Img,Neg,0.5393312
ALIGN,mscoco,Img-Img,Neg,0.36499184
ALIGN,mscoco,Img-Img,Neg,0.3468759
ALIGN,mscoco,Img-Img,Neg,0.39620584
ALIGN,mscoco,Img-Img,Neg,0.27821195
ALIGN,mscoco,Img-Img,Neg,0.32702607
ALIGN,mscoco,Img-Img,Neg,0.36570787
ALIGN,mscoco,Img-Img,Neg,0.2887116
ALIGN,mscoco,Img-Img,Neg,0.41121083
ALIGN,mscoco,Img-Img,Neg,0.27920732
ALIGN,mscoco,Img-Img,Neg,0.37518346
ALIGN,mscoco,Img-Img,Neg,0.4766186
ALIGN,mscoco,Img-Img,Neg,0.32264948
ALIGN,mscoco,Img-Img,Neg,0.40476924
ALIGN,mscoco,Img-Img,Neg,0.35570514
ALIGN,mscoco,Img-Img,Neg,0.3791368
ALIGN,mscoco,Img-Img,Neg,0.30470103
ALIGN,mscoco,Img-Img,Neg,0.37188607
ALIGN,mscoco,Img-Img,Neg,0.2769975
ALIGN,mscoco,Img-Img,Neg,0.38083094
ALIGN,mscoco,Img-Img,Neg,0.47400868
ALIGN,mscoco,Img-Img,Neg,0.37345386
ALIGN,mscoco,Img-Img,Neg,0.37461805
ALIGN,mscoco,Img-Img,Neg,0.32151335
ALIGN,mscoco,Img-Img,Neg,0.36934417
ALIGN,mscoco,Img-Img,Neg,0.37466156
ALIGN,mscoco,Img-Img,Neg,0.32308334
ALIGN,mscoco,Img-Img,Neg,0.3129683
ALIGN,mscoco,Img-Img,Neg,0.36303425
ALIGN,mscoco,Img-Img,Neg,0.31372166
ALIGN,mscoco,Img-Img,Neg,0.22372726
ALIGN,mscoco,Img-Img,Neg,0.32882512
ALIGN,mscoco,Img-Img,Neg,0.35891742
ALIGN,mscoco,Img-Img,Neg,0.47169033
ALIGN,mscoco,Img-Img,Neg,0.4153136
ALIGN,mscoco,Img-Img,Neg,0.29565534
ALIGN,mscoco,Img-Img,Neg,0.47079
ALIGN,mscoco,Img-Img,Neg,0.37431753
ALIGN,mscoco,Img-Img,Neg,0.44516748
ALIGN,mscoco,Img-Img,Neg,0.3597257
ALIGN,mscoco,Img-Img,Neg,0.42639828
ALIGN,mscoco,Img-Img,Neg,0.3480789
ALIGN,mscoco,Img-Img,Neg,0.32739735
ALIGN,mscoco,Img-Img,Neg,0.3548945
ALIGN,mscoco,Img-Img,Neg,0.47560108
ALIGN,mscoco,Img-Img,Neg,0.41567332
ALIGN,mscoco,Img-Img,Neg,0.27764007
ALIGN,mscoco,Img-Img,Neg,0.38606393
ALIGN,mscoco,Img-Img,Neg,0.360959
ALIGN,mscoco,Img-Img,Neg,0.33128354
ALIGN,mscoco,Img-Img,Neg,0.4493143
ALIGN,mscoco,Img-Img,Neg,0.26810783
ALIGN,mscoco,Img-Img,Neg,0.4505712
ALIGN,mscoco,Img-Img,Neg,0.32641542
ALIGN,mscoco,Img-Img,Neg,0.3021475
ALIGN,mscoco,Img-Img,Neg,0.374433
ALIGN,mscoco,Img-Img,Neg,0.26433864
ALIGN,mscoco,Img-Img,Neg,0.36468202
ALIGN,mscoco,Img-Img,Neg,0.40224135
ALIGN,mscoco,Img-Img,Neg,0.3240786
ALIGN,mscoco,Img-Img,Neg,0.40287286
ALIGN,mscoco,Img-Img,Neg,0.33399636
ALIGN,mscoco,Img-Img,Neg,0.31711236
ALIGN,mscoco,Img-Img,Neg,0.31243753
ALIGN,mscoco,Img-Img,Neg,0.37509644
ALIGN,mscoco,Img-Img,Neg,0.36652893
ALIGN,mscoco,Img-Img,Neg,0.29728487
ALIGN,mscoco,Img-Img,Neg,0.30962992
ALIGN,mscoco,Img-Img,Neg,0.28704286
ALIGN,mscoco,Img-Img,Neg,0.39438164
ALIGN,mscoco,Img-Img,Neg,0.3907958
ALIGN,mscoco,Img-Img,Neg,0.2974282
ALIGN,mscoco,Img-Img,Neg,0.36923352
ALIGN,mscoco,Img-Img,Neg,0.29021293
ALIGN,mscoco,Img-Img,Neg,0.44706482
ALIGN,mscoco,Img-Img,Neg,0.44028634
ALIGN,mscoco,Img-Img,Neg,0.26775348
ALIGN,mscoco,Img-Img,Neg,0.46614563
ALIGN,mscoco,Img-Img,Neg,0.37717086
ALIGN,mscoco,Img-Img,Neg,0.3173157
ALIGN,mscoco,Img-Img,Neg,0.44622874
ALIGN,mscoco,Img-Img,Neg,0.33803448
ALIGN,mscoco,Img-Img,Neg,0.32615474
ALIGN,mscoco,Img-Img,Neg,0.3842171
ALIGN,mscoco,Img-Img,Neg,0.2682795
ALIGN,mscoco,Img-Img,Neg,0.3476702
ALIGN,mscoco,Img-Img,Neg,0.5448795
ALIGN,mscoco,Img-Img,Neg,0.31338865
ALIGN,mscoco,Img-Img,Neg,0.3341258
ALIGN,mscoco,Img-Img,Neg,0.29720408
ALIGN,mscoco,Img-Img,Neg,0.4527532
ALIGN,mscoco,Img-Img,Neg,0.43537474
ALIGN,mscoco,Img-Img,Neg,0.41220444
ALIGN,mscoco,Img-Img,Neg,0.28178236
ALIGN,mscoco,Img-Img,Neg,0.42695785
ALIGN,mscoco,Img-Img,Neg,0.28895447
ALIGN,mscoco,Img-Img,Neg,0.33964732
ALIGN,mscoco,Img-Img,Neg,0.29488796
ALIGN,mscoco,Img-Img,Neg,0.4373101
ALIGN,mscoco,Img-Img,Neg,0.41950852
ALIGN,mscoco,Img-Img,Neg,0.3365088
ALIGN,mscoco,Img-Img,Neg,0.29462415
ALIGN,mscoco,Img-Img,Neg,0.33085495
ALIGN,mscoco,Img-Img,Neg,0.31553078
ALIGN,mscoco,Img-Img,Neg,0.3293631
ALIGN,mscoco,Img-Img,Neg,0.27709156
ALIGN,mscoco,Img-Img,Neg,0.36613643
ALIGN,mscoco,Img-Img,Neg,0.3662864
ALIGN,mscoco,Img-Img,Neg,0.35966074
ALIGN,mscoco,Img-Img,Neg,0.3876911
ALIGN,mscoco,Img-Img,Neg,0.32952398
ALIGN,mscoco,Img-Img,Neg,0.3577937
ALIGN,mscoco,Img-Img,Neg,0.5269468
ALIGN,mscoco,Img-Img,Neg,0.42903456
ALIGN,mscoco,Img-Img,Neg,0.35205868
ALIGN,mscoco,Img-Img,Neg,0.19219804
ALIGN,mscoco,Img-Img,Neg,0.42257333
ALIGN,mscoco,Img-Img,Neg,0.39170557
ALIGN,mscoco,Img-Img,Neg,0.43071195
ALIGN,mscoco,Img-Img,Neg,0.64413846
ALIGN,mscoco,Img-Img,Neg,0.30202055
ALIGN,mscoco,Img-Img,Neg,0.24093056
ALIGN,mscoco,Img-Img,Neg,0.3567232
ALIGN,mscoco,Img-Img,Neg,0.2607408
ALIGN,mscoco,Img-Img,Neg,0.24122055
ALIGN,mscoco,Img-Img,Neg,0.44672966
ALIGN,mscoco,Img-Img,Neg,0.28764802
ALIGN,mscoco,Img-Img,Neg,0.2670551
ALIGN,mscoco,Img-Img,Neg,0.24924582
ALIGN,mscoco,Img-Img,Neg,0.41935778
ALIGN,mscoco,Img-Img,Neg,0.40663183
ALIGN,mscoco,Img-Img,Neg,0.3159003
ALIGN,mscoco,Img-Img,Neg,0.22998634
ALIGN,mscoco,Img-Img,Neg,0.34801376
ALIGN,mscoco,Img-Img,Neg,0.31336874
ALIGN,mscoco,Img-Img,Neg,0.26571274
ALIGN,mscoco,Img-Img,Neg,0.3647712
ALIGN,mscoco,Img-Img,Neg,0.45396453
ALIGN,mscoco,Img-Img,Neg,0.40300304
ALIGN,mscoco,Img-Img,Neg,0.45050734
ALIGN,mscoco,Img-Img,Neg,0.24998236
ALIGN,mscoco,Img-Img,Neg,0.41096446
ALIGN,mscoco,Img-Img,Neg,0.2544397
ALIGN,mscoco,Img-Img,Neg,0.25775462
ALIGN,mscoco,Img-Img,Neg,0.32614934
ALIGN,mscoco,Img-Img,Neg,0.43214214
ALIGN,mscoco,Img-Img,Neg,0.31171754
ALIGN,mscoco,Img-Img,Neg,0.30187955
ALIGN,mscoco,Img-Img,Neg,0.35639524
ALIGN,mscoco,Img-Img,Neg,0.34157473
ALIGN,mscoco,Img-Img,Neg,0.26151046
ALIGN,mscoco,Img-Img,Neg,0.34149683
ALIGN,mscoco,Img-Img,Neg,0.31860992
ALIGN,mscoco,Img-Img,Neg,0.29681838
ALIGN,mscoco,Img-Img,Neg,0.3070796
ALIGN,mscoco,Img-Img,Neg,0.41821063
ALIGN,mscoco,Img-Img,Neg,0.30937845
ALIGN,mscoco,Img-Img,Neg,0.37870625
ALIGN,mscoco,Img-Img,Neg,0.54045373
ALIGN,mscoco,Img-Img,Neg,0.41880536
ALIGN,mscoco,Img-Img,Neg,0.3923037
ALIGN,mscoco,Img-Img,Neg,0.25800553
ALIGN,mscoco,Img-Img,Neg,0.43105015
ALIGN,mscoco,Img-Img,Neg,0.32654703
ALIGN,mscoco,Img-Img,Neg,0.33503726
ALIGN,mscoco,Img-Img,Neg,0.32628217
ALIGN,mscoco,Img-Img,Neg,0.35878664
ALIGN,mscoco,Img-Img,Neg,0.40871328
ALIGN,mscoco,Img-Img,Neg,0.31296462
ALIGN,mscoco,Img-Img,Neg,0.42172545
ALIGN,mscoco,Img-Img,Neg,0.2634635
ALIGN,mscoco,Img-Img,Neg,0.24965328
ALIGN,mscoco,Img-Img,Neg,0.49055004
ALIGN,mscoco,Img-Img,Neg,0.38527986
ALIGN,mscoco,Img-Img,Neg,0.42146176
ALIGN,mscoco,Img-Img,Neg,0.35142666
ALIGN,mscoco,Img-Img,Neg,0.3903256
ALIGN,mscoco,Img-Img,Neg,0.49625677
ALIGN,mscoco,Img-Img,Neg,0.32390046
ALIGN,mscoco,Img-Img,Neg,0.42362553
ALIGN,mscoco,Img-Img,Neg,0.6060684
ALIGN,mscoco,Img-Img,Neg,0.39727068
ALIGN,mscoco,Img-Img,Neg,0.25041947
ALIGN,mscoco,Img-Img,Neg,0.32494676
ALIGN,mscoco,Img-Img,Neg,0.23980406
ALIGN,mscoco,Img-Img,Neg,0.41238347
ALIGN,mscoco,Img-Img,Neg,0.33119333
ALIGN,mscoco,Img-Img,Neg,0.2396025
ALIGN,mscoco,Img-Img,Neg,0.34409302
ALIGN,mscoco,Img-Img,Neg,0.4766211
ALIGN,mscoco,Img-Img,Neg,0.43383035
ALIGN,mscoco,Img-Img,Neg,0.32280588
ALIGN,mscoco,Img-Img,Neg,0.35253212
ALIGN,mscoco,Img-Img,Neg,0.38052857
ALIGN,mscoco,Img-Img,Neg,0.31416053
ALIGN,mscoco,Img-Img,Neg,0.2160827
ALIGN,mscoco,Img-Img,Neg,0.5557747
ALIGN,mscoco,Img-Img,Neg,0.39583057
ALIGN,mscoco,Img-Img,Neg,0.24249557
ALIGN,mscoco,Img-Img,Neg,0.28621638
ALIGN,mscoco,Img-Img,Neg,0.25898054
ALIGN,mscoco,Img-Img,Neg,0.32435483
ALIGN,mscoco,Img-Img,Neg,0.40165436
ALIGN,mscoco,Img-Img,Neg,0.3074183
ALIGN,mscoco,Img-Img,Neg,0.3163076
ALIGN,mscoco,Img-Img,Neg,0.29512385
ALIGN,mscoco,Img-Img,Neg,0.36931387
ALIGN,mscoco,Img-Img,Neg,0.5949118
ALIGN,mscoco,Img-Img,Neg,0.43604946
ALIGN,mscoco,Img-Img,Neg,0.34252423
ALIGN,mscoco,Img-Img,Neg,0.43831396
ALIGN,mscoco,Img-Img,Neg,0.3128422
ALIGN,mscoco,Img-Img,Neg,0.37596023
ALIGN,mscoco,Img-Img,Neg,0.33538008
ALIGN,mscoco,Img-Img,Neg,0.309978
ALIGN,mscoco,Img-Img,Neg,0.17144981
ALIGN,mscoco,Img-Img,Neg,0.29060405
ALIGN,mscoco,Img-Img,Neg,0.3943759
ALIGN,mscoco,Img-Img,Neg,0.3427124
ALIGN,mscoco,Img-Img,Neg,0.32983452
ALIGN,mscoco,Img-Img,Neg,0.2962808
ALIGN,mscoco,Img-Img,Neg,0.43837076
ALIGN,mscoco,Img-Img,Neg,0.5008472
ALIGN,mscoco,Img-Img,Neg,0.32086885
ALIGN,mscoco,Img-Img,Neg,0.37739867
ALIGN,mscoco,Img-Img,Neg,0.33572134
ALIGN,mscoco,Img-Img,Neg,0.46431488
ALIGN,mscoco,Img-Img,Neg,0.36499813
ALIGN,mscoco,Img-Img,Neg,0.35934734
ALIGN,mscoco,Img-Img,Neg,0.34438348
ALIGN,mscoco,Img-Img,Neg,0.37921476
ALIGN,mscoco,Img-Img,Neg,0.22255352
ALIGN,mscoco,Img-Img,Neg,0.28014347
ALIGN,mscoco,Img-Img,Neg,0.4001909
ALIGN,mscoco,Img-Img,Neg,0.23188642
ALIGN,mscoco,Img-Img,Neg,0.3201781
ALIGN,mscoco,Img-Img,Neg,0.42735672
ALIGN,mscoco,Img-Img,Neg,0.36299497
ALIGN,mscoco,Img-Img,Neg,0.348621
ALIGN,mscoco,Img-Img,Neg,0.3893571
ALIGN,mscoco,Img-Img,Neg,0.3743623
ALIGN,mscoco,Img-Img,Neg,0.32324183
ALIGN,mscoco,Img-Img,Neg,0.34898132
ALIGN,mscoco,Img-Img,Neg,0.35760403
ALIGN,mscoco,Img-Img,Neg,0.33229065
ALIGN,mscoco,Img-Img,Neg,0.31403434
ALIGN,mscoco,Img-Img,Neg,0.35862055
ALIGN,mscoco,Img-Img,Neg,0.23921299
ALIGN,mscoco,Img-Img,Neg,0.4135302
ALIGN,mscoco,Img-Img,Neg,0.37588552
ALIGN,mscoco,Img-Img,Neg,0.4027869
ALIGN,mscoco,Img-Img,Neg,0.5279618
ALIGN,mscoco,Img-Img,Neg,0.3725587
ALIGN,mscoco,Img-Img,Neg,0.270988
ALIGN,mscoco,Img-Img,Neg,0.30648077
ALIGN,mscoco,Img-Img,Neg,0.38073492
ALIGN,mscoco,Img-Img,Neg,0.33941317
ALIGN,mscoco,Img-Img,Neg,0.3114618
ALIGN,mscoco,Img-Img,Neg,0.383948
ALIGN,mscoco,Img-Img,Neg,0.40556967
ALIGN,mscoco,Img-Img,Neg,0.3812369
ALIGN,mscoco,Img-Img,Neg,0.31810606
ALIGN,mscoco,Img-Img,Neg,0.41987422
ALIGN,mscoco,Img-Img,Neg,0.35071823
ALIGN,mscoco,Img-Img,Neg,0.37197846
ALIGN,mscoco,Img-Img,Neg,0.39585167
ALIGN,mscoco,Img-Img,Neg,0.36369425
ALIGN,mscoco,Img-Img,Neg,0.4138444
ALIGN,mscoco,Img-Img,Neg,0.31693435
ALIGN,mscoco,Img-Img,Neg,0.4039997
ALIGN,mscoco,Img-Img,Neg,0.32982773
ALIGN,mscoco,Img-Img,Neg,0.4408571
ALIGN,mscoco,Img-Img,Neg,0.375503
ALIGN,mscoco,Img-Img,Neg,0.34667295
ALIGN,mscoco,Img-Img,Neg,0.4418844
ALIGN,mscoco,Img-Img,Neg,0.35258442
ALIGN,mscoco,Img-Img,Neg,0.2256734
ALIGN,mscoco,Img-Img,Neg,0.3781464
ALIGN,mscoco,Img-Img,Neg,0.52449244
ALIGN,mscoco,Img-Img,Neg,0.2238918
ALIGN,mscoco,Img-Img,Neg,0.3414483
ALIGN,mscoco,Img-Img,Neg,0.5259388
ALIGN,mscoco,Img-Img,Neg,0.19712403
ALIGN,mscoco,Img-Img,Neg,0.26399505
ALIGN,mscoco,Img-Img,Neg,0.5161568
ALIGN,mscoco,Img-Img,Neg,0.3285369
ALIGN,mscoco,Img-Img,Neg,0.37571877
ALIGN,mscoco,Img-Img,Neg,0.26690447
ALIGN,mscoco,Img-Img,Neg,0.39195856
ALIGN,mscoco,Img-Img,Neg,0.29818434
ALIGN,mscoco,Img-Img,Neg,0.37353796
ALIGN,mscoco,Img-Img,Neg,0.53199005
ALIGN,mscoco,Img-Img,Neg,0.42922622
ALIGN,mscoco,Img-Img,Neg,0.3656901
ALIGN,mscoco,Img-Img,Neg,0.32720217
ALIGN,mscoco,Img-Img,Neg,0.3152293
ALIGN,mscoco,Img-Img,Neg,0.40770775
ALIGN,mscoco,Img-Img,Neg,0.39886987
ALIGN,mscoco,Img-Img,Neg,0.37405008
ALIGN,mscoco,Img-Img,Neg,0.31000823
ALIGN,mscoco,Img-Img,Neg,0.20738626
ALIGN,mscoco,Img-Img,Neg,0.46680552
ALIGN,mscoco,Img-Img,Neg,0.29403207
ALIGN,mscoco,Img-Img,Neg,0.30736834
ALIGN,mscoco,Img-Img,Neg,0.36327648
ALIGN,mscoco,Img-Img,Neg,0.35448998
ALIGN,mscoco,Img-Img,Neg,0.46388113
ALIGN,mscoco,Img-Img,Neg,0.30914497
ALIGN,mscoco,Img-Img,Neg,0.45603502
ALIGN,mscoco,Img-Img,Neg,0.30919564
ALIGN,mscoco,Img-Img,Neg,0.3696671
ALIGN,mscoco,Img-Img,Neg,0.24811547
ALIGN,mscoco,Img-Img,Neg,0.27410442
ALIGN,mscoco,Img-Img,Neg,0.1859971
ALIGN,mscoco,Img-Img,Neg,0.29623908
ALIGN,mscoco,Img-Img,Neg,0.40986735
ALIGN,mscoco,Img-Img,Neg,0.2832373
ALIGN,mscoco,Img-Img,Neg,0.33594465
ALIGN,mscoco,Img-Img,Neg,0.3545691
ALIGN,mscoco,Img-Img,Neg,0.39298174
ALIGN,mscoco,Img-Img,Neg,0.26772946
ALIGN,mscoco,Img-Img,Neg,0.36475375
ALIGN,mscoco,Img-Img,Neg,0.2601949
ALIGN,mscoco,Img-Img,Neg,0.4095798
ALIGN,mscoco,Img-Img,Neg,0.33765805
ALIGN,mscoco,Img-Img,Neg,0.5123211
ALIGN,mscoco,Img-Img,Neg,0.3626628
ALIGN,mscoco,Img-Img,Neg,0.47192547
ALIGN,mscoco,Img-Img,Neg,0.2924947
ALIGN,mscoco,Img-Img,Neg,0.2661753
ALIGN,mscoco,Img-Img,Neg,0.2775589
ALIGN,mscoco,Img-Img,Neg,0.30316323
ALIGN,mscoco,Img-Img,Neg,0.4160623
ALIGN,mscoco,Img-Img,Neg,0.27252603
ALIGN,mscoco,Img-Img,Neg,0.26586896
ALIGN,mscoco,Img-Img,Neg,0.3800242
ALIGN,mscoco,Img-Img,Neg,0.35381228
ALIGN,mscoco,Img-Img,Neg,0.22713688
ALIGN,mscoco,Img-Img,Neg,0.41557935
ALIGN,mscoco,Img-Img,Neg,0.27167124
ALIGN,mscoco,Img-Img,Neg,0.33537155
ALIGN,mscoco,Img-Img,Neg,0.36111355
ALIGN,mscoco,Img-Img,Neg,0.26320833
ALIGN,mscoco,Img-Img,Neg,0.31844985
ALIGN,mscoco,Img-Img,Neg,0.46206307
ALIGN,mscoco,Img-Img,Neg,0.34876
ALIGN,mscoco,Img-Img,Neg,0.3476318
ALIGN,mscoco,Img-Img,Neg,0.35362715
ALIGN,mscoco,Img-Img,Neg,0.45673156
ALIGN,mscoco,Img-Img,Neg,0.41584182
ALIGN,mscoco,Img-Img,Neg,0.3620913
ALIGN,mscoco,Img-Img,Neg,0.30204275
ALIGN,mscoco,Img-Img,Neg,0.3029483
ALIGN,mscoco,Img-Img,Neg,0.5203754
ALIGN,mscoco,Img-Img,Neg,0.28255397
ALIGN,mscoco,Img-Img,Neg,0.32846448
ALIGN,mscoco,Img-Img,Neg,0.29050267
ALIGN,mscoco,Img-Img,Neg,0.42920378
ALIGN,mscoco,Img-Img,Neg,0.31653923
ALIGN,mscoco,Img-Img,Neg,0.23802519
ALIGN,mscoco,Img-Img,Neg,0.3275752
ALIGN,mscoco,Img-Img,Neg,0.3351125
ALIGN,mscoco,Img-Img,Neg,0.32495615
ALIGN,mscoco,Img-Img,Neg,0.3953266
ALIGN,mscoco,Img-Img,Neg,0.3786819
ALIGN,mscoco,Img-Img,Neg,0.4314446
ALIGN,mscoco,Img-Img,Neg,0.3123296
ALIGN,mscoco,Img-Img,Neg,0.38300645
ALIGN,mscoco,Img-Img,Neg,0.20147777
ALIGN,mscoco,Img-Img,Neg,0.31225872
ALIGN,mscoco,Img-Img,Neg,0.43209916
ALIGN,mscoco,Img-Img,Neg,0.45219707
ALIGN,mscoco,Img-Img,Neg,0.3855129
ALIGN,mscoco,Img-Img,Neg,0.30324847
ALIGN,mscoco,Img-Img,Neg,0.42025816
ALIGN,mscoco,Img-Img,Neg,0.38856357
ALIGN,mscoco,Img-Img,Neg,0.21331492
ALIGN,mscoco,Img-Img,Neg,0.33470106
ALIGN,mscoco,Img-Img,Neg,0.32480162
ALIGN,mscoco,Img-Img,Neg,0.3882956
ALIGN,mscoco,Img-Img,Neg,0.21757737
ALIGN,mscoco,Txt-Img,Neg,0.045199286
ALIGN,mscoco,Txt-Img,Neg,0.063421436
ALIGN,mscoco,Txt-Img,Neg,0.05202506
ALIGN,mscoco,Txt-Img,Neg,0.04752756
ALIGN,mscoco,Txt-Img,Neg,0.0026943353
ALIGN,mscoco,Txt-Img,Neg,0.027443646
ALIGN,mscoco,Txt-Img,Neg,0.014998168
ALIGN,mscoco,Txt-Img,Neg,0.034928676
ALIGN,mscoco,Txt-Img,Neg,0.04858067
ALIGN,mscoco,Txt-Img,Neg,0.13394023
ALIGN,mscoco,Txt-Img,Neg,0.08029493
ALIGN,mscoco,Txt-Img,Neg,0.041320615
ALIGN,mscoco,Txt-Img,Neg,0.045456715
ALIGN,mscoco,Txt-Img,Neg,0.04121775
ALIGN,mscoco,Txt-Img,Neg,0.041323163
ALIGN,mscoco,Txt-Img,Neg,0.0907591
ALIGN,mscoco,Txt-Img,Neg,-0.03261572
ALIGN,mscoco,Txt-Img,Neg,-0.009053207
ALIGN,mscoco,Txt-Img,Neg,0.010811473
ALIGN,mscoco,Txt-Img,Neg,0.086702436
ALIGN,mscoco,Txt-Img,Neg,0.021448947
ALIGN,mscoco,Txt-Img,Neg,0.036081463
ALIGN,mscoco,Txt-Img,Neg,0.037010692
ALIGN,mscoco,Txt-Img,Neg,0.013212688
ALIGN,mscoco,Txt-Img,Neg,0.020730767
ALIGN,mscoco,Txt-Img,Neg,0.13916089
ALIGN,mscoco,Txt-Img,Neg,0.052136235
ALIGN,mscoco,Txt-Img,Neg,0.033063695
ALIGN,mscoco,Txt-Img,Neg,0.022013426
ALIGN,mscoco,Txt-Img,Neg,0.051938917
ALIGN,mscoco,Txt-Img,Neg,0.040148273
ALIGN,mscoco,Txt-Img,Neg,0.010960146
ALIGN,mscoco,Txt-Img,Neg,0.03522882
ALIGN,mscoco,Txt-Img,Neg,-0.0067768567
ALIGN,mscoco,Txt-Img,Neg,0.17997593
ALIGN,mscoco,Txt-Img,Neg,3.2002106e-05
ALIGN,mscoco,Txt-Img,Neg,0.03223404
ALIGN,mscoco,Txt-Img,Neg,0.013974611
ALIGN,mscoco,Txt-Img,Neg,0.02067669
ALIGN,mscoco,Txt-Img,Neg,0.1017877
ALIGN,mscoco,Txt-Img,Neg,0.04056184
ALIGN,mscoco,Txt-Img,Neg,-0.02000748
ALIGN,mscoco,Txt-Img,Neg,0.07042317
ALIGN,mscoco,Txt-Img,Neg,0.020032618
ALIGN,mscoco,Txt-Img,Neg,0.03124804
ALIGN,mscoco,Txt-Img,Neg,0.007310992
ALIGN,mscoco,Txt-Img,Neg,0.034244925
ALIGN,mscoco,Txt-Img,Neg,-0.025294999
ALIGN,mscoco,Txt-Img,Neg,7.914193e-05
ALIGN,mscoco,Txt-Img,Neg,0.035246108
ALIGN,mscoco,Txt-Img,Neg,0.0044559967
ALIGN,mscoco,Txt-Img,Neg,0.00909779
ALIGN,mscoco,Txt-Img,Neg,0.017370397
ALIGN,mscoco,Txt-Img,Neg,0.043037534
ALIGN,mscoco,Txt-Img,Neg,0.008435589
ALIGN,mscoco,Txt-Img,Neg,0.023496576
ALIGN,mscoco,Txt-Img,Neg,0.021430317
ALIGN,mscoco,Txt-Img,Neg,0.067015864
ALIGN,mscoco,Txt-Img,Neg,0.0050144503
ALIGN,mscoco,Txt-Img,Neg,0.045127604
ALIGN,mscoco,Txt-Img,Neg,-0.05383575
ALIGN,mscoco,Txt-Img,Neg,0.07240363
ALIGN,mscoco,Txt-Img,Neg,0.023586117
ALIGN,mscoco,Txt-Img,Neg,0.05018834
ALIGN,mscoco,Txt-Img,Neg,0.046844628
ALIGN,mscoco,Txt-Img,Neg,0.098821804
ALIGN,mscoco,Txt-Img,Neg,0.031183472
ALIGN,mscoco,Txt-Img,Neg,0.1267549
ALIGN,mscoco,Txt-Img,Neg,0.02252696
ALIGN,mscoco,Txt-Img,Neg,0.02411284
ALIGN,mscoco,Txt-Img,Neg,0.0232024
ALIGN,mscoco,Txt-Img,Neg,0.011340624
ALIGN,mscoco,Txt-Img,Neg,0.021085713
ALIGN,mscoco,Txt-Img,Neg,0.039985716
ALIGN,mscoco,Txt-Img,Neg,-0.014823752
ALIGN,mscoco,Txt-Img,Neg,0.013349967
ALIGN,mscoco,Txt-Img,Neg,0.001410395
ALIGN,mscoco,Txt-Img,Neg,0.03617588
ALIGN,mscoco,Txt-Img,Neg,0.04803268
ALIGN,mscoco,Txt-Img,Neg,0.012751412
ALIGN,mscoco,Txt-Img,Neg,0.035661332
ALIGN,mscoco,Txt-Img,Neg,0.071789615
ALIGN,mscoco,Txt-Img,Neg,0.08270309
ALIGN,mscoco,Txt-Img,Neg,0.03116294
ALIGN,mscoco,Txt-Img,Neg,0.062397383
ALIGN,mscoco,Txt-Img,Neg,0.09717951
ALIGN,mscoco,Txt-Img,Neg,0.032565318
ALIGN,mscoco,Txt-Img,Neg,0.0679266
ALIGN,mscoco,Txt-Img,Neg,0.045061845
ALIGN,mscoco,Txt-Img,Neg,0.051767785
ALIGN,mscoco,Txt-Img,Neg,0.045766026
ALIGN,mscoco,Txt-Img,Neg,0.023246396
ALIGN,mscoco,Txt-Img,Neg,0.026670877
ALIGN,mscoco,Txt-Img,Neg,-0.028498854
ALIGN,mscoco,Txt-Img,Neg,-0.0024751802
ALIGN,mscoco,Txt-Img,Neg,0.14481062
ALIGN,mscoco,Txt-Img,Neg,0.039256137
ALIGN,mscoco,Txt-Img,Neg,0.03786813
ALIGN,mscoco,Txt-Img,Neg,0.016430985
ALIGN,mscoco,Txt-Img,Neg,0.043381598
ALIGN,mscoco,Txt-Img,Neg,0.036771372
ALIGN,mscoco,Txt-Img,Neg,0.00024826638
ALIGN,mscoco,Txt-Img,Neg,0.038044684
ALIGN,mscoco,Txt-Img,Neg,0.023899429
ALIGN,mscoco,Txt-Img,Neg,0.0019098539
ALIGN,mscoco,Txt-Img,Neg,0.07780219
ALIGN,mscoco,Txt-Img,Neg,0.08558542
ALIGN,mscoco,Txt-Img,Neg,0.005681199
ALIGN,mscoco,Txt-Img,Neg,0.044473033
ALIGN,mscoco,Txt-Img,Neg,-0.00945148
ALIGN,mscoco,Txt-Img,Neg,0.08416596
ALIGN,mscoco,Txt-Img,Neg,0.0375192
ALIGN,mscoco,Txt-Img,Neg,0.010823439
ALIGN,mscoco,Txt-Img,Neg,-0.013500519
ALIGN,mscoco,Txt-Img,Neg,0.032489397
ALIGN,mscoco,Txt-Img,Neg,0.0038494605
ALIGN,mscoco,Txt-Img,Neg,0.035665967
ALIGN,mscoco,Txt-Img,Neg,0.0011278791
ALIGN,mscoco,Txt-Img,Neg,-0.000103282044
ALIGN,mscoco,Txt-Img,Neg,0.0030316878
ALIGN,mscoco,Txt-Img,Neg,0.040578008
ALIGN,mscoco,Txt-Img,Neg,0.048151884
ALIGN,mscoco,Txt-Img,Neg,-0.010591846
ALIGN,mscoco,Txt-Img,Neg,0.027904369
ALIGN,mscoco,Txt-Img,Neg,0.0060199625
ALIGN,mscoco,Txt-Img,Neg,0.0058285445
ALIGN,mscoco,Txt-Img,Neg,0.0134912385
ALIGN,mscoco,Txt-Img,Neg,0.0144472215
ALIGN,mscoco,Txt-Img,Neg,-0.0057677464
ALIGN,mscoco,Txt-Img,Neg,0.0021733758
ALIGN,mscoco,Txt-Img,Neg,0.033737097
ALIGN,mscoco,Txt-Img,Neg,0.025721451
ALIGN,mscoco,Txt-Img,Neg,0.045786005
ALIGN,mscoco,Txt-Img,Neg,0.04831045
ALIGN,mscoco,Txt-Img,Neg,0.022573411
ALIGN,mscoco,Txt-Img,Neg,0.09456205
ALIGN,mscoco,Txt-Img,Neg,0.0358044
ALIGN,mscoco,Txt-Img,Neg,0.07447007
ALIGN,mscoco,Txt-Img,Neg,0.05953038
ALIGN,mscoco,Txt-Img,Neg,0.014609779
ALIGN,mscoco,Txt-Img,Neg,0.01029931
ALIGN,mscoco,Txt-Img,Neg,0.034392707
ALIGN,mscoco,Txt-Img,Neg,0.010712739
ALIGN,mscoco,Txt-Img,Neg,0.012949578
ALIGN,mscoco,Txt-Img,Neg,0.044706132
ALIGN,mscoco,Txt-Img,Neg,0.029870968
ALIGN,mscoco,Txt-Img,Neg,-0.0202601
ALIGN,mscoco,Txt-Img,Neg,0.15476017
ALIGN,mscoco,Txt-Img,Neg,0.05489991
ALIGN,mscoco,Txt-Img,Neg,0.04597024
ALIGN,mscoco,Txt-Img,Neg,0.03937117
ALIGN,mscoco,Txt-Img,Neg,0.0861056
ALIGN,mscoco,Txt-Img,Neg,0.116413675
ALIGN,mscoco,Txt-Img,Neg,-0.020935211
ALIGN,mscoco,Txt-Img,Neg,0.043765765
ALIGN,mscoco,Txt-Img,Neg,0.0695833
ALIGN,mscoco,Txt-Img,Neg,0.025639858
ALIGN,mscoco,Txt-Img,Neg,-0.003015181
ALIGN,mscoco,Txt-Img,Neg,0.045245245
ALIGN,mscoco,Txt-Img,Neg,0.006431915
ALIGN,mscoco,Txt-Img,Neg,0.008948223
ALIGN,mscoco,Txt-Img,Neg,0.028714
ALIGN,mscoco,Txt-Img,Neg,0.004101546
ALIGN,mscoco,Txt-Img,Neg,0.023770012
ALIGN,mscoco,Txt-Img,Neg,0.042787395
ALIGN,mscoco,Txt-Img,Neg,0.010594221
ALIGN,mscoco,Txt-Img,Neg,0.022495534
ALIGN,mscoco,Txt-Img,Neg,0.05878575
ALIGN,mscoco,Txt-Img,Neg,-0.0217534
ALIGN,mscoco,Txt-Img,Neg,0.012744983
ALIGN,mscoco,Txt-Img,Neg,0.01637422
ALIGN,mscoco,Txt-Img,Neg,0.035037927
ALIGN,mscoco,Txt-Img,Neg,0.050666716
ALIGN,mscoco,Txt-Img,Neg,0.032179713
ALIGN,mscoco,Txt-Img,Neg,0.01967468
ALIGN,mscoco,Txt-Img,Neg,-0.025228456
ALIGN,mscoco,Txt-Img,Neg,0.044883635
ALIGN,mscoco,Txt-Img,Neg,0.009009244
ALIGN,mscoco,Txt-Img,Neg,0.15731612
ALIGN,mscoco,Txt-Img,Neg,-0.0023666862
ALIGN,mscoco,Txt-Img,Neg,0.062406994
ALIGN,mscoco,Txt-Img,Neg,0.00894593
ALIGN,mscoco,Txt-Img,Neg,0.044528306
ALIGN,mscoco,Txt-Img,Neg,0.009073747
ALIGN,mscoco,Txt-Img,Neg,0.0069749095
ALIGN,mscoco,Txt-Img,Neg,0.050715297
ALIGN,mscoco,Txt-Img,Neg,0.02282664
ALIGN,mscoco,Txt-Img,Neg,0.02518317
ALIGN,mscoco,Txt-Img,Neg,0.017558154
ALIGN,mscoco,Txt-Img,Neg,0.028580032
ALIGN,mscoco,Txt-Img,Neg,0.038182814
ALIGN,mscoco,Txt-Img,Neg,0.020866355
ALIGN,mscoco,Txt-Img,Neg,0.026051491
ALIGN,mscoco,Txt-Img,Neg,-0.010920651
ALIGN,mscoco,Txt-Img,Neg,0.013950357
ALIGN,mscoco,Txt-Img,Neg,0.022598779
ALIGN,mscoco,Txt-Img,Neg,0.011313647
ALIGN,mscoco,Txt-Img,Neg,0.08594899
ALIGN,mscoco,Txt-Img,Neg,0.0040415386
ALIGN,mscoco,Txt-Img,Neg,0.017412
ALIGN,mscoco,Txt-Img,Neg,0.020156115
ALIGN,mscoco,Txt-Img,Neg,0.03779389
ALIGN,mscoco,Txt-Img,Neg,-0.06707521
ALIGN,mscoco,Txt-Img,Neg,0.052648313
ALIGN,mscoco,Txt-Img,Neg,0.046233684
ALIGN,mscoco,Txt-Img,Neg,0.017143192
ALIGN,mscoco,Txt-Img,Neg,0.06012985
ALIGN,mscoco,Txt-Img,Neg,0.0340773
ALIGN,mscoco,Txt-Img,Neg,0.02396562
ALIGN,mscoco,Txt-Img,Neg,0.030339837
ALIGN,mscoco,Txt-Img,Neg,0.053015407
ALIGN,mscoco,Txt-Img,Neg,0.010986241
ALIGN,mscoco,Txt-Img,Neg,0.008409092
ALIGN,mscoco,Txt-Img,Neg,0.028683111
ALIGN,mscoco,Txt-Img,Neg,0.05369368
ALIGN,mscoco,Txt-Img,Neg,0.064903736
ALIGN,mscoco,Txt-Img,Neg,-0.03140772
ALIGN,mscoco,Txt-Img,Neg,0.027763303
ALIGN,mscoco,Txt-Img,Neg,0.044975184
ALIGN,mscoco,Txt-Img,Neg,0.061262667
ALIGN,mscoco,Txt-Img,Neg,0.08551291
ALIGN,mscoco,Txt-Img,Neg,0.01790613
ALIGN,mscoco,Txt-Img,Neg,0.0063625947
ALIGN,mscoco,Txt-Img,Neg,-0.01788329
ALIGN,mscoco,Txt-Img,Neg,0.010577493
ALIGN,mscoco,Txt-Img,Neg,0.032711767
ALIGN,mscoco,Txt-Img,Neg,0.043626767
ALIGN,mscoco,Txt-Img,Neg,-0.014801089
ALIGN,mscoco,Txt-Img,Neg,0.007925959
ALIGN,mscoco,Txt-Img,Neg,0.0075636017
ALIGN,mscoco,Txt-Img,Neg,-0.003384063
ALIGN,mscoco,Txt-Img,Neg,0.008080531
ALIGN,mscoco,Txt-Img,Neg,0.04274
ALIGN,mscoco,Txt-Img,Neg,-0.0041012955
ALIGN,mscoco,Txt-Img,Neg,-0.002498502
ALIGN,mscoco,Txt-Img,Neg,0.104583696
ALIGN,mscoco,Txt-Img,Neg,0.06946413
ALIGN,mscoco,Txt-Img,Neg,0.027620094
ALIGN,mscoco,Txt-Img,Neg,0.08495655
ALIGN,mscoco,Txt-Img,Neg,0.023115935
ALIGN,mscoco,Txt-Img,Neg,0.027668666
ALIGN,mscoco,Txt-Img,Neg,0.06686165
ALIGN,mscoco,Txt-Img,Neg,0.035057236
ALIGN,mscoco,Txt-Img,Neg,0.03756404
ALIGN,mscoco,Txt-Img,Neg,0.047253184
ALIGN,mscoco,Txt-Img,Neg,0.010018856
ALIGN,mscoco,Txt-Img,Neg,-0.013235279
ALIGN,mscoco,Txt-Img,Neg,0.013508333
ALIGN,mscoco,Txt-Img,Neg,0.06474422
ALIGN,mscoco,Txt-Img,Neg,0.020560294
ALIGN,mscoco,Txt-Img,Neg,0.035318173
ALIGN,mscoco,Txt-Img,Neg,0.020642687
ALIGN,mscoco,Txt-Img,Neg,0.13337314
ALIGN,mscoco,Txt-Img,Neg,-0.0024194964
ALIGN,mscoco,Txt-Img,Neg,-0.002784535
ALIGN,mscoco,Txt-Img,Neg,0.0037884465
ALIGN,mscoco,Txt-Img,Neg,0.0492444
ALIGN,mscoco,Txt-Img,Neg,-0.019264553
ALIGN,mscoco,Txt-Img,Neg,0.044479065
ALIGN,mscoco,Txt-Img,Neg,0.012091422
ALIGN,mscoco,Txt-Img,Neg,0.05669228
ALIGN,mscoco,Txt-Img,Neg,-0.00048022158
ALIGN,mscoco,Txt-Img,Neg,-0.009032449
ALIGN,mscoco,Txt-Img,Neg,-0.013322598
ALIGN,mscoco,Txt-Img,Neg,0.06833537
ALIGN,mscoco,Txt-Img,Neg,0.034145445
ALIGN,mscoco,Txt-Img,Neg,0.029319035
ALIGN,mscoco,Txt-Img,Neg,0.060548052
ALIGN,mscoco,Txt-Img,Neg,0.031832166
ALIGN,mscoco,Txt-Img,Neg,0.038408607
ALIGN,mscoco,Txt-Img,Neg,0.09732861
ALIGN,mscoco,Txt-Img,Neg,0.021026796
ALIGN,mscoco,Txt-Img,Neg,0.04382395
ALIGN,mscoco,Txt-Img,Neg,0.019534934
ALIGN,mscoco,Txt-Img,Neg,0.017929662
ALIGN,mscoco,Txt-Img,Neg,0.0087926835
ALIGN,mscoco,Txt-Img,Neg,0.02470906
ALIGN,mscoco,Txt-Img,Neg,0.0088812485
ALIGN,mscoco,Txt-Img,Neg,0.004679584
ALIGN,mscoco,Txt-Img,Neg,0.041121364
ALIGN,mscoco,Txt-Img,Neg,0.025863774
ALIGN,mscoco,Txt-Img,Neg,0.032775827
ALIGN,mscoco,Txt-Img,Neg,0.023620568
ALIGN,mscoco,Txt-Img,Neg,0.017267983
ALIGN,mscoco,Txt-Img,Neg,0.082300425
ALIGN,mscoco,Txt-Img,Neg,0.030591477
ALIGN,mscoco,Txt-Img,Neg,0.04024335
ALIGN,mscoco,Txt-Img,Neg,0.038874876
ALIGN,mscoco,Txt-Img,Neg,0.03347804
ALIGN,mscoco,Txt-Img,Neg,0.057306282
ALIGN,mscoco,Txt-Img,Neg,0.05740116
ALIGN,mscoco,Txt-Img,Neg,0.113458335
ALIGN,mscoco,Txt-Img,Neg,0.003358612
ALIGN,mscoco,Txt-Img,Neg,0.024854636
ALIGN,mscoco,Txt-Img,Neg,0.08084128
ALIGN,mscoco,Txt-Img,Neg,0.0076461574
ALIGN,mscoco,Txt-Img,Neg,0.068274036
ALIGN,mscoco,Txt-Img,Neg,0.04131013
ALIGN,mscoco,Txt-Img,Neg,-0.0069284393
ALIGN,mscoco,Txt-Img,Neg,0.09103315
ALIGN,mscoco,Txt-Img,Neg,0.030572
ALIGN,mscoco,Txt-Img,Neg,0.045201514
ALIGN,mscoco,Txt-Img,Neg,0.05840046
ALIGN,mscoco,Txt-Img,Neg,0.0025206925
ALIGN,mscoco,Txt-Img,Neg,0.07416394
ALIGN,mscoco,Txt-Img,Neg,0.024237264
ALIGN,mscoco,Txt-Img,Neg,0.027917825
ALIGN,mscoco,Txt-Img,Neg,0.04406827
ALIGN,mscoco,Txt-Img,Neg,0.027358904
ALIGN,mscoco,Txt-Img,Neg,0.030076096
ALIGN,mscoco,Txt-Img,Neg,0.0068511274
ALIGN,mscoco,Txt-Img,Neg,0.011635014
ALIGN,mscoco,Txt-Img,Neg,0.039436705
ALIGN,mscoco,Txt-Img,Neg,0.11631648
ALIGN,mscoco,Txt-Img,Neg,0.023497056
ALIGN,mscoco,Txt-Img,Neg,0.07765835
ALIGN,mscoco,Txt-Img,Neg,0.033038735
ALIGN,mscoco,Txt-Img,Neg,0.015774272
ALIGN,mscoco,Txt-Img,Neg,0.0021174457
ALIGN,mscoco,Txt-Img,Neg,0.0027644383
ALIGN,mscoco,Txt-Img,Neg,0.04812907
ALIGN,mscoco,Txt-Img,Neg,0.060992386
ALIGN,mscoco,Txt-Img,Neg,-0.0047411756
ALIGN,mscoco,Txt-Img,Neg,0.023295222
ALIGN,mscoco,Txt-Img,Neg,0.011644302
ALIGN,mscoco,Txt-Img,Neg,-0.014071284
ALIGN,mscoco,Txt-Img,Neg,-0.009716382
ALIGN,mscoco,Txt-Img,Neg,0.0101423
ALIGN,mscoco,Txt-Img,Neg,0.0105551
ALIGN,mscoco,Txt-Img,Neg,0.06209423
ALIGN,mscoco,Txt-Img,Neg,0.02731799
ALIGN,mscoco,Txt-Img,Neg,0.04598569
ALIGN,mscoco,Txt-Img,Neg,-0.0118765
ALIGN,mscoco,Txt-Img,Neg,0.041510943
ALIGN,mscoco,Txt-Img,Neg,0.10047415
ALIGN,mscoco,Txt-Img,Neg,-0.020488195
ALIGN,mscoco,Txt-Img,Neg,-0.0012659524
ALIGN,mscoco,Txt-Img,Neg,0.09902209
ALIGN,mscoco,Txt-Img,Neg,0.007621439
ALIGN,mscoco,Txt-Img,Neg,0.0044790795
ALIGN,mscoco,Txt-Img,Neg,0.030517077
ALIGN,mscoco,Txt-Img,Neg,0.023715932
ALIGN,mscoco,Txt-Img,Neg,0.008947373
ALIGN,mscoco,Txt-Img,Neg,0.02912176
ALIGN,mscoco,Txt-Img,Neg,0.03855601
ALIGN,mscoco,Txt-Img,Neg,0.03320634
ALIGN,mscoco,Txt-Img,Neg,0.068741284
ALIGN,mscoco,Txt-Img,Neg,0.15288767
ALIGN,mscoco,Txt-Img,Neg,0.0419035
ALIGN,mscoco,Txt-Img,Neg,0.042741746
ALIGN,mscoco,Txt-Img,Neg,0.035033926
ALIGN,mscoco,Txt-Img,Neg,0.062617265
ALIGN,mscoco,Txt-Img,Neg,0.024183555
ALIGN,mscoco,Txt-Img,Neg,0.027908918
ALIGN,mscoco,Txt-Img,Neg,0.013168849
ALIGN,mscoco,Txt-Img,Neg,0.047754355
ALIGN,mscoco,Txt-Img,Neg,0.034644023
ALIGN,mscoco,Txt-Img,Neg,0.0005000802
ALIGN,mscoco,Txt-Img,Neg,0.008461557
ALIGN,mscoco,Txt-Img,Neg,0.0057449974
ALIGN,mscoco,Txt-Img,Neg,0.046826214
ALIGN,mscoco,Txt-Img,Neg,0.0025712564
ALIGN,mscoco,Txt-Img,Neg,0.014446948
ALIGN,mscoco,Txt-Img,Neg,0.03786572
ALIGN,mscoco,Txt-Img,Neg,0.0122549
ALIGN,mscoco,Txt-Img,Neg,0.016899867
ALIGN,mscoco,Txt-Img,Neg,0.015511121
ALIGN,mscoco,Txt-Img,Neg,0.025365502
ALIGN,mscoco,Txt-Img,Neg,0.03373996
ALIGN,mscoco,Txt-Img,Neg,0.044400316
ALIGN,mscoco,Txt-Img,Neg,0.07684402
ALIGN,mscoco,Txt-Img,Neg,0.020836642
ALIGN,mscoco,Txt-Img,Neg,0.037590794
ALIGN,mscoco,Txt-Img,Neg,0.0066508846
ALIGN,mscoco,Txt-Img,Neg,0.035059303
ALIGN,mscoco,Txt-Img,Neg,0.044578824
ALIGN,mscoco,Txt-Img,Neg,-0.014356742
ALIGN,mscoco,Txt-Img,Neg,0.03473627
ALIGN,mscoco,Txt-Img,Neg,-0.015626768
ALIGN,mscoco,Txt-Img,Neg,0.034381345
ALIGN,mscoco,Txt-Img,Neg,0.009997895
ALIGN,mscoco,Txt-Img,Neg,0.015996182
ALIGN,mscoco,Txt-Img,Neg,-0.0015248517
ALIGN,mscoco,Txt-Img,Neg,-0.0058401464
ALIGN,mscoco,Txt-Img,Neg,0.009842205
ALIGN,mscoco,Txt-Img,Neg,0.050822273
ALIGN,mscoco,Txt-Img,Neg,0.20885076
ALIGN,mscoco,Txt-Img,Neg,0.026517188
ALIGN,mscoco,Txt-Img,Neg,-0.007630782
ALIGN,mscoco,Txt-Img,Neg,0.04400202
ALIGN,mscoco,Txt-Img,Neg,0.06967673
ALIGN,mscoco,Txt-Img,Neg,0.0026793634
ALIGN,mscoco,Txt-Img,Neg,0.0722276
ALIGN,mscoco,Txt-Img,Neg,0.036104716
ALIGN,mscoco,Txt-Img,Neg,-0.0045205522
ALIGN,mscoco,Txt-Img,Neg,0.025137572
ALIGN,mscoco,Txt-Img,Neg,0.04576322
ALIGN,mscoco,Txt-Img,Neg,-0.05791373
ALIGN,mscoco,Txt-Img,Neg,0.041358218
ALIGN,mscoco,Txt-Img,Neg,0.026333062
ALIGN,mscoco,Txt-Img,Neg,0.03760215
ALIGN,mscoco,Txt-Img,Neg,0.049183346
ALIGN,mscoco,Txt-Img,Neg,0.016359575
ALIGN,mscoco,Txt-Img,Neg,0.0057302937
ALIGN,mscoco,Txt-Img,Neg,0.04400243
ALIGN,mscoco,Txt-Img,Neg,0.058054168
ALIGN,mscoco,Txt-Img,Neg,0.020375352
ALIGN,mscoco,Txt-Img,Neg,0.028202772
ALIGN,mscoco,Txt-Img,Neg,0.07433665
ALIGN,mscoco,Txt-Img,Neg,0.022247743
ALIGN,mscoco,Txt-Img,Neg,0.07430483
ALIGN,mscoco,Txt-Img,Neg,0.04004084
ALIGN,mscoco,Txt-Img,Neg,0.061241247
ALIGN,mscoco,Txt-Img,Neg,-0.0004729405
ALIGN,mscoco,Txt-Img,Neg,0.025489148
ALIGN,mscoco,Txt-Img,Neg,0.05276706
ALIGN,mscoco,Txt-Img,Neg,0.026483405
ALIGN,mscoco,Txt-Img,Neg,0.0066827787
ALIGN,mscoco,Txt-Img,Neg,0.028762002
ALIGN,mscoco,Txt-Img,Neg,0.041654713
ALIGN,mscoco,Txt-Img,Neg,0.019843157
ALIGN,mscoco,Txt-Img,Neg,0.03380128
ALIGN,mscoco,Txt-Img,Neg,-0.004478951
ALIGN,mscoco,Txt-Img,Neg,0.03883032
ALIGN,mscoco,Txt-Img,Neg,0.05581575
ALIGN,mscoco,Txt-Img,Neg,0.03858456
ALIGN,mscoco,Txt-Img,Neg,-0.019101478
ALIGN,mscoco,Txt-Img,Neg,0.0351511
ALIGN,mscoco,Txt-Img,Neg,0.085705325
ALIGN,mscoco,Txt-Img,Neg,0.046331815
ALIGN,mscoco,Txt-Img,Neg,-0.014045076
ALIGN,mscoco,Txt-Img,Neg,-0.015601573
ALIGN,mscoco,Txt-Img,Neg,-0.0045057437
ALIGN,mscoco,Txt-Img,Neg,0.012883515
ALIGN,mscoco,Txt-Img,Neg,0.01607978
ALIGN,mscoco,Txt-Img,Neg,0.035861764
ALIGN,mscoco,Txt-Img,Neg,0.0044220947
ALIGN,mscoco,Txt-Img,Neg,0.02180764
ALIGN,mscoco,Txt-Img,Neg,0.035492543
ALIGN,mscoco,Txt-Img,Neg,-0.016106557
ALIGN,mscoco,Txt-Img,Neg,0.04063082
ALIGN,mscoco,Txt-Img,Neg,0.0049189394
ALIGN,mscoco,Txt-Img,Neg,0.025965046
ALIGN,mscoco,Txt-Img,Neg,0.03839787
ALIGN,mscoco,Txt-Img,Neg,0.06036545
ALIGN,mscoco,Txt-Img,Neg,0.008190151
ALIGN,mscoco,Txt-Img,Neg,-0.011599642
ALIGN,mscoco,Txt-Img,Neg,0.17734456
ALIGN,mscoco,Txt-Img,Neg,0.017453106
ALIGN,mscoco,Txt-Img,Neg,0.08889155
ALIGN,mscoco,Txt-Img,Neg,0.039355997
ALIGN,mscoco,Txt-Img,Neg,0.050215073
ALIGN,mscoco,Txt-Img,Neg,0.008009236
ALIGN,mscoco,Txt-Img,Neg,0.0093485825
ALIGN,mscoco,Txt-Img,Neg,0.017185817
ALIGN,mscoco,Txt-Img,Neg,0.030058939
ALIGN,mscoco,Txt-Img,Neg,0.038582392
ALIGN,mscoco,Txt-Img,Neg,0.1265386
ALIGN,mscoco,Txt-Img,Neg,0.023565616
ALIGN,mscoco,Txt-Img,Neg,-0.03336355
ALIGN,mscoco,Txt-Img,Neg,0.08046075
ALIGN,mscoco,Txt-Img,Neg,0.06281858
ALIGN,mscoco,Txt-Img,Neg,0.03231611
ALIGN,mscoco,Txt-Img,Neg,0.011379121
ALIGN,mscoco,Txt-Img,Neg,0.058304965
ALIGN,mscoco,Txt-Img,Neg,0.016680209
ALIGN,mscoco,Txt-Img,Neg,0.042556897
ALIGN,mscoco,Txt-Img,Neg,0.0041757068
ALIGN,mscoco,Txt-Img,Neg,0.024210125
ALIGN,mscoco,Txt-Img,Neg,0.026876183
ALIGN,mscoco,Txt-Img,Neg,0.05834593
ALIGN,mscoco,Txt-Img,Neg,0.017699353
ALIGN,mscoco,Txt-Img,Neg,0.025381017
ALIGN,mscoco,Txt-Img,Neg,0.0071921097
ALIGN,mscoco,Txt-Img,Neg,0.15003674
ALIGN,mscoco,Txt-Img,Neg,0.044561148
ALIGN,mscoco,Txt-Img,Neg,0.06251878
ALIGN,mscoco,Txt-Img,Neg,0.13203883
ALIGN,mscoco,Txt-Img,Neg,0.025480855
ALIGN,mscoco,Txt-Img,Neg,0.035467535
ALIGN,mscoco,Txt-Img,Neg,0.011356633
ALIGN,mscoco,Txt-Img,Neg,0.060984295
ALIGN,mscoco,Txt-Img,Neg,0.04297635
ALIGN,mscoco,Txt-Img,Neg,0.01185069
ALIGN,mscoco,Txt-Img,Neg,0.056397684
ALIGN,mscoco,Txt-Img,Neg,0.04021168
ALIGN,mscoco,Txt-Img,Neg,-0.000993615
ALIGN,mscoco,Txt-Img,Neg,-0.029302778
ALIGN,mscoco,Txt-Img,Neg,0.06869958
ALIGN,mscoco,Txt-Img,Neg,0.06305883
ALIGN,mscoco,Txt-Img,Neg,0.017305564
ALIGN,mscoco,Txt-Img,Neg,0.032340497
ALIGN,mscoco,Txt-Img,Neg,-0.02448024
ALIGN,mscoco,Txt-Img,Neg,-0.01365989
ALIGN,mscoco,Txt-Img,Neg,-0.006285891
ALIGN,mscoco,Txt-Img,Neg,0.0032440554
ALIGN,mscoco,Txt-Img,Neg,0.03314157
ALIGN,mscoco,Txt-Img,Neg,-0.021825027
ALIGN,mscoco,Txt-Img,Neg,0.0063005807
ALIGN,mscoco,Txt-Img,Neg,0.024916962
ALIGN,mscoco,Txt-Img,Neg,0.038142446
ALIGN,mscoco,Txt-Img,Neg,0.018625952
ALIGN,mscoco,Txt-Img,Neg,-0.033593554
ALIGN,mscoco,Txt-Img,Neg,0.037868917
ALIGN,mscoco,Txt-Img,Neg,0.022527382
ALIGN,mscoco,Txt-Img,Neg,0.078593895
ALIGN,mscoco,Txt-Img,Neg,0.048780713
ALIGN,mscoco,Txt-Img,Neg,0.019948488
ALIGN,mscoco,Txt-Img,Neg,0.0066801263
ALIGN,mscoco,Txt-Img,Neg,0.0082752835
ALIGN,mscoco,Txt-Img,Neg,0.04390942
ALIGN,mscoco,Txt-Img,Neg,0.0458847
ALIGN,mscoco,Txt-Img,Neg,0.025106058
ALIGN,mscoco,Txt-Img,Neg,0.04920829
ALIGN,mscoco,Txt-Img,Neg,0.026236946
ALIGN,mscoco,Txt-Img,Neg,0.006121654
ALIGN,mscoco,Txt-Img,Neg,0.00446288
ALIGN,mscoco,Txt-Img,Neg,0.050250795
ALIGN,mscoco,Txt-Img,Neg,0.026080271
ALIGN,mscoco,Txt-Img,Neg,0.03232109
ALIGN,mscoco,Txt-Img,Neg,0.013611421
ALIGN,mscoco,Txt-Img,Neg,-0.014629661
ALIGN,mscoco,Txt-Img,Neg,0.03779403
