Model,Dataset,Pair Modality,Pair Type,Cosine Similarity
ImageBind,mscoco,Txt-Txt,Pos,0.48608845
ImageBind,mscoco,Txt-Txt,Pos,0.56629825
ImageBind,mscoco,Txt-Txt,Pos,0.38081062
ImageBind,mscoco,Txt-Txt,Pos,0.521842
ImageBind,mscoco,Txt-Txt,Pos,0.69555146
ImageBind,mscoco,Txt-Txt,Pos,0.50657403
ImageBind,mscoco,Txt-Txt,Pos,0.5651719
ImageBind,mscoco,Txt-Txt,Pos,0.5534712
ImageBind,mscoco,Txt-Txt,Pos,0.5065962
ImageBind,mscoco,Txt-Txt,Pos,0.33986858
ImageBind,mscoco,Txt-Txt,Pos,0.73231626
ImageBind,mscoco,Txt-Txt,Pos,0.5476267
ImageBind,mscoco,Txt-Txt,Pos,0.7338159
ImageBind,mscoco,Txt-Txt,Pos,0.3580228
ImageBind,mscoco,Txt-Txt,Pos,0.45305607
ImageBind,mscoco,Txt-Txt,Pos,0.51703215
ImageBind,mscoco,Txt-Txt,Pos,0.53475755
ImageBind,mscoco,Txt-Txt,Pos,0.5451828
ImageBind,mscoco,Txt-Txt,Pos,0.25908872
ImageBind,mscoco,Txt-Txt,Pos,0.43599465
ImageBind,mscoco,Txt-Txt,Pos,0.500105
ImageBind,mscoco,Txt-Txt,Pos,0.37959495
ImageBind,mscoco,Txt-Txt,Pos,0.33793244
ImageBind,mscoco,Txt-Txt,Pos,0.6016472
ImageBind,mscoco,Txt-Txt,Pos,0.5902253
ImageBind,mscoco,Txt-Txt,Pos,0.27344522
ImageBind,mscoco,Txt-Txt,Pos,0.60256135
ImageBind,mscoco,Txt-Txt,Pos,0.3493015
ImageBind,mscoco,Txt-Txt,Pos,0.68970174
ImageBind,mscoco,Txt-Txt,Pos,0.4856037
ImageBind,mscoco,Txt-Txt,Pos,0.2192301
ImageBind,mscoco,Txt-Txt,Pos,0.60333216
ImageBind,mscoco,Txt-Txt,Pos,0.5838112
ImageBind,mscoco,Txt-Txt,Pos,0.44351435
ImageBind,mscoco,Txt-Txt,Pos,0.44367722
ImageBind,mscoco,Txt-Txt,Pos,0.38129997
ImageBind,mscoco,Txt-Txt,Pos,0.23354726
ImageBind,mscoco,Txt-Txt,Pos,0.275841
ImageBind,mscoco,Txt-Txt,Pos,0.21285549
ImageBind,mscoco,Txt-Txt,Pos,0.121401675
ImageBind,mscoco,Txt-Txt,Pos,0.39494443
ImageBind,mscoco,Txt-Txt,Pos,0.4147821
ImageBind,mscoco,Txt-Txt,Pos,0.30214682
ImageBind,mscoco,Txt-Txt,Pos,0.5346578
ImageBind,mscoco,Txt-Txt,Pos,0.4103589
ImageBind,mscoco,Txt-Txt,Pos,0.49471223
ImageBind,mscoco,Txt-Txt,Pos,0.5174991
ImageBind,mscoco,Txt-Txt,Pos,0.51782656
ImageBind,mscoco,Txt-Txt,Pos,0.72940636
ImageBind,mscoco,Txt-Txt,Pos,0.69733113
ImageBind,mscoco,Txt-Txt,Pos,0.5122822
ImageBind,mscoco,Txt-Txt,Pos,0.15665637
ImageBind,mscoco,Txt-Txt,Pos,0.6763995
ImageBind,mscoco,Txt-Txt,Pos,0.37974644
ImageBind,mscoco,Txt-Txt,Pos,0.5516128
ImageBind,mscoco,Txt-Txt,Pos,0.49753803
ImageBind,mscoco,Txt-Txt,Pos,0.5586107
ImageBind,mscoco,Txt-Txt,Pos,0.46040875
ImageBind,mscoco,Txt-Txt,Pos,0.6949501
ImageBind,mscoco,Txt-Txt,Pos,0.560099
ImageBind,mscoco,Txt-Txt,Pos,0.2323597
ImageBind,mscoco,Txt-Txt,Pos,0.53898776
ImageBind,mscoco,Txt-Txt,Pos,0.35389203
ImageBind,mscoco,Txt-Txt,Pos,0.77939737
ImageBind,mscoco,Txt-Txt,Pos,0.7193399
ImageBind,mscoco,Txt-Txt,Pos,0.50284183
ImageBind,mscoco,Txt-Txt,Pos,0.34658825
ImageBind,mscoco,Txt-Txt,Pos,0.27810553
ImageBind,mscoco,Txt-Txt,Pos,0.38029763
ImageBind,mscoco,Txt-Txt,Pos,0.6100986
ImageBind,mscoco,Txt-Txt,Pos,0.4378633
ImageBind,mscoco,Txt-Txt,Pos,0.37600914
ImageBind,mscoco,Txt-Txt,Pos,0.17587225
ImageBind,mscoco,Txt-Txt,Pos,0.5532791
ImageBind,mscoco,Txt-Txt,Pos,0.48267016
ImageBind,mscoco,Txt-Txt,Pos,0.84411544
ImageBind,mscoco,Txt-Txt,Pos,0.2344801
ImageBind,mscoco,Txt-Txt,Pos,0.39973208
ImageBind,mscoco,Txt-Txt,Pos,0.39187753
ImageBind,mscoco,Txt-Txt,Pos,0.14034581
ImageBind,mscoco,Txt-Txt,Pos,0.28617653
ImageBind,mscoco,Txt-Txt,Pos,0.5240968
ImageBind,mscoco,Txt-Txt,Pos,0.60283786
ImageBind,mscoco,Txt-Txt,Pos,0.72148216
ImageBind,mscoco,Txt-Txt,Pos,0.61009514
ImageBind,mscoco,Txt-Txt,Pos,0.46947718
ImageBind,mscoco,Txt-Txt,Pos,0.18716624
ImageBind,mscoco,Txt-Txt,Pos,0.318573
ImageBind,mscoco,Txt-Txt,Pos,0.25859433
ImageBind,mscoco,Txt-Txt,Pos,0.53404725
ImageBind,mscoco,Txt-Txt,Pos,0.55663663
ImageBind,mscoco,Txt-Txt,Pos,0.47902808
ImageBind,mscoco,Txt-Txt,Pos,0.4997819
ImageBind,mscoco,Txt-Txt,Pos,0.46090776
ImageBind,mscoco,Txt-Txt,Pos,0.7333674
ImageBind,mscoco,Txt-Txt,Pos,0.76370883
ImageBind,mscoco,Txt-Txt,Pos,0.30557582
ImageBind,mscoco,Txt-Txt,Pos,0.37903634
ImageBind,mscoco,Txt-Txt,Pos,0.53505504
ImageBind,mscoco,Txt-Txt,Pos,0.6012659
ImageBind,mscoco,Txt-Txt,Pos,0.6223268
ImageBind,mscoco,Txt-Txt,Pos,0.5092402
ImageBind,mscoco,Txt-Txt,Pos,0.67605275
ImageBind,mscoco,Txt-Txt,Pos,0.7293058
ImageBind,mscoco,Txt-Txt,Pos,0.6148917
ImageBind,mscoco,Txt-Txt,Pos,0.5160278
ImageBind,mscoco,Txt-Txt,Pos,0.37911972
ImageBind,mscoco,Txt-Txt,Pos,0.49614948
ImageBind,mscoco,Txt-Txt,Pos,0.6465057
ImageBind,mscoco,Txt-Txt,Pos,0.21522978
ImageBind,mscoco,Txt-Txt,Pos,0.2907304
ImageBind,mscoco,Txt-Txt,Pos,0.6421526
ImageBind,mscoco,Txt-Txt,Pos,0.5207686
ImageBind,mscoco,Txt-Txt,Pos,0.33848223
ImageBind,mscoco,Txt-Txt,Pos,0.37860516
ImageBind,mscoco,Txt-Txt,Pos,0.38822737
ImageBind,mscoco,Txt-Txt,Pos,0.57226217
ImageBind,mscoco,Txt-Txt,Pos,0.4330835
ImageBind,mscoco,Txt-Txt,Pos,0.5205251
ImageBind,mscoco,Txt-Txt,Pos,0.2932581
ImageBind,mscoco,Txt-Txt,Pos,0.30641454
ImageBind,mscoco,Txt-Txt,Pos,0.5468955
ImageBind,mscoco,Txt-Txt,Pos,0.5131128
ImageBind,mscoco,Txt-Txt,Pos,0.5693078
ImageBind,mscoco,Txt-Txt,Pos,0.39836583
ImageBind,mscoco,Txt-Txt,Pos,0.46993744
ImageBind,mscoco,Txt-Txt,Pos,0.17877805
ImageBind,mscoco,Txt-Txt,Pos,0.4238254
ImageBind,mscoco,Txt-Txt,Pos,0.75911486
ImageBind,mscoco,Txt-Txt,Pos,0.71968365
ImageBind,mscoco,Txt-Txt,Pos,0.29018533
ImageBind,mscoco,Txt-Txt,Pos,0.31778848
ImageBind,mscoco,Txt-Txt,Pos,0.85026884
ImageBind,mscoco,Txt-Txt,Pos,0.38781202
ImageBind,mscoco,Txt-Txt,Pos,0.29166338
ImageBind,mscoco,Txt-Txt,Pos,0.6403181
ImageBind,mscoco,Txt-Txt,Pos,0.24233702
ImageBind,mscoco,Txt-Txt,Pos,0.603876
ImageBind,mscoco,Txt-Txt,Pos,0.50439143
ImageBind,mscoco,Txt-Txt,Pos,0.38209534
ImageBind,mscoco,Txt-Txt,Pos,0.2066559
ImageBind,mscoco,Txt-Txt,Pos,0.63917106
ImageBind,mscoco,Txt-Txt,Pos,0.7100754
ImageBind,mscoco,Txt-Txt,Pos,0.3645263
ImageBind,mscoco,Txt-Txt,Pos,0.5975276
ImageBind,mscoco,Txt-Txt,Pos,0.3305693
ImageBind,mscoco,Txt-Txt,Pos,0.19778323
ImageBind,mscoco,Txt-Txt,Pos,0.5189318
ImageBind,mscoco,Txt-Txt,Pos,0.37279323
ImageBind,mscoco,Txt-Txt,Pos,0.16034308
ImageBind,mscoco,Txt-Txt,Pos,0.34536865
ImageBind,mscoco,Txt-Txt,Pos,0.4669352
ImageBind,mscoco,Txt-Txt,Pos,0.62813544
ImageBind,mscoco,Txt-Txt,Pos,0.7871931
ImageBind,mscoco,Txt-Txt,Pos,0.6101203
ImageBind,mscoco,Txt-Txt,Pos,0.22550854
ImageBind,mscoco,Txt-Txt,Pos,0.53944033
ImageBind,mscoco,Txt-Txt,Pos,0.19784483
ImageBind,mscoco,Txt-Txt,Pos,0.78913915
ImageBind,mscoco,Txt-Txt,Pos,0.45590284
ImageBind,mscoco,Txt-Txt,Pos,0.3315103
ImageBind,mscoco,Txt-Txt,Pos,0.4613713
ImageBind,mscoco,Txt-Txt,Pos,0.3916962
ImageBind,mscoco,Txt-Txt,Pos,0.31664166
ImageBind,mscoco,Txt-Txt,Pos,0.46599376
ImageBind,mscoco,Txt-Txt,Pos,0.36708787
ImageBind,mscoco,Txt-Txt,Pos,0.41704303
ImageBind,mscoco,Txt-Txt,Pos,0.23694076
ImageBind,mscoco,Txt-Txt,Pos,0.19770604
ImageBind,mscoco,Txt-Txt,Pos,0.18585008
ImageBind,mscoco,Txt-Txt,Pos,0.5506433
ImageBind,mscoco,Txt-Txt,Pos,0.42754573
ImageBind,mscoco,Txt-Txt,Pos,0.31340128
ImageBind,mscoco,Txt-Txt,Pos,0.470345
ImageBind,mscoco,Txt-Txt,Pos,0.45609927
ImageBind,mscoco,Txt-Txt,Pos,0.63266474
ImageBind,mscoco,Txt-Txt,Pos,0.5313551
ImageBind,mscoco,Txt-Txt,Pos,0.3461613
ImageBind,mscoco,Txt-Txt,Pos,0.26327074
ImageBind,mscoco,Txt-Txt,Pos,0.20629519
ImageBind,mscoco,Txt-Txt,Pos,0.4253232
ImageBind,mscoco,Txt-Txt,Pos,0.4402694
ImageBind,mscoco,Txt-Txt,Pos,0.5149054
ImageBind,mscoco,Txt-Txt,Pos,0.34441632
ImageBind,mscoco,Txt-Txt,Pos,0.23875356
ImageBind,mscoco,Txt-Txt,Pos,0.17368239
ImageBind,mscoco,Txt-Txt,Pos,0.4248352
ImageBind,mscoco,Txt-Txt,Pos,0.4345169
ImageBind,mscoco,Txt-Txt,Pos,0.7136383
ImageBind,mscoco,Txt-Txt,Pos,0.16281691
ImageBind,mscoco,Txt-Txt,Pos,0.2969026
ImageBind,mscoco,Txt-Txt,Pos,0.3246868
ImageBind,mscoco,Txt-Txt,Pos,0.20258065
ImageBind,mscoco,Txt-Txt,Pos,0.41397506
ImageBind,mscoco,Txt-Txt,Pos,0.32611167
ImageBind,mscoco,Txt-Txt,Pos,0.7164362
ImageBind,mscoco,Txt-Txt,Pos,0.39781564
ImageBind,mscoco,Txt-Txt,Pos,0.4251862
ImageBind,mscoco,Txt-Txt,Pos,0.14798832
ImageBind,mscoco,Txt-Txt,Pos,0.42277485
ImageBind,mscoco,Txt-Txt,Pos,0.45769313
ImageBind,mscoco,Txt-Txt,Pos,0.25834203
ImageBind,mscoco,Txt-Txt,Pos,0.33677262
ImageBind,mscoco,Txt-Txt,Pos,0.58407676
ImageBind,mscoco,Txt-Txt,Pos,0.41609544
ImageBind,mscoco,Txt-Txt,Pos,0.34300965
ImageBind,mscoco,Txt-Txt,Pos,0.46740735
ImageBind,mscoco,Txt-Txt,Pos,0.33260992
ImageBind,mscoco,Txt-Txt,Pos,0.47181964
ImageBind,mscoco,Txt-Txt,Pos,0.50934803
ImageBind,mscoco,Txt-Txt,Pos,0.18593626
ImageBind,mscoco,Txt-Txt,Pos,0.31556502
ImageBind,mscoco,Txt-Txt,Pos,0.20008744
ImageBind,mscoco,Txt-Txt,Pos,0.4129256
ImageBind,mscoco,Txt-Txt,Pos,0.52978855
ImageBind,mscoco,Txt-Txt,Pos,0.39807138
ImageBind,mscoco,Txt-Txt,Pos,0.13481374
ImageBind,mscoco,Txt-Txt,Pos,0.58982444
ImageBind,mscoco,Txt-Txt,Pos,0.42391217
ImageBind,mscoco,Txt-Txt,Pos,0.6755072
ImageBind,mscoco,Txt-Txt,Pos,0.29901823
ImageBind,mscoco,Txt-Txt,Pos,0.43537027
ImageBind,mscoco,Txt-Txt,Pos,0.715373
ImageBind,mscoco,Txt-Txt,Pos,0.38144735
ImageBind,mscoco,Txt-Txt,Pos,0.24902116
ImageBind,mscoco,Txt-Txt,Pos,0.34272078
ImageBind,mscoco,Txt-Txt,Pos,0.08837158
ImageBind,mscoco,Txt-Txt,Pos,0.3333229
ImageBind,mscoco,Txt-Txt,Pos,0.28519672
ImageBind,mscoco,Txt-Txt,Pos,0.34241614
ImageBind,mscoco,Txt-Txt,Pos,0.29165113
ImageBind,mscoco,Txt-Txt,Pos,0.42087784
ImageBind,mscoco,Txt-Txt,Pos,0.6774893
ImageBind,mscoco,Txt-Txt,Pos,0.18686783
ImageBind,mscoco,Txt-Txt,Pos,0.5144181
ImageBind,mscoco,Txt-Txt,Pos,0.21085896
ImageBind,mscoco,Txt-Txt,Pos,0.41714686
ImageBind,mscoco,Txt-Txt,Pos,0.47254726
ImageBind,mscoco,Txt-Txt,Pos,0.32750216
ImageBind,mscoco,Txt-Txt,Pos,0.47993523
ImageBind,mscoco,Txt-Txt,Pos,0.44278708
ImageBind,mscoco,Txt-Txt,Pos,0.1157069
ImageBind,mscoco,Txt-Txt,Pos,0.3031426
ImageBind,mscoco,Txt-Txt,Pos,0.62710464
ImageBind,mscoco,Txt-Txt,Pos,0.38161325
ImageBind,mscoco,Txt-Txt,Pos,0.5225338
ImageBind,mscoco,Txt-Txt,Pos,0.34724504
ImageBind,mscoco,Txt-Txt,Pos,0.6752391
ImageBind,mscoco,Txt-Txt,Pos,0.33655867
ImageBind,mscoco,Txt-Txt,Pos,0.6729605
ImageBind,mscoco,Txt-Txt,Pos,0.4819415
ImageBind,mscoco,Txt-Txt,Pos,0.55373716
ImageBind,mscoco,Txt-Txt,Pos,0.65255064
ImageBind,mscoco,Txt-Txt,Pos,0.19270468
ImageBind,mscoco,Txt-Txt,Pos,0.22271661
ImageBind,mscoco,Txt-Txt,Pos,0.36218524
ImageBind,mscoco,Txt-Txt,Pos,0.477223
ImageBind,mscoco,Txt-Txt,Pos,0.905347
ImageBind,mscoco,Txt-Txt,Pos,0.33541542
ImageBind,mscoco,Txt-Txt,Pos,0.46226072
ImageBind,mscoco,Txt-Txt,Pos,0.35983077
ImageBind,mscoco,Txt-Txt,Pos,0.64644843
ImageBind,mscoco,Txt-Txt,Pos,0.45792586
ImageBind,mscoco,Txt-Txt,Pos,0.4372917
ImageBind,mscoco,Txt-Txt,Pos,0.28250614
ImageBind,mscoco,Txt-Txt,Pos,0.44885772
ImageBind,mscoco,Txt-Txt,Pos,0.7807603
ImageBind,mscoco,Txt-Txt,Pos,0.3349873
ImageBind,mscoco,Txt-Txt,Pos,0.5359176
ImageBind,mscoco,Txt-Txt,Pos,0.33725125
ImageBind,mscoco,Txt-Txt,Pos,0.33273816
ImageBind,mscoco,Txt-Txt,Pos,0.29492038
ImageBind,mscoco,Txt-Txt,Pos,0.43991667
ImageBind,mscoco,Txt-Txt,Pos,0.48577565
ImageBind,mscoco,Txt-Txt,Pos,0.22242036
ImageBind,mscoco,Txt-Txt,Pos,0.24450925
ImageBind,mscoco,Txt-Txt,Pos,0.17953949
ImageBind,mscoco,Txt-Txt,Pos,0.27713272
ImageBind,mscoco,Txt-Txt,Pos,0.7372979
ImageBind,mscoco,Txt-Txt,Pos,0.7044489
ImageBind,mscoco,Txt-Txt,Pos,0.5223449
ImageBind,mscoco,Txt-Txt,Pos,0.5884994
ImageBind,mscoco,Txt-Txt,Pos,0.40570074
ImageBind,mscoco,Txt-Txt,Pos,0.69984746
ImageBind,mscoco,Txt-Txt,Pos,0.7614124
ImageBind,mscoco,Txt-Txt,Pos,0.19544806
ImageBind,mscoco,Txt-Txt,Pos,0.68289226
ImageBind,mscoco,Txt-Txt,Pos,0.54113865
ImageBind,mscoco,Txt-Txt,Pos,0.30643314
ImageBind,mscoco,Txt-Txt,Pos,0.35908404
ImageBind,mscoco,Txt-Txt,Pos,0.74667275
ImageBind,mscoco,Txt-Txt,Pos,0.31032926
ImageBind,mscoco,Txt-Txt,Pos,0.19734979
ImageBind,mscoco,Txt-Txt,Pos,0.36262086
ImageBind,mscoco,Txt-Txt,Pos,0.448727
ImageBind,mscoco,Txt-Txt,Pos,0.4818443
ImageBind,mscoco,Txt-Txt,Pos,0.5460586
ImageBind,mscoco,Txt-Txt,Pos,0.06431253
ImageBind,mscoco,Txt-Txt,Pos,0.30132747
ImageBind,mscoco,Txt-Txt,Pos,0.23007801
ImageBind,mscoco,Txt-Txt,Pos,0.36072916
ImageBind,mscoco,Txt-Txt,Pos,0.6212225
ImageBind,mscoco,Txt-Txt,Pos,0.28285772
ImageBind,mscoco,Txt-Txt,Pos,0.64979506
ImageBind,mscoco,Txt-Txt,Pos,0.38978234
ImageBind,mscoco,Txt-Txt,Pos,0.4293278
ImageBind,mscoco,Txt-Txt,Pos,0.14849304
ImageBind,mscoco,Txt-Txt,Pos,0.34917918
ImageBind,mscoco,Txt-Txt,Pos,0.49650747
ImageBind,mscoco,Txt-Txt,Pos,0.40578097
ImageBind,mscoco,Txt-Txt,Pos,0.33000422
ImageBind,mscoco,Txt-Txt,Pos,0.6213361
ImageBind,mscoco,Txt-Txt,Pos,0.18068288
ImageBind,mscoco,Txt-Txt,Pos,0.2602716
ImageBind,mscoco,Txt-Txt,Pos,0.43424833
ImageBind,mscoco,Txt-Txt,Pos,0.37220165
ImageBind,mscoco,Txt-Txt,Pos,0.67840415
ImageBind,mscoco,Txt-Txt,Pos,0.22070654
ImageBind,mscoco,Txt-Txt,Pos,0.4450425
ImageBind,mscoco,Txt-Txt,Pos,0.68141806
ImageBind,mscoco,Txt-Txt,Pos,0.15692286
ImageBind,mscoco,Txt-Txt,Pos,0.57269263
ImageBind,mscoco,Txt-Txt,Pos,0.7072343
ImageBind,mscoco,Txt-Txt,Pos,0.40355346
ImageBind,mscoco,Txt-Txt,Pos,0.519137
ImageBind,mscoco,Txt-Txt,Pos,0.29649538
ImageBind,mscoco,Txt-Txt,Pos,0.65005624
ImageBind,mscoco,Txt-Txt,Pos,0.3467386
ImageBind,mscoco,Txt-Txt,Pos,0.5955916
ImageBind,mscoco,Txt-Txt,Pos,0.33931845
ImageBind,mscoco,Txt-Txt,Pos,0.34926993
ImageBind,mscoco,Txt-Txt,Pos,0.34870028
ImageBind,mscoco,Txt-Txt,Pos,0.3130703
ImageBind,mscoco,Txt-Txt,Pos,0.31426346
ImageBind,mscoco,Txt-Txt,Pos,0.6546379
ImageBind,mscoco,Txt-Txt,Pos,0.28965715
ImageBind,mscoco,Txt-Txt,Pos,0.5820812
ImageBind,mscoco,Txt-Txt,Pos,0.6570765
ImageBind,mscoco,Txt-Txt,Pos,0.21101657
ImageBind,mscoco,Txt-Txt,Pos,0.31943658
ImageBind,mscoco,Txt-Txt,Pos,0.2107449
ImageBind,mscoco,Txt-Txt,Pos,0.5242545
ImageBind,mscoco,Txt-Txt,Pos,0.2223251
ImageBind,mscoco,Txt-Txt,Pos,0.13719502
ImageBind,mscoco,Txt-Txt,Pos,0.43225446
ImageBind,mscoco,Txt-Txt,Pos,0.7161257
ImageBind,mscoco,Txt-Txt,Pos,0.39713654
ImageBind,mscoco,Txt-Txt,Pos,0.44849384
ImageBind,mscoco,Txt-Txt,Pos,0.13858235
ImageBind,mscoco,Txt-Txt,Pos,0.39204466
ImageBind,mscoco,Txt-Txt,Pos,0.38108566
ImageBind,mscoco,Txt-Txt,Pos,0.35223645
ImageBind,mscoco,Txt-Txt,Pos,0.45222777
ImageBind,mscoco,Txt-Txt,Pos,0.6423961
ImageBind,mscoco,Txt-Txt,Pos,0.2850513
ImageBind,mscoco,Txt-Txt,Pos,0.28910315
ImageBind,mscoco,Txt-Txt,Pos,0.5257622
ImageBind,mscoco,Txt-Txt,Pos,0.20527615
ImageBind,mscoco,Txt-Txt,Pos,0.48058677
ImageBind,mscoco,Txt-Txt,Pos,0.32366848
ImageBind,mscoco,Txt-Txt,Pos,0.56167763
ImageBind,mscoco,Txt-Txt,Pos,0.48353297
ImageBind,mscoco,Txt-Txt,Pos,0.36861414
ImageBind,mscoco,Txt-Txt,Pos,0.44529068
ImageBind,mscoco,Txt-Txt,Pos,0.35072708
ImageBind,mscoco,Txt-Txt,Pos,0.61656845
ImageBind,mscoco,Txt-Txt,Pos,0.32056722
ImageBind,mscoco,Txt-Txt,Pos,0.36389777
ImageBind,mscoco,Txt-Txt,Pos,0.26623818
ImageBind,mscoco,Txt-Txt,Pos,0.37329307
ImageBind,mscoco,Txt-Txt,Pos,0.53245443
ImageBind,mscoco,Txt-Txt,Pos,0.29182777
ImageBind,mscoco,Txt-Txt,Pos,0.23782113
ImageBind,mscoco,Txt-Txt,Pos,0.42980582
ImageBind,mscoco,Txt-Txt,Pos,0.31230393
ImageBind,mscoco,Txt-Txt,Pos,0.4543886
ImageBind,mscoco,Txt-Txt,Pos,0.531417
ImageBind,mscoco,Txt-Txt,Pos,0.4717744
ImageBind,mscoco,Txt-Txt,Pos,0.20185947
ImageBind,mscoco,Txt-Txt,Pos,0.15919353
ImageBind,mscoco,Txt-Txt,Pos,0.3962352
ImageBind,mscoco,Txt-Txt,Pos,0.2077688
ImageBind,mscoco,Txt-Txt,Pos,0.49258536
ImageBind,mscoco,Txt-Txt,Pos,0.5566259
ImageBind,mscoco,Txt-Txt,Pos,0.5491883
ImageBind,mscoco,Txt-Txt,Pos,0.421354
ImageBind,mscoco,Txt-Txt,Pos,0.46037298
ImageBind,mscoco,Txt-Txt,Pos,0.17319287
ImageBind,mscoco,Txt-Txt,Pos,0.23717347
ImageBind,mscoco,Txt-Txt,Pos,0.24222423
ImageBind,mscoco,Txt-Txt,Pos,0.35770732
ImageBind,mscoco,Txt-Txt,Pos,0.14135277
ImageBind,mscoco,Txt-Txt,Pos,0.64913464
ImageBind,mscoco,Txt-Txt,Pos,0.26979512
ImageBind,mscoco,Txt-Txt,Pos,0.13331681
ImageBind,mscoco,Txt-Txt,Pos,0.47360575
ImageBind,mscoco,Txt-Txt,Pos,0.58979255
ImageBind,mscoco,Txt-Txt,Pos,0.5246707
ImageBind,mscoco,Txt-Txt,Pos,0.28623202
ImageBind,mscoco,Txt-Txt,Pos,0.18178576
ImageBind,mscoco,Txt-Txt,Pos,0.52905494
ImageBind,mscoco,Txt-Txt,Pos,0.46439636
ImageBind,mscoco,Txt-Txt,Pos,0.3280049
ImageBind,mscoco,Txt-Txt,Pos,0.51213706
ImageBind,mscoco,Txt-Txt,Pos,0.42562398
ImageBind,mscoco,Txt-Txt,Pos,0.04679878
ImageBind,mscoco,Txt-Txt,Pos,0.1585449
ImageBind,mscoco,Txt-Txt,Pos,0.39685142
ImageBind,mscoco,Txt-Txt,Pos,0.25567833
ImageBind,mscoco,Txt-Txt,Pos,0.17620052
ImageBind,mscoco,Txt-Txt,Pos,0.19417183
ImageBind,mscoco,Txt-Txt,Pos,0.75671077
ImageBind,mscoco,Txt-Txt,Pos,0.5045005
ImageBind,mscoco,Txt-Txt,Pos,0.3597267
ImageBind,mscoco,Txt-Txt,Pos,0.3246344
ImageBind,mscoco,Txt-Txt,Pos,0.48167542
ImageBind,mscoco,Txt-Txt,Pos,0.18769537
ImageBind,mscoco,Txt-Txt,Pos,0.5326875
ImageBind,mscoco,Txt-Txt,Pos,0.24822837
ImageBind,mscoco,Txt-Txt,Pos,0.35606793
ImageBind,mscoco,Txt-Txt,Pos,0.424003
ImageBind,mscoco,Txt-Txt,Pos,0.48726502
ImageBind,mscoco,Txt-Txt,Pos,0.25946945
ImageBind,mscoco,Txt-Txt,Pos,0.72118527
ImageBind,mscoco,Txt-Txt,Pos,0.19584084
ImageBind,mscoco,Txt-Txt,Pos,0.40372846
ImageBind,mscoco,Txt-Txt,Pos,0.5279479
ImageBind,mscoco,Txt-Txt,Pos,0.20478436
ImageBind,mscoco,Txt-Txt,Pos,0.4402792
ImageBind,mscoco,Txt-Txt,Pos,0.42371154
ImageBind,mscoco,Txt-Txt,Pos,0.3022868
ImageBind,mscoco,Txt-Txt,Pos,0.22783639
ImageBind,mscoco,Txt-Txt,Pos,0.16840333
ImageBind,mscoco,Txt-Txt,Pos,0.4239982
ImageBind,mscoco,Txt-Txt,Pos,0.27868885
ImageBind,mscoco,Txt-Txt,Pos,0.35714537
ImageBind,mscoco,Txt-Txt,Pos,0.23552044
ImageBind,mscoco,Txt-Txt,Pos,0.45440835
ImageBind,mscoco,Txt-Txt,Pos,0.29389948
ImageBind,mscoco,Txt-Txt,Pos,0.71154416
ImageBind,mscoco,Txt-Txt,Pos,0.42771015
ImageBind,mscoco,Txt-Txt,Pos,0.28614718
ImageBind,mscoco,Txt-Txt,Pos,0.38104236
ImageBind,mscoco,Txt-Txt,Pos,0.11018739
ImageBind,mscoco,Txt-Txt,Pos,0.598946
ImageBind,mscoco,Txt-Txt,Pos,0.68280625
ImageBind,mscoco,Txt-Txt,Pos,0.4906137
ImageBind,mscoco,Txt-Txt,Pos,0.415718
ImageBind,mscoco,Txt-Txt,Pos,0.3640194
ImageBind,mscoco,Txt-Txt,Pos,0.258861
ImageBind,mscoco,Txt-Txt,Pos,0.3355111
ImageBind,mscoco,Txt-Txt,Pos,0.20238984
ImageBind,mscoco,Txt-Txt,Pos,0.58319306
ImageBind,mscoco,Txt-Txt,Pos,0.35099918
ImageBind,mscoco,Txt-Txt,Pos,0.46444333
ImageBind,mscoco,Txt-Txt,Pos,0.3550198
ImageBind,mscoco,Txt-Txt,Pos,0.16522206
ImageBind,mscoco,Txt-Txt,Pos,0.21677592
ImageBind,mscoco,Txt-Txt,Pos,0.49365187
ImageBind,mscoco,Txt-Txt,Pos,0.14262034
ImageBind,mscoco,Txt-Txt,Pos,0.21595219
ImageBind,mscoco,Txt-Txt,Pos,0.40084696
ImageBind,mscoco,Txt-Txt,Pos,0.15088722
ImageBind,mscoco,Txt-Txt,Pos,0.22055788
ImageBind,mscoco,Txt-Txt,Pos,0.31271324
ImageBind,mscoco,Txt-Txt,Pos,0.40984657
ImageBind,mscoco,Txt-Txt,Pos,0.28782603
ImageBind,mscoco,Txt-Txt,Pos,0.4931838
ImageBind,mscoco,Txt-Txt,Pos,0.42152372
ImageBind,mscoco,Txt-Txt,Pos,0.4152053
ImageBind,mscoco,Txt-Txt,Pos,0.54117036
ImageBind,mscoco,Txt-Txt,Pos,0.34415612
ImageBind,mscoco,Txt-Txt,Pos,0.4637218
ImageBind,mscoco,Txt-Txt,Pos,0.34221604
ImageBind,mscoco,Txt-Txt,Pos,0.3374334
ImageBind,mscoco,Txt-Txt,Pos,0.38335574
ImageBind,mscoco,Txt-Txt,Pos,0.44513613
ImageBind,mscoco,Txt-Txt,Pos,0.36712012
ImageBind,mscoco,Txt-Txt,Pos,0.35792103
ImageBind,mscoco,Txt-Txt,Pos,0.48280996
ImageBind,mscoco,Txt-Txt,Pos,0.39278626
ImageBind,mscoco,Txt-Txt,Pos,0.5800375
ImageBind,mscoco,Txt-Txt,Pos,0.8885883
ImageBind,mscoco,Txt-Txt,Pos,0.3411584
ImageBind,mscoco,Txt-Txt,Pos,0.47269404
ImageBind,mscoco,Txt-Txt,Pos,0.6116947
ImageBind,mscoco,Txt-Txt,Pos,0.19374688
ImageBind,mscoco,Txt-Txt,Pos,0.5104699
ImageBind,mscoco,Txt-Txt,Pos,0.5068365
ImageBind,mscoco,Txt-Txt,Pos,0.52289397
ImageBind,mscoco,Txt-Txt,Pos,0.40456283
ImageBind,mscoco,Txt-Txt,Pos,0.7665584
ImageBind,mscoco,Txt-Txt,Pos,0.29134208
ImageBind,mscoco,Txt-Txt,Pos,0.5288936
ImageBind,mscoco,Txt-Txt,Pos,0.10913418
ImageBind,mscoco,Txt-Txt,Pos,0.45317268
ImageBind,mscoco,Txt-Txt,Pos,0.4386919
ImageBind,mscoco,Txt-Txt,Pos,0.15012199
ImageBind,mscoco,Txt-Txt,Pos,0.2848238
ImageBind,mscoco,Txt-Txt,Pos,0.37693778
ImageBind,mscoco,Txt-Txt,Pos,0.18334344
ImageBind,mscoco,Txt-Txt,Pos,0.2800098
ImageBind,mscoco,Txt-Txt,Pos,0.26674017
ImageBind,mscoco,Txt-Txt,Pos,0.49545017
ImageBind,mscoco,Txt-Txt,Pos,0.4897235
ImageBind,mscoco,Txt-Txt,Pos,0.54551727
ImageBind,mscoco,Txt-Txt,Pos,0.37736386
ImageBind,mscoco,Txt-Txt,Pos,0.40700623
ImageBind,mscoco,Txt-Txt,Pos,0.3509127
ImageBind,mscoco,Txt-Txt,Pos,0.5824797
ImageBind,mscoco,Txt-Txt,Pos,0.33060002
ImageBind,mscoco,Txt-Txt,Pos,0.13987029
ImageBind,mscoco,Txt-Txt,Pos,0.20482801
ImageBind,mscoco,Txt-Txt,Pos,0.69494426
ImageBind,mscoco,Txt-Txt,Pos,0.305784
ImageBind,mscoco,Txt-Txt,Pos,0.6312676
ImageBind,mscoco,Txt-Txt,Pos,0.3842875
ImageBind,mscoco,Txt-Txt,Pos,0.32547423
ImageBind,mscoco,Txt-Txt,Pos,0.38647044
ImageBind,mscoco,Txt-Txt,Pos,0.39417908
ImageBind,mscoco,Txt-Txt,Pos,0.50306714
ImageBind,mscoco,Txt-Txt,Pos,0.38147563
ImageBind,mscoco,Txt-Txt,Pos,0.40221035
ImageBind,mscoco,Img-Img,Pos,0.6416622
ImageBind,mscoco,Img-Img,Pos,0.65524334
ImageBind,mscoco,Img-Img,Pos,0.69239974
ImageBind,mscoco,Img-Img,Pos,0.7314123
ImageBind,mscoco,Img-Img,Pos,0.56189793
ImageBind,mscoco,Img-Img,Pos,0.48448735
ImageBind,mscoco,Img-Img,Pos,0.5694483
ImageBind,mscoco,Img-Img,Pos,0.68097746
ImageBind,mscoco,Img-Img,Pos,0.6270038
ImageBind,mscoco,Img-Img,Pos,0.37325695
ImageBind,mscoco,Img-Img,Pos,0.75838214
ImageBind,mscoco,Img-Img,Pos,0.29272622
ImageBind,mscoco,Img-Img,Pos,0.4681539
ImageBind,mscoco,Img-Img,Pos,0.43585494
ImageBind,mscoco,Img-Img,Pos,0.66391927
ImageBind,mscoco,Img-Img,Pos,0.77626103
ImageBind,mscoco,Img-Img,Pos,0.52791536
ImageBind,mscoco,Img-Img,Pos,0.45240912
ImageBind,mscoco,Img-Img,Pos,0.34959948
ImageBind,mscoco,Img-Img,Pos,0.779382
ImageBind,mscoco,Img-Img,Pos,0.62954056
ImageBind,mscoco,Img-Img,Pos,0.60417676
ImageBind,mscoco,Img-Img,Pos,0.44700408
ImageBind,mscoco,Img-Img,Pos,0.6349699
ImageBind,mscoco,Img-Img,Pos,0.6313998
ImageBind,mscoco,Img-Img,Pos,0.46833852
ImageBind,mscoco,Img-Img,Pos,0.40546688
ImageBind,mscoco,Img-Img,Pos,0.34030807
ImageBind,mscoco,Img-Img,Pos,0.29651764
ImageBind,mscoco,Img-Img,Pos,0.43461448
ImageBind,mscoco,Img-Img,Pos,0.38349375
ImageBind,mscoco,Img-Img,Pos,0.77611446
ImageBind,mscoco,Img-Img,Pos,0.5256887
ImageBind,mscoco,Img-Img,Pos,0.70036054
ImageBind,mscoco,Img-Img,Pos,0.5259338
ImageBind,mscoco,Img-Img,Pos,0.58054125
ImageBind,mscoco,Img-Img,Pos,0.4295429
ImageBind,mscoco,Img-Img,Pos,0.3841492
ImageBind,mscoco,Img-Img,Pos,0.5085176
ImageBind,mscoco,Img-Img,Pos,0.31856823
ImageBind,mscoco,Img-Img,Pos,0.5372086
ImageBind,mscoco,Img-Img,Pos,0.44171745
ImageBind,mscoco,Img-Img,Pos,0.42548648
ImageBind,mscoco,Img-Img,Pos,0.52088666
ImageBind,mscoco,Img-Img,Pos,0.6134239
ImageBind,mscoco,Img-Img,Pos,0.4672665
ImageBind,mscoco,Img-Img,Pos,0.7888564
ImageBind,mscoco,Img-Img,Pos,0.7008136
ImageBind,mscoco,Img-Img,Pos,0.4879079
ImageBind,mscoco,Img-Img,Pos,0.52931625
ImageBind,mscoco,Img-Img,Pos,0.67954445
ImageBind,mscoco,Img-Img,Pos,0.332834
ImageBind,mscoco,Img-Img,Pos,0.4504044
ImageBind,mscoco,Img-Img,Pos,0.5377246
ImageBind,mscoco,Img-Img,Pos,0.7300922
ImageBind,mscoco,Img-Img,Pos,0.50390124
ImageBind,mscoco,Img-Img,Pos,0.6059203
ImageBind,mscoco,Img-Img,Pos,0.6571542
ImageBind,mscoco,Img-Img,Pos,0.65437967
ImageBind,mscoco,Img-Img,Pos,0.68117946
ImageBind,mscoco,Img-Img,Pos,0.40823328
ImageBind,mscoco,Img-Img,Pos,0.60933244
ImageBind,mscoco,Img-Img,Pos,0.4823689
ImageBind,mscoco,Img-Img,Pos,0.5723759
ImageBind,mscoco,Img-Img,Pos,0.7970549
ImageBind,mscoco,Img-Img,Pos,0.37656695
ImageBind,mscoco,Img-Img,Pos,0.19447115
ImageBind,mscoco,Img-Img,Pos,0.4273134
ImageBind,mscoco,Img-Img,Pos,0.4307039
ImageBind,mscoco,Img-Img,Pos,0.5655446
ImageBind,mscoco,Img-Img,Pos,0.34679207
ImageBind,mscoco,Img-Img,Pos,0.60658014
ImageBind,mscoco,Img-Img,Pos,0.31326735
ImageBind,mscoco,Img-Img,Pos,0.5339964
ImageBind,mscoco,Img-Img,Pos,0.50099605
ImageBind,mscoco,Img-Img,Pos,0.73166347
ImageBind,mscoco,Img-Img,Pos,0.42408508
ImageBind,mscoco,Img-Img,Pos,0.53415644
ImageBind,mscoco,Img-Img,Pos,0.44014513
ImageBind,mscoco,Img-Img,Pos,0.3078855
ImageBind,mscoco,Img-Img,Pos,0.5647764
ImageBind,mscoco,Img-Img,Pos,0.7403997
ImageBind,mscoco,Img-Img,Pos,0.5194657
ImageBind,mscoco,Img-Img,Pos,0.6397899
ImageBind,mscoco,Img-Img,Pos,0.6367915
ImageBind,mscoco,Img-Img,Pos,0.55676764
ImageBind,mscoco,Img-Img,Pos,0.2068465
ImageBind,mscoco,Img-Img,Pos,0.5067224
ImageBind,mscoco,Img-Img,Pos,0.36751267
ImageBind,mscoco,Img-Img,Pos,0.5678587
ImageBind,mscoco,Img-Img,Pos,0.61156356
ImageBind,mscoco,Img-Img,Pos,0.3647343
ImageBind,mscoco,Img-Img,Pos,0.61801255
ImageBind,mscoco,Img-Img,Pos,0.46442237
ImageBind,mscoco,Img-Img,Pos,0.74746084
ImageBind,mscoco,Img-Img,Pos,0.5848499
ImageBind,mscoco,Img-Img,Pos,0.33129725
ImageBind,mscoco,Img-Img,Pos,0.45104834
ImageBind,mscoco,Img-Img,Pos,0.47056076
ImageBind,mscoco,Img-Img,Pos,0.50705546
ImageBind,mscoco,Img-Img,Pos,0.5589909
ImageBind,mscoco,Img-Img,Pos,0.72856104
ImageBind,mscoco,Img-Img,Pos,0.71410555
ImageBind,mscoco,Img-Img,Pos,0.8084388
ImageBind,mscoco,Img-Img,Pos,0.36088532
ImageBind,mscoco,Img-Img,Pos,0.6346444
ImageBind,mscoco,Img-Img,Pos,0.5151279
ImageBind,mscoco,Img-Img,Pos,0.7108407
ImageBind,mscoco,Img-Img,Pos,0.5776103
ImageBind,mscoco,Img-Img,Pos,0.28725025
ImageBind,mscoco,Img-Img,Pos,0.30186734
ImageBind,mscoco,Img-Img,Pos,0.7361343
ImageBind,mscoco,Img-Img,Pos,0.4254612
ImageBind,mscoco,Img-Img,Pos,0.5459966
ImageBind,mscoco,Img-Img,Pos,0.6291338
ImageBind,mscoco,Img-Img,Pos,0.45877
ImageBind,mscoco,Img-Img,Pos,0.57449466
ImageBind,mscoco,Img-Img,Pos,0.5014914
ImageBind,mscoco,Img-Img,Pos,0.55080307
ImageBind,mscoco,Img-Img,Pos,0.41100407
ImageBind,mscoco,Img-Img,Pos,0.44274855
ImageBind,mscoco,Img-Img,Pos,0.704089
ImageBind,mscoco,Img-Img,Pos,0.59039867
ImageBind,mscoco,Img-Img,Pos,0.79669297
ImageBind,mscoco,Img-Img,Pos,0.52566475
ImageBind,mscoco,Img-Img,Pos,0.5415232
ImageBind,mscoco,Img-Img,Pos,0.60745466
ImageBind,mscoco,Img-Img,Pos,0.47228557
ImageBind,mscoco,Img-Img,Pos,0.79085565
ImageBind,mscoco,Img-Img,Pos,0.68077654
ImageBind,mscoco,Img-Img,Pos,0.27853164
ImageBind,mscoco,Img-Img,Pos,0.6687224
ImageBind,mscoco,Img-Img,Pos,0.7435173
ImageBind,mscoco,Img-Img,Pos,0.33110908
ImageBind,mscoco,Img-Img,Pos,0.32094535
ImageBind,mscoco,Img-Img,Pos,0.58932245
ImageBind,mscoco,Img-Img,Pos,0.44150275
ImageBind,mscoco,Img-Img,Pos,0.43302006
ImageBind,mscoco,Img-Img,Pos,0.7214227
ImageBind,mscoco,Img-Img,Pos,0.50337905
ImageBind,mscoco,Img-Img,Pos,0.25444987
ImageBind,mscoco,Img-Img,Pos,0.7006187
ImageBind,mscoco,Img-Img,Pos,0.70631194
ImageBind,mscoco,Img-Img,Pos,0.5056329
ImageBind,mscoco,Img-Img,Pos,0.8515996
ImageBind,mscoco,Img-Img,Pos,0.40082186
ImageBind,mscoco,Img-Img,Pos,0.65796506
ImageBind,mscoco,Img-Img,Pos,0.6371416
ImageBind,mscoco,Img-Img,Pos,0.57803196
ImageBind,mscoco,Img-Img,Pos,0.34890422
ImageBind,mscoco,Img-Img,Pos,0.5756085
ImageBind,mscoco,Img-Img,Pos,0.70130324
ImageBind,mscoco,Img-Img,Pos,0.63645095
ImageBind,mscoco,Img-Img,Pos,0.67985785
ImageBind,mscoco,Img-Img,Pos,0.7982456
ImageBind,mscoco,Img-Img,Pos,0.27916017
ImageBind,mscoco,Img-Img,Pos,0.42039222
ImageBind,mscoco,Img-Img,Pos,0.53240025
ImageBind,mscoco,Img-Img,Pos,0.9223517
ImageBind,mscoco,Img-Img,Pos,0.35883904
ImageBind,mscoco,Img-Img,Pos,0.58475477
ImageBind,mscoco,Img-Img,Pos,0.5161507
ImageBind,mscoco,Img-Img,Pos,0.34901524
ImageBind,mscoco,Img-Img,Pos,0.5818163
ImageBind,mscoco,Img-Img,Pos,0.56351966
ImageBind,mscoco,Img-Img,Pos,0.4717997
ImageBind,mscoco,Img-Img,Pos,0.59034884
ImageBind,mscoco,Img-Img,Pos,0.3785689
ImageBind,mscoco,Img-Img,Pos,0.22126311
ImageBind,mscoco,Img-Img,Pos,0.5259855
ImageBind,mscoco,Img-Img,Pos,0.83903503
ImageBind,mscoco,Img-Img,Pos,0.4758131
ImageBind,mscoco,Img-Img,Pos,0.1957004
ImageBind,mscoco,Img-Img,Pos,0.56299543
ImageBind,mscoco,Img-Img,Pos,0.33486924
ImageBind,mscoco,Img-Img,Pos,0.71017486
ImageBind,mscoco,Img-Img,Pos,0.49984735
ImageBind,mscoco,Img-Img,Pos,0.4709111
ImageBind,mscoco,Img-Img,Pos,0.49230075
ImageBind,mscoco,Img-Img,Pos,0.340183
ImageBind,mscoco,Img-Img,Pos,0.5910893
ImageBind,mscoco,Img-Img,Pos,0.36519924
ImageBind,mscoco,Img-Img,Pos,0.8010082
ImageBind,mscoco,Img-Img,Pos,0.55515444
ImageBind,mscoco,Img-Img,Pos,0.42507222
ImageBind,mscoco,Img-Img,Pos,0.34559846
ImageBind,mscoco,Img-Img,Pos,0.4170148
ImageBind,mscoco,Img-Img,Pos,0.39966014
ImageBind,mscoco,Img-Img,Pos,0.64690137
ImageBind,mscoco,Img-Img,Pos,0.2558276
ImageBind,mscoco,Img-Img,Pos,0.34263796
ImageBind,mscoco,Img-Img,Pos,0.57561505
ImageBind,mscoco,Img-Img,Pos,0.3869348
ImageBind,mscoco,Img-Img,Pos,0.4955483
ImageBind,mscoco,Img-Img,Pos,0.30028692
ImageBind,mscoco,Img-Img,Pos,0.65771645
ImageBind,mscoco,Img-Img,Pos,0.7289835
ImageBind,mscoco,Img-Img,Pos,0.4488874
ImageBind,mscoco,Img-Img,Pos,0.30402696
ImageBind,mscoco,Img-Img,Pos,0.39599204
ImageBind,mscoco,Img-Img,Pos,0.5798271
ImageBind,mscoco,Img-Img,Pos,0.2399311
ImageBind,mscoco,Img-Img,Pos,0.67578125
ImageBind,mscoco,Img-Img,Pos,0.43393257
ImageBind,mscoco,Img-Img,Pos,0.63121337
ImageBind,mscoco,Img-Img,Pos,0.4539526
ImageBind,mscoco,Img-Img,Pos,0.49500343
ImageBind,mscoco,Img-Img,Pos,0.658603
ImageBind,mscoco,Img-Img,Pos,0.4558162
ImageBind,mscoco,Img-Img,Pos,0.5637109
ImageBind,mscoco,Img-Img,Pos,0.3811643
ImageBind,mscoco,Img-Img,Pos,0.5902894
ImageBind,mscoco,Img-Img,Pos,0.4650641
ImageBind,mscoco,Img-Img,Pos,0.62685645
ImageBind,mscoco,Img-Img,Pos,0.59646696
ImageBind,mscoco,Img-Img,Pos,0.62159634
ImageBind,mscoco,Img-Img,Pos,0.35883063
ImageBind,mscoco,Img-Img,Pos,0.56146777
ImageBind,mscoco,Img-Img,Pos,0.42120004
ImageBind,mscoco,Img-Img,Pos,0.52821434
ImageBind,mscoco,Img-Img,Pos,0.6333817
ImageBind,mscoco,Img-Img,Pos,0.4304539
ImageBind,mscoco,Img-Img,Pos,0.84389025
ImageBind,mscoco,Img-Img,Pos,0.5085553
ImageBind,mscoco,Img-Img,Pos,0.44687694
ImageBind,mscoco,Img-Img,Pos,0.4293502
ImageBind,mscoco,Img-Img,Pos,0.45404255
ImageBind,mscoco,Img-Img,Pos,0.58529276
ImageBind,mscoco,Img-Img,Pos,0.47747654
ImageBind,mscoco,Img-Img,Pos,0.39788648
ImageBind,mscoco,Img-Img,Pos,0.3754824
ImageBind,mscoco,Img-Img,Pos,0.61982656
ImageBind,mscoco,Img-Img,Pos,0.7810749
ImageBind,mscoco,Img-Img,Pos,0.5587806
ImageBind,mscoco,Img-Img,Pos,0.7383434
ImageBind,mscoco,Img-Img,Pos,0.2705482
ImageBind,mscoco,Img-Img,Pos,0.671366
ImageBind,mscoco,Img-Img,Pos,0.6310916
ImageBind,mscoco,Img-Img,Pos,0.73885393
ImageBind,mscoco,Img-Img,Pos,0.5735996
ImageBind,mscoco,Img-Img,Pos,0.49444965
ImageBind,mscoco,Img-Img,Pos,0.1679492
ImageBind,mscoco,Img-Img,Pos,0.4118626
ImageBind,mscoco,Img-Img,Pos,0.7094687
ImageBind,mscoco,Img-Img,Pos,0.41770846
ImageBind,mscoco,Img-Img,Pos,0.6024278
ImageBind,mscoco,Img-Img,Pos,0.58436555
ImageBind,mscoco,Img-Img,Pos,0.8856521
ImageBind,mscoco,Img-Img,Pos,0.41666403
ImageBind,mscoco,Img-Img,Pos,0.53648424
ImageBind,mscoco,Img-Img,Pos,0.63601315
ImageBind,mscoco,Img-Img,Pos,0.70817566
ImageBind,mscoco,Img-Img,Pos,0.6082834
ImageBind,mscoco,Img-Img,Pos,0.37138718
ImageBind,mscoco,Img-Img,Pos,0.50521314
ImageBind,mscoco,Img-Img,Pos,0.6201967
ImageBind,mscoco,Img-Img,Pos,0.40839028
ImageBind,mscoco,Img-Img,Pos,0.75427306
ImageBind,mscoco,Img-Img,Pos,0.3486514
ImageBind,mscoco,Img-Img,Pos,0.5413846
ImageBind,mscoco,Img-Img,Pos,0.6793354
ImageBind,mscoco,Img-Img,Pos,0.547788
ImageBind,mscoco,Img-Img,Pos,0.7106094
ImageBind,mscoco,Img-Img,Pos,0.55715865
ImageBind,mscoco,Img-Img,Pos,0.51026976
ImageBind,mscoco,Img-Img,Pos,0.3977777
ImageBind,mscoco,Img-Img,Pos,0.7189247
ImageBind,mscoco,Img-Img,Pos,0.24509777
ImageBind,mscoco,Img-Img,Pos,0.84523576
ImageBind,mscoco,Img-Img,Pos,0.4132919
ImageBind,mscoco,Img-Img,Pos,0.42766038
ImageBind,mscoco,Img-Img,Pos,0.42746988
ImageBind,mscoco,Img-Img,Pos,0.61733365
ImageBind,mscoco,Img-Img,Pos,0.29993343
ImageBind,mscoco,Img-Img,Pos,0.4043463
ImageBind,mscoco,Img-Img,Pos,0.5149378
ImageBind,mscoco,Img-Img,Pos,0.43139154
ImageBind,mscoco,Img-Img,Pos,0.41863984
ImageBind,mscoco,Img-Img,Pos,0.66909677
ImageBind,mscoco,Img-Img,Pos,0.65924203
ImageBind,mscoco,Img-Img,Pos,0.55578905
ImageBind,mscoco,Img-Img,Pos,0.48599836
ImageBind,mscoco,Img-Img,Pos,0.6928853
ImageBind,mscoco,Img-Img,Pos,0.5559651
ImageBind,mscoco,Img-Img,Pos,0.5644123
ImageBind,mscoco,Img-Img,Pos,0.49216485
ImageBind,mscoco,Img-Img,Pos,0.7233954
ImageBind,mscoco,Img-Img,Pos,0.7902467
ImageBind,mscoco,Img-Img,Pos,0.5563692
ImageBind,mscoco,Img-Img,Pos,0.7062998
ImageBind,mscoco,Img-Img,Pos,0.9352716
ImageBind,mscoco,Img-Img,Pos,0.74199575
ImageBind,mscoco,Img-Img,Pos,0.21087937
ImageBind,mscoco,Img-Img,Pos,0.51317793
ImageBind,mscoco,Img-Img,Pos,0.7439751
ImageBind,mscoco,Img-Img,Pos,0.50907516
ImageBind,mscoco,Img-Img,Pos,0.38588396
ImageBind,mscoco,Img-Img,Pos,0.5709898
ImageBind,mscoco,Img-Img,Pos,0.49311948
ImageBind,mscoco,Img-Img,Pos,0.41541424
ImageBind,mscoco,Img-Img,Pos,0.6420705
ImageBind,mscoco,Img-Img,Pos,0.6266173
ImageBind,mscoco,Img-Img,Pos,0.4274241
ImageBind,mscoco,Img-Img,Pos,0.69158393
ImageBind,mscoco,Img-Img,Pos,0.38886738
ImageBind,mscoco,Img-Img,Pos,0.55334485
ImageBind,mscoco,Img-Img,Pos,0.19230968
ImageBind,mscoco,Img-Img,Pos,0.4221133
ImageBind,mscoco,Img-Img,Pos,0.5883384
ImageBind,mscoco,Img-Img,Pos,0.46860525
ImageBind,mscoco,Img-Img,Pos,0.56732005
ImageBind,mscoco,Img-Img,Pos,0.6902245
ImageBind,mscoco,Img-Img,Pos,0.21980454
ImageBind,mscoco,Img-Img,Pos,0.43407655
ImageBind,mscoco,Img-Img,Pos,0.6094899
ImageBind,mscoco,Img-Img,Pos,0.5703363
ImageBind,mscoco,Img-Img,Pos,0.46372995
ImageBind,mscoco,Img-Img,Pos,0.36590123
ImageBind,mscoco,Img-Img,Pos,0.7708987
ImageBind,mscoco,Img-Img,Pos,0.6332088
ImageBind,mscoco,Img-Img,Pos,0.46866792
ImageBind,mscoco,Img-Img,Pos,0.5058494
ImageBind,mscoco,Img-Img,Pos,0.845804
ImageBind,mscoco,Img-Img,Pos,0.66059434
ImageBind,mscoco,Img-Img,Pos,0.6335023
ImageBind,mscoco,Img-Img,Pos,0.47891992
ImageBind,mscoco,Img-Img,Pos,0.6979302
ImageBind,mscoco,Img-Img,Pos,0.5370232
ImageBind,mscoco,Img-Img,Pos,0.5979989
ImageBind,mscoco,Img-Img,Pos,0.43029952
ImageBind,mscoco,Img-Img,Pos,0.41434062
ImageBind,mscoco,Img-Img,Pos,0.2853505
ImageBind,mscoco,Img-Img,Pos,0.6825741
ImageBind,mscoco,Img-Img,Pos,0.5893687
ImageBind,mscoco,Img-Img,Pos,0.5690157
ImageBind,mscoco,Img-Img,Pos,0.5276861
ImageBind,mscoco,Img-Img,Pos,0.48952723
ImageBind,mscoco,Img-Img,Pos,0.7213813
ImageBind,mscoco,Img-Img,Pos,0.44280964
ImageBind,mscoco,Img-Img,Pos,0.33650607
ImageBind,mscoco,Img-Img,Pos,0.22943038
ImageBind,mscoco,Img-Img,Pos,0.7115122
ImageBind,mscoco,Img-Img,Pos,0.36937398
ImageBind,mscoco,Img-Img,Pos,0.4472921
ImageBind,mscoco,Img-Img,Pos,0.5657538
ImageBind,mscoco,Img-Img,Pos,0.75238
ImageBind,mscoco,Img-Img,Pos,0.41682968
ImageBind,mscoco,Img-Img,Pos,0.5656476
ImageBind,mscoco,Img-Img,Pos,0.24845791
ImageBind,mscoco,Img-Img,Pos,0.7347493
ImageBind,mscoco,Img-Img,Pos,0.42503798
ImageBind,mscoco,Img-Img,Pos,0.33852807
ImageBind,mscoco,Img-Img,Pos,0.5581044
ImageBind,mscoco,Img-Img,Pos,0.63709897
ImageBind,mscoco,Img-Img,Pos,0.5065326
ImageBind,mscoco,Img-Img,Pos,0.53053814
ImageBind,mscoco,Img-Img,Pos,0.7647325
ImageBind,mscoco,Img-Img,Pos,0.41924196
ImageBind,mscoco,Img-Img,Pos,0.80848855
ImageBind,mscoco,Img-Img,Pos,0.42890504
ImageBind,mscoco,Img-Img,Pos,0.58114207
ImageBind,mscoco,Img-Img,Pos,0.44760892
ImageBind,mscoco,Img-Img,Pos,0.49806753
ImageBind,mscoco,Img-Img,Pos,0.81573606
ImageBind,mscoco,Img-Img,Pos,0.4056832
ImageBind,mscoco,Img-Img,Pos,0.6013816
ImageBind,mscoco,Img-Img,Pos,0.43346587
ImageBind,mscoco,Img-Img,Pos,0.40192002
ImageBind,mscoco,Img-Img,Pos,0.3364301
ImageBind,mscoco,Img-Img,Pos,0.39747864
ImageBind,mscoco,Img-Img,Pos,0.6626729
ImageBind,mscoco,Img-Img,Pos,0.43251407
ImageBind,mscoco,Img-Img,Pos,0.4147608
ImageBind,mscoco,Img-Img,Pos,0.37185854
ImageBind,mscoco,Img-Img,Pos,0.5661413
ImageBind,mscoco,Img-Img,Pos,0.5872568
ImageBind,mscoco,Img-Img,Pos,0.36088914
ImageBind,mscoco,Img-Img,Pos,0.7643965
ImageBind,mscoco,Img-Img,Pos,0.47998458
ImageBind,mscoco,Img-Img,Pos,0.29019535
ImageBind,mscoco,Img-Img,Pos,0.50872624
ImageBind,mscoco,Img-Img,Pos,0.14912085
ImageBind,mscoco,Img-Img,Pos,0.64365196
ImageBind,mscoco,Img-Img,Pos,0.4361779
ImageBind,mscoco,Img-Img,Pos,0.6727282
ImageBind,mscoco,Img-Img,Pos,0.40395442
ImageBind,mscoco,Img-Img,Pos,0.5012874
ImageBind,mscoco,Img-Img,Pos,0.43728966
ImageBind,mscoco,Img-Img,Pos,0.26687068
ImageBind,mscoco,Img-Img,Pos,0.33436924
ImageBind,mscoco,Img-Img,Pos,0.45696598
ImageBind,mscoco,Img-Img,Pos,0.15161814
ImageBind,mscoco,Img-Img,Pos,0.718561
ImageBind,mscoco,Img-Img,Pos,0.29895788
ImageBind,mscoco,Img-Img,Pos,0.42087722
ImageBind,mscoco,Img-Img,Pos,0.52234685
ImageBind,mscoco,Img-Img,Pos,0.7597485
ImageBind,mscoco,Img-Img,Pos,0.55378747
ImageBind,mscoco,Img-Img,Pos,0.37738344
ImageBind,mscoco,Img-Img,Pos,0.46661645
ImageBind,mscoco,Img-Img,Pos,0.6312164
ImageBind,mscoco,Img-Img,Pos,0.77862716
ImageBind,mscoco,Img-Img,Pos,0.5226995
ImageBind,mscoco,Img-Img,Pos,0.46840453
ImageBind,mscoco,Img-Img,Pos,0.5998818
ImageBind,mscoco,Img-Img,Pos,0.27287686
ImageBind,mscoco,Img-Img,Pos,0.31556582
ImageBind,mscoco,Img-Img,Pos,0.2874573
ImageBind,mscoco,Img-Img,Pos,0.4154132
ImageBind,mscoco,Img-Img,Pos,0.24576473
ImageBind,mscoco,Img-Img,Pos,0.33552402
ImageBind,mscoco,Img-Img,Pos,0.7396603
ImageBind,mscoco,Img-Img,Pos,0.7096031
ImageBind,mscoco,Img-Img,Pos,0.6031505
ImageBind,mscoco,Img-Img,Pos,0.40422025
ImageBind,mscoco,Img-Img,Pos,0.5959569
ImageBind,mscoco,Img-Img,Pos,0.37422007
ImageBind,mscoco,Img-Img,Pos,0.7751872
ImageBind,mscoco,Img-Img,Pos,0.65845066
ImageBind,mscoco,Img-Img,Pos,0.41423213
ImageBind,mscoco,Img-Img,Pos,0.5195214
ImageBind,mscoco,Img-Img,Pos,0.59888625
ImageBind,mscoco,Img-Img,Pos,0.2389634
ImageBind,mscoco,Img-Img,Pos,0.70779145
ImageBind,mscoco,Img-Img,Pos,0.43115443
ImageBind,mscoco,Img-Img,Pos,0.22545207
ImageBind,mscoco,Img-Img,Pos,0.70369714
ImageBind,mscoco,Img-Img,Pos,0.2705224
ImageBind,mscoco,Img-Img,Pos,0.41772893
ImageBind,mscoco,Img-Img,Pos,0.60221106
ImageBind,mscoco,Img-Img,Pos,0.5033812
ImageBind,mscoco,Img-Img,Pos,0.3860052
ImageBind,mscoco,Img-Img,Pos,0.3751666
ImageBind,mscoco,Img-Img,Pos,0.5482483
ImageBind,mscoco,Img-Img,Pos,0.4350786
ImageBind,mscoco,Img-Img,Pos,0.60548246
ImageBind,mscoco,Img-Img,Pos,0.3017718
ImageBind,mscoco,Img-Img,Pos,0.5076443
ImageBind,mscoco,Img-Img,Pos,0.42355227
ImageBind,mscoco,Img-Img,Pos,0.69901586
ImageBind,mscoco,Img-Img,Pos,0.34388286
ImageBind,mscoco,Img-Img,Pos,0.30512065
ImageBind,mscoco,Img-Img,Pos,0.4992426
ImageBind,mscoco,Img-Img,Pos,0.19837698
ImageBind,mscoco,Img-Img,Pos,0.71396077
ImageBind,mscoco,Img-Img,Pos,0.6130055
ImageBind,mscoco,Img-Img,Pos,0.39714938
ImageBind,mscoco,Img-Img,Pos,0.6845606
ImageBind,mscoco,Img-Img,Pos,0.5187946
ImageBind,mscoco,Img-Img,Pos,0.5158358
ImageBind,mscoco,Img-Img,Pos,0.40093827
ImageBind,mscoco,Img-Img,Pos,0.5509224
ImageBind,mscoco,Img-Img,Pos,0.7582708
ImageBind,mscoco,Img-Img,Pos,0.43760192
ImageBind,mscoco,Img-Img,Pos,0.5995241
ImageBind,mscoco,Img-Img,Pos,0.4233213
ImageBind,mscoco,Img-Img,Pos,0.36630642
ImageBind,mscoco,Img-Img,Pos,0.29561636
ImageBind,mscoco,Img-Img,Pos,0.46837717
ImageBind,mscoco,Img-Img,Pos,0.3808843
ImageBind,mscoco,Img-Img,Pos,0.43837526
ImageBind,mscoco,Img-Img,Pos,0.47237867
ImageBind,mscoco,Img-Img,Pos,0.32871586
ImageBind,mscoco,Img-Img,Pos,0.32492882
ImageBind,mscoco,Img-Img,Pos,0.57059115
ImageBind,mscoco,Img-Img,Pos,0.5348024
ImageBind,mscoco,Img-Img,Pos,0.46418503
ImageBind,mscoco,Img-Img,Pos,0.7776294
ImageBind,mscoco,Img-Img,Pos,0.51847994
ImageBind,mscoco,Img-Img,Pos,0.62686044
ImageBind,mscoco,Img-Img,Pos,0.67046475
ImageBind,mscoco,Img-Img,Pos,0.4200458
ImageBind,mscoco,Img-Img,Pos,0.8142223
ImageBind,mscoco,Img-Img,Pos,0.47015083
ImageBind,mscoco,Img-Img,Pos,0.3943666
ImageBind,mscoco,Img-Img,Pos,0.45039678
ImageBind,mscoco,Img-Img,Pos,0.59520066
ImageBind,mscoco,Img-Img,Pos,0.41655168
ImageBind,mscoco,Img-Img,Pos,0.50434566
ImageBind,mscoco,Img-Img,Pos,0.47459728
ImageBind,mscoco,Img-Img,Pos,0.47825366
ImageBind,mscoco,Img-Img,Pos,0.6836177
ImageBind,mscoco,Img-Img,Pos,0.7732501
ImageBind,mscoco,Img-Img,Pos,0.7062768
ImageBind,mscoco,Img-Img,Pos,0.614153
ImageBind,mscoco,Img-Img,Pos,0.8065957
ImageBind,mscoco,Img-Img,Pos,0.38937712
ImageBind,mscoco,Img-Img,Pos,0.80282485
ImageBind,mscoco,Img-Img,Pos,0.5332699
ImageBind,mscoco,Img-Img,Pos,0.52514446
ImageBind,mscoco,Img-Img,Pos,0.5411426
ImageBind,mscoco,Img-Img,Pos,0.9395077
ImageBind,mscoco,Img-Img,Pos,0.33889654
ImageBind,mscoco,Img-Img,Pos,0.6679349
ImageBind,mscoco,Img-Img,Pos,0.3598054
ImageBind,mscoco,Img-Img,Pos,0.5382564
ImageBind,mscoco,Img-Img,Pos,0.6448009
ImageBind,mscoco,Img-Img,Pos,0.50999856
ImageBind,mscoco,Img-Img,Pos,0.47278324
ImageBind,mscoco,Img-Img,Pos,0.3070042
ImageBind,mscoco,Img-Img,Pos,0.26768076
ImageBind,mscoco,Img-Img,Pos,0.42121357
ImageBind,mscoco,Img-Img,Pos,0.23609716
ImageBind,mscoco,Img-Img,Pos,0.54459757
ImageBind,mscoco,Img-Img,Pos,0.6056026
ImageBind,mscoco,Img-Img,Pos,0.4810978
ImageBind,mscoco,Img-Img,Pos,0.3544984
ImageBind,mscoco,Img-Img,Pos,0.42599863
ImageBind,mscoco,Img-Img,Pos,0.55916536
ImageBind,mscoco,Img-Img,Pos,0.7517389
ImageBind,mscoco,Img-Img,Pos,0.48892826
ImageBind,mscoco,Img-Img,Pos,0.21817887
ImageBind,mscoco,Img-Img,Pos,0.34495607
ImageBind,mscoco,Img-Img,Pos,0.71685123
ImageBind,mscoco,Img-Img,Pos,0.2393327
ImageBind,mscoco,Img-Img,Pos,0.58800846
ImageBind,mscoco,Img-Img,Pos,0.5878394
ImageBind,mscoco,Img-Img,Pos,0.44776928
ImageBind,mscoco,Img-Img,Pos,0.5030794
ImageBind,mscoco,Img-Img,Pos,0.44631514
ImageBind,mscoco,Img-Img,Pos,0.3531382
ImageBind,mscoco,Img-Img,Pos,0.5704231
ImageBind,mscoco,Img-Img,Pos,0.44933903
ImageBind,mscoco,Txt-Img,Pos,0.23887026
ImageBind,mscoco,Txt-Img,Pos,0.26535746
ImageBind,mscoco,Txt-Img,Pos,0.36358407
ImageBind,mscoco,Txt-Img,Pos,0.34410667
ImageBind,mscoco,Txt-Img,Pos,0.35349482
ImageBind,mscoco,Txt-Img,Pos,0.34162438
ImageBind,mscoco,Txt-Img,Pos,0.2515552
ImageBind,mscoco,Txt-Img,Pos,0.37410793
ImageBind,mscoco,Txt-Img,Pos,0.33285066
ImageBind,mscoco,Txt-Img,Pos,0.28803468
ImageBind,mscoco,Txt-Img,Pos,0.3935115
ImageBind,mscoco,Txt-Img,Pos,0.36455536
ImageBind,mscoco,Txt-Img,Pos,0.32115278
ImageBind,mscoco,Txt-Img,Pos,0.41908675
ImageBind,mscoco,Txt-Img,Pos,0.2993703
ImageBind,mscoco,Txt-Img,Pos,0.3520033
ImageBind,mscoco,Txt-Img,Pos,0.4380624
ImageBind,mscoco,Txt-Img,Pos,0.4131797
ImageBind,mscoco,Txt-Img,Pos,0.2252928
ImageBind,mscoco,Txt-Img,Pos,0.30774692
ImageBind,mscoco,Txt-Img,Pos,0.2924026
ImageBind,mscoco,Txt-Img,Pos,0.34462237
ImageBind,mscoco,Txt-Img,Pos,0.29509178
ImageBind,mscoco,Txt-Img,Pos,0.33174694
ImageBind,mscoco,Txt-Img,Pos,0.29163867
ImageBind,mscoco,Txt-Img,Pos,0.37468243
ImageBind,mscoco,Txt-Img,Pos,0.2929611
ImageBind,mscoco,Txt-Img,Pos,0.19507343
ImageBind,mscoco,Txt-Img,Pos,0.2863762
ImageBind,mscoco,Txt-Img,Pos,0.33570617
ImageBind,mscoco,Txt-Img,Pos,0.39340392
ImageBind,mscoco,Txt-Img,Pos,0.3264241
ImageBind,mscoco,Txt-Img,Pos,0.25517744
ImageBind,mscoco,Txt-Img,Pos,0.27012283
ImageBind,mscoco,Txt-Img,Pos,0.27619174
ImageBind,mscoco,Txt-Img,Pos,0.2569137
ImageBind,mscoco,Txt-Img,Pos,0.39987567
ImageBind,mscoco,Txt-Img,Pos,0.3443002
ImageBind,mscoco,Txt-Img,Pos,0.36710548
ImageBind,mscoco,Txt-Img,Pos,0.293458
ImageBind,mscoco,Txt-Img,Pos,0.31249282
ImageBind,mscoco,Txt-Img,Pos,0.26952356
ImageBind,mscoco,Txt-Img,Pos,0.2410226
ImageBind,mscoco,Txt-Img,Pos,0.31607306
ImageBind,mscoco,Txt-Img,Pos,0.23682207
ImageBind,mscoco,Txt-Img,Pos,0.25021878
ImageBind,mscoco,Txt-Img,Pos,0.32662842
ImageBind,mscoco,Txt-Img,Pos,0.3496966
ImageBind,mscoco,Txt-Img,Pos,0.28998747
ImageBind,mscoco,Txt-Img,Pos,0.30483502
ImageBind,mscoco,Txt-Img,Pos,0.29680163
ImageBind,mscoco,Txt-Img,Pos,0.3225434
ImageBind,mscoco,Txt-Img,Pos,0.35029188
ImageBind,mscoco,Txt-Img,Pos,0.25732595
ImageBind,mscoco,Txt-Img,Pos,0.3447147
ImageBind,mscoco,Txt-Img,Pos,0.26094428
ImageBind,mscoco,Txt-Img,Pos,0.27132094
ImageBind,mscoco,Txt-Img,Pos,0.2817997
ImageBind,mscoco,Txt-Img,Pos,0.27292806
ImageBind,mscoco,Txt-Img,Pos,0.35740593
ImageBind,mscoco,Txt-Img,Pos,0.30063096
ImageBind,mscoco,Txt-Img,Pos,0.30728132
ImageBind,mscoco,Txt-Img,Pos,0.39631474
ImageBind,mscoco,Txt-Img,Pos,0.30329853
ImageBind,mscoco,Txt-Img,Pos,0.32304668
ImageBind,mscoco,Txt-Img,Pos,0.3349222
ImageBind,mscoco,Txt-Img,Pos,0.27506655
ImageBind,mscoco,Txt-Img,Pos,0.3218094
ImageBind,mscoco,Txt-Img,Pos,0.3483704
ImageBind,mscoco,Txt-Img,Pos,0.351026
ImageBind,mscoco,Txt-Img,Pos,0.40680218
ImageBind,mscoco,Txt-Img,Pos,0.17434037
ImageBind,mscoco,Txt-Img,Pos,0.35247207
ImageBind,mscoco,Txt-Img,Pos,0.23854701
ImageBind,mscoco,Txt-Img,Pos,0.279212
ImageBind,mscoco,Txt-Img,Pos,0.26881534
ImageBind,mscoco,Txt-Img,Pos,0.39997798
ImageBind,mscoco,Txt-Img,Pos,0.33005527
ImageBind,mscoco,Txt-Img,Pos,0.2938568
ImageBind,mscoco,Txt-Img,Pos,0.26830006
ImageBind,mscoco,Txt-Img,Pos,0.35272112
ImageBind,mscoco,Txt-Img,Pos,0.32275283
ImageBind,mscoco,Txt-Img,Pos,0.2207914
ImageBind,mscoco,Txt-Img,Pos,0.2233801
ImageBind,mscoco,Txt-Img,Pos,0.3017875
ImageBind,mscoco,Txt-Img,Pos,0.2421532
ImageBind,mscoco,Txt-Img,Pos,0.2760417
ImageBind,mscoco,Txt-Img,Pos,0.33520737
ImageBind,mscoco,Txt-Img,Pos,0.3066779
ImageBind,mscoco,Txt-Img,Pos,0.3119341
ImageBind,mscoco,Txt-Img,Pos,0.279581
ImageBind,mscoco,Txt-Img,Pos,0.2999863
ImageBind,mscoco,Txt-Img,Pos,0.32018292
ImageBind,mscoco,Txt-Img,Pos,0.3017382
ImageBind,mscoco,Txt-Img,Pos,0.3215387
ImageBind,mscoco,Txt-Img,Pos,0.29839802
ImageBind,mscoco,Txt-Img,Pos,0.26776227
ImageBind,mscoco,Txt-Img,Pos,0.38420826
ImageBind,mscoco,Txt-Img,Pos,0.3247053
ImageBind,mscoco,Txt-Img,Pos,0.28385377
ImageBind,mscoco,Txt-Img,Pos,0.33659208
ImageBind,mscoco,Txt-Img,Pos,0.20143197
ImageBind,mscoco,Txt-Img,Pos,0.31236577
ImageBind,mscoco,Txt-Img,Pos,0.34930354
ImageBind,mscoco,Txt-Img,Pos,0.3520141
ImageBind,mscoco,Txt-Img,Pos,0.38842595
ImageBind,mscoco,Txt-Img,Pos,0.32108098
ImageBind,mscoco,Txt-Img,Pos,0.35085335
ImageBind,mscoco,Txt-Img,Pos,0.3336506
ImageBind,mscoco,Txt-Img,Pos,0.26797867
ImageBind,mscoco,Txt-Img,Pos,0.3248754
ImageBind,mscoco,Txt-Img,Pos,0.25970444
ImageBind,mscoco,Txt-Img,Pos,0.28377384
ImageBind,mscoco,Txt-Img,Pos,0.2837225
ImageBind,mscoco,Txt-Img,Pos,0.3488423
ImageBind,mscoco,Txt-Img,Pos,0.24924338
ImageBind,mscoco,Txt-Img,Pos,0.384174
ImageBind,mscoco,Txt-Img,Pos,0.36658764
ImageBind,mscoco,Txt-Img,Pos,0.2546608
ImageBind,mscoco,Txt-Img,Pos,0.2895308
ImageBind,mscoco,Txt-Img,Pos,0.27236742
ImageBind,mscoco,Txt-Img,Pos,0.31549576
ImageBind,mscoco,Txt-Img,Pos,0.40041205
ImageBind,mscoco,Txt-Img,Pos,0.32092947
ImageBind,mscoco,Txt-Img,Pos,0.33454102
ImageBind,mscoco,Txt-Img,Pos,0.30300954
ImageBind,mscoco,Txt-Img,Pos,0.16684513
ImageBind,mscoco,Txt-Img,Pos,0.34078267
ImageBind,mscoco,Txt-Img,Pos,0.359654
ImageBind,mscoco,Txt-Img,Pos,0.33420348
ImageBind,mscoco,Txt-Img,Pos,0.40938792
ImageBind,mscoco,Txt-Img,Pos,0.2014107
ImageBind,mscoco,Txt-Img,Pos,0.28376988
ImageBind,mscoco,Txt-Img,Pos,0.34461254
ImageBind,mscoco,Txt-Img,Pos,0.24876925
ImageBind,mscoco,Txt-Img,Pos,0.25164154
ImageBind,mscoco,Txt-Img,Pos,0.3066172
ImageBind,mscoco,Txt-Img,Pos,0.3482647
ImageBind,mscoco,Txt-Img,Pos,0.27112892
ImageBind,mscoco,Txt-Img,Pos,0.3611436
ImageBind,mscoco,Txt-Img,Pos,0.27569208
ImageBind,mscoco,Txt-Img,Pos,0.33439085
ImageBind,mscoco,Txt-Img,Pos,0.26535386
ImageBind,mscoco,Txt-Img,Pos,0.3864848
ImageBind,mscoco,Txt-Img,Pos,0.33859968
ImageBind,mscoco,Txt-Img,Pos,0.35783812
ImageBind,mscoco,Txt-Img,Pos,0.26643947
ImageBind,mscoco,Txt-Img,Pos,0.36190957
ImageBind,mscoco,Txt-Img,Pos,0.36082757
ImageBind,mscoco,Txt-Img,Pos,0.3986873
ImageBind,mscoco,Txt-Img,Pos,0.3034914
ImageBind,mscoco,Txt-Img,Pos,0.27225164
ImageBind,mscoco,Txt-Img,Pos,0.27751166
ImageBind,mscoco,Txt-Img,Pos,0.32771987
ImageBind,mscoco,Txt-Img,Pos,0.27901596
ImageBind,mscoco,Txt-Img,Pos,0.2787792
ImageBind,mscoco,Txt-Img,Pos,0.29541013
ImageBind,mscoco,Txt-Img,Pos,0.39005044
ImageBind,mscoco,Txt-Img,Pos,0.34619108
ImageBind,mscoco,Txt-Img,Pos,0.28778896
ImageBind,mscoco,Txt-Img,Pos,0.3475371
ImageBind,mscoco,Txt-Img,Pos,0.22817497
ImageBind,mscoco,Txt-Img,Pos,0.3361224
ImageBind,mscoco,Txt-Img,Pos,0.2407035
ImageBind,mscoco,Txt-Img,Pos,0.23565158
ImageBind,mscoco,Txt-Img,Pos,0.34399512
ImageBind,mscoco,Txt-Img,Pos,0.35128787
ImageBind,mscoco,Txt-Img,Pos,0.3675096
ImageBind,mscoco,Txt-Img,Pos,0.19903436
ImageBind,mscoco,Txt-Img,Pos,0.33637834
ImageBind,mscoco,Txt-Img,Pos,0.36222064
ImageBind,mscoco,Txt-Img,Pos,0.37106222
ImageBind,mscoco,Txt-Img,Pos,0.3291149
ImageBind,mscoco,Txt-Img,Pos,0.36043307
ImageBind,mscoco,Txt-Img,Pos,0.3617478
ImageBind,mscoco,Txt-Img,Pos,0.35704708
ImageBind,mscoco,Txt-Img,Pos,0.30313927
ImageBind,mscoco,Txt-Img,Pos,0.16692883
ImageBind,mscoco,Txt-Img,Pos,0.346906
ImageBind,mscoco,Txt-Img,Pos,0.28195494
ImageBind,mscoco,Txt-Img,Pos,0.30606586
ImageBind,mscoco,Txt-Img,Pos,0.30155244
ImageBind,mscoco,Txt-Img,Pos,0.26981515
ImageBind,mscoco,Txt-Img,Pos,0.34858474
ImageBind,mscoco,Txt-Img,Pos,0.37029004
ImageBind,mscoco,Txt-Img,Pos,0.26202795
ImageBind,mscoco,Txt-Img,Pos,0.35411263
ImageBind,mscoco,Txt-Img,Pos,0.30840263
ImageBind,mscoco,Txt-Img,Pos,0.38756743
ImageBind,mscoco,Txt-Img,Pos,0.29018128
ImageBind,mscoco,Txt-Img,Pos,0.29522252
ImageBind,mscoco,Txt-Img,Pos,0.3178706
ImageBind,mscoco,Txt-Img,Pos,0.3612496
ImageBind,mscoco,Txt-Img,Pos,0.28026894
ImageBind,mscoco,Txt-Img,Pos,0.2580199
ImageBind,mscoco,Txt-Img,Pos,0.24967311
ImageBind,mscoco,Txt-Img,Pos,0.31641874
ImageBind,mscoco,Txt-Img,Pos,0.26559755
ImageBind,mscoco,Txt-Img,Pos,0.38122693
ImageBind,mscoco,Txt-Img,Pos,0.30823186
ImageBind,mscoco,Txt-Img,Pos,0.31866202
ImageBind,mscoco,Txt-Img,Pos,0.27871
ImageBind,mscoco,Txt-Img,Pos,0.3024012
ImageBind,mscoco,Txt-Img,Pos,0.31674698
ImageBind,mscoco,Txt-Img,Pos,0.38618058
ImageBind,mscoco,Txt-Img,Pos,0.3837288
ImageBind,mscoco,Txt-Img,Pos,0.42313418
ImageBind,mscoco,Txt-Img,Pos,0.27342087
ImageBind,mscoco,Txt-Img,Pos,0.28239065
ImageBind,mscoco,Txt-Img,Pos,0.3510491
ImageBind,mscoco,Txt-Img,Pos,0.27117932
ImageBind,mscoco,Txt-Img,Pos,0.37549216
ImageBind,mscoco,Txt-Img,Pos,0.2544095
ImageBind,mscoco,Txt-Img,Pos,0.30057105
ImageBind,mscoco,Txt-Img,Pos,0.34443164
ImageBind,mscoco,Txt-Img,Pos,0.429593
ImageBind,mscoco,Txt-Img,Pos,0.37956065
ImageBind,mscoco,Txt-Img,Pos,0.30139497
ImageBind,mscoco,Txt-Img,Pos,0.35558465
ImageBind,mscoco,Txt-Img,Pos,0.27902094
ImageBind,mscoco,Txt-Img,Pos,0.31432545
ImageBind,mscoco,Txt-Img,Pos,0.38285753
ImageBind,mscoco,Txt-Img,Pos,0.2769816
ImageBind,mscoco,Txt-Img,Pos,0.3055483
ImageBind,mscoco,Txt-Img,Pos,0.30210537
ImageBind,mscoco,Txt-Img,Pos,0.2671109
ImageBind,mscoco,Txt-Img,Pos,0.33365485
ImageBind,mscoco,Txt-Img,Pos,0.37969697
ImageBind,mscoco,Txt-Img,Pos,0.33851516
ImageBind,mscoco,Txt-Img,Pos,0.260986
ImageBind,mscoco,Txt-Img,Pos,0.3605055
ImageBind,mscoco,Txt-Img,Pos,0.33724347
ImageBind,mscoco,Txt-Img,Pos,0.24075799
ImageBind,mscoco,Txt-Img,Pos,0.28676406
ImageBind,mscoco,Txt-Img,Pos,0.35866946
ImageBind,mscoco,Txt-Img,Pos,0.3903199
ImageBind,mscoco,Txt-Img,Pos,0.32390887
ImageBind,mscoco,Txt-Img,Pos,0.34850806
ImageBind,mscoco,Txt-Img,Pos,0.30698115
ImageBind,mscoco,Txt-Img,Pos,0.3758915
ImageBind,mscoco,Txt-Img,Pos,0.37875348
ImageBind,mscoco,Txt-Img,Pos,0.31405032
ImageBind,mscoco,Txt-Img,Pos,0.32064018
ImageBind,mscoco,Txt-Img,Pos,0.273301
ImageBind,mscoco,Txt-Img,Pos,0.197457
ImageBind,mscoco,Txt-Img,Pos,0.34095675
ImageBind,mscoco,Txt-Img,Pos,0.2901381
ImageBind,mscoco,Txt-Img,Pos,0.3118737
ImageBind,mscoco,Txt-Img,Pos,0.3489591
ImageBind,mscoco,Txt-Img,Pos,0.29139924
ImageBind,mscoco,Txt-Img,Pos,0.24925974
ImageBind,mscoco,Txt-Img,Pos,0.32776344
ImageBind,mscoco,Txt-Img,Pos,0.22838008
ImageBind,mscoco,Txt-Img,Pos,0.29505843
ImageBind,mscoco,Txt-Img,Pos,0.24037932
ImageBind,mscoco,Txt-Img,Pos,0.33097562
ImageBind,mscoco,Txt-Img,Pos,0.27625716
ImageBind,mscoco,Txt-Img,Pos,0.34248385
ImageBind,mscoco,Txt-Img,Pos,0.38100728
ImageBind,mscoco,Txt-Img,Pos,0.25221708
ImageBind,mscoco,Txt-Img,Pos,0.3239737
ImageBind,mscoco,Txt-Img,Pos,0.32137924
ImageBind,mscoco,Txt-Img,Pos,0.33249092
ImageBind,mscoco,Txt-Img,Pos,0.32313398
ImageBind,mscoco,Txt-Img,Pos,0.22572652
ImageBind,mscoco,Txt-Img,Pos,0.35113966
ImageBind,mscoco,Txt-Img,Pos,0.2617597
ImageBind,mscoco,Txt-Img,Pos,0.27279776
ImageBind,mscoco,Txt-Img,Pos,0.3136147
ImageBind,mscoco,Txt-Img,Pos,0.37882647
ImageBind,mscoco,Txt-Img,Pos,0.31608424
ImageBind,mscoco,Txt-Img,Pos,0.31680807
ImageBind,mscoco,Txt-Img,Pos,0.23523414
ImageBind,mscoco,Txt-Img,Pos,0.36776316
ImageBind,mscoco,Txt-Img,Pos,0.33524153
ImageBind,mscoco,Txt-Img,Pos,0.16109724
ImageBind,mscoco,Txt-Img,Pos,0.3395636
ImageBind,mscoco,Txt-Img,Pos,0.29833102
ImageBind,mscoco,Txt-Img,Pos,0.30555362
ImageBind,mscoco,Txt-Img,Pos,0.3087654
ImageBind,mscoco,Txt-Img,Pos,0.3718118
ImageBind,mscoco,Txt-Img,Pos,0.30956596
ImageBind,mscoco,Txt-Img,Pos,0.2773979
ImageBind,mscoco,Txt-Img,Pos,0.28456885
ImageBind,mscoco,Txt-Img,Pos,0.29411185
ImageBind,mscoco,Txt-Img,Pos,0.21241307
ImageBind,mscoco,Txt-Img,Pos,0.31234753
ImageBind,mscoco,Txt-Img,Pos,0.33977264
ImageBind,mscoco,Txt-Img,Pos,0.30651808
ImageBind,mscoco,Txt-Img,Pos,0.34447953
ImageBind,mscoco,Txt-Img,Pos,0.31087646
ImageBind,mscoco,Txt-Img,Pos,0.24813715
ImageBind,mscoco,Txt-Img,Pos,0.30721465
ImageBind,mscoco,Txt-Img,Pos,0.23122917
ImageBind,mscoco,Txt-Img,Pos,0.28133327
ImageBind,mscoco,Txt-Img,Pos,0.32287607
ImageBind,mscoco,Txt-Img,Pos,0.23919687
ImageBind,mscoco,Txt-Img,Pos,0.32699484
ImageBind,mscoco,Txt-Img,Pos,0.40337595
ImageBind,mscoco,Txt-Img,Pos,0.38491294
ImageBind,mscoco,Txt-Img,Pos,0.298228
ImageBind,mscoco,Txt-Img,Pos,0.3027953
ImageBind,mscoco,Txt-Img,Pos,0.3008904
ImageBind,mscoco,Txt-Img,Pos,0.36505193
ImageBind,mscoco,Txt-Img,Pos,0.26953247
ImageBind,mscoco,Txt-Img,Pos,0.32975176
ImageBind,mscoco,Txt-Img,Pos,0.32291865
ImageBind,mscoco,Txt-Img,Pos,0.38011575
ImageBind,mscoco,Txt-Img,Pos,0.32415342
ImageBind,mscoco,Txt-Img,Pos,0.25754023
ImageBind,mscoco,Txt-Img,Pos,0.3657925
ImageBind,mscoco,Txt-Img,Pos,0.28930205
ImageBind,mscoco,Txt-Img,Pos,0.36954415
ImageBind,mscoco,Txt-Img,Pos,0.15759018
ImageBind,mscoco,Txt-Img,Pos,0.28858846
ImageBind,mscoco,Txt-Img,Pos,0.36082777
ImageBind,mscoco,Txt-Img,Pos,0.32886317
ImageBind,mscoco,Txt-Img,Pos,0.24572465
ImageBind,mscoco,Txt-Img,Pos,0.29734623
ImageBind,mscoco,Txt-Img,Pos,0.35324234
ImageBind,mscoco,Txt-Img,Pos,0.30809265
ImageBind,mscoco,Txt-Img,Pos,0.3156828
ImageBind,mscoco,Txt-Img,Pos,0.27609223
ImageBind,mscoco,Txt-Img,Pos,0.35118663
ImageBind,mscoco,Txt-Img,Pos,0.37326485
ImageBind,mscoco,Txt-Img,Pos,0.37449777
ImageBind,mscoco,Txt-Img,Pos,0.42638767
ImageBind,mscoco,Txt-Img,Pos,0.38333234
ImageBind,mscoco,Txt-Img,Pos,0.40287966
ImageBind,mscoco,Txt-Img,Pos,0.18437904
ImageBind,mscoco,Txt-Img,Pos,0.28582156
ImageBind,mscoco,Txt-Img,Pos,0.35477853
ImageBind,mscoco,Txt-Img,Pos,0.34719667
ImageBind,mscoco,Txt-Img,Pos,0.34258395
ImageBind,mscoco,Txt-Img,Pos,0.34878325
ImageBind,mscoco,Txt-Img,Pos,0.39776823
ImageBind,mscoco,Txt-Img,Pos,0.29805315
ImageBind,mscoco,Txt-Img,Pos,0.36931098
ImageBind,mscoco,Txt-Img,Pos,0.4033325
ImageBind,mscoco,Txt-Img,Pos,0.34293625
ImageBind,mscoco,Txt-Img,Pos,0.28398672
ImageBind,mscoco,Txt-Img,Pos,0.33605707
ImageBind,mscoco,Txt-Img,Pos,0.36852956
ImageBind,mscoco,Txt-Img,Pos,0.3602496
ImageBind,mscoco,Txt-Img,Pos,0.274454
ImageBind,mscoco,Txt-Img,Pos,0.31694466
ImageBind,mscoco,Txt-Img,Pos,0.27884832
ImageBind,mscoco,Txt-Img,Pos,0.32304907
ImageBind,mscoco,Txt-Img,Pos,0.34341177
ImageBind,mscoco,Txt-Img,Pos,0.38637102
ImageBind,mscoco,Txt-Img,Pos,0.22705561
ImageBind,mscoco,Txt-Img,Pos,0.19269767
ImageBind,mscoco,Txt-Img,Pos,0.3581928
ImageBind,mscoco,Txt-Img,Pos,0.3870736
ImageBind,mscoco,Txt-Img,Pos,0.3170011
ImageBind,mscoco,Txt-Img,Pos,0.2777626
ImageBind,mscoco,Txt-Img,Pos,0.3200652
ImageBind,mscoco,Txt-Img,Pos,0.36015084
ImageBind,mscoco,Txt-Img,Pos,0.28712505
ImageBind,mscoco,Txt-Img,Pos,0.3554109
ImageBind,mscoco,Txt-Img,Pos,0.28840816
ImageBind,mscoco,Txt-Img,Pos,0.37298045
ImageBind,mscoco,Txt-Img,Pos,0.16412495
ImageBind,mscoco,Txt-Img,Pos,0.2722547
ImageBind,mscoco,Txt-Img,Pos,0.3845233
ImageBind,mscoco,Txt-Img,Pos,0.32880583
ImageBind,mscoco,Txt-Img,Pos,0.30915356
ImageBind,mscoco,Txt-Img,Pos,0.30519718
ImageBind,mscoco,Txt-Img,Pos,0.342993
ImageBind,mscoco,Txt-Img,Pos,0.31577808
ImageBind,mscoco,Txt-Img,Pos,0.37709635
ImageBind,mscoco,Txt-Img,Pos,0.33232513
ImageBind,mscoco,Txt-Img,Pos,0.3330837
ImageBind,mscoco,Txt-Img,Pos,0.324049
ImageBind,mscoco,Txt-Img,Pos,0.29958403
ImageBind,mscoco,Txt-Img,Pos,0.2550304
ImageBind,mscoco,Txt-Img,Pos,0.3180443
ImageBind,mscoco,Txt-Img,Pos,0.3481316
ImageBind,mscoco,Txt-Img,Pos,0.3249099
ImageBind,mscoco,Txt-Img,Pos,0.3294568
ImageBind,mscoco,Txt-Img,Pos,0.36463702
ImageBind,mscoco,Txt-Img,Pos,0.32925764
ImageBind,mscoco,Txt-Img,Pos,0.33372876
ImageBind,mscoco,Txt-Img,Pos,0.2952166
ImageBind,mscoco,Txt-Img,Pos,0.3908769
ImageBind,mscoco,Txt-Img,Pos,0.30383795
ImageBind,mscoco,Txt-Img,Pos,0.29320502
ImageBind,mscoco,Txt-Img,Pos,0.26015046
ImageBind,mscoco,Txt-Img,Pos,0.26992688
ImageBind,mscoco,Txt-Img,Pos,0.33787057
ImageBind,mscoco,Txt-Img,Pos,0.30422854
ImageBind,mscoco,Txt-Img,Pos,0.28414935
ImageBind,mscoco,Txt-Img,Pos,0.32266843
ImageBind,mscoco,Txt-Img,Pos,0.35523963
ImageBind,mscoco,Txt-Img,Pos,0.370952
ImageBind,mscoco,Txt-Img,Pos,0.28950998
ImageBind,mscoco,Txt-Img,Pos,0.34978807
ImageBind,mscoco,Txt-Img,Pos,0.3171029
ImageBind,mscoco,Txt-Img,Pos,0.3205912
ImageBind,mscoco,Txt-Img,Pos,0.31477427
ImageBind,mscoco,Txt-Img,Pos,0.3671768
ImageBind,mscoco,Txt-Img,Pos,0.33258474
ImageBind,mscoco,Txt-Img,Pos,0.26378092
ImageBind,mscoco,Txt-Img,Pos,0.36664367
ImageBind,mscoco,Txt-Img,Pos,0.3561804
ImageBind,mscoco,Txt-Img,Pos,0.3947669
ImageBind,mscoco,Txt-Img,Pos,0.3150067
ImageBind,mscoco,Txt-Img,Pos,0.2395926
ImageBind,mscoco,Txt-Img,Pos,0.3103268
ImageBind,mscoco,Txt-Img,Pos,0.35344735
ImageBind,mscoco,Txt-Img,Pos,0.2900618
ImageBind,mscoco,Txt-Img,Pos,0.32800153
ImageBind,mscoco,Txt-Img,Pos,0.30600414
ImageBind,mscoco,Txt-Img,Pos,0.32887694
ImageBind,mscoco,Txt-Img,Pos,0.28995863
ImageBind,mscoco,Txt-Img,Pos,0.27359006
ImageBind,mscoco,Txt-Img,Pos,0.34289807
ImageBind,mscoco,Txt-Img,Pos,0.30890474
ImageBind,mscoco,Txt-Img,Pos,0.33465847
ImageBind,mscoco,Txt-Img,Pos,0.30701682
ImageBind,mscoco,Txt-Img,Pos,0.36411113
ImageBind,mscoco,Txt-Img,Pos,0.29588693
ImageBind,mscoco,Txt-Img,Pos,0.38166076
ImageBind,mscoco,Txt-Img,Pos,0.3203897
ImageBind,mscoco,Txt-Img,Pos,0.32797158
ImageBind,mscoco,Txt-Img,Pos,0.33830523
ImageBind,mscoco,Txt-Img,Pos,0.26501533
ImageBind,mscoco,Txt-Img,Pos,0.38998765
ImageBind,mscoco,Txt-Img,Pos,0.36132866
ImageBind,mscoco,Txt-Img,Pos,0.2973817
ImageBind,mscoco,Txt-Img,Pos,0.3305183
ImageBind,mscoco,Txt-Img,Pos,0.32330465
ImageBind,mscoco,Txt-Img,Pos,0.3574743
ImageBind,mscoco,Txt-Img,Pos,0.3772926
ImageBind,mscoco,Txt-Img,Pos,0.2972234
ImageBind,mscoco,Txt-Img,Pos,0.26726484
ImageBind,mscoco,Txt-Img,Pos,0.27169907
ImageBind,mscoco,Txt-Img,Pos,0.30261198
ImageBind,mscoco,Txt-Img,Pos,0.19711192
ImageBind,mscoco,Txt-Img,Pos,0.2633784
ImageBind,mscoco,Txt-Img,Pos,0.25413263
ImageBind,mscoco,Txt-Img,Pos,0.30780044
ImageBind,mscoco,Txt-Img,Pos,0.36837018
ImageBind,mscoco,Txt-Img,Pos,0.4114493
ImageBind,mscoco,Txt-Img,Pos,0.4096695
ImageBind,mscoco,Txt-Img,Pos,0.32508615
ImageBind,mscoco,Txt-Img,Pos,0.33798876
ImageBind,mscoco,Txt-Img,Pos,0.31675985
ImageBind,mscoco,Txt-Img,Pos,0.30429703
ImageBind,mscoco,Txt-Img,Pos,0.31424582
ImageBind,mscoco,Txt-Img,Pos,0.394903
ImageBind,mscoco,Txt-Img,Pos,0.33622754
ImageBind,mscoco,Txt-Img,Pos,0.35362005
ImageBind,mscoco,Txt-Img,Pos,0.2504666
ImageBind,mscoco,Txt-Img,Pos,0.4178825
ImageBind,mscoco,Txt-Img,Pos,0.3241674
ImageBind,mscoco,Txt-Img,Pos,0.34161484
ImageBind,mscoco,Txt-Img,Pos,0.3112586
ImageBind,mscoco,Txt-Img,Pos,0.35709748
ImageBind,mscoco,Txt-Img,Pos,0.33432913
ImageBind,mscoco,Txt-Img,Pos,0.30371562
ImageBind,mscoco,Txt-Img,Pos,0.3392384
ImageBind,mscoco,Txt-Img,Pos,0.24171859
ImageBind,mscoco,Txt-Img,Pos,0.33787388
ImageBind,mscoco,Txt-Img,Pos,0.3480479
ImageBind,mscoco,Txt-Img,Pos,0.22318877
ImageBind,mscoco,Txt-Img,Pos,0.25918114
ImageBind,mscoco,Txt-Img,Pos,0.33810502
ImageBind,mscoco,Txt-Img,Pos,0.32951576
ImageBind,mscoco,Txt-Img,Pos,0.28643
ImageBind,mscoco,Txt-Img,Pos,0.36139596
ImageBind,mscoco,Txt-Img,Pos,0.3063172
ImageBind,mscoco,Txt-Img,Pos,0.34999204
ImageBind,mscoco,Txt-Img,Pos,0.27481216
ImageBind,mscoco,Txt-Img,Pos,0.37795228
ImageBind,mscoco,Txt-Img,Pos,0.2660412
ImageBind,mscoco,Txt-Img,Pos,0.29404595
ImageBind,mscoco,Txt-Img,Pos,0.23596057
ImageBind,mscoco,Txt-Img,Pos,0.31268144
ImageBind,mscoco,Txt-Img,Pos,0.3121286
ImageBind,mscoco,Txt-Img,Pos,0.41010782
ImageBind,mscoco,Txt-Img,Pos,0.34545234
ImageBind,mscoco,Txt-Img,Pos,0.28285408
ImageBind,mscoco,Txt-Img,Pos,0.26671222
ImageBind,mscoco,Txt-Img,Pos,0.3539425
ImageBind,mscoco,Txt-Img,Pos,0.33203018
ImageBind,mscoco,Txt-Img,Pos,0.34512717
ImageBind,mscoco,Txt-Img,Pos,0.27373105
ImageBind,mscoco,Txt-Img,Pos,0.36123675
ImageBind,mscoco,Txt-Img,Pos,0.30366248
ImageBind,mscoco,Txt-Img,Pos,0.38929814
ImageBind,mscoco,Txt-Img,Pos,0.30309045
ImageBind,mscoco,Txt-Img,Pos,0.33940482
ImageBind,mscoco,Txt-Img,Pos,0.3209822
ImageBind,mscoco,Txt-Img,Pos,0.26694417
ImageBind,mscoco,Txt-Img,Pos,0.2893316
ImageBind,mscoco,Txt-Img,Pos,0.33218837
ImageBind,mscoco,Txt-Img,Pos,0.34634334
ImageBind,mscoco,Txt-Img,Pos,0.18934274
ImageBind,mscoco,Txt-Img,Pos,0.2979379
ImageBind,mscoco,Txt-Img,Pos,0.30613184
ImageBind,mscoco,Txt-Img,Pos,0.21848057
ImageBind,mscoco,Txt-Img,Pos,0.36202565
ImageBind,mscoco,Txt-Img,Pos,0.30841914
ImageBind,mscoco,Txt-Img,Pos,0.31138125
ImageBind,mscoco,Txt-Img,Pos,0.3134726
ImageBind,mscoco,Txt-Img,Pos,0.34449267
ImageBind,mscoco,Txt-Img,Pos,0.2844002
ImageBind,mscoco,Txt-Img,Pos,0.2713174
ImageBind,mscoco,Txt-Img,Pos,0.3696823
ImageBind,mscoco,Txt-Img,Pos,0.37911567
ImageBind,mscoco,Txt-Img,Pos,0.40185338
ImageBind,mscoco,Txt-Img,Pos,0.35797864
ImageBind,mscoco,Txt-Img,Pos,0.33826736
ImageBind,mscoco,Txt-Img,Pos,0.33143863
ImageBind,mscoco,Txt-Img,Pos,0.3474614
ImageBind,mscoco,Txt-Img,Pos,0.31692123
ImageBind,mscoco,Txt-Img,Pos,0.33724245
ImageBind,mscoco,Txt-Img,Pos,0.32373875
ImageBind,mscoco,Txt-Img,Pos,0.3427136
ImageBind,mscoco,Txt-Img,Pos,0.33718014
ImageBind,mscoco,Txt-Img,Pos,0.3424695
ImageBind,mscoco,Txt-Img,Pos,0.29594332
ImageBind,mscoco,Txt-Txt,Neg,0.10461462
ImageBind,mscoco,Txt-Txt,Neg,0.25912204
ImageBind,mscoco,Txt-Txt,Neg,0.22518253
ImageBind,mscoco,Txt-Txt,Neg,0.49503362
ImageBind,mscoco,Txt-Txt,Neg,0.188638
ImageBind,mscoco,Txt-Txt,Neg,0.2631857
ImageBind,mscoco,Txt-Txt,Neg,0.34348154
ImageBind,mscoco,Txt-Txt,Neg,0.20336218
ImageBind,mscoco,Txt-Txt,Neg,0.14177936
ImageBind,mscoco,Txt-Txt,Neg,0.13099343
ImageBind,mscoco,Txt-Txt,Neg,0.21432522
ImageBind,mscoco,Txt-Txt,Neg,0.22362491
ImageBind,mscoco,Txt-Txt,Neg,0.15571329
ImageBind,mscoco,Txt-Txt,Neg,0.24767351
ImageBind,mscoco,Txt-Txt,Neg,0.33968136
ImageBind,mscoco,Txt-Txt,Neg,0.32756642
ImageBind,mscoco,Txt-Txt,Neg,0.17198105
ImageBind,mscoco,Txt-Txt,Neg,0.11558594
ImageBind,mscoco,Txt-Txt,Neg,0.28481293
ImageBind,mscoco,Txt-Txt,Neg,0.16427486
ImageBind,mscoco,Txt-Txt,Neg,0.22917658
ImageBind,mscoco,Txt-Txt,Neg,0.19962782
ImageBind,mscoco,Txt-Txt,Neg,0.14992534
ImageBind,mscoco,Txt-Txt,Neg,0.30217814
ImageBind,mscoco,Txt-Txt,Neg,0.17346731
ImageBind,mscoco,Txt-Txt,Neg,0.12465082
ImageBind,mscoco,Txt-Txt,Neg,0.17275327
ImageBind,mscoco,Txt-Txt,Neg,0.22922173
ImageBind,mscoco,Txt-Txt,Neg,0.3434344
ImageBind,mscoco,Txt-Txt,Neg,0.22648244
ImageBind,mscoco,Txt-Txt,Neg,0.24773996
ImageBind,mscoco,Txt-Txt,Neg,0.33596036
ImageBind,mscoco,Txt-Txt,Neg,0.35354143
ImageBind,mscoco,Txt-Txt,Neg,0.1399768
ImageBind,mscoco,Txt-Txt,Neg,0.1974009
ImageBind,mscoco,Txt-Txt,Neg,0.27224487
ImageBind,mscoco,Txt-Txt,Neg,0.1742026
ImageBind,mscoco,Txt-Txt,Neg,0.104041055
ImageBind,mscoco,Txt-Txt,Neg,0.15403745
ImageBind,mscoco,Txt-Txt,Neg,0.0991291
ImageBind,mscoco,Txt-Txt,Neg,0.21250202
ImageBind,mscoco,Txt-Txt,Neg,0.15474878
ImageBind,mscoco,Txt-Txt,Neg,0.3193819
ImageBind,mscoco,Txt-Txt,Neg,0.23947689
ImageBind,mscoco,Txt-Txt,Neg,0.042576816
ImageBind,mscoco,Txt-Txt,Neg,0.25084803
ImageBind,mscoco,Txt-Txt,Neg,0.215662
ImageBind,mscoco,Txt-Txt,Neg,0.4685033
ImageBind,mscoco,Txt-Txt,Neg,0.25892618
ImageBind,mscoco,Txt-Txt,Neg,0.20424114
ImageBind,mscoco,Txt-Txt,Neg,0.1585766
ImageBind,mscoco,Txt-Txt,Neg,0.2305457
ImageBind,mscoco,Txt-Txt,Neg,0.16584851
ImageBind,mscoco,Txt-Txt,Neg,0.3205908
ImageBind,mscoco,Txt-Txt,Neg,-0.0015820507
ImageBind,mscoco,Txt-Txt,Neg,0.1716937
ImageBind,mscoco,Txt-Txt,Neg,0.17304988
ImageBind,mscoco,Txt-Txt,Neg,0.17821388
ImageBind,mscoco,Txt-Txt,Neg,0.17643952
ImageBind,mscoco,Txt-Txt,Neg,0.2930772
ImageBind,mscoco,Txt-Txt,Neg,0.35541433
ImageBind,mscoco,Txt-Txt,Neg,0.18128066
ImageBind,mscoco,Txt-Txt,Neg,0.11981648
ImageBind,mscoco,Txt-Txt,Neg,0.23806036
ImageBind,mscoco,Txt-Txt,Neg,0.13079862
ImageBind,mscoco,Txt-Txt,Neg,0.034517415
ImageBind,mscoco,Txt-Txt,Neg,0.16336927
ImageBind,mscoco,Txt-Txt,Neg,0.24482432
ImageBind,mscoco,Txt-Txt,Neg,0.048498236
ImageBind,mscoco,Txt-Txt,Neg,0.18159726
ImageBind,mscoco,Txt-Txt,Neg,0.14037964
ImageBind,mscoco,Txt-Txt,Neg,0.10893237
ImageBind,mscoco,Txt-Txt,Neg,0.24186514
ImageBind,mscoco,Txt-Txt,Neg,0.05997625
ImageBind,mscoco,Txt-Txt,Neg,0.13543676
ImageBind,mscoco,Txt-Txt,Neg,0.16777693
ImageBind,mscoco,Txt-Txt,Neg,0.20878664
ImageBind,mscoco,Txt-Txt,Neg,0.10488119
ImageBind,mscoco,Txt-Txt,Neg,0.21576367
ImageBind,mscoco,Txt-Txt,Neg,0.2923333
ImageBind,mscoco,Txt-Txt,Neg,0.1967885
ImageBind,mscoco,Txt-Txt,Neg,0.14667696
ImageBind,mscoco,Txt-Txt,Neg,0.33778718
ImageBind,mscoco,Txt-Txt,Neg,0.26535687
ImageBind,mscoco,Txt-Txt,Neg,0.16692178
ImageBind,mscoco,Txt-Txt,Neg,0.12256328
ImageBind,mscoco,Txt-Txt,Neg,0.2740232
ImageBind,mscoco,Txt-Txt,Neg,0.19863507
ImageBind,mscoco,Txt-Txt,Neg,0.3067192
ImageBind,mscoco,Txt-Txt,Neg,0.17587706
ImageBind,mscoco,Txt-Txt,Neg,0.22935513
ImageBind,mscoco,Txt-Txt,Neg,0.19376552
ImageBind,mscoco,Txt-Txt,Neg,0.24449465
ImageBind,mscoco,Txt-Txt,Neg,0.2043746
ImageBind,mscoco,Txt-Txt,Neg,0.26544622
ImageBind,mscoco,Txt-Txt,Neg,0.1488989
ImageBind,mscoco,Txt-Txt,Neg,0.10715473
ImageBind,mscoco,Txt-Txt,Neg,0.17739004
ImageBind,mscoco,Txt-Txt,Neg,0.15169945
ImageBind,mscoco,Txt-Txt,Neg,0.09175803
ImageBind,mscoco,Txt-Txt,Neg,0.2992527
ImageBind,mscoco,Txt-Txt,Neg,0.25657988
ImageBind,mscoco,Txt-Txt,Neg,0.19910173
ImageBind,mscoco,Txt-Txt,Neg,0.14390944
ImageBind,mscoco,Txt-Txt,Neg,0.2234618
ImageBind,mscoco,Txt-Txt,Neg,0.1660139
ImageBind,mscoco,Txt-Txt,Neg,0.23092833
ImageBind,mscoco,Txt-Txt,Neg,0.30308276
ImageBind,mscoco,Txt-Txt,Neg,0.15560453
ImageBind,mscoco,Txt-Txt,Neg,0.24089926
ImageBind,mscoco,Txt-Txt,Neg,0.151481
ImageBind,mscoco,Txt-Txt,Neg,0.25707424
ImageBind,mscoco,Txt-Txt,Neg,0.105125986
ImageBind,mscoco,Txt-Txt,Neg,0.11757134
ImageBind,mscoco,Txt-Txt,Neg,0.23422152
ImageBind,mscoco,Txt-Txt,Neg,0.16379996
ImageBind,mscoco,Txt-Txt,Neg,0.22114983
ImageBind,mscoco,Txt-Txt,Neg,0.30041498
ImageBind,mscoco,Txt-Txt,Neg,0.28636414
ImageBind,mscoco,Txt-Txt,Neg,0.44718584
ImageBind,mscoco,Txt-Txt,Neg,0.21508396
ImageBind,mscoco,Txt-Txt,Neg,0.14299704
ImageBind,mscoco,Txt-Txt,Neg,0.22277
ImageBind,mscoco,Txt-Txt,Neg,0.14692388
ImageBind,mscoco,Txt-Txt,Neg,0.2179556
ImageBind,mscoco,Txt-Txt,Neg,0.11034119
ImageBind,mscoco,Txt-Txt,Neg,0.22461532
ImageBind,mscoco,Txt-Txt,Neg,0.19689322
ImageBind,mscoco,Txt-Txt,Neg,0.1766379
ImageBind,mscoco,Txt-Txt,Neg,0.15863955
ImageBind,mscoco,Txt-Txt,Neg,0.40733373
ImageBind,mscoco,Txt-Txt,Neg,0.16161777
ImageBind,mscoco,Txt-Txt,Neg,0.24131192
ImageBind,mscoco,Txt-Txt,Neg,0.11232999
ImageBind,mscoco,Txt-Txt,Neg,0.16519871
ImageBind,mscoco,Txt-Txt,Neg,0.136877
ImageBind,mscoco,Txt-Txt,Neg,0.2733767
ImageBind,mscoco,Txt-Txt,Neg,0.34156942
ImageBind,mscoco,Txt-Txt,Neg,0.23734091
ImageBind,mscoco,Txt-Txt,Neg,0.2229976
ImageBind,mscoco,Txt-Txt,Neg,0.14765383
ImageBind,mscoco,Txt-Txt,Neg,0.67031586
ImageBind,mscoco,Txt-Txt,Neg,0.5104871
ImageBind,mscoco,Txt-Txt,Neg,0.15738653
ImageBind,mscoco,Txt-Txt,Neg,0.12254155
ImageBind,mscoco,Txt-Txt,Neg,0.26150376
ImageBind,mscoco,Txt-Txt,Neg,0.09769729
ImageBind,mscoco,Txt-Txt,Neg,0.20806053
ImageBind,mscoco,Txt-Txt,Neg,0.18495458
ImageBind,mscoco,Txt-Txt,Neg,0.13329673
ImageBind,mscoco,Txt-Txt,Neg,0.17088635
ImageBind,mscoco,Txt-Txt,Neg,0.15471864
ImageBind,mscoco,Txt-Txt,Neg,0.21477075
ImageBind,mscoco,Txt-Txt,Neg,0.347848
ImageBind,mscoco,Txt-Txt,Neg,0.2653236
ImageBind,mscoco,Txt-Txt,Neg,0.23612162
ImageBind,mscoco,Txt-Txt,Neg,0.082493424
ImageBind,mscoco,Txt-Txt,Neg,0.09062669
ImageBind,mscoco,Txt-Txt,Neg,0.37309298
ImageBind,mscoco,Txt-Txt,Neg,0.12761365
ImageBind,mscoco,Txt-Txt,Neg,0.087110445
ImageBind,mscoco,Txt-Txt,Neg,0.06234385
ImageBind,mscoco,Txt-Txt,Neg,0.14527889
ImageBind,mscoco,Txt-Txt,Neg,0.22787939
ImageBind,mscoco,Txt-Txt,Neg,0.3096873
ImageBind,mscoco,Txt-Txt,Neg,0.19573085
ImageBind,mscoco,Txt-Txt,Neg,0.23483357
ImageBind,mscoco,Txt-Txt,Neg,0.2241693
ImageBind,mscoco,Txt-Txt,Neg,0.2054237
ImageBind,mscoco,Txt-Txt,Neg,0.18693037
ImageBind,mscoco,Txt-Txt,Neg,0.3482681
ImageBind,mscoco,Txt-Txt,Neg,0.21922235
ImageBind,mscoco,Txt-Txt,Neg,0.077737145
ImageBind,mscoco,Txt-Txt,Neg,0.3564115
ImageBind,mscoco,Txt-Txt,Neg,0.21806435
ImageBind,mscoco,Txt-Txt,Neg,0.12000888
ImageBind,mscoco,Txt-Txt,Neg,0.18005422
ImageBind,mscoco,Txt-Txt,Neg,0.18575238
ImageBind,mscoco,Txt-Txt,Neg,0.22497168
ImageBind,mscoco,Txt-Txt,Neg,0.18036513
ImageBind,mscoco,Txt-Txt,Neg,0.3756339
ImageBind,mscoco,Txt-Txt,Neg,0.12198612
ImageBind,mscoco,Txt-Txt,Neg,0.20796524
ImageBind,mscoco,Txt-Txt,Neg,0.14184204
ImageBind,mscoco,Txt-Txt,Neg,0.20938616
ImageBind,mscoco,Txt-Txt,Neg,0.19926852
ImageBind,mscoco,Txt-Txt,Neg,0.18842259
ImageBind,mscoco,Txt-Txt,Neg,0.24986443
ImageBind,mscoco,Txt-Txt,Neg,0.14764558
ImageBind,mscoco,Txt-Txt,Neg,0.24252921
ImageBind,mscoco,Txt-Txt,Neg,0.14578898
ImageBind,mscoco,Txt-Txt,Neg,0.25121468
ImageBind,mscoco,Txt-Txt,Neg,0.031935982
ImageBind,mscoco,Txt-Txt,Neg,0.12486618
ImageBind,mscoco,Txt-Txt,Neg,0.27237564
ImageBind,mscoco,Txt-Txt,Neg,0.21179244
ImageBind,mscoco,Txt-Txt,Neg,0.20524454
ImageBind,mscoco,Txt-Txt,Neg,0.2373939
ImageBind,mscoco,Txt-Txt,Neg,0.2953938
ImageBind,mscoco,Txt-Txt,Neg,0.19160984
ImageBind,mscoco,Txt-Txt,Neg,0.24417476
ImageBind,mscoco,Txt-Txt,Neg,0.25093997
ImageBind,mscoco,Txt-Txt,Neg,0.5447644
ImageBind,mscoco,Txt-Txt,Neg,0.18573752
ImageBind,mscoco,Txt-Txt,Neg,0.26142198
ImageBind,mscoco,Txt-Txt,Neg,0.07671998
ImageBind,mscoco,Txt-Txt,Neg,0.17041692
ImageBind,mscoco,Txt-Txt,Neg,0.27009735
ImageBind,mscoco,Txt-Txt,Neg,0.049589995
ImageBind,mscoco,Txt-Txt,Neg,0.10278994
ImageBind,mscoco,Txt-Txt,Neg,0.24317436
ImageBind,mscoco,Txt-Txt,Neg,0.18231751
ImageBind,mscoco,Txt-Txt,Neg,0.17953654
ImageBind,mscoco,Txt-Txt,Neg,0.103154264
ImageBind,mscoco,Txt-Txt,Neg,0.2369272
ImageBind,mscoco,Txt-Txt,Neg,0.1706181
ImageBind,mscoco,Txt-Txt,Neg,0.0798417
ImageBind,mscoco,Txt-Txt,Neg,0.22573778
ImageBind,mscoco,Txt-Txt,Neg,0.28455323
ImageBind,mscoco,Txt-Txt,Neg,0.07831141
ImageBind,mscoco,Txt-Txt,Neg,0.19870639
ImageBind,mscoco,Txt-Txt,Neg,0.2615892
ImageBind,mscoco,Txt-Txt,Neg,0.31461754
ImageBind,mscoco,Txt-Txt,Neg,0.46309322
ImageBind,mscoco,Txt-Txt,Neg,0.11203067
ImageBind,mscoco,Txt-Txt,Neg,0.09477084
ImageBind,mscoco,Txt-Txt,Neg,0.19424069
ImageBind,mscoco,Txt-Txt,Neg,0.20951639
ImageBind,mscoco,Txt-Txt,Neg,0.21264723
ImageBind,mscoco,Txt-Txt,Neg,0.13690351
ImageBind,mscoco,Txt-Txt,Neg,0.24237972
ImageBind,mscoco,Txt-Txt,Neg,0.18886961
ImageBind,mscoco,Txt-Txt,Neg,0.17229846
ImageBind,mscoco,Txt-Txt,Neg,0.15281256
ImageBind,mscoco,Txt-Txt,Neg,0.04164354
ImageBind,mscoco,Txt-Txt,Neg,0.14724502
ImageBind,mscoco,Txt-Txt,Neg,0.16800484
ImageBind,mscoco,Txt-Txt,Neg,0.09859675
ImageBind,mscoco,Txt-Txt,Neg,0.30473727
ImageBind,mscoco,Txt-Txt,Neg,0.15445375
ImageBind,mscoco,Txt-Txt,Neg,0.14928824
ImageBind,mscoco,Txt-Txt,Neg,0.24298199
ImageBind,mscoco,Txt-Txt,Neg,0.11325264
ImageBind,mscoco,Txt-Txt,Neg,0.25853541
ImageBind,mscoco,Txt-Txt,Neg,0.35782903
ImageBind,mscoco,Txt-Txt,Neg,0.18287322
ImageBind,mscoco,Txt-Txt,Neg,0.21752845
ImageBind,mscoco,Txt-Txt,Neg,0.12076488
ImageBind,mscoco,Txt-Txt,Neg,0.060949847
ImageBind,mscoco,Txt-Txt,Neg,0.112395376
ImageBind,mscoco,Txt-Txt,Neg,0.15257749
ImageBind,mscoco,Txt-Txt,Neg,0.09382416
ImageBind,mscoco,Txt-Txt,Neg,0.31130993
ImageBind,mscoco,Txt-Txt,Neg,0.26653537
ImageBind,mscoco,Txt-Txt,Neg,0.19917054
ImageBind,mscoco,Txt-Txt,Neg,0.0731419
ImageBind,mscoco,Txt-Txt,Neg,0.19574162
ImageBind,mscoco,Txt-Txt,Neg,0.24702342
ImageBind,mscoco,Txt-Txt,Neg,0.13792148
ImageBind,mscoco,Txt-Txt,Neg,0.13354489
ImageBind,mscoco,Txt-Txt,Neg,0.28199422
ImageBind,mscoco,Txt-Txt,Neg,0.24485937
ImageBind,mscoco,Txt-Txt,Neg,0.10728103
ImageBind,mscoco,Txt-Txt,Neg,0.13695423
ImageBind,mscoco,Txt-Txt,Neg,0.17160353
ImageBind,mscoco,Txt-Txt,Neg,0.23543993
ImageBind,mscoco,Txt-Txt,Neg,0.25040776
ImageBind,mscoco,Txt-Txt,Neg,0.43083578
ImageBind,mscoco,Txt-Txt,Neg,0.3033516
ImageBind,mscoco,Txt-Txt,Neg,0.19827116
ImageBind,mscoco,Txt-Txt,Neg,0.25993273
ImageBind,mscoco,Txt-Txt,Neg,0.27357274
ImageBind,mscoco,Txt-Txt,Neg,0.36897713
ImageBind,mscoco,Txt-Txt,Neg,0.10594472
ImageBind,mscoco,Txt-Txt,Neg,0.18269442
ImageBind,mscoco,Txt-Txt,Neg,0.25929505
ImageBind,mscoco,Txt-Txt,Neg,0.17153618
ImageBind,mscoco,Txt-Txt,Neg,0.22050613
ImageBind,mscoco,Txt-Txt,Neg,0.14217019
ImageBind,mscoco,Txt-Txt,Neg,0.30556956
ImageBind,mscoco,Txt-Txt,Neg,0.13824973
ImageBind,mscoco,Txt-Txt,Neg,0.11480463
ImageBind,mscoco,Txt-Txt,Neg,0.20504071
ImageBind,mscoco,Txt-Txt,Neg,0.20955598
ImageBind,mscoco,Txt-Txt,Neg,0.19528493
ImageBind,mscoco,Txt-Txt,Neg,0.1055146
ImageBind,mscoco,Txt-Txt,Neg,0.17689341
ImageBind,mscoco,Txt-Txt,Neg,0.10277664
ImageBind,mscoco,Txt-Txt,Neg,0.052646432
ImageBind,mscoco,Txt-Txt,Neg,0.20084089
ImageBind,mscoco,Txt-Txt,Neg,0.072745904
ImageBind,mscoco,Txt-Txt,Neg,0.26450598
ImageBind,mscoco,Txt-Txt,Neg,0.20503443
ImageBind,mscoco,Txt-Txt,Neg,0.17906764
ImageBind,mscoco,Txt-Txt,Neg,0.108288355
ImageBind,mscoco,Txt-Txt,Neg,0.2804499
ImageBind,mscoco,Txt-Txt,Neg,0.19624752
ImageBind,mscoco,Txt-Txt,Neg,0.2683675
ImageBind,mscoco,Txt-Txt,Neg,0.1918761
ImageBind,mscoco,Txt-Txt,Neg,0.26235178
ImageBind,mscoco,Txt-Txt,Neg,0.08229179
ImageBind,mscoco,Txt-Txt,Neg,0.019158458
ImageBind,mscoco,Txt-Txt,Neg,0.3312449
ImageBind,mscoco,Txt-Txt,Neg,0.13268466
ImageBind,mscoco,Txt-Txt,Neg,0.24106927
ImageBind,mscoco,Txt-Txt,Neg,0.19450346
ImageBind,mscoco,Txt-Txt,Neg,0.381739
ImageBind,mscoco,Txt-Txt,Neg,0.1763079
ImageBind,mscoco,Txt-Txt,Neg,0.28125143
ImageBind,mscoco,Txt-Txt,Neg,0.20685259
ImageBind,mscoco,Txt-Txt,Neg,0.101320304
ImageBind,mscoco,Txt-Txt,Neg,0.19462733
ImageBind,mscoco,Txt-Txt,Neg,0.11249257
ImageBind,mscoco,Txt-Txt,Neg,0.052517515
ImageBind,mscoco,Txt-Txt,Neg,0.16459212
ImageBind,mscoco,Txt-Txt,Neg,0.13757107
ImageBind,mscoco,Txt-Txt,Neg,0.20232731
ImageBind,mscoco,Txt-Txt,Neg,0.21945941
ImageBind,mscoco,Txt-Txt,Neg,0.19563206
ImageBind,mscoco,Txt-Txt,Neg,0.21218179
ImageBind,mscoco,Txt-Txt,Neg,0.24743223
ImageBind,mscoco,Txt-Txt,Neg,0.21507575
ImageBind,mscoco,Txt-Txt,Neg,0.28147
ImageBind,mscoco,Txt-Txt,Neg,0.36300603
ImageBind,mscoco,Txt-Txt,Neg,0.22574422
ImageBind,mscoco,Txt-Txt,Neg,0.31070983
ImageBind,mscoco,Txt-Txt,Neg,0.13731374
ImageBind,mscoco,Txt-Txt,Neg,0.09221172
ImageBind,mscoco,Txt-Txt,Neg,0.20159774
ImageBind,mscoco,Txt-Txt,Neg,0.299761
ImageBind,mscoco,Txt-Txt,Neg,0.25994405
ImageBind,mscoco,Txt-Txt,Neg,0.12680799
ImageBind,mscoco,Txt-Txt,Neg,0.2639286
ImageBind,mscoco,Txt-Txt,Neg,0.20204766
ImageBind,mscoco,Txt-Txt,Neg,0.12362585
ImageBind,mscoco,Txt-Txt,Neg,0.12647218
ImageBind,mscoco,Txt-Txt,Neg,0.19315305
ImageBind,mscoco,Txt-Txt,Neg,0.34722778
ImageBind,mscoco,Txt-Txt,Neg,0.1688752
ImageBind,mscoco,Txt-Txt,Neg,0.17276613
ImageBind,mscoco,Txt-Txt,Neg,0.32825235
ImageBind,mscoco,Txt-Txt,Neg,0.20407793
ImageBind,mscoco,Txt-Txt,Neg,0.25197738
ImageBind,mscoco,Txt-Txt,Neg,0.286413
ImageBind,mscoco,Txt-Txt,Neg,0.26448572
ImageBind,mscoco,Txt-Txt,Neg,0.20465621
ImageBind,mscoco,Txt-Txt,Neg,0.1474882
ImageBind,mscoco,Txt-Txt,Neg,0.24509777
ImageBind,mscoco,Txt-Txt,Neg,0.14431466
ImageBind,mscoco,Txt-Txt,Neg,0.2144672
ImageBind,mscoco,Txt-Txt,Neg,0.13254327
ImageBind,mscoco,Txt-Txt,Neg,0.17570704
ImageBind,mscoco,Txt-Txt,Neg,0.18487811
ImageBind,mscoco,Txt-Txt,Neg,0.14417084
ImageBind,mscoco,Txt-Txt,Neg,0.36654657
ImageBind,mscoco,Txt-Txt,Neg,0.29299247
ImageBind,mscoco,Txt-Txt,Neg,0.15360689
ImageBind,mscoco,Txt-Txt,Neg,0.27457142
ImageBind,mscoco,Txt-Txt,Neg,0.1575207
ImageBind,mscoco,Txt-Txt,Neg,0.27878347
ImageBind,mscoco,Txt-Txt,Neg,0.1504878
ImageBind,mscoco,Txt-Txt,Neg,0.15791747
ImageBind,mscoco,Txt-Txt,Neg,0.29297426
ImageBind,mscoco,Txt-Txt,Neg,0.3490185
ImageBind,mscoco,Txt-Txt,Neg,0.16693306
ImageBind,mscoco,Txt-Txt,Neg,0.3161308
ImageBind,mscoco,Txt-Txt,Neg,0.22803761
ImageBind,mscoco,Txt-Txt,Neg,0.12911098
ImageBind,mscoco,Txt-Txt,Neg,0.3009711
ImageBind,mscoco,Txt-Txt,Neg,0.18596937
ImageBind,mscoco,Txt-Txt,Neg,0.1568968
ImageBind,mscoco,Txt-Txt,Neg,0.25617683
ImageBind,mscoco,Txt-Txt,Neg,0.60206664
ImageBind,mscoco,Txt-Txt,Neg,0.09316914
ImageBind,mscoco,Txt-Txt,Neg,0.20576565
ImageBind,mscoco,Txt-Txt,Neg,0.38376233
ImageBind,mscoco,Txt-Txt,Neg,0.24880564
ImageBind,mscoco,Txt-Txt,Neg,0.29362452
ImageBind,mscoco,Txt-Txt,Neg,0.19593237
ImageBind,mscoco,Txt-Txt,Neg,0.3012636
ImageBind,mscoco,Txt-Txt,Neg,0.15525249
ImageBind,mscoco,Txt-Txt,Neg,0.12477104
ImageBind,mscoco,Txt-Txt,Neg,0.16363011
ImageBind,mscoco,Txt-Txt,Neg,0.267688
ImageBind,mscoco,Txt-Txt,Neg,0.3704459
ImageBind,mscoco,Txt-Txt,Neg,0.2896912
ImageBind,mscoco,Txt-Txt,Neg,0.24305646
ImageBind,mscoco,Txt-Txt,Neg,0.12988836
ImageBind,mscoco,Txt-Txt,Neg,0.1493087
ImageBind,mscoco,Txt-Txt,Neg,0.101087846
ImageBind,mscoco,Txt-Txt,Neg,0.21723934
ImageBind,mscoco,Txt-Txt,Neg,0.1593926
ImageBind,mscoco,Txt-Txt,Neg,0.15097402
ImageBind,mscoco,Txt-Txt,Neg,0.019842595
ImageBind,mscoco,Txt-Txt,Neg,0.34103048
ImageBind,mscoco,Txt-Txt,Neg,0.12485769
ImageBind,mscoco,Txt-Txt,Neg,0.251763
ImageBind,mscoco,Txt-Txt,Neg,0.1181155
ImageBind,mscoco,Txt-Txt,Neg,0.22161242
ImageBind,mscoco,Txt-Txt,Neg,0.192381
ImageBind,mscoco,Txt-Txt,Neg,0.37811333
ImageBind,mscoco,Txt-Txt,Neg,0.266056
ImageBind,mscoco,Txt-Txt,Neg,0.21107444
ImageBind,mscoco,Txt-Txt,Neg,0.22815537
ImageBind,mscoco,Txt-Txt,Neg,0.0939652
ImageBind,mscoco,Txt-Txt,Neg,0.2396721
ImageBind,mscoco,Txt-Txt,Neg,0.25862512
ImageBind,mscoco,Txt-Txt,Neg,0.17147733
ImageBind,mscoco,Txt-Txt,Neg,0.13721825
ImageBind,mscoco,Txt-Txt,Neg,0.12699153
ImageBind,mscoco,Txt-Txt,Neg,0.25876585
ImageBind,mscoco,Txt-Txt,Neg,0.16721368
ImageBind,mscoco,Txt-Txt,Neg,0.18461344
ImageBind,mscoco,Txt-Txt,Neg,0.14962202
ImageBind,mscoco,Txt-Txt,Neg,0.11332763
ImageBind,mscoco,Txt-Txt,Neg,0.29918715
ImageBind,mscoco,Txt-Txt,Neg,0.25571877
ImageBind,mscoco,Txt-Txt,Neg,0.23821205
ImageBind,mscoco,Txt-Txt,Neg,0.1694923
ImageBind,mscoco,Txt-Txt,Neg,0.15304992
ImageBind,mscoco,Txt-Txt,Neg,0.22085738
ImageBind,mscoco,Txt-Txt,Neg,0.27761757
ImageBind,mscoco,Txt-Txt,Neg,0.19915655
ImageBind,mscoco,Txt-Txt,Neg,0.33245486
ImageBind,mscoco,Txt-Txt,Neg,0.2537478
ImageBind,mscoco,Txt-Txt,Neg,0.26137942
ImageBind,mscoco,Txt-Txt,Neg,0.23447578
ImageBind,mscoco,Txt-Txt,Neg,0.12521513
ImageBind,mscoco,Txt-Txt,Neg,0.10628218
ImageBind,mscoco,Txt-Txt,Neg,0.15031622
ImageBind,mscoco,Txt-Txt,Neg,0.6056201
ImageBind,mscoco,Txt-Txt,Neg,0.14449203
ImageBind,mscoco,Txt-Txt,Neg,0.25958395
ImageBind,mscoco,Txt-Txt,Neg,0.042136077
ImageBind,mscoco,Txt-Txt,Neg,0.18570176
ImageBind,mscoco,Txt-Txt,Neg,0.24936776
ImageBind,mscoco,Txt-Txt,Neg,0.3358375
ImageBind,mscoco,Txt-Txt,Neg,0.09392259
ImageBind,mscoco,Txt-Txt,Neg,0.3852874
ImageBind,mscoco,Txt-Txt,Neg,0.50923324
ImageBind,mscoco,Txt-Txt,Neg,0.20556073
ImageBind,mscoco,Txt-Txt,Neg,0.18296406
ImageBind,mscoco,Txt-Txt,Neg,0.22829396
ImageBind,mscoco,Txt-Txt,Neg,0.10699731
ImageBind,mscoco,Txt-Txt,Neg,0.18520461
ImageBind,mscoco,Txt-Txt,Neg,0.17134899
ImageBind,mscoco,Txt-Txt,Neg,0.25866014
ImageBind,mscoco,Txt-Txt,Neg,0.51732683
ImageBind,mscoco,Txt-Txt,Neg,0.13310316
ImageBind,mscoco,Txt-Txt,Neg,0.2133877
ImageBind,mscoco,Txt-Txt,Neg,0.12174114
ImageBind,mscoco,Txt-Txt,Neg,0.1638958
ImageBind,mscoco,Txt-Txt,Neg,0.15400252
ImageBind,mscoco,Txt-Txt,Neg,0.03143143
ImageBind,mscoco,Txt-Txt,Neg,0.54192036
ImageBind,mscoco,Txt-Txt,Neg,0.105857745
ImageBind,mscoco,Txt-Txt,Neg,0.18034479
ImageBind,mscoco,Txt-Txt,Neg,0.30238914
ImageBind,mscoco,Txt-Txt,Neg,0.32569385
ImageBind,mscoco,Txt-Txt,Neg,0.243657
ImageBind,mscoco,Txt-Txt,Neg,0.20433709
ImageBind,mscoco,Txt-Txt,Neg,0.3853093
ImageBind,mscoco,Txt-Txt,Neg,0.13671952
ImageBind,mscoco,Txt-Txt,Neg,0.16222619
ImageBind,mscoco,Txt-Txt,Neg,0.37602556
ImageBind,mscoco,Txt-Txt,Neg,0.19195178
ImageBind,mscoco,Txt-Txt,Neg,0.20607083
ImageBind,mscoco,Txt-Txt,Neg,0.12662204
ImageBind,mscoco,Txt-Txt,Neg,0.16388585
ImageBind,mscoco,Txt-Txt,Neg,0.35840365
ImageBind,mscoco,Txt-Txt,Neg,0.124941245
ImageBind,mscoco,Txt-Txt,Neg,0.1953878
ImageBind,mscoco,Txt-Txt,Neg,0.16584602
ImageBind,mscoco,Txt-Txt,Neg,0.120244354
ImageBind,mscoco,Txt-Txt,Neg,0.11132792
ImageBind,mscoco,Txt-Txt,Neg,0.17946777
ImageBind,mscoco,Txt-Txt,Neg,0.26780763
ImageBind,mscoco,Txt-Txt,Neg,0.27222538
ImageBind,mscoco,Txt-Txt,Neg,0.23211427
ImageBind,mscoco,Txt-Txt,Neg,0.23799397
ImageBind,mscoco,Txt-Txt,Neg,0.192242
ImageBind,mscoco,Txt-Txt,Neg,0.23136215
ImageBind,mscoco,Txt-Txt,Neg,0.309583
ImageBind,mscoco,Txt-Txt,Neg,0.06385466
ImageBind,mscoco,Txt-Txt,Neg,0.1811479
ImageBind,mscoco,Txt-Txt,Neg,0.2808493
ImageBind,mscoco,Txt-Txt,Neg,0.10003082
ImageBind,mscoco,Txt-Txt,Neg,0.19294792
ImageBind,mscoco,Txt-Txt,Neg,0.16264471
ImageBind,mscoco,Txt-Txt,Neg,0.10594066
ImageBind,mscoco,Txt-Txt,Neg,0.21908078
ImageBind,mscoco,Txt-Txt,Neg,0.26759368
ImageBind,mscoco,Txt-Txt,Neg,0.13923658
ImageBind,mscoco,Txt-Txt,Neg,0.13220622
ImageBind,mscoco,Txt-Txt,Neg,0.22149675
ImageBind,mscoco,Txt-Txt,Neg,0.043553792
ImageBind,mscoco,Txt-Txt,Neg,0.28417814
ImageBind,mscoco,Txt-Txt,Neg,0.24837077
ImageBind,mscoco,Txt-Txt,Neg,0.15183574
ImageBind,mscoco,Txt-Txt,Neg,0.15615872
ImageBind,mscoco,Txt-Txt,Neg,0.13571075
ImageBind,mscoco,Txt-Txt,Neg,0.58272594
ImageBind,mscoco,Txt-Txt,Neg,0.22928222
ImageBind,mscoco,Txt-Txt,Neg,0.1889686
ImageBind,mscoco,Txt-Txt,Neg,0.1890163
ImageBind,mscoco,Txt-Txt,Neg,0.19009417
ImageBind,mscoco,Txt-Txt,Neg,0.09852312
ImageBind,mscoco,Txt-Txt,Neg,0.375503
ImageBind,mscoco,Txt-Txt,Neg,0.16162679
ImageBind,mscoco,Txt-Txt,Neg,0.15635002
ImageBind,mscoco,Txt-Txt,Neg,0.22144307
ImageBind,mscoco,Txt-Txt,Neg,0.11948225
ImageBind,mscoco,Txt-Txt,Neg,0.15758176
ImageBind,mscoco,Txt-Txt,Neg,0.16974834
ImageBind,mscoco,Txt-Txt,Neg,0.14507146
ImageBind,mscoco,Txt-Txt,Neg,0.34341854
ImageBind,mscoco,Txt-Txt,Neg,0.09705537
ImageBind,mscoco,Txt-Txt,Neg,0.15688235
ImageBind,mscoco,Txt-Txt,Neg,0.40830916
ImageBind,mscoco,Txt-Txt,Neg,0.13806601
ImageBind,mscoco,Txt-Txt,Neg,0.26973844
ImageBind,mscoco,Txt-Txt,Neg,0.22051182
ImageBind,mscoco,Txt-Txt,Neg,0.3248363
ImageBind,mscoco,Img-Img,Neg,0.1572259
ImageBind,mscoco,Img-Img,Neg,0.1323496
ImageBind,mscoco,Img-Img,Neg,0.10750462
ImageBind,mscoco,Img-Img,Neg,0.178536
ImageBind,mscoco,Img-Img,Neg,0.21951205
ImageBind,mscoco,Img-Img,Neg,0.35822138
ImageBind,mscoco,Img-Img,Neg,0.25790668
ImageBind,mscoco,Img-Img,Neg,0.21819976
ImageBind,mscoco,Img-Img,Neg,0.36176583
ImageBind,mscoco,Img-Img,Neg,0.2437025
ImageBind,mscoco,Img-Img,Neg,0.3287435
ImageBind,mscoco,Img-Img,Neg,0.24270874
ImageBind,mscoco,Img-Img,Neg,0.2650464
ImageBind,mscoco,Img-Img,Neg,0.3141572
ImageBind,mscoco,Img-Img,Neg,0.29696047
ImageBind,mscoco,Img-Img,Neg,0.28530797
ImageBind,mscoco,Img-Img,Neg,0.359058
ImageBind,mscoco,Img-Img,Neg,0.3479012
ImageBind,mscoco,Img-Img,Neg,0.18022409
ImageBind,mscoco,Img-Img,Neg,0.15686518
ImageBind,mscoco,Img-Img,Neg,0.22348517
ImageBind,mscoco,Img-Img,Neg,0.30079022
ImageBind,mscoco,Img-Img,Neg,0.44131815
ImageBind,mscoco,Img-Img,Neg,0.40128952
ImageBind,mscoco,Img-Img,Neg,0.29874808
ImageBind,mscoco,Img-Img,Neg,0.20007178
ImageBind,mscoco,Img-Img,Neg,0.26862806
ImageBind,mscoco,Img-Img,Neg,0.40186504
ImageBind,mscoco,Img-Img,Neg,0.3350172
ImageBind,mscoco,Img-Img,Neg,0.45449954
ImageBind,mscoco,Img-Img,Neg,0.39717615
ImageBind,mscoco,Img-Img,Neg,0.2825336
ImageBind,mscoco,Img-Img,Neg,0.31202197
ImageBind,mscoco,Img-Img,Neg,0.24230015
ImageBind,mscoco,Img-Img,Neg,0.29681304
ImageBind,mscoco,Img-Img,Neg,0.16117337
ImageBind,mscoco,Img-Img,Neg,0.28797755
ImageBind,mscoco,Img-Img,Neg,0.4399438
ImageBind,mscoco,Img-Img,Neg,0.3076481
ImageBind,mscoco,Img-Img,Neg,0.29663295
ImageBind,mscoco,Img-Img,Neg,0.48441496
ImageBind,mscoco,Img-Img,Neg,0.2557743
ImageBind,mscoco,Img-Img,Neg,0.2549023
ImageBind,mscoco,Img-Img,Neg,0.4028313
ImageBind,mscoco,Img-Img,Neg,0.19426624
ImageBind,mscoco,Img-Img,Neg,0.2464542
ImageBind,mscoco,Img-Img,Neg,0.31141418
ImageBind,mscoco,Img-Img,Neg,0.48134547
ImageBind,mscoco,Img-Img,Neg,0.34555787
ImageBind,mscoco,Img-Img,Neg,0.16876051
ImageBind,mscoco,Img-Img,Neg,0.12143914
ImageBind,mscoco,Img-Img,Neg,0.3204652
ImageBind,mscoco,Img-Img,Neg,0.32337517
ImageBind,mscoco,Img-Img,Neg,0.26067984
ImageBind,mscoco,Img-Img,Neg,0.25553536
ImageBind,mscoco,Img-Img,Neg,0.2369324
ImageBind,mscoco,Img-Img,Neg,0.26272267
ImageBind,mscoco,Img-Img,Neg,0.46875584
ImageBind,mscoco,Img-Img,Neg,0.2934283
ImageBind,mscoco,Img-Img,Neg,0.20771104
ImageBind,mscoco,Img-Img,Neg,0.38181108
ImageBind,mscoco,Img-Img,Neg,0.26528305
ImageBind,mscoco,Img-Img,Neg,0.23294257
ImageBind,mscoco,Img-Img,Neg,0.34528095
ImageBind,mscoco,Img-Img,Neg,0.35712323
ImageBind,mscoco,Img-Img,Neg,0.23770222
ImageBind,mscoco,Img-Img,Neg,0.3152491
ImageBind,mscoco,Img-Img,Neg,0.24025203
ImageBind,mscoco,Img-Img,Neg,0.21229437
ImageBind,mscoco,Img-Img,Neg,0.41104382
ImageBind,mscoco,Img-Img,Neg,0.3504488
ImageBind,mscoco,Img-Img,Neg,0.3501349
ImageBind,mscoco,Img-Img,Neg,0.16985953
ImageBind,mscoco,Img-Img,Neg,0.24933265
ImageBind,mscoco,Img-Img,Neg,0.30048394
ImageBind,mscoco,Img-Img,Neg,0.2864802
ImageBind,mscoco,Img-Img,Neg,0.32694888
ImageBind,mscoco,Img-Img,Neg,0.24976867
ImageBind,mscoco,Img-Img,Neg,0.21552953
ImageBind,mscoco,Img-Img,Neg,0.29306537
ImageBind,mscoco,Img-Img,Neg,0.2619873
ImageBind,mscoco,Img-Img,Neg,0.2731179
ImageBind,mscoco,Img-Img,Neg,0.27733538
ImageBind,mscoco,Img-Img,Neg,0.22751072
ImageBind,mscoco,Img-Img,Neg,0.2544485
ImageBind,mscoco,Img-Img,Neg,0.1724946
ImageBind,mscoco,Img-Img,Neg,0.19683105
ImageBind,mscoco,Img-Img,Neg,0.25232905
ImageBind,mscoco,Img-Img,Neg,0.26167
ImageBind,mscoco,Img-Img,Neg,0.19646223
ImageBind,mscoco,Img-Img,Neg,0.2747454
ImageBind,mscoco,Img-Img,Neg,0.3237179
ImageBind,mscoco,Img-Img,Neg,0.30414143
ImageBind,mscoco,Img-Img,Neg,0.28219995
ImageBind,mscoco,Img-Img,Neg,0.33959386
ImageBind,mscoco,Img-Img,Neg,0.23324622
ImageBind,mscoco,Img-Img,Neg,0.2842987
ImageBind,mscoco,Img-Img,Neg,0.33851552
ImageBind,mscoco,Img-Img,Neg,0.15612467
ImageBind,mscoco,Img-Img,Neg,0.08475654
ImageBind,mscoco,Img-Img,Neg,0.23436025
ImageBind,mscoco,Img-Img,Neg,0.31517014
ImageBind,mscoco,Img-Img,Neg,0.33575523
ImageBind,mscoco,Img-Img,Neg,0.3783786
ImageBind,mscoco,Img-Img,Neg,0.5047101
ImageBind,mscoco,Img-Img,Neg,0.22571395
ImageBind,mscoco,Img-Img,Neg,0.15131493
ImageBind,mscoco,Img-Img,Neg,0.50160503
ImageBind,mscoco,Img-Img,Neg,0.2966072
ImageBind,mscoco,Img-Img,Neg,0.36226788
ImageBind,mscoco,Img-Img,Neg,0.24740404
ImageBind,mscoco,Img-Img,Neg,0.24768476
ImageBind,mscoco,Img-Img,Neg,0.3511734
ImageBind,mscoco,Img-Img,Neg,0.17253068
ImageBind,mscoco,Img-Img,Neg,0.31801832
ImageBind,mscoco,Img-Img,Neg,0.20755346
ImageBind,mscoco,Img-Img,Neg,0.3330381
ImageBind,mscoco,Img-Img,Neg,0.32620144
ImageBind,mscoco,Img-Img,Neg,0.38035035
ImageBind,mscoco,Img-Img,Neg,0.35295963
ImageBind,mscoco,Img-Img,Neg,0.22450493
ImageBind,mscoco,Img-Img,Neg,0.31274128
ImageBind,mscoco,Img-Img,Neg,0.3617993
ImageBind,mscoco,Img-Img,Neg,0.321312
ImageBind,mscoco,Img-Img,Neg,0.5931839
ImageBind,mscoco,Img-Img,Neg,0.23210202
ImageBind,mscoco,Img-Img,Neg,0.4298516
ImageBind,mscoco,Img-Img,Neg,0.23505664
ImageBind,mscoco,Img-Img,Neg,0.34096593
ImageBind,mscoco,Img-Img,Neg,0.23148951
ImageBind,mscoco,Img-Img,Neg,0.3173759
ImageBind,mscoco,Img-Img,Neg,0.328886
ImageBind,mscoco,Img-Img,Neg,0.32685196
ImageBind,mscoco,Img-Img,Neg,0.261245
ImageBind,mscoco,Img-Img,Neg,0.3110114
ImageBind,mscoco,Img-Img,Neg,0.25279355
ImageBind,mscoco,Img-Img,Neg,0.22306406
ImageBind,mscoco,Img-Img,Neg,0.3907122
ImageBind,mscoco,Img-Img,Neg,0.17658466
ImageBind,mscoco,Img-Img,Neg,0.23646191
ImageBind,mscoco,Img-Img,Neg,0.18039256
ImageBind,mscoco,Img-Img,Neg,0.38890404
ImageBind,mscoco,Img-Img,Neg,0.2974688
ImageBind,mscoco,Img-Img,Neg,0.31462795
ImageBind,mscoco,Img-Img,Neg,0.41395387
ImageBind,mscoco,Img-Img,Neg,0.31226605
ImageBind,mscoco,Img-Img,Neg,0.33139086
ImageBind,mscoco,Img-Img,Neg,0.29647762
ImageBind,mscoco,Img-Img,Neg,0.1867331
ImageBind,mscoco,Img-Img,Neg,0.30781567
ImageBind,mscoco,Img-Img,Neg,0.17871685
ImageBind,mscoco,Img-Img,Neg,0.23182672
ImageBind,mscoco,Img-Img,Neg,0.26538828
ImageBind,mscoco,Img-Img,Neg,0.21125975
ImageBind,mscoco,Img-Img,Neg,0.17119722
ImageBind,mscoco,Img-Img,Neg,0.17621534
ImageBind,mscoco,Img-Img,Neg,0.23597823
ImageBind,mscoco,Img-Img,Neg,0.33807048
ImageBind,mscoco,Img-Img,Neg,0.27257425
ImageBind,mscoco,Img-Img,Neg,0.39314815
ImageBind,mscoco,Img-Img,Neg,0.21458966
ImageBind,mscoco,Img-Img,Neg,0.32795712
ImageBind,mscoco,Img-Img,Neg,0.37336826
ImageBind,mscoco,Img-Img,Neg,0.2533509
ImageBind,mscoco,Img-Img,Neg,0.2701595
ImageBind,mscoco,Img-Img,Neg,0.20637919
ImageBind,mscoco,Img-Img,Neg,0.29249513
ImageBind,mscoco,Img-Img,Neg,0.29595184
ImageBind,mscoco,Img-Img,Neg,0.33333725
ImageBind,mscoco,Img-Img,Neg,0.2420766
ImageBind,mscoco,Img-Img,Neg,0.34852323
ImageBind,mscoco,Img-Img,Neg,0.33824974
ImageBind,mscoco,Img-Img,Neg,0.4976638
ImageBind,mscoco,Img-Img,Neg,0.4401071
ImageBind,mscoco,Img-Img,Neg,0.23380065
ImageBind,mscoco,Img-Img,Neg,0.30942887
ImageBind,mscoco,Img-Img,Neg,0.297022
ImageBind,mscoco,Img-Img,Neg,0.19344527
ImageBind,mscoco,Img-Img,Neg,0.34878698
ImageBind,mscoco,Img-Img,Neg,0.22279231
ImageBind,mscoco,Img-Img,Neg,0.37067533
ImageBind,mscoco,Img-Img,Neg,0.27018207
ImageBind,mscoco,Img-Img,Neg,0.22123685
ImageBind,mscoco,Img-Img,Neg,0.25760916
ImageBind,mscoco,Img-Img,Neg,0.26585507
ImageBind,mscoco,Img-Img,Neg,0.2423092
ImageBind,mscoco,Img-Img,Neg,0.28315103
ImageBind,mscoco,Img-Img,Neg,0.46160507
ImageBind,mscoco,Img-Img,Neg,0.25611818
ImageBind,mscoco,Img-Img,Neg,0.3825119
ImageBind,mscoco,Img-Img,Neg,0.22635764
ImageBind,mscoco,Img-Img,Neg,0.27029198
ImageBind,mscoco,Img-Img,Neg,0.28587824
ImageBind,mscoco,Img-Img,Neg,0.29555994
ImageBind,mscoco,Img-Img,Neg,0.26279497
ImageBind,mscoco,Img-Img,Neg,0.26172775
ImageBind,mscoco,Img-Img,Neg,0.32611865
ImageBind,mscoco,Img-Img,Neg,0.37550044
ImageBind,mscoco,Img-Img,Neg,0.28875124
ImageBind,mscoco,Img-Img,Neg,0.29379866
ImageBind,mscoco,Img-Img,Neg,0.30493513
ImageBind,mscoco,Img-Img,Neg,0.19509543
ImageBind,mscoco,Img-Img,Neg,0.32409936
ImageBind,mscoco,Img-Img,Neg,0.219137
ImageBind,mscoco,Img-Img,Neg,0.36810374
ImageBind,mscoco,Img-Img,Neg,0.17133248
ImageBind,mscoco,Img-Img,Neg,0.3637535
ImageBind,mscoco,Img-Img,Neg,0.3074097
ImageBind,mscoco,Img-Img,Neg,0.36257297
ImageBind,mscoco,Img-Img,Neg,0.31896055
ImageBind,mscoco,Img-Img,Neg,0.37324378
ImageBind,mscoco,Img-Img,Neg,0.35980365
ImageBind,mscoco,Img-Img,Neg,0.28221488
ImageBind,mscoco,Img-Img,Neg,0.41765454
ImageBind,mscoco,Img-Img,Neg,0.28727612
ImageBind,mscoco,Img-Img,Neg,0.3963682
ImageBind,mscoco,Img-Img,Neg,0.34902096
ImageBind,mscoco,Img-Img,Neg,0.30797154
ImageBind,mscoco,Img-Img,Neg,0.2972796
ImageBind,mscoco,Img-Img,Neg,0.40296844
ImageBind,mscoco,Img-Img,Neg,0.29402804
ImageBind,mscoco,Img-Img,Neg,0.4334526
ImageBind,mscoco,Img-Img,Neg,0.37652785
ImageBind,mscoco,Img-Img,Neg,0.2752487
ImageBind,mscoco,Img-Img,Neg,0.43630356
ImageBind,mscoco,Img-Img,Neg,0.21775289
ImageBind,mscoco,Img-Img,Neg,0.20351808
ImageBind,mscoco,Img-Img,Neg,0.34990364
ImageBind,mscoco,Img-Img,Neg,0.2760512
ImageBind,mscoco,Img-Img,Neg,0.29327998
ImageBind,mscoco,Img-Img,Neg,0.31050396
ImageBind,mscoco,Img-Img,Neg,0.35074517
ImageBind,mscoco,Img-Img,Neg,0.32679266
ImageBind,mscoco,Img-Img,Neg,0.25316423
ImageBind,mscoco,Img-Img,Neg,0.3040809
ImageBind,mscoco,Img-Img,Neg,0.20741263
ImageBind,mscoco,Img-Img,Neg,0.32448432
ImageBind,mscoco,Img-Img,Neg,0.3264724
ImageBind,mscoco,Img-Img,Neg,0.27561256
ImageBind,mscoco,Img-Img,Neg,0.46378952
ImageBind,mscoco,Img-Img,Neg,0.46422416
ImageBind,mscoco,Img-Img,Neg,0.39682126
ImageBind,mscoco,Img-Img,Neg,0.31896955
ImageBind,mscoco,Img-Img,Neg,0.5031328
ImageBind,mscoco,Img-Img,Neg,0.2899803
ImageBind,mscoco,Img-Img,Neg,0.3652264
ImageBind,mscoco,Img-Img,Neg,0.23204055
ImageBind,mscoco,Img-Img,Neg,0.30863354
ImageBind,mscoco,Img-Img,Neg,0.22422722
ImageBind,mscoco,Img-Img,Neg,0.19603604
ImageBind,mscoco,Img-Img,Neg,0.27665323
ImageBind,mscoco,Img-Img,Neg,0.29773232
ImageBind,mscoco,Img-Img,Neg,0.25905573
ImageBind,mscoco,Img-Img,Neg,0.52899325
ImageBind,mscoco,Img-Img,Neg,0.35034657
ImageBind,mscoco,Img-Img,Neg,0.4256744
ImageBind,mscoco,Img-Img,Neg,0.30418053
ImageBind,mscoco,Img-Img,Neg,0.2994113
ImageBind,mscoco,Img-Img,Neg,0.39865702
ImageBind,mscoco,Img-Img,Neg,0.277689
ImageBind,mscoco,Img-Img,Neg,0.26080707
ImageBind,mscoco,Img-Img,Neg,0.19940802
ImageBind,mscoco,Img-Img,Neg,0.47411495
ImageBind,mscoco,Img-Img,Neg,0.25206086
ImageBind,mscoco,Img-Img,Neg,0.33350763
ImageBind,mscoco,Img-Img,Neg,0.12830958
ImageBind,mscoco,Img-Img,Neg,0.2594386
ImageBind,mscoco,Img-Img,Neg,0.4032593
ImageBind,mscoco,Img-Img,Neg,0.31336856
ImageBind,mscoco,Img-Img,Neg,0.30430743
ImageBind,mscoco,Img-Img,Neg,0.44623822
ImageBind,mscoco,Img-Img,Neg,0.26440012
ImageBind,mscoco,Img-Img,Neg,0.23848774
ImageBind,mscoco,Img-Img,Neg,0.16030636
ImageBind,mscoco,Img-Img,Neg,0.29075208
ImageBind,mscoco,Img-Img,Neg,0.24808264
ImageBind,mscoco,Img-Img,Neg,0.2045211
ImageBind,mscoco,Img-Img,Neg,0.23783073
ImageBind,mscoco,Img-Img,Neg,0.21663234
ImageBind,mscoco,Img-Img,Neg,0.20684782
ImageBind,mscoco,Img-Img,Neg,0.27768207
ImageBind,mscoco,Img-Img,Neg,0.23960441
ImageBind,mscoco,Img-Img,Neg,0.2817821
ImageBind,mscoco,Img-Img,Neg,0.26235715
ImageBind,mscoco,Img-Img,Neg,0.23473303
ImageBind,mscoco,Img-Img,Neg,0.3704082
ImageBind,mscoco,Img-Img,Neg,0.27008477
ImageBind,mscoco,Img-Img,Neg,0.31909794
ImageBind,mscoco,Img-Img,Neg,0.24629028
ImageBind,mscoco,Img-Img,Neg,0.46930024
ImageBind,mscoco,Img-Img,Neg,0.22976384
ImageBind,mscoco,Img-Img,Neg,0.20344558
ImageBind,mscoco,Img-Img,Neg,0.34400922
ImageBind,mscoco,Img-Img,Neg,0.33738914
ImageBind,mscoco,Img-Img,Neg,0.3085606
ImageBind,mscoco,Img-Img,Neg,0.3349022
ImageBind,mscoco,Img-Img,Neg,0.35708424
ImageBind,mscoco,Img-Img,Neg,0.39161462
ImageBind,mscoco,Img-Img,Neg,0.2427277
ImageBind,mscoco,Img-Img,Neg,0.26496935
ImageBind,mscoco,Img-Img,Neg,0.18174708
ImageBind,mscoco,Img-Img,Neg,0.23660612
ImageBind,mscoco,Img-Img,Neg,0.31478542
ImageBind,mscoco,Img-Img,Neg,0.42594537
ImageBind,mscoco,Img-Img,Neg,0.15275212
ImageBind,mscoco,Img-Img,Neg,0.24534209
ImageBind,mscoco,Img-Img,Neg,0.2902769
ImageBind,mscoco,Img-Img,Neg,0.2351521
ImageBind,mscoco,Img-Img,Neg,0.25927758
ImageBind,mscoco,Img-Img,Neg,0.22597176
ImageBind,mscoco,Img-Img,Neg,0.2310124
ImageBind,mscoco,Img-Img,Neg,0.15561193
ImageBind,mscoco,Img-Img,Neg,0.3077711
ImageBind,mscoco,Img-Img,Neg,0.40690726
ImageBind,mscoco,Img-Img,Neg,0.16900566
ImageBind,mscoco,Img-Img,Neg,0.23139344
ImageBind,mscoco,Img-Img,Neg,0.35127506
ImageBind,mscoco,Img-Img,Neg,0.18769236
ImageBind,mscoco,Img-Img,Neg,0.21975303
ImageBind,mscoco,Img-Img,Neg,0.1436534
ImageBind,mscoco,Img-Img,Neg,0.19038716
ImageBind,mscoco,Img-Img,Neg,0.3064805
ImageBind,mscoco,Img-Img,Neg,0.20180368
ImageBind,mscoco,Img-Img,Neg,0.20356163
ImageBind,mscoco,Img-Img,Neg,0.26499924
ImageBind,mscoco,Img-Img,Neg,0.3581475
ImageBind,mscoco,Img-Img,Neg,0.28669024
ImageBind,mscoco,Img-Img,Neg,0.26723894
ImageBind,mscoco,Img-Img,Neg,0.39271808
ImageBind,mscoco,Img-Img,Neg,0.26682907
ImageBind,mscoco,Img-Img,Neg,0.22160542
ImageBind,mscoco,Img-Img,Neg,0.35043263
ImageBind,mscoco,Img-Img,Neg,0.2968652
ImageBind,mscoco,Img-Img,Neg,0.47961256
ImageBind,mscoco,Img-Img,Neg,0.11563851
ImageBind,mscoco,Img-Img,Neg,0.27537125
ImageBind,mscoco,Img-Img,Neg,0.21914123
ImageBind,mscoco,Img-Img,Neg,0.3590705
ImageBind,mscoco,Img-Img,Neg,0.2455562
ImageBind,mscoco,Img-Img,Neg,0.35626534
ImageBind,mscoco,Img-Img,Neg,0.21988502
ImageBind,mscoco,Img-Img,Neg,0.21838647
ImageBind,mscoco,Img-Img,Neg,0.24422798
ImageBind,mscoco,Img-Img,Neg,0.32917234
ImageBind,mscoco,Img-Img,Neg,0.25682592
ImageBind,mscoco,Img-Img,Neg,0.2205928
ImageBind,mscoco,Img-Img,Neg,0.30224138
ImageBind,mscoco,Img-Img,Neg,0.3483065
ImageBind,mscoco,Img-Img,Neg,0.23769426
ImageBind,mscoco,Img-Img,Neg,0.29581267
ImageBind,mscoco,Img-Img,Neg,0.3953396
ImageBind,mscoco,Img-Img,Neg,0.28489226
ImageBind,mscoco,Img-Img,Neg,0.3813973
ImageBind,mscoco,Img-Img,Neg,0.29698128
ImageBind,mscoco,Img-Img,Neg,0.21162912
ImageBind,mscoco,Img-Img,Neg,0.22369432
ImageBind,mscoco,Img-Img,Neg,0.11753459
ImageBind,mscoco,Img-Img,Neg,0.31824118
ImageBind,mscoco,Img-Img,Neg,0.21904531
ImageBind,mscoco,Img-Img,Neg,0.19265684
ImageBind,mscoco,Img-Img,Neg,0.4176529
ImageBind,mscoco,Img-Img,Neg,0.2272999
ImageBind,mscoco,Img-Img,Neg,0.4180084
ImageBind,mscoco,Img-Img,Neg,0.37265286
ImageBind,mscoco,Img-Img,Neg,0.345613
ImageBind,mscoco,Img-Img,Neg,0.31725106
ImageBind,mscoco,Img-Img,Neg,0.27391604
ImageBind,mscoco,Img-Img,Neg,0.21014948
ImageBind,mscoco,Img-Img,Neg,0.20557576
ImageBind,mscoco,Img-Img,Neg,0.37741262
ImageBind,mscoco,Img-Img,Neg,0.409262
ImageBind,mscoco,Img-Img,Neg,0.38326174
ImageBind,mscoco,Img-Img,Neg,0.25218832
ImageBind,mscoco,Img-Img,Neg,0.27548823
ImageBind,mscoco,Img-Img,Neg,0.34549075
ImageBind,mscoco,Img-Img,Neg,0.53383994
ImageBind,mscoco,Img-Img,Neg,0.38709462
ImageBind,mscoco,Img-Img,Neg,0.18037409
ImageBind,mscoco,Img-Img,Neg,0.2910952
ImageBind,mscoco,Img-Img,Neg,0.15627322
ImageBind,mscoco,Img-Img,Neg,0.27290925
ImageBind,mscoco,Img-Img,Neg,0.17594677
ImageBind,mscoco,Img-Img,Neg,0.33266658
ImageBind,mscoco,Img-Img,Neg,0.16958344
ImageBind,mscoco,Img-Img,Neg,0.29298085
ImageBind,mscoco,Img-Img,Neg,0.23823076
ImageBind,mscoco,Img-Img,Neg,0.24431053
ImageBind,mscoco,Img-Img,Neg,0.47311074
ImageBind,mscoco,Img-Img,Neg,0.35864812
ImageBind,mscoco,Img-Img,Neg,0.2827022
ImageBind,mscoco,Img-Img,Neg,0.25516114
ImageBind,mscoco,Img-Img,Neg,0.3613868
ImageBind,mscoco,Img-Img,Neg,0.25378156
ImageBind,mscoco,Img-Img,Neg,0.36826915
ImageBind,mscoco,Img-Img,Neg,0.31581217
ImageBind,mscoco,Img-Img,Neg,0.31741434
ImageBind,mscoco,Img-Img,Neg,0.23688063
ImageBind,mscoco,Img-Img,Neg,0.29217127
ImageBind,mscoco,Img-Img,Neg,0.21643804
ImageBind,mscoco,Img-Img,Neg,0.30299026
ImageBind,mscoco,Img-Img,Neg,0.3573038
ImageBind,mscoco,Img-Img,Neg,0.37005156
ImageBind,mscoco,Img-Img,Neg,0.27669847
ImageBind,mscoco,Img-Img,Neg,0.2958703
ImageBind,mscoco,Img-Img,Neg,0.27264202
ImageBind,mscoco,Img-Img,Neg,0.2264216
ImageBind,mscoco,Img-Img,Neg,0.27304685
ImageBind,mscoco,Img-Img,Neg,0.25273
ImageBind,mscoco,Img-Img,Neg,0.24145964
ImageBind,mscoco,Img-Img,Neg,0.3233779
ImageBind,mscoco,Img-Img,Neg,0.66756916
ImageBind,mscoco,Img-Img,Neg,0.32420263
ImageBind,mscoco,Img-Img,Neg,0.38849074
ImageBind,mscoco,Img-Img,Neg,0.57096106
ImageBind,mscoco,Img-Img,Neg,0.31890613
ImageBind,mscoco,Img-Img,Neg,0.52139187
ImageBind,mscoco,Img-Img,Neg,0.28608537
ImageBind,mscoco,Img-Img,Neg,0.40254056
ImageBind,mscoco,Img-Img,Neg,0.25743014
ImageBind,mscoco,Img-Img,Neg,0.32961753
ImageBind,mscoco,Img-Img,Neg,0.2562129
ImageBind,mscoco,Img-Img,Neg,0.29907665
ImageBind,mscoco,Img-Img,Neg,0.47375867
ImageBind,mscoco,Img-Img,Neg,0.36043927
ImageBind,mscoco,Img-Img,Neg,0.5367321
ImageBind,mscoco,Img-Img,Neg,0.055800676
ImageBind,mscoco,Img-Img,Neg,0.22843806
ImageBind,mscoco,Img-Img,Neg,0.31649125
ImageBind,mscoco,Img-Img,Neg,0.21584907
ImageBind,mscoco,Img-Img,Neg,0.28279316
ImageBind,mscoco,Img-Img,Neg,0.30560964
ImageBind,mscoco,Img-Img,Neg,0.26748395
ImageBind,mscoco,Img-Img,Neg,0.3072988
ImageBind,mscoco,Img-Img,Neg,0.23668039
ImageBind,mscoco,Img-Img,Neg,0.17929798
ImageBind,mscoco,Img-Img,Neg,0.43308592
ImageBind,mscoco,Img-Img,Neg,0.19901866
ImageBind,mscoco,Img-Img,Neg,0.22653548
ImageBind,mscoco,Img-Img,Neg,0.4022684
ImageBind,mscoco,Img-Img,Neg,0.41383684
ImageBind,mscoco,Img-Img,Neg,0.31439254
ImageBind,mscoco,Img-Img,Neg,0.22242936
ImageBind,mscoco,Img-Img,Neg,0.1923813
ImageBind,mscoco,Img-Img,Neg,0.23614115
ImageBind,mscoco,Img-Img,Neg,0.38090837
ImageBind,mscoco,Img-Img,Neg,0.2369603
ImageBind,mscoco,Img-Img,Neg,0.26657918
ImageBind,mscoco,Img-Img,Neg,0.22881293
ImageBind,mscoco,Img-Img,Neg,0.18452376
ImageBind,mscoco,Img-Img,Neg,0.47536266
ImageBind,mscoco,Img-Img,Neg,0.20049918
ImageBind,mscoco,Img-Img,Neg,0.18399525
ImageBind,mscoco,Img-Img,Neg,0.22024237
ImageBind,mscoco,Img-Img,Neg,0.21192949
ImageBind,mscoco,Img-Img,Neg,0.25216174
ImageBind,mscoco,Img-Img,Neg,0.16293475
ImageBind,mscoco,Img-Img,Neg,0.47841603
ImageBind,mscoco,Img-Img,Neg,0.20617345
ImageBind,mscoco,Img-Img,Neg,0.25925332
ImageBind,mscoco,Img-Img,Neg,0.5191324
ImageBind,mscoco,Img-Img,Neg,0.30238676
ImageBind,mscoco,Img-Img,Neg,0.3351314
ImageBind,mscoco,Img-Img,Neg,0.19298841
ImageBind,mscoco,Img-Img,Neg,0.24535178
ImageBind,mscoco,Img-Img,Neg,0.1532047
ImageBind,mscoco,Img-Img,Neg,0.3319881
ImageBind,mscoco,Img-Img,Neg,0.35772797
ImageBind,mscoco,Img-Img,Neg,0.282082
ImageBind,mscoco,Img-Img,Neg,0.3904714
ImageBind,mscoco,Img-Img,Neg,0.2661216
ImageBind,mscoco,Img-Img,Neg,0.23788577
ImageBind,mscoco,Img-Img,Neg,0.23538433
ImageBind,mscoco,Img-Img,Neg,0.21704704
ImageBind,mscoco,Img-Img,Neg,0.29180208
ImageBind,mscoco,Img-Img,Neg,0.21388733
ImageBind,mscoco,Img-Img,Neg,0.13396654
ImageBind,mscoco,Img-Img,Neg,0.24242729
ImageBind,mscoco,Img-Img,Neg,0.22907473
ImageBind,mscoco,Img-Img,Neg,0.25532007
ImageBind,mscoco,Img-Img,Neg,0.27124134
ImageBind,mscoco,Img-Img,Neg,0.31598195
ImageBind,mscoco,Img-Img,Neg,0.22379202
ImageBind,mscoco,Img-Img,Neg,0.1887148
ImageBind,mscoco,Img-Img,Neg,0.2044644
ImageBind,mscoco,Img-Img,Neg,0.36627716
ImageBind,mscoco,Img-Img,Neg,0.26597998
ImageBind,mscoco,Img-Img,Neg,0.26418167
ImageBind,mscoco,Img-Img,Neg,0.30738276
ImageBind,mscoco,Img-Img,Neg,0.30531675
ImageBind,mscoco,Img-Img,Neg,0.44256192
ImageBind,mscoco,Img-Img,Neg,0.24852695
ImageBind,mscoco,Img-Img,Neg,0.259686
ImageBind,mscoco,Img-Img,Neg,0.2424978
ImageBind,mscoco,Img-Img,Neg,0.4235808
ImageBind,mscoco,Img-Img,Neg,0.36721063
ImageBind,mscoco,Img-Img,Neg,0.26372898
ImageBind,mscoco,Img-Img,Neg,0.3702395
ImageBind,mscoco,Img-Img,Neg,0.30569124
ImageBind,mscoco,Img-Img,Neg,0.3436776
ImageBind,mscoco,Img-Img,Neg,0.44187587
ImageBind,mscoco,Img-Img,Neg,0.30454123
ImageBind,mscoco,Img-Img,Neg,0.25798082
ImageBind,mscoco,Img-Img,Neg,0.36030325
ImageBind,mscoco,Img-Img,Neg,0.29375583
ImageBind,mscoco,Img-Img,Neg,0.37525576
ImageBind,mscoco,Img-Img,Neg,0.16292332
ImageBind,mscoco,Img-Img,Neg,0.27958712
ImageBind,mscoco,Img-Img,Neg,0.4249485
ImageBind,mscoco,Img-Img,Neg,0.2892155
ImageBind,mscoco,Img-Img,Neg,0.22780144
ImageBind,mscoco,Img-Img,Neg,0.30300656
ImageBind,mscoco,Img-Img,Neg,0.34434226
ImageBind,mscoco,Img-Img,Neg,0.33403236
ImageBind,mscoco,Img-Img,Neg,0.3935941
ImageBind,mscoco,Img-Img,Neg,0.1537382
ImageBind,mscoco,Img-Img,Neg,0.15836003
ImageBind,mscoco,Img-Img,Neg,0.27975887
ImageBind,mscoco,Img-Img,Neg,0.13683853
ImageBind,mscoco,Img-Img,Neg,0.5227089
ImageBind,mscoco,Img-Img,Neg,0.53801614
ImageBind,mscoco,Img-Img,Neg,0.24333361
ImageBind,mscoco,Img-Img,Neg,0.6547267
ImageBind,mscoco,Img-Img,Neg,0.36254996
ImageBind,mscoco,Txt-Img,Neg,-0.02316825
ImageBind,mscoco,Txt-Img,Neg,-0.034653194
ImageBind,mscoco,Txt-Img,Neg,0.025422769
ImageBind,mscoco,Txt-Img,Neg,0.040560313
ImageBind,mscoco,Txt-Img,Neg,-0.016645016
ImageBind,mscoco,Txt-Img,Neg,-0.029499266
ImageBind,mscoco,Txt-Img,Neg,0.107473895
ImageBind,mscoco,Txt-Img,Neg,0.16166067
ImageBind,mscoco,Txt-Img,Neg,-0.017342903
ImageBind,mscoco,Txt-Img,Neg,-0.045535892
ImageBind,mscoco,Txt-Img,Neg,-0.08512561
ImageBind,mscoco,Txt-Img,Neg,-0.0046424605
ImageBind,mscoco,Txt-Img,Neg,-0.043695148
ImageBind,mscoco,Txt-Img,Neg,0.0042807795
ImageBind,mscoco,Txt-Img,Neg,-0.053198807
ImageBind,mscoco,Txt-Img,Neg,-0.054802883
ImageBind,mscoco,Txt-Img,Neg,-0.012960095
ImageBind,mscoco,Txt-Img,Neg,0.033040017
ImageBind,mscoco,Txt-Img,Neg,0.11753823
ImageBind,mscoco,Txt-Img,Neg,-0.03348813
ImageBind,mscoco,Txt-Img,Neg,0.040562466
ImageBind,mscoco,Txt-Img,Neg,-0.052066684
ImageBind,mscoco,Txt-Img,Neg,0.009690824
ImageBind,mscoco,Txt-Img,Neg,0.009605445
ImageBind,mscoco,Txt-Img,Neg,-0.08174787
ImageBind,mscoco,Txt-Img,Neg,0.1150763
ImageBind,mscoco,Txt-Img,Neg,-0.04486273
ImageBind,mscoco,Txt-Img,Neg,0.021571424
ImageBind,mscoco,Txt-Img,Neg,-0.036235634
ImageBind,mscoco,Txt-Img,Neg,-0.10571066
ImageBind,mscoco,Txt-Img,Neg,-0.022903796
ImageBind,mscoco,Txt-Img,Neg,-0.0039688414
ImageBind,mscoco,Txt-Img,Neg,0.03617581
ImageBind,mscoco,Txt-Img,Neg,0.11166087
ImageBind,mscoco,Txt-Img,Neg,0.08287905
ImageBind,mscoco,Txt-Img,Neg,-0.017457463
ImageBind,mscoco,Txt-Img,Neg,0.03751501
ImageBind,mscoco,Txt-Img,Neg,0.063039936
ImageBind,mscoco,Txt-Img,Neg,0.0016317861
ImageBind,mscoco,Txt-Img,Neg,-0.07069699
ImageBind,mscoco,Txt-Img,Neg,0.08168604
ImageBind,mscoco,Txt-Img,Neg,0.06749003
ImageBind,mscoco,Txt-Img,Neg,0.039305262
ImageBind,mscoco,Txt-Img,Neg,0.11402121
ImageBind,mscoco,Txt-Img,Neg,0.0908665
ImageBind,mscoco,Txt-Img,Neg,0.03089872
ImageBind,mscoco,Txt-Img,Neg,-0.014006739
ImageBind,mscoco,Txt-Img,Neg,0.025032604
ImageBind,mscoco,Txt-Img,Neg,-0.015403287
ImageBind,mscoco,Txt-Img,Neg,0.02705432
ImageBind,mscoco,Txt-Img,Neg,-0.032520268
ImageBind,mscoco,Txt-Img,Neg,0.03687776
ImageBind,mscoco,Txt-Img,Neg,0.060225423
ImageBind,mscoco,Txt-Img,Neg,-0.015251082
ImageBind,mscoco,Txt-Img,Neg,-0.022597052
ImageBind,mscoco,Txt-Img,Neg,-0.011022594
ImageBind,mscoco,Txt-Img,Neg,0.052868176
ImageBind,mscoco,Txt-Img,Neg,0.02235793
ImageBind,mscoco,Txt-Img,Neg,0.018138785
ImageBind,mscoco,Txt-Img,Neg,0.115292564
ImageBind,mscoco,Txt-Img,Neg,-0.029996991
ImageBind,mscoco,Txt-Img,Neg,0.03611707
ImageBind,mscoco,Txt-Img,Neg,-0.050387904
ImageBind,mscoco,Txt-Img,Neg,-0.05493019
ImageBind,mscoco,Txt-Img,Neg,0.13518183
ImageBind,mscoco,Txt-Img,Neg,0.09141556
ImageBind,mscoco,Txt-Img,Neg,-0.07654962
ImageBind,mscoco,Txt-Img,Neg,-0.028395802
ImageBind,mscoco,Txt-Img,Neg,0.07241071
ImageBind,mscoco,Txt-Img,Neg,0.010165686
ImageBind,mscoco,Txt-Img,Neg,-0.06603223
ImageBind,mscoco,Txt-Img,Neg,0.07454376
ImageBind,mscoco,Txt-Img,Neg,-0.037786063
ImageBind,mscoco,Txt-Img,Neg,-0.023101537
ImageBind,mscoco,Txt-Img,Neg,0.08864081
ImageBind,mscoco,Txt-Img,Neg,-0.053984437
ImageBind,mscoco,Txt-Img,Neg,-0.047715344
ImageBind,mscoco,Txt-Img,Neg,0.036752317
ImageBind,mscoco,Txt-Img,Neg,0.0017721958
ImageBind,mscoco,Txt-Img,Neg,0.023699744
ImageBind,mscoco,Txt-Img,Neg,-0.03046554
ImageBind,mscoco,Txt-Img,Neg,-0.054321583
ImageBind,mscoco,Txt-Img,Neg,0.07162961
ImageBind,mscoco,Txt-Img,Neg,0.105604306
ImageBind,mscoco,Txt-Img,Neg,0.014805905
ImageBind,mscoco,Txt-Img,Neg,0.04302726
ImageBind,mscoco,Txt-Img,Neg,0.07095848
ImageBind,mscoco,Txt-Img,Neg,-0.070181385
ImageBind,mscoco,Txt-Img,Neg,0.050907087
ImageBind,mscoco,Txt-Img,Neg,-0.07544246
ImageBind,mscoco,Txt-Img,Neg,-0.034815732
ImageBind,mscoco,Txt-Img,Neg,-0.02852781
ImageBind,mscoco,Txt-Img,Neg,0.026014252
ImageBind,mscoco,Txt-Img,Neg,0.055670206
ImageBind,mscoco,Txt-Img,Neg,-0.0349291
ImageBind,mscoco,Txt-Img,Neg,0.08734481
ImageBind,mscoco,Txt-Img,Neg,-0.041046783
ImageBind,mscoco,Txt-Img,Neg,-0.13588847
ImageBind,mscoco,Txt-Img,Neg,-0.02618481
ImageBind,mscoco,Txt-Img,Neg,-0.027662363
ImageBind,mscoco,Txt-Img,Neg,0.022003138
ImageBind,mscoco,Txt-Img,Neg,-0.04127545
ImageBind,mscoco,Txt-Img,Neg,-0.0062308284
ImageBind,mscoco,Txt-Img,Neg,0.039047487
ImageBind,mscoco,Txt-Img,Neg,-0.038110696
ImageBind,mscoco,Txt-Img,Neg,-0.007896716
ImageBind,mscoco,Txt-Img,Neg,0.0110265855
ImageBind,mscoco,Txt-Img,Neg,-0.0021203337
ImageBind,mscoco,Txt-Img,Neg,-0.089189574
ImageBind,mscoco,Txt-Img,Neg,-0.014025494
ImageBind,mscoco,Txt-Img,Neg,0.10560322
ImageBind,mscoco,Txt-Img,Neg,0.033417903
ImageBind,mscoco,Txt-Img,Neg,-0.06648312
ImageBind,mscoco,Txt-Img,Neg,-0.090697356
ImageBind,mscoco,Txt-Img,Neg,-0.08236666
ImageBind,mscoco,Txt-Img,Neg,-0.027952645
ImageBind,mscoco,Txt-Img,Neg,-0.0047070435
ImageBind,mscoco,Txt-Img,Neg,0.096804045
ImageBind,mscoco,Txt-Img,Neg,-0.018877259
ImageBind,mscoco,Txt-Img,Neg,-0.086204425
ImageBind,mscoco,Txt-Img,Neg,0.08375743
ImageBind,mscoco,Txt-Img,Neg,0.021543117
ImageBind,mscoco,Txt-Img,Neg,0.020944744
ImageBind,mscoco,Txt-Img,Neg,-0.044092618
ImageBind,mscoco,Txt-Img,Neg,0.10475033
ImageBind,mscoco,Txt-Img,Neg,0.15987076
ImageBind,mscoco,Txt-Img,Neg,-0.025431858
ImageBind,mscoco,Txt-Img,Neg,0.010216149
ImageBind,mscoco,Txt-Img,Neg,-0.02153863
ImageBind,mscoco,Txt-Img,Neg,0.040083475
ImageBind,mscoco,Txt-Img,Neg,-0.040535983
ImageBind,mscoco,Txt-Img,Neg,-0.042244803
ImageBind,mscoco,Txt-Img,Neg,0.008351535
ImageBind,mscoco,Txt-Img,Neg,-0.02731067
ImageBind,mscoco,Txt-Img,Neg,0.13884096
ImageBind,mscoco,Txt-Img,Neg,-0.015631253
ImageBind,mscoco,Txt-Img,Neg,-0.034064982
ImageBind,mscoco,Txt-Img,Neg,-0.052023686
ImageBind,mscoco,Txt-Img,Neg,-0.050706252
ImageBind,mscoco,Txt-Img,Neg,0.07181229
ImageBind,mscoco,Txt-Img,Neg,0.17834675
ImageBind,mscoco,Txt-Img,Neg,0.033083647
ImageBind,mscoco,Txt-Img,Neg,0.0538954
ImageBind,mscoco,Txt-Img,Neg,0.04341775
ImageBind,mscoco,Txt-Img,Neg,-0.057607036
ImageBind,mscoco,Txt-Img,Neg,0.0020764563
ImageBind,mscoco,Txt-Img,Neg,-0.0037681176
ImageBind,mscoco,Txt-Img,Neg,-0.019632336
ImageBind,mscoco,Txt-Img,Neg,0.01593687
ImageBind,mscoco,Txt-Img,Neg,0.00036220462
ImageBind,mscoco,Txt-Img,Neg,-0.0426581
ImageBind,mscoco,Txt-Img,Neg,0.06743034
ImageBind,mscoco,Txt-Img,Neg,0.06795414
ImageBind,mscoco,Txt-Img,Neg,0.0032067401
ImageBind,mscoco,Txt-Img,Neg,-0.03919345
ImageBind,mscoco,Txt-Img,Neg,-0.002834295
ImageBind,mscoco,Txt-Img,Neg,0.013525825
ImageBind,mscoco,Txt-Img,Neg,0.07132287
ImageBind,mscoco,Txt-Img,Neg,-0.00065912213
ImageBind,mscoco,Txt-Img,Neg,-0.011105957
ImageBind,mscoco,Txt-Img,Neg,-0.007352384
ImageBind,mscoco,Txt-Img,Neg,0.053914994
ImageBind,mscoco,Txt-Img,Neg,-0.08270415
ImageBind,mscoco,Txt-Img,Neg,-0.007940434
ImageBind,mscoco,Txt-Img,Neg,-0.04436437
ImageBind,mscoco,Txt-Img,Neg,-0.04851968
ImageBind,mscoco,Txt-Img,Neg,0.009347179
ImageBind,mscoco,Txt-Img,Neg,-0.024306297
ImageBind,mscoco,Txt-Img,Neg,0.0442772
ImageBind,mscoco,Txt-Img,Neg,0.037239637
ImageBind,mscoco,Txt-Img,Neg,0.023120556
ImageBind,mscoco,Txt-Img,Neg,0.10146858
ImageBind,mscoco,Txt-Img,Neg,-0.03975495
ImageBind,mscoco,Txt-Img,Neg,0.040756814
ImageBind,mscoco,Txt-Img,Neg,0.06481138
ImageBind,mscoco,Txt-Img,Neg,0.005519262
ImageBind,mscoco,Txt-Img,Neg,0.009280282
ImageBind,mscoco,Txt-Img,Neg,0.19728729
ImageBind,mscoco,Txt-Img,Neg,-0.008742778
ImageBind,mscoco,Txt-Img,Neg,0.10769239
ImageBind,mscoco,Txt-Img,Neg,0.09157197
ImageBind,mscoco,Txt-Img,Neg,-0.02626183
ImageBind,mscoco,Txt-Img,Neg,-0.0012789094
ImageBind,mscoco,Txt-Img,Neg,0.008149272
ImageBind,mscoco,Txt-Img,Neg,0.20309249
ImageBind,mscoco,Txt-Img,Neg,-0.03620714
ImageBind,mscoco,Txt-Img,Neg,0.060980447
ImageBind,mscoco,Txt-Img,Neg,0.008633894
ImageBind,mscoco,Txt-Img,Neg,0.020897016
ImageBind,mscoco,Txt-Img,Neg,-0.07325358
ImageBind,mscoco,Txt-Img,Neg,-0.039652262
ImageBind,mscoco,Txt-Img,Neg,-0.03995269
ImageBind,mscoco,Txt-Img,Neg,-0.034682587
ImageBind,mscoco,Txt-Img,Neg,0.005156642
ImageBind,mscoco,Txt-Img,Neg,-0.007579673
ImageBind,mscoco,Txt-Img,Neg,0.022113042
ImageBind,mscoco,Txt-Img,Neg,0.0034981836
ImageBind,mscoco,Txt-Img,Neg,0.051684044
ImageBind,mscoco,Txt-Img,Neg,-0.092409804
ImageBind,mscoco,Txt-Img,Neg,-0.04303948
ImageBind,mscoco,Txt-Img,Neg,-0.016686168
ImageBind,mscoco,Txt-Img,Neg,0.03100586
ImageBind,mscoco,Txt-Img,Neg,-0.012837193
ImageBind,mscoco,Txt-Img,Neg,0.019643473
ImageBind,mscoco,Txt-Img,Neg,-0.0026754427
ImageBind,mscoco,Txt-Img,Neg,0.057371862
ImageBind,mscoco,Txt-Img,Neg,0.042591132
ImageBind,mscoco,Txt-Img,Neg,0.03243292
ImageBind,mscoco,Txt-Img,Neg,0.014825374
ImageBind,mscoco,Txt-Img,Neg,-0.010713657
ImageBind,mscoco,Txt-Img,Neg,-0.059829235
ImageBind,mscoco,Txt-Img,Neg,-0.046406362
ImageBind,mscoco,Txt-Img,Neg,-0.03946737
ImageBind,mscoco,Txt-Img,Neg,-0.08548135
ImageBind,mscoco,Txt-Img,Neg,0.085602574
ImageBind,mscoco,Txt-Img,Neg,0.031598933
ImageBind,mscoco,Txt-Img,Neg,0.014352482
ImageBind,mscoco,Txt-Img,Neg,0.021152029
ImageBind,mscoco,Txt-Img,Neg,-0.030327844
ImageBind,mscoco,Txt-Img,Neg,0.2750705
ImageBind,mscoco,Txt-Img,Neg,-0.062381215
ImageBind,mscoco,Txt-Img,Neg,-0.017462742
ImageBind,mscoco,Txt-Img,Neg,0.109543696
ImageBind,mscoco,Txt-Img,Neg,-0.05850932
ImageBind,mscoco,Txt-Img,Neg,0.018183883
ImageBind,mscoco,Txt-Img,Neg,0.0037811846
ImageBind,mscoco,Txt-Img,Neg,-0.022456191
ImageBind,mscoco,Txt-Img,Neg,0.0026579523
ImageBind,mscoco,Txt-Img,Neg,0.020734122
ImageBind,mscoco,Txt-Img,Neg,0.06514263
ImageBind,mscoco,Txt-Img,Neg,-0.0033983616
ImageBind,mscoco,Txt-Img,Neg,0.09695092
ImageBind,mscoco,Txt-Img,Neg,0.007787708
ImageBind,mscoco,Txt-Img,Neg,-0.0076008094
ImageBind,mscoco,Txt-Img,Neg,-0.03872036
ImageBind,mscoco,Txt-Img,Neg,-0.06647746
ImageBind,mscoco,Txt-Img,Neg,0.10009661
ImageBind,mscoco,Txt-Img,Neg,-0.08850702
ImageBind,mscoco,Txt-Img,Neg,0.0676831
ImageBind,mscoco,Txt-Img,Neg,0.0020998316
ImageBind,mscoco,Txt-Img,Neg,0.030915562
ImageBind,mscoco,Txt-Img,Neg,-0.054380186
ImageBind,mscoco,Txt-Img,Neg,0.049780205
ImageBind,mscoco,Txt-Img,Neg,-0.0013405997
ImageBind,mscoco,Txt-Img,Neg,0.04125429
ImageBind,mscoco,Txt-Img,Neg,-0.0012620243
ImageBind,mscoco,Txt-Img,Neg,0.03873686
ImageBind,mscoco,Txt-Img,Neg,-0.038067907
ImageBind,mscoco,Txt-Img,Neg,0.050190337
ImageBind,mscoco,Txt-Img,Neg,-0.058226295
ImageBind,mscoco,Txt-Img,Neg,0.008955437
ImageBind,mscoco,Txt-Img,Neg,0.046795547
ImageBind,mscoco,Txt-Img,Neg,0.043220047
ImageBind,mscoco,Txt-Img,Neg,-0.016195409
ImageBind,mscoco,Txt-Img,Neg,-0.050430965
ImageBind,mscoco,Txt-Img,Neg,0.021765795
ImageBind,mscoco,Txt-Img,Neg,0.03119859
ImageBind,mscoco,Txt-Img,Neg,-0.032648534
ImageBind,mscoco,Txt-Img,Neg,-0.070208475
ImageBind,mscoco,Txt-Img,Neg,-0.09195214
ImageBind,mscoco,Txt-Img,Neg,0.08583386
ImageBind,mscoco,Txt-Img,Neg,0.020250715
ImageBind,mscoco,Txt-Img,Neg,-0.033114683
ImageBind,mscoco,Txt-Img,Neg,-0.021384016
ImageBind,mscoco,Txt-Img,Neg,0.041152738
ImageBind,mscoco,Txt-Img,Neg,0.06572995
ImageBind,mscoco,Txt-Img,Neg,-0.18420102
ImageBind,mscoco,Txt-Img,Neg,-0.074380934
ImageBind,mscoco,Txt-Img,Neg,0.04623768
ImageBind,mscoco,Txt-Img,Neg,-0.027173914
ImageBind,mscoco,Txt-Img,Neg,0.019750414
ImageBind,mscoco,Txt-Img,Neg,0.002270503
ImageBind,mscoco,Txt-Img,Neg,-0.0030345954
ImageBind,mscoco,Txt-Img,Neg,-0.044891477
ImageBind,mscoco,Txt-Img,Neg,-0.006197636
ImageBind,mscoco,Txt-Img,Neg,0.04571245
ImageBind,mscoco,Txt-Img,Neg,-0.01923986
ImageBind,mscoco,Txt-Img,Neg,-0.014259366
ImageBind,mscoco,Txt-Img,Neg,-0.030690365
ImageBind,mscoco,Txt-Img,Neg,0.062022887
ImageBind,mscoco,Txt-Img,Neg,0.0736853
ImageBind,mscoco,Txt-Img,Neg,-0.04221835
ImageBind,mscoco,Txt-Img,Neg,-0.024326079
ImageBind,mscoco,Txt-Img,Neg,-0.0387491
ImageBind,mscoco,Txt-Img,Neg,-0.062402893
ImageBind,mscoco,Txt-Img,Neg,-0.011160531
ImageBind,mscoco,Txt-Img,Neg,0.054558452
ImageBind,mscoco,Txt-Img,Neg,0.043091528
ImageBind,mscoco,Txt-Img,Neg,0.15079387
ImageBind,mscoco,Txt-Img,Neg,0.020994172
ImageBind,mscoco,Txt-Img,Neg,-0.015048102
ImageBind,mscoco,Txt-Img,Neg,0.015643585
ImageBind,mscoco,Txt-Img,Neg,0.03799945
ImageBind,mscoco,Txt-Img,Neg,-0.007876576
ImageBind,mscoco,Txt-Img,Neg,0.058143876
ImageBind,mscoco,Txt-Img,Neg,-0.014216306
ImageBind,mscoco,Txt-Img,Neg,0.0052340124
ImageBind,mscoco,Txt-Img,Neg,-0.042749256
ImageBind,mscoco,Txt-Img,Neg,0.0069345534
ImageBind,mscoco,Txt-Img,Neg,0.1023951
ImageBind,mscoco,Txt-Img,Neg,0.05390826
ImageBind,mscoco,Txt-Img,Neg,-0.021896372
ImageBind,mscoco,Txt-Img,Neg,-0.08437799
ImageBind,mscoco,Txt-Img,Neg,-0.111263804
ImageBind,mscoco,Txt-Img,Neg,-0.08250822
ImageBind,mscoco,Txt-Img,Neg,0.012899702
ImageBind,mscoco,Txt-Img,Neg,-0.040943384
ImageBind,mscoco,Txt-Img,Neg,0.043847356
ImageBind,mscoco,Txt-Img,Neg,0.010548192
ImageBind,mscoco,Txt-Img,Neg,-0.050247055
ImageBind,mscoco,Txt-Img,Neg,-0.0651946
ImageBind,mscoco,Txt-Img,Neg,0.031508066
ImageBind,mscoco,Txt-Img,Neg,-0.03156002
ImageBind,mscoco,Txt-Img,Neg,0.069423944
ImageBind,mscoco,Txt-Img,Neg,0.051530723
ImageBind,mscoco,Txt-Img,Neg,0.10581861
ImageBind,mscoco,Txt-Img,Neg,-0.046134584
ImageBind,mscoco,Txt-Img,Neg,0.031073615
ImageBind,mscoco,Txt-Img,Neg,0.0024773404
ImageBind,mscoco,Txt-Img,Neg,-0.026677884
ImageBind,mscoco,Txt-Img,Neg,0.046977464
ImageBind,mscoco,Txt-Img,Neg,-0.008480886
ImageBind,mscoco,Txt-Img,Neg,-0.018365186
ImageBind,mscoco,Txt-Img,Neg,-0.07140452
ImageBind,mscoco,Txt-Img,Neg,-0.026393719
ImageBind,mscoco,Txt-Img,Neg,0.04533565
ImageBind,mscoco,Txt-Img,Neg,-0.0055821366
ImageBind,mscoco,Txt-Img,Neg,-0.0149704525
ImageBind,mscoco,Txt-Img,Neg,-0.07474437
ImageBind,mscoco,Txt-Img,Neg,-0.023835128
ImageBind,mscoco,Txt-Img,Neg,0.09694479
ImageBind,mscoco,Txt-Img,Neg,0.07342688
ImageBind,mscoco,Txt-Img,Neg,-0.09445791
ImageBind,mscoco,Txt-Img,Neg,0.0065494534
ImageBind,mscoco,Txt-Img,Neg,-0.05221261
ImageBind,mscoco,Txt-Img,Neg,-0.046996474
ImageBind,mscoco,Txt-Img,Neg,0.06166903
ImageBind,mscoco,Txt-Img,Neg,-0.10251333
ImageBind,mscoco,Txt-Img,Neg,0.036792032
ImageBind,mscoco,Txt-Img,Neg,-0.008493144
ImageBind,mscoco,Txt-Img,Neg,0.049464997
ImageBind,mscoco,Txt-Img,Neg,-0.049387034
ImageBind,mscoco,Txt-Img,Neg,0.0063494667
ImageBind,mscoco,Txt-Img,Neg,-0.0004468729
ImageBind,mscoco,Txt-Img,Neg,-0.099874526
ImageBind,mscoco,Txt-Img,Neg,-0.044219065
ImageBind,mscoco,Txt-Img,Neg,0.19902259
ImageBind,mscoco,Txt-Img,Neg,0.008980924
ImageBind,mscoco,Txt-Img,Neg,-0.05890264
ImageBind,mscoco,Txt-Img,Neg,-0.04919886
ImageBind,mscoco,Txt-Img,Neg,0.03442908
ImageBind,mscoco,Txt-Img,Neg,-0.026575375
ImageBind,mscoco,Txt-Img,Neg,-0.08896423
ImageBind,mscoco,Txt-Img,Neg,-0.032815814
ImageBind,mscoco,Txt-Img,Neg,-0.011062358
ImageBind,mscoco,Txt-Img,Neg,-0.0425882
ImageBind,mscoco,Txt-Img,Neg,-0.009819305
ImageBind,mscoco,Txt-Img,Neg,-0.082419395
ImageBind,mscoco,Txt-Img,Neg,0.09695722
ImageBind,mscoco,Txt-Img,Neg,0.010370019
ImageBind,mscoco,Txt-Img,Neg,0.006846344
ImageBind,mscoco,Txt-Img,Neg,0.033186696
ImageBind,mscoco,Txt-Img,Neg,-0.018298365
ImageBind,mscoco,Txt-Img,Neg,-0.021656092
ImageBind,mscoco,Txt-Img,Neg,-0.036317475
ImageBind,mscoco,Txt-Img,Neg,0.0495544
ImageBind,mscoco,Txt-Img,Neg,0.056699093
ImageBind,mscoco,Txt-Img,Neg,0.019248731
ImageBind,mscoco,Txt-Img,Neg,0.16592085
ImageBind,mscoco,Txt-Img,Neg,0.21282232
ImageBind,mscoco,Txt-Img,Neg,-0.035504024
ImageBind,mscoco,Txt-Img,Neg,-0.06247026
ImageBind,mscoco,Txt-Img,Neg,0.013375185
ImageBind,mscoco,Txt-Img,Neg,0.09535581
ImageBind,mscoco,Txt-Img,Neg,0.010317279
ImageBind,mscoco,Txt-Img,Neg,-0.00453387
ImageBind,mscoco,Txt-Img,Neg,-0.08591194
ImageBind,mscoco,Txt-Img,Neg,0.10843949
ImageBind,mscoco,Txt-Img,Neg,-0.03812794
ImageBind,mscoco,Txt-Img,Neg,0.036650844
ImageBind,mscoco,Txt-Img,Neg,0.05794087
ImageBind,mscoco,Txt-Img,Neg,-0.012138162
ImageBind,mscoco,Txt-Img,Neg,-0.10136521
ImageBind,mscoco,Txt-Img,Neg,0.0028112847
ImageBind,mscoco,Txt-Img,Neg,-0.0255384
ImageBind,mscoco,Txt-Img,Neg,-0.102946445
ImageBind,mscoco,Txt-Img,Neg,-0.011373418
ImageBind,mscoco,Txt-Img,Neg,0.038683325
ImageBind,mscoco,Txt-Img,Neg,-0.06514601
ImageBind,mscoco,Txt-Img,Neg,0.056323647
ImageBind,mscoco,Txt-Img,Neg,0.07889941
ImageBind,mscoco,Txt-Img,Neg,-0.046242163
ImageBind,mscoco,Txt-Img,Neg,-0.12057167
ImageBind,mscoco,Txt-Img,Neg,-0.038462598
ImageBind,mscoco,Txt-Img,Neg,0.027643614
ImageBind,mscoco,Txt-Img,Neg,0.07738785
ImageBind,mscoco,Txt-Img,Neg,-0.05350524
ImageBind,mscoco,Txt-Img,Neg,0.07130943
ImageBind,mscoco,Txt-Img,Neg,-0.0061722193
ImageBind,mscoco,Txt-Img,Neg,-0.04442179
ImageBind,mscoco,Txt-Img,Neg,0.027530208
ImageBind,mscoco,Txt-Img,Neg,-0.026409086
ImageBind,mscoco,Txt-Img,Neg,0.028867176
ImageBind,mscoco,Txt-Img,Neg,-0.015211781
ImageBind,mscoco,Txt-Img,Neg,0.0023360145
ImageBind,mscoco,Txt-Img,Neg,0.037391983
ImageBind,mscoco,Txt-Img,Neg,0.03633677
ImageBind,mscoco,Txt-Img,Neg,0.05996021
ImageBind,mscoco,Txt-Img,Neg,0.032471918
ImageBind,mscoco,Txt-Img,Neg,-0.05642815
ImageBind,mscoco,Txt-Img,Neg,-0.12276385
ImageBind,mscoco,Txt-Img,Neg,0.05108756
ImageBind,mscoco,Txt-Img,Neg,-0.021460604
ImageBind,mscoco,Txt-Img,Neg,-0.0153639065
ImageBind,mscoco,Txt-Img,Neg,-0.002891024
ImageBind,mscoco,Txt-Img,Neg,0.024462799
ImageBind,mscoco,Txt-Img,Neg,-0.056106247
ImageBind,mscoco,Txt-Img,Neg,-0.12099549
ImageBind,mscoco,Txt-Img,Neg,0.025680387
ImageBind,mscoco,Txt-Img,Neg,-0.032908086
ImageBind,mscoco,Txt-Img,Neg,-0.02231247
ImageBind,mscoco,Txt-Img,Neg,0.004906526
ImageBind,mscoco,Txt-Img,Neg,0.015570966
ImageBind,mscoco,Txt-Img,Neg,-0.015141987
ImageBind,mscoco,Txt-Img,Neg,0.24638474
ImageBind,mscoco,Txt-Img,Neg,-0.04017612
ImageBind,mscoco,Txt-Img,Neg,-0.032608666
ImageBind,mscoco,Txt-Img,Neg,-0.026604291
ImageBind,mscoco,Txt-Img,Neg,-0.045164593
ImageBind,mscoco,Txt-Img,Neg,-0.08048196
ImageBind,mscoco,Txt-Img,Neg,0.10409543
ImageBind,mscoco,Txt-Img,Neg,0.022081804
ImageBind,mscoco,Txt-Img,Neg,0.03641574
ImageBind,mscoco,Txt-Img,Neg,-0.07277818
ImageBind,mscoco,Txt-Img,Neg,-0.043389745
ImageBind,mscoco,Txt-Img,Neg,-0.07067633
ImageBind,mscoco,Txt-Img,Neg,0.057398118
ImageBind,mscoco,Txt-Img,Neg,-0.05950778
ImageBind,mscoco,Txt-Img,Neg,0.10397661
ImageBind,mscoco,Txt-Img,Neg,0.1740873
ImageBind,mscoco,Txt-Img,Neg,-0.037953194
ImageBind,mscoco,Txt-Img,Neg,0.041239858
ImageBind,mscoco,Txt-Img,Neg,-0.005812919
ImageBind,mscoco,Txt-Img,Neg,-0.0015993211
ImageBind,mscoco,Txt-Img,Neg,-0.074202545
ImageBind,mscoco,Txt-Img,Neg,0.0072007
ImageBind,mscoco,Txt-Img,Neg,-0.05375547
ImageBind,mscoco,Txt-Img,Neg,0.04780593
ImageBind,mscoco,Txt-Img,Neg,-0.053535886
ImageBind,mscoco,Txt-Img,Neg,-0.01722834
ImageBind,mscoco,Txt-Img,Neg,-0.05345352
ImageBind,mscoco,Txt-Img,Neg,-0.09957462
ImageBind,mscoco,Txt-Img,Neg,-0.05015421
ImageBind,mscoco,Txt-Img,Neg,-0.017431393
ImageBind,mscoco,Txt-Img,Neg,-0.044366173
ImageBind,mscoco,Txt-Img,Neg,0.107671164
ImageBind,mscoco,Txt-Img,Neg,0.056568537
ImageBind,mscoco,Txt-Img,Neg,0.10448847
ImageBind,mscoco,Txt-Img,Neg,-0.08783574
ImageBind,mscoco,Txt-Img,Neg,-0.019618645
ImageBind,mscoco,Txt-Img,Neg,0.065124534
ImageBind,mscoco,Txt-Img,Neg,-0.0070994105
ImageBind,mscoco,Txt-Img,Neg,0.025095955
ImageBind,mscoco,Txt-Img,Neg,-0.040941164
ImageBind,mscoco,Txt-Img,Neg,0.09725058
ImageBind,mscoco,Txt-Img,Neg,0.022922274
ImageBind,mscoco,Txt-Img,Neg,-0.051158488
ImageBind,mscoco,Txt-Img,Neg,-0.05105273
ImageBind,mscoco,Txt-Img,Neg,0.0077496916
ImageBind,mscoco,Txt-Img,Neg,-0.037949022
ImageBind,mscoco,Txt-Img,Neg,-0.06686386
ImageBind,mscoco,Txt-Img,Neg,0.069461696
ImageBind,mscoco,Txt-Img,Neg,-0.084498435
ImageBind,mscoco,Txt-Img,Neg,-0.032367766
ImageBind,mscoco,Txt-Img,Neg,0.067616016
ImageBind,mscoco,Txt-Img,Neg,-0.0361297
ImageBind,mscoco,Txt-Img,Neg,0.10667294
ImageBind,mscoco,Txt-Img,Neg,-0.027691817
ImageBind,mscoco,Txt-Img,Neg,-0.03659544
ImageBind,mscoco,Txt-Img,Neg,0.0107603725
ImageBind,mscoco,Txt-Img,Neg,0.08626704
ImageBind,mscoco,Txt-Img,Neg,0.12638591
ImageBind,mscoco,Txt-Img,Neg,-0.106817864
ImageBind,mscoco,Txt-Img,Neg,0.032544628
ImageBind,mscoco,Txt-Img,Neg,0.054008905
ImageBind,mscoco,Txt-Img,Neg,-0.013084008
ImageBind,mscoco,Txt-Img,Neg,-0.015138308
ImageBind,mscoco,Txt-Img,Neg,-0.0020396134
ImageBind,mscoco,Txt-Img,Neg,0.0040417276
ImageBind,mscoco,Txt-Img,Neg,0.042535357
ImageBind,mscoco,Txt-Img,Neg,0.046670772
ImageBind,mscoco,Txt-Img,Neg,0.02976278
ImageBind,mscoco,Txt-Img,Neg,-0.010746565
ImageBind,mscoco,Txt-Img,Neg,0.24141523
ImageBind,mscoco,Txt-Img,Neg,0.023115844
ImageBind,mscoco,Txt-Img,Neg,0.037402384
ImageBind,mscoco,Txt-Img,Neg,0.028294547
ImageBind,mscoco,Txt-Img,Neg,0.015583202
ImageBind,mscoco,Txt-Img,Neg,-0.074078694
ImageBind,mscoco,Txt-Img,Neg,-0.012913452
ImageBind,mscoco,Txt-Img,Neg,0.05278955
ImageBind,mscoco,Txt-Img,Neg,0.03770537
ImageBind,mscoco,Txt-Img,Neg,0.04244562
ImageBind,mscoco,Txt-Img,Neg,-0.00048619742
ImageBind,mscoco,Txt-Img,Neg,-0.11440045
ImageBind,mscoco,Txt-Img,Neg,0.025076007
ImageBind,mscoco,Txt-Img,Neg,-0.023957968
ImageBind,mscoco,Txt-Img,Neg,0.08211451
ImageBind,mscoco,Txt-Img,Neg,-0.050989356
ImageBind,mscoco,Txt-Img,Neg,0.09497064
ImageBind,mscoco,Txt-Img,Neg,0.14617077
ImageBind,mscoco,Txt-Img,Neg,-0.022762835
ImageBind,mscoco,Txt-Img,Neg,-0.02242354
ImageBind,mscoco,Txt-Img,Neg,-0.02773451
ImageBind,mscoco,Txt-Img,Neg,0.015693784
ImageBind,mscoco,Txt-Img,Neg,-0.0135655785
ImageBind,mscoco,Txt-Img,Neg,-0.031063799
ImageBind,mscoco,Txt-Img,Neg,0.012609963
ImageBind,mscoco,Txt-Img,Neg,0.017502174
ImageBind,mscoco,Txt-Img,Neg,0.046031363
ImageBind,mscoco,Txt-Img,Neg,0.09610905
ImageBind,mscoco,Txt-Img,Neg,0.064653195
ImageBind,mscoco,Txt-Img,Neg,-0.025749084
