Model,Dataset,Pair Modality,Pair Type,Cosine Similarity
CLIP_ViT-B32,mscoco,Txt-Txt,Pos,0.65458584
CLIP_ViT-B32,mscoco,Txt-Txt,Pos,0.8083157
CLIP_ViT-B32,mscoco,Txt-Txt,Pos,0.6509266
CLIP_ViT-B32,mscoco,Txt-Txt,Pos,0.749984
CLIP_ViT-B32,mscoco,Txt-Txt,Pos,0.82898897
CLIP_ViT-B32,mscoco,Txt-Txt,Pos,0.7763474
CLIP_ViT-B32,mscoco,Txt-Txt,Pos,0.8473708
CLIP_ViT-B32,mscoco,Txt-Txt,Pos,0.79396194
CLIP_ViT-B32,mscoco,Txt-Txt,Pos,0.6637979
CLIP_ViT-B32,mscoco,Txt-Txt,Pos,0.6342194
CLIP_ViT-B32,mscoco,Txt-Txt,Pos,0.85227317
CLIP_ViT-B32,mscoco,Txt-Txt,Pos,0.6963864
CLIP_ViT-B32,mscoco,Txt-Txt,Pos,0.7840836
CLIP_ViT-B32,mscoco,Txt-Txt,Pos,0.36534345
CLIP_ViT-B32,mscoco,Txt-Txt,Pos,0.5854237
CLIP_ViT-B32,mscoco,Txt-Txt,Pos,0.6956576
CLIP_ViT-B32,mscoco,Txt-Txt,Pos,0.6606067
CLIP_ViT-B32,mscoco,Txt-Txt,Pos,0.7096486
CLIP_ViT-B32,mscoco,Txt-Txt,Pos,0.4527363
CLIP_ViT-B32,mscoco,Txt-Txt,Pos,0.7419021
CLIP_ViT-B32,mscoco,Txt-Txt,Pos,0.7964444
CLIP_ViT-B32,mscoco,Txt-Txt,Pos,0.50226206
CLIP_ViT-B32,mscoco,Txt-Txt,Pos,0.5463613
CLIP_ViT-B32,mscoco,Txt-Txt,Pos,0.6424864
CLIP_ViT-B32,mscoco,Txt-Txt,Pos,0.80740327
CLIP_ViT-B32,mscoco,Txt-Txt,Pos,0.5858805
CLIP_ViT-B32,mscoco,Txt-Txt,Pos,0.72407305
CLIP_ViT-B32,mscoco,Txt-Txt,Pos,0.5652413
CLIP_ViT-B32,mscoco,Txt-Txt,Pos,0.6341773
CLIP_ViT-B32,mscoco,Txt-Txt,Pos,0.7556828
CLIP_ViT-B32,mscoco,Txt-Txt,Pos,0.64436364
CLIP_ViT-B32,mscoco,Txt-Txt,Pos,0.85279715
CLIP_ViT-B32,mscoco,Txt-Txt,Pos,0.75013816
CLIP_ViT-B32,mscoco,Txt-Txt,Pos,0.6899107
CLIP_ViT-B32,mscoco,Txt-Txt,Pos,0.7330797
CLIP_ViT-B32,mscoco,Txt-Txt,Pos,0.6386806
CLIP_ViT-B32,mscoco,Txt-Txt,Pos,0.37396735
CLIP_ViT-B32,mscoco,Txt-Txt,Pos,0.57746047
CLIP_ViT-B32,mscoco,Txt-Txt,Pos,0.47527
CLIP_ViT-B32,mscoco,Txt-Txt,Pos,0.536356
CLIP_ViT-B32,mscoco,Txt-Txt,Pos,0.6158111
CLIP_ViT-B32,mscoco,Txt-Txt,Pos,0.66199046
CLIP_ViT-B32,mscoco,Txt-Txt,Pos,0.43370408
CLIP_ViT-B32,mscoco,Txt-Txt,Pos,0.7475424
CLIP_ViT-B32,mscoco,Txt-Txt,Pos,0.73660547
CLIP_ViT-B32,mscoco,Txt-Txt,Pos,0.78241813
CLIP_ViT-B32,mscoco,Txt-Txt,Pos,0.7193053
CLIP_ViT-B32,mscoco,Txt-Txt,Pos,0.58839536
CLIP_ViT-B32,mscoco,Txt-Txt,Pos,0.848016
CLIP_ViT-B32,mscoco,Txt-Txt,Pos,0.6762252
CLIP_ViT-B32,mscoco,Txt-Txt,Pos,0.7142972
CLIP_ViT-B32,mscoco,Txt-Txt,Pos,0.347921
CLIP_ViT-B32,mscoco,Txt-Txt,Pos,0.8706349
CLIP_ViT-B32,mscoco,Txt-Txt,Pos,0.70882285
CLIP_ViT-B32,mscoco,Txt-Txt,Pos,0.6913825
CLIP_ViT-B32,mscoco,Txt-Txt,Pos,0.67390025
CLIP_ViT-B32,mscoco,Txt-Txt,Pos,0.76368225
CLIP_ViT-B32,mscoco,Txt-Txt,Pos,0.6378567
CLIP_ViT-B32,mscoco,Txt-Txt,Pos,0.69014776
CLIP_ViT-B32,mscoco,Txt-Txt,Pos,0.75216806
CLIP_ViT-B32,mscoco,Txt-Txt,Pos,0.38972318
CLIP_ViT-B32,mscoco,Txt-Txt,Pos,0.6339959
CLIP_ViT-B32,mscoco,Txt-Txt,Pos,0.61415064
CLIP_ViT-B32,mscoco,Txt-Txt,Pos,0.81749403
CLIP_ViT-B32,mscoco,Txt-Txt,Pos,0.80994725
CLIP_ViT-B32,mscoco,Txt-Txt,Pos,0.676002
CLIP_ViT-B32,mscoco,Txt-Txt,Pos,0.67893803
CLIP_ViT-B32,mscoco,Txt-Txt,Pos,0.5357317
CLIP_ViT-B32,mscoco,Txt-Txt,Pos,0.47447622
CLIP_ViT-B32,mscoco,Txt-Txt,Pos,0.75881517
CLIP_ViT-B32,mscoco,Txt-Txt,Pos,0.5284176
CLIP_ViT-B32,mscoco,Txt-Txt,Pos,0.6469251
CLIP_ViT-B32,mscoco,Txt-Txt,Pos,0.4282565
CLIP_ViT-B32,mscoco,Txt-Txt,Pos,0.84739244
CLIP_ViT-B32,mscoco,Txt-Txt,Pos,0.58491707
CLIP_ViT-B32,mscoco,Txt-Txt,Pos,0.8888287
CLIP_ViT-B32,mscoco,Txt-Txt,Pos,0.61351156
CLIP_ViT-B32,mscoco,Txt-Txt,Pos,0.6413362
CLIP_ViT-B32,mscoco,Txt-Txt,Pos,0.69313943
CLIP_ViT-B32,mscoco,Txt-Txt,Pos,0.49219108
CLIP_ViT-B32,mscoco,Txt-Txt,Pos,0.42060035
CLIP_ViT-B32,mscoco,Txt-Txt,Pos,0.65909314
CLIP_ViT-B32,mscoco,Txt-Txt,Pos,0.72588515
CLIP_ViT-B32,mscoco,Txt-Txt,Pos,0.873415
CLIP_ViT-B32,mscoco,Txt-Txt,Pos,0.7658508
CLIP_ViT-B32,mscoco,Txt-Txt,Pos,0.72061867
CLIP_ViT-B32,mscoco,Txt-Txt,Pos,0.39277568
CLIP_ViT-B32,mscoco,Txt-Txt,Pos,0.54292023
CLIP_ViT-B32,mscoco,Txt-Txt,Pos,0.504845
CLIP_ViT-B32,mscoco,Txt-Txt,Pos,0.8898188
CLIP_ViT-B32,mscoco,Txt-Txt,Pos,0.7840614
CLIP_ViT-B32,mscoco,Txt-Txt,Pos,0.664434
CLIP_ViT-B32,mscoco,Txt-Txt,Pos,0.70155084
CLIP_ViT-B32,mscoco,Txt-Txt,Pos,0.693828
CLIP_ViT-B32,mscoco,Txt-Txt,Pos,0.845592
CLIP_ViT-B32,mscoco,Txt-Txt,Pos,0.88046306
CLIP_ViT-B32,mscoco,Txt-Txt,Pos,0.6853627
CLIP_ViT-B32,mscoco,Txt-Txt,Pos,0.6234696
CLIP_ViT-B32,mscoco,Txt-Txt,Pos,0.720363
CLIP_ViT-B32,mscoco,Txt-Txt,Pos,0.7797838
CLIP_ViT-B32,mscoco,Txt-Txt,Pos,0.8036443
CLIP_ViT-B32,mscoco,Txt-Txt,Pos,0.7259227
CLIP_ViT-B32,mscoco,Txt-Txt,Pos,0.8280319
CLIP_ViT-B32,mscoco,Txt-Txt,Pos,0.7822724
CLIP_ViT-B32,mscoco,Txt-Txt,Pos,0.70400405
CLIP_ViT-B32,mscoco,Txt-Txt,Pos,0.66868985
CLIP_ViT-B32,mscoco,Txt-Txt,Pos,0.592741
CLIP_ViT-B32,mscoco,Txt-Txt,Pos,0.6310712
CLIP_ViT-B32,mscoco,Txt-Txt,Pos,0.781659
CLIP_ViT-B32,mscoco,Txt-Txt,Pos,0.4373701
CLIP_ViT-B32,mscoco,Txt-Txt,Pos,0.5913848
CLIP_ViT-B32,mscoco,Txt-Txt,Pos,0.8344708
CLIP_ViT-B32,mscoco,Txt-Txt,Pos,0.6793152
CLIP_ViT-B32,mscoco,Txt-Txt,Pos,0.64887196
CLIP_ViT-B32,mscoco,Txt-Txt,Pos,0.5815376
CLIP_ViT-B32,mscoco,Txt-Txt,Pos,0.6981732
CLIP_ViT-B32,mscoco,Txt-Txt,Pos,0.77508426
CLIP_ViT-B32,mscoco,Txt-Txt,Pos,0.63365793
CLIP_ViT-B32,mscoco,Txt-Txt,Pos,0.81988716
CLIP_ViT-B32,mscoco,Txt-Txt,Pos,0.53370357
CLIP_ViT-B32,mscoco,Txt-Txt,Pos,0.50721014
CLIP_ViT-B32,mscoco,Txt-Txt,Pos,0.6408166
CLIP_ViT-B32,mscoco,Txt-Txt,Pos,0.7794208
CLIP_ViT-B32,mscoco,Txt-Txt,Pos,0.81919396
CLIP_ViT-B32,mscoco,Txt-Txt,Pos,0.5831063
CLIP_ViT-B32,mscoco,Txt-Txt,Pos,0.6676901
CLIP_ViT-B32,mscoco,Txt-Txt,Pos,0.53914833
CLIP_ViT-B32,mscoco,Txt-Txt,Pos,0.61829305
CLIP_ViT-B32,mscoco,Txt-Txt,Pos,0.83527267
CLIP_ViT-B32,mscoco,Txt-Txt,Pos,0.8011066
CLIP_ViT-B32,mscoco,Txt-Txt,Pos,0.46854573
CLIP_ViT-B32,mscoco,Txt-Txt,Pos,0.3988499
CLIP_ViT-B32,mscoco,Txt-Txt,Pos,0.84796214
CLIP_ViT-B32,mscoco,Txt-Txt,Pos,0.61838335
CLIP_ViT-B32,mscoco,Txt-Txt,Pos,0.7602147
CLIP_ViT-B32,mscoco,Txt-Txt,Pos,0.81103426
CLIP_ViT-B32,mscoco,Txt-Txt,Pos,0.4941492
CLIP_ViT-B32,mscoco,Txt-Txt,Pos,0.76628184
CLIP_ViT-B32,mscoco,Txt-Txt,Pos,0.7927815
CLIP_ViT-B32,mscoco,Txt-Txt,Pos,0.6867001
CLIP_ViT-B32,mscoco,Txt-Txt,Pos,0.45724666
CLIP_ViT-B32,mscoco,Txt-Txt,Pos,0.78272355
CLIP_ViT-B32,mscoco,Txt-Txt,Pos,0.86140984
CLIP_ViT-B32,mscoco,Txt-Txt,Pos,0.7097244
CLIP_ViT-B32,mscoco,Txt-Txt,Pos,0.7177799
CLIP_ViT-B32,mscoco,Txt-Txt,Pos,0.5567888
CLIP_ViT-B32,mscoco,Txt-Txt,Pos,0.58255637
CLIP_ViT-B32,mscoco,Txt-Txt,Pos,0.5984126
CLIP_ViT-B32,mscoco,Txt-Txt,Pos,0.59302884
CLIP_ViT-B32,mscoco,Txt-Txt,Pos,0.47717577
CLIP_ViT-B32,mscoco,Txt-Txt,Pos,0.44688606
CLIP_ViT-B32,mscoco,Txt-Txt,Pos,0.5485699
CLIP_ViT-B32,mscoco,Txt-Txt,Pos,0.72030187
CLIP_ViT-B32,mscoco,Txt-Txt,Pos,0.8624944
CLIP_ViT-B32,mscoco,Txt-Txt,Pos,0.7834563
CLIP_ViT-B32,mscoco,Txt-Txt,Pos,0.36793786
CLIP_ViT-B32,mscoco,Txt-Txt,Pos,0.74309576
CLIP_ViT-B32,mscoco,Txt-Txt,Pos,0.65225595
CLIP_ViT-B32,mscoco,Txt-Txt,Pos,0.8430244
CLIP_ViT-B32,mscoco,Txt-Txt,Pos,0.71076226
CLIP_ViT-B32,mscoco,Txt-Txt,Pos,0.56055105
CLIP_ViT-B32,mscoco,Txt-Txt,Pos,0.73713374
CLIP_ViT-B32,mscoco,Txt-Txt,Pos,0.5018175
CLIP_ViT-B32,mscoco,Txt-Txt,Pos,0.49885717
CLIP_ViT-B32,mscoco,Txt-Txt,Pos,0.63577247
CLIP_ViT-B32,mscoco,Txt-Txt,Pos,0.592725
CLIP_ViT-B32,mscoco,Txt-Txt,Pos,0.66449887
CLIP_ViT-B32,mscoco,Txt-Txt,Pos,0.7190188
CLIP_ViT-B32,mscoco,Txt-Txt,Pos,0.6401558
CLIP_ViT-B32,mscoco,Txt-Txt,Pos,0.36991283
CLIP_ViT-B32,mscoco,Txt-Txt,Pos,0.7488481
CLIP_ViT-B32,mscoco,Txt-Txt,Pos,0.6126654
CLIP_ViT-B32,mscoco,Txt-Txt,Pos,0.4691453
CLIP_ViT-B32,mscoco,Txt-Txt,Pos,0.59526694
CLIP_ViT-B32,mscoco,Txt-Txt,Pos,0.7269548
CLIP_ViT-B32,mscoco,Txt-Txt,Pos,0.78875184
CLIP_ViT-B32,mscoco,Txt-Txt,Pos,0.71423334
CLIP_ViT-B32,mscoco,Txt-Txt,Pos,0.5890931
CLIP_ViT-B32,mscoco,Txt-Txt,Pos,0.44535747
CLIP_ViT-B32,mscoco,Txt-Txt,Pos,0.6570968
CLIP_ViT-B32,mscoco,Txt-Txt,Pos,0.67936814
CLIP_ViT-B32,mscoco,Txt-Txt,Pos,0.59137887
CLIP_ViT-B32,mscoco,Txt-Txt,Pos,0.64627373
CLIP_ViT-B32,mscoco,Txt-Txt,Pos,0.7621546
CLIP_ViT-B32,mscoco,Txt-Txt,Pos,0.46203783
CLIP_ViT-B32,mscoco,Txt-Txt,Pos,0.5346849
CLIP_ViT-B32,mscoco,Txt-Txt,Pos,0.72036994
CLIP_ViT-B32,mscoco,Txt-Txt,Pos,0.7486626
CLIP_ViT-B32,mscoco,Txt-Txt,Pos,0.8116275
CLIP_ViT-B32,mscoco,Txt-Txt,Pos,0.57867837
CLIP_ViT-B32,mscoco,Txt-Txt,Pos,0.586699
CLIP_ViT-B32,mscoco,Txt-Txt,Pos,0.5653852
CLIP_ViT-B32,mscoco,Txt-Txt,Pos,0.4627446
CLIP_ViT-B32,mscoco,Txt-Txt,Pos,0.717495
CLIP_ViT-B32,mscoco,Txt-Txt,Pos,0.6095388
CLIP_ViT-B32,mscoco,Txt-Txt,Pos,0.9073015
CLIP_ViT-B32,mscoco,Txt-Txt,Pos,0.59035933
CLIP_ViT-B32,mscoco,Txt-Txt,Pos,0.65209305
CLIP_ViT-B32,mscoco,Txt-Txt,Pos,0.5427077
CLIP_ViT-B32,mscoco,Txt-Txt,Pos,0.58645546
CLIP_ViT-B32,mscoco,Txt-Txt,Pos,0.66775763
CLIP_ViT-B32,mscoco,Txt-Txt,Pos,0.49810308
CLIP_ViT-B32,mscoco,Txt-Txt,Pos,0.5370587
CLIP_ViT-B32,mscoco,Txt-Txt,Pos,0.53722715
CLIP_ViT-B32,mscoco,Txt-Txt,Pos,0.5834379
CLIP_ViT-B32,mscoco,Txt-Txt,Pos,0.43086237
CLIP_ViT-B32,mscoco,Txt-Txt,Pos,0.64300287
CLIP_ViT-B32,mscoco,Txt-Txt,Pos,0.655408
CLIP_ViT-B32,mscoco,Txt-Txt,Pos,0.6207347
CLIP_ViT-B32,mscoco,Txt-Txt,Pos,0.56541693
CLIP_ViT-B32,mscoco,Txt-Txt,Pos,0.56510764
CLIP_ViT-B32,mscoco,Txt-Txt,Pos,0.49359232
CLIP_ViT-B32,mscoco,Txt-Txt,Pos,0.64608496
CLIP_ViT-B32,mscoco,Txt-Txt,Pos,0.63403493
CLIP_ViT-B32,mscoco,Txt-Txt,Pos,0.6304431
CLIP_ViT-B32,mscoco,Txt-Txt,Pos,0.624
CLIP_ViT-B32,mscoco,Txt-Txt,Pos,0.4097484
CLIP_ViT-B32,mscoco,Txt-Txt,Pos,0.77490723
CLIP_ViT-B32,mscoco,Txt-Txt,Pos,0.72009087
CLIP_ViT-B32,mscoco,Txt-Txt,Pos,0.8166793
CLIP_ViT-B32,mscoco,Txt-Txt,Pos,0.52803195
CLIP_ViT-B32,mscoco,Txt-Txt,Pos,0.6206815
CLIP_ViT-B32,mscoco,Txt-Txt,Pos,0.7457025
CLIP_ViT-B32,mscoco,Txt-Txt,Pos,0.66345274
CLIP_ViT-B32,mscoco,Txt-Txt,Pos,0.5507781
CLIP_ViT-B32,mscoco,Txt-Txt,Pos,0.6515323
CLIP_ViT-B32,mscoco,Txt-Txt,Pos,0.43618378
CLIP_ViT-B32,mscoco,Txt-Txt,Pos,0.5543704
CLIP_ViT-B32,mscoco,Txt-Txt,Pos,0.41708323
CLIP_ViT-B32,mscoco,Txt-Txt,Pos,0.4281593
CLIP_ViT-B32,mscoco,Txt-Txt,Pos,0.615877
CLIP_ViT-B32,mscoco,Txt-Txt,Pos,0.50967145
CLIP_ViT-B32,mscoco,Txt-Txt,Pos,0.73431605
CLIP_ViT-B32,mscoco,Txt-Txt,Pos,0.6356398
CLIP_ViT-B32,mscoco,Txt-Txt,Pos,0.674384
CLIP_ViT-B32,mscoco,Txt-Txt,Pos,0.4185973
CLIP_ViT-B32,mscoco,Txt-Txt,Pos,0.6353506
CLIP_ViT-B32,mscoco,Txt-Txt,Pos,0.5124022
CLIP_ViT-B32,mscoco,Txt-Txt,Pos,0.69151103
CLIP_ViT-B32,mscoco,Txt-Txt,Pos,0.6128471
CLIP_ViT-B32,mscoco,Txt-Txt,Pos,0.64856964
CLIP_ViT-B32,mscoco,Txt-Txt,Pos,0.57848454
CLIP_ViT-B32,mscoco,Txt-Txt,Pos,0.4626792
CLIP_ViT-B32,mscoco,Txt-Txt,Pos,0.72165585
CLIP_ViT-B32,mscoco,Txt-Txt,Pos,0.6653579
CLIP_ViT-B32,mscoco,Txt-Txt,Pos,0.73536175
CLIP_ViT-B32,mscoco,Txt-Txt,Pos,0.5061248
CLIP_ViT-B32,mscoco,Txt-Txt,Pos,0.791962
CLIP_ViT-B32,mscoco,Txt-Txt,Pos,0.54664046
CLIP_ViT-B32,mscoco,Txt-Txt,Pos,0.8920989
CLIP_ViT-B32,mscoco,Txt-Txt,Pos,0.76872385
CLIP_ViT-B32,mscoco,Txt-Txt,Pos,0.6629893
CLIP_ViT-B32,mscoco,Txt-Txt,Pos,0.83217007
CLIP_ViT-B32,mscoco,Txt-Txt,Pos,0.53279936
CLIP_ViT-B32,mscoco,Txt-Txt,Pos,0.57887006
CLIP_ViT-B32,mscoco,Txt-Txt,Pos,0.61392266
CLIP_ViT-B32,mscoco,Txt-Txt,Pos,0.4953646
CLIP_ViT-B32,mscoco,Txt-Txt,Pos,0.9112562
CLIP_ViT-B32,mscoco,Txt-Txt,Pos,0.53283226
CLIP_ViT-B32,mscoco,Txt-Txt,Pos,0.6859225
CLIP_ViT-B32,mscoco,Txt-Txt,Pos,0.60017335
CLIP_ViT-B32,mscoco,Txt-Txt,Pos,0.82448745
CLIP_ViT-B32,mscoco,Txt-Txt,Pos,0.7065357
CLIP_ViT-B32,mscoco,Txt-Txt,Pos,0.5184445
CLIP_ViT-B32,mscoco,Txt-Txt,Pos,0.54257905
CLIP_ViT-B32,mscoco,Txt-Txt,Pos,0.65506387
CLIP_ViT-B32,mscoco,Txt-Txt,Pos,0.80653965
CLIP_ViT-B32,mscoco,Txt-Txt,Pos,0.7144855
CLIP_ViT-B32,mscoco,Txt-Txt,Pos,0.8279259
CLIP_ViT-B32,mscoco,Txt-Txt,Pos,0.6573751
CLIP_ViT-B32,mscoco,Txt-Txt,Pos,0.6358865
CLIP_ViT-B32,mscoco,Txt-Txt,Pos,0.58690774
CLIP_ViT-B32,mscoco,Txt-Txt,Pos,0.6320505
CLIP_ViT-B32,mscoco,Txt-Txt,Pos,0.6578407
CLIP_ViT-B32,mscoco,Txt-Txt,Pos,0.50556666
CLIP_ViT-B32,mscoco,Txt-Txt,Pos,0.65460837
CLIP_ViT-B32,mscoco,Txt-Txt,Pos,0.6606327
CLIP_ViT-B32,mscoco,Txt-Txt,Pos,0.45161057
CLIP_ViT-B32,mscoco,Txt-Txt,Pos,0.85254204
CLIP_ViT-B32,mscoco,Txt-Txt,Pos,0.79308873
CLIP_ViT-B32,mscoco,Txt-Txt,Pos,0.59480095
CLIP_ViT-B32,mscoco,Txt-Txt,Pos,0.82828474
CLIP_ViT-B32,mscoco,Txt-Txt,Pos,0.62438786
CLIP_ViT-B32,mscoco,Txt-Txt,Pos,0.7286878
CLIP_ViT-B32,mscoco,Txt-Txt,Pos,0.8265606
CLIP_ViT-B32,mscoco,Txt-Txt,Pos,0.52596986
CLIP_ViT-B32,mscoco,Txt-Txt,Pos,0.81072867
CLIP_ViT-B32,mscoco,Txt-Txt,Pos,0.7943802
CLIP_ViT-B32,mscoco,Txt-Txt,Pos,0.6050391
CLIP_ViT-B32,mscoco,Txt-Txt,Pos,0.7063637
CLIP_ViT-B32,mscoco,Txt-Txt,Pos,0.9002533
CLIP_ViT-B32,mscoco,Txt-Txt,Pos,0.65567195
CLIP_ViT-B32,mscoco,Txt-Txt,Pos,0.42009062
CLIP_ViT-B32,mscoco,Txt-Txt,Pos,0.6658723
CLIP_ViT-B32,mscoco,Txt-Txt,Pos,0.6030054
CLIP_ViT-B32,mscoco,Txt-Txt,Pos,0.6584654
CLIP_ViT-B32,mscoco,Txt-Txt,Pos,0.7610645
CLIP_ViT-B32,mscoco,Txt-Txt,Pos,0.39820656
CLIP_ViT-B32,mscoco,Txt-Txt,Pos,0.44873762
CLIP_ViT-B32,mscoco,Txt-Txt,Pos,0.53380847
CLIP_ViT-B32,mscoco,Txt-Txt,Pos,0.5740418
CLIP_ViT-B32,mscoco,Txt-Txt,Pos,0.8200681
CLIP_ViT-B32,mscoco,Txt-Txt,Pos,0.45681745
CLIP_ViT-B32,mscoco,Txt-Txt,Pos,0.7998185
CLIP_ViT-B32,mscoco,Txt-Txt,Pos,0.63814723
CLIP_ViT-B32,mscoco,Txt-Txt,Pos,0.7014428
CLIP_ViT-B32,mscoco,Txt-Txt,Pos,0.31436676
CLIP_ViT-B32,mscoco,Txt-Txt,Pos,0.57884073
CLIP_ViT-B32,mscoco,Txt-Txt,Pos,0.7471301
CLIP_ViT-B32,mscoco,Txt-Txt,Pos,0.65532017
CLIP_ViT-B32,mscoco,Txt-Txt,Pos,0.61054885
CLIP_ViT-B32,mscoco,Txt-Txt,Pos,0.63637984
CLIP_ViT-B32,mscoco,Txt-Txt,Pos,0.33516562
CLIP_ViT-B32,mscoco,Txt-Txt,Pos,0.7227997
CLIP_ViT-B32,mscoco,Txt-Txt,Pos,0.6644678
CLIP_ViT-B32,mscoco,Txt-Txt,Pos,0.7683401
CLIP_ViT-B32,mscoco,Txt-Txt,Pos,0.8192878
CLIP_ViT-B32,mscoco,Txt-Txt,Pos,0.4605233
CLIP_ViT-B32,mscoco,Txt-Txt,Pos,0.60935605
CLIP_ViT-B32,mscoco,Txt-Txt,Pos,0.76785773
CLIP_ViT-B32,mscoco,Txt-Txt,Pos,0.51669204
CLIP_ViT-B32,mscoco,Txt-Txt,Pos,0.7813762
CLIP_ViT-B32,mscoco,Txt-Txt,Pos,0.79992723
CLIP_ViT-B32,mscoco,Txt-Txt,Pos,0.71678925
CLIP_ViT-B32,mscoco,Txt-Txt,Pos,0.6345235
CLIP_ViT-B32,mscoco,Txt-Txt,Pos,0.6141305
CLIP_ViT-B32,mscoco,Txt-Txt,Pos,0.66820484
CLIP_ViT-B32,mscoco,Txt-Txt,Pos,0.58829975
CLIP_ViT-B32,mscoco,Txt-Txt,Pos,0.81800395
CLIP_ViT-B32,mscoco,Txt-Txt,Pos,0.6450279
CLIP_ViT-B32,mscoco,Txt-Txt,Pos,0.6373654
CLIP_ViT-B32,mscoco,Txt-Txt,Pos,0.49980974
CLIP_ViT-B32,mscoco,Txt-Txt,Pos,0.60624844
CLIP_ViT-B32,mscoco,Txt-Txt,Pos,0.45918941
CLIP_ViT-B32,mscoco,Txt-Txt,Pos,0.72343457
CLIP_ViT-B32,mscoco,Txt-Txt,Pos,0.5471065
CLIP_ViT-B32,mscoco,Txt-Txt,Pos,0.71260816
CLIP_ViT-B32,mscoco,Txt-Txt,Pos,0.7916907
CLIP_ViT-B32,mscoco,Txt-Txt,Pos,0.48243046
CLIP_ViT-B32,mscoco,Txt-Txt,Pos,0.661344
CLIP_ViT-B32,mscoco,Txt-Txt,Pos,0.6152836
CLIP_ViT-B32,mscoco,Txt-Txt,Pos,0.56035817
CLIP_ViT-B32,mscoco,Txt-Txt,Pos,0.48469484
CLIP_ViT-B32,mscoco,Txt-Txt,Pos,0.45196506
CLIP_ViT-B32,mscoco,Txt-Txt,Pos,0.74049985
CLIP_ViT-B32,mscoco,Txt-Txt,Pos,0.88964224
CLIP_ViT-B32,mscoco,Txt-Txt,Pos,0.63399076
CLIP_ViT-B32,mscoco,Txt-Txt,Pos,0.7208179
CLIP_ViT-B32,mscoco,Txt-Txt,Pos,0.40527037
CLIP_ViT-B32,mscoco,Txt-Txt,Pos,0.57782674
CLIP_ViT-B32,mscoco,Txt-Txt,Pos,0.6461102
CLIP_ViT-B32,mscoco,Txt-Txt,Pos,0.6461538
CLIP_ViT-B32,mscoco,Txt-Txt,Pos,0.7561548
CLIP_ViT-B32,mscoco,Txt-Txt,Pos,0.7467576
CLIP_ViT-B32,mscoco,Txt-Txt,Pos,0.49666452
CLIP_ViT-B32,mscoco,Txt-Txt,Pos,0.4906445
CLIP_ViT-B32,mscoco,Txt-Txt,Pos,0.66507244
CLIP_ViT-B32,mscoco,Txt-Txt,Pos,0.28133053
CLIP_ViT-B32,mscoco,Txt-Txt,Pos,0.7168292
CLIP_ViT-B32,mscoco,Txt-Txt,Pos,0.56449914
CLIP_ViT-B32,mscoco,Txt-Txt,Pos,0.6392566
CLIP_ViT-B32,mscoco,Txt-Txt,Pos,0.62015676
CLIP_ViT-B32,mscoco,Txt-Txt,Pos,0.6079354
CLIP_ViT-B32,mscoco,Txt-Txt,Pos,0.7082132
CLIP_ViT-B32,mscoco,Txt-Txt,Pos,0.66111505
CLIP_ViT-B32,mscoco,Txt-Txt,Pos,0.79773915
CLIP_ViT-B32,mscoco,Txt-Txt,Pos,0.47536483
CLIP_ViT-B32,mscoco,Txt-Txt,Pos,0.6644865
CLIP_ViT-B32,mscoco,Txt-Txt,Pos,0.5137696
CLIP_ViT-B32,mscoco,Txt-Txt,Pos,0.63567233
CLIP_ViT-B32,mscoco,Txt-Txt,Pos,0.7668539
CLIP_ViT-B32,mscoco,Txt-Txt,Pos,0.5134413
CLIP_ViT-B32,mscoco,Txt-Txt,Pos,0.5545475
CLIP_ViT-B32,mscoco,Txt-Txt,Pos,0.6292133
CLIP_ViT-B32,mscoco,Txt-Txt,Pos,0.60982984
CLIP_ViT-B32,mscoco,Txt-Txt,Pos,0.68916804
CLIP_ViT-B32,mscoco,Txt-Txt,Pos,0.68848026
CLIP_ViT-B32,mscoco,Txt-Txt,Pos,0.5348699
CLIP_ViT-B32,mscoco,Txt-Txt,Pos,0.59195304
CLIP_ViT-B32,mscoco,Txt-Txt,Pos,0.38891187
CLIP_ViT-B32,mscoco,Txt-Txt,Pos,0.7534859
CLIP_ViT-B32,mscoco,Txt-Txt,Pos,0.46726343
CLIP_ViT-B32,mscoco,Txt-Txt,Pos,0.6386318
CLIP_ViT-B32,mscoco,Txt-Txt,Pos,0.7396679
CLIP_ViT-B32,mscoco,Txt-Txt,Pos,0.7095244
CLIP_ViT-B32,mscoco,Txt-Txt,Pos,0.7576777
CLIP_ViT-B32,mscoco,Txt-Txt,Pos,0.7130657
CLIP_ViT-B32,mscoco,Txt-Txt,Pos,0.4690414
CLIP_ViT-B32,mscoco,Txt-Txt,Pos,0.60948384
CLIP_ViT-B32,mscoco,Txt-Txt,Pos,0.58396435
CLIP_ViT-B32,mscoco,Txt-Txt,Pos,0.65771735
CLIP_ViT-B32,mscoco,Txt-Txt,Pos,0.49422735
CLIP_ViT-B32,mscoco,Txt-Txt,Pos,0.8543999
CLIP_ViT-B32,mscoco,Txt-Txt,Pos,0.52929336
CLIP_ViT-B32,mscoco,Txt-Txt,Pos,0.45608938
CLIP_ViT-B32,mscoco,Txt-Txt,Pos,0.7439769
CLIP_ViT-B32,mscoco,Txt-Txt,Pos,0.64502203
CLIP_ViT-B32,mscoco,Txt-Txt,Pos,0.6869784
CLIP_ViT-B32,mscoco,Txt-Txt,Pos,0.48659003
CLIP_ViT-B32,mscoco,Txt-Txt,Pos,0.5514573
CLIP_ViT-B32,mscoco,Txt-Txt,Pos,0.7135123
CLIP_ViT-B32,mscoco,Txt-Txt,Pos,0.6925349
CLIP_ViT-B32,mscoco,Txt-Txt,Pos,0.6100426
CLIP_ViT-B32,mscoco,Txt-Txt,Pos,0.6574699
CLIP_ViT-B32,mscoco,Txt-Txt,Pos,0.5868757
CLIP_ViT-B32,mscoco,Txt-Txt,Pos,0.5015038
CLIP_ViT-B32,mscoco,Txt-Txt,Pos,0.53018415
CLIP_ViT-B32,mscoco,Txt-Txt,Pos,0.5824945
CLIP_ViT-B32,mscoco,Txt-Txt,Pos,0.53169775
CLIP_ViT-B32,mscoco,Txt-Txt,Pos,0.6273085
CLIP_ViT-B32,mscoco,Txt-Txt,Pos,0.47893927
CLIP_ViT-B32,mscoco,Txt-Txt,Pos,0.8016174
CLIP_ViT-B32,mscoco,Txt-Txt,Pos,0.67417073
CLIP_ViT-B32,mscoco,Txt-Txt,Pos,0.54270315
CLIP_ViT-B32,mscoco,Txt-Txt,Pos,0.593073
CLIP_ViT-B32,mscoco,Txt-Txt,Pos,0.76188946
CLIP_ViT-B32,mscoco,Txt-Txt,Pos,0.5091068
CLIP_ViT-B32,mscoco,Txt-Txt,Pos,0.66340846
CLIP_ViT-B32,mscoco,Txt-Txt,Pos,0.50109154
CLIP_ViT-B32,mscoco,Txt-Txt,Pos,0.59848166
CLIP_ViT-B32,mscoco,Txt-Txt,Pos,0.73142457
CLIP_ViT-B32,mscoco,Txt-Txt,Pos,0.7358612
CLIP_ViT-B32,mscoco,Txt-Txt,Pos,0.59293604
CLIP_ViT-B32,mscoco,Txt-Txt,Pos,0.84491765
CLIP_ViT-B32,mscoco,Txt-Txt,Pos,0.5780206
CLIP_ViT-B32,mscoco,Txt-Txt,Pos,0.77501726
CLIP_ViT-B32,mscoco,Txt-Txt,Pos,0.763908
CLIP_ViT-B32,mscoco,Txt-Txt,Pos,0.525397
CLIP_ViT-B32,mscoco,Txt-Txt,Pos,0.63104063
CLIP_ViT-B32,mscoco,Txt-Txt,Pos,0.5446
CLIP_ViT-B32,mscoco,Txt-Txt,Pos,0.50970894
CLIP_ViT-B32,mscoco,Txt-Txt,Pos,0.47466362
CLIP_ViT-B32,mscoco,Txt-Txt,Pos,0.57701147
CLIP_ViT-B32,mscoco,Txt-Txt,Pos,0.68728536
CLIP_ViT-B32,mscoco,Txt-Txt,Pos,0.5700381
CLIP_ViT-B32,mscoco,Txt-Txt,Pos,0.45518363
CLIP_ViT-B32,mscoco,Txt-Txt,Pos,0.50287014
CLIP_ViT-B32,mscoco,Txt-Txt,Pos,0.6668066
CLIP_ViT-B32,mscoco,Txt-Txt,Pos,0.6677016
CLIP_ViT-B32,mscoco,Txt-Txt,Pos,0.83362323
CLIP_ViT-B32,mscoco,Txt-Txt,Pos,0.578439
CLIP_ViT-B32,mscoco,Txt-Txt,Pos,0.49958152
CLIP_ViT-B32,mscoco,Txt-Txt,Pos,0.6231006
CLIP_ViT-B32,mscoco,Txt-Txt,Pos,0.46122423
CLIP_ViT-B32,mscoco,Txt-Txt,Pos,0.78926456
CLIP_ViT-B32,mscoco,Txt-Txt,Pos,0.81122565
CLIP_ViT-B32,mscoco,Txt-Txt,Pos,0.69666946
CLIP_ViT-B32,mscoco,Txt-Txt,Pos,0.5334683
CLIP_ViT-B32,mscoco,Txt-Txt,Pos,0.7193381
CLIP_ViT-B32,mscoco,Txt-Txt,Pos,0.5654708
CLIP_ViT-B32,mscoco,Txt-Txt,Pos,0.5720267
CLIP_ViT-B32,mscoco,Txt-Txt,Pos,0.48686695
CLIP_ViT-B32,mscoco,Txt-Txt,Pos,0.77006173
CLIP_ViT-B32,mscoco,Txt-Txt,Pos,0.6012985
CLIP_ViT-B32,mscoco,Txt-Txt,Pos,0.62834823
CLIP_ViT-B32,mscoco,Txt-Txt,Pos,0.5740739
CLIP_ViT-B32,mscoco,Txt-Txt,Pos,0.45669043
CLIP_ViT-B32,mscoco,Txt-Txt,Pos,0.47311425
CLIP_ViT-B32,mscoco,Txt-Txt,Pos,0.6308807
CLIP_ViT-B32,mscoco,Txt-Txt,Pos,0.46956098
CLIP_ViT-B32,mscoco,Txt-Txt,Pos,0.42972457
CLIP_ViT-B32,mscoco,Txt-Txt,Pos,0.65144664
CLIP_ViT-B32,mscoco,Txt-Txt,Pos,0.49383253
CLIP_ViT-B32,mscoco,Txt-Txt,Pos,0.62986296
CLIP_ViT-B32,mscoco,Txt-Txt,Pos,0.56053257
CLIP_ViT-B32,mscoco,Txt-Txt,Pos,0.62777156
CLIP_ViT-B32,mscoco,Txt-Txt,Pos,0.56931996
CLIP_ViT-B32,mscoco,Txt-Txt,Pos,0.61018205
CLIP_ViT-B32,mscoco,Txt-Txt,Pos,0.57480884
CLIP_ViT-B32,mscoco,Txt-Txt,Pos,0.6871735
CLIP_ViT-B32,mscoco,Txt-Txt,Pos,0.7655686
CLIP_ViT-B32,mscoco,Txt-Txt,Pos,0.6446972
CLIP_ViT-B32,mscoco,Txt-Txt,Pos,0.6837632
CLIP_ViT-B32,mscoco,Txt-Txt,Pos,0.7599759
CLIP_ViT-B32,mscoco,Txt-Txt,Pos,0.5228365
CLIP_ViT-B32,mscoco,Txt-Txt,Pos,0.5781118
CLIP_ViT-B32,mscoco,Txt-Txt,Pos,0.6616194
CLIP_ViT-B32,mscoco,Txt-Txt,Pos,0.49356437
CLIP_ViT-B32,mscoco,Txt-Txt,Pos,0.5097698
CLIP_ViT-B32,mscoco,Txt-Txt,Pos,0.7103348
CLIP_ViT-B32,mscoco,Txt-Txt,Pos,0.5343341
CLIP_ViT-B32,mscoco,Txt-Txt,Pos,0.7231139
CLIP_ViT-B32,mscoco,Txt-Txt,Pos,0.9586456
CLIP_ViT-B32,mscoco,Txt-Txt,Pos,0.53001547
CLIP_ViT-B32,mscoco,Txt-Txt,Pos,0.64783895
CLIP_ViT-B32,mscoco,Txt-Txt,Pos,0.72047246
CLIP_ViT-B32,mscoco,Txt-Txt,Pos,0.52255696
CLIP_ViT-B32,mscoco,Txt-Txt,Pos,0.6697308
CLIP_ViT-B32,mscoco,Txt-Txt,Pos,0.6697328
CLIP_ViT-B32,mscoco,Txt-Txt,Pos,0.7612514
CLIP_ViT-B32,mscoco,Txt-Txt,Pos,0.4562099
CLIP_ViT-B32,mscoco,Txt-Txt,Pos,0.91928923
CLIP_ViT-B32,mscoco,Txt-Txt,Pos,0.64546263
CLIP_ViT-B32,mscoco,Txt-Txt,Pos,0.7543316
CLIP_ViT-B32,mscoco,Txt-Txt,Pos,0.46168888
CLIP_ViT-B32,mscoco,Txt-Txt,Pos,0.6141846
CLIP_ViT-B32,mscoco,Txt-Txt,Pos,0.68916005
CLIP_ViT-B32,mscoco,Txt-Txt,Pos,0.43531376
CLIP_ViT-B32,mscoco,Txt-Txt,Pos,0.6699556
CLIP_ViT-B32,mscoco,Txt-Txt,Pos,0.5981605
CLIP_ViT-B32,mscoco,Txt-Txt,Pos,0.5693364
CLIP_ViT-B32,mscoco,Txt-Txt,Pos,0.6444194
CLIP_ViT-B32,mscoco,Txt-Txt,Pos,0.5532691
CLIP_ViT-B32,mscoco,Txt-Txt,Pos,0.7020905
CLIP_ViT-B32,mscoco,Txt-Txt,Pos,0.68191993
CLIP_ViT-B32,mscoco,Txt-Txt,Pos,0.6447251
CLIP_ViT-B32,mscoco,Txt-Txt,Pos,0.5977241
CLIP_ViT-B32,mscoco,Txt-Txt,Pos,0.47853485
CLIP_ViT-B32,mscoco,Txt-Txt,Pos,0.56868094
CLIP_ViT-B32,mscoco,Txt-Txt,Pos,0.7234683
CLIP_ViT-B32,mscoco,Txt-Txt,Pos,0.5997989
CLIP_ViT-B32,mscoco,Txt-Txt,Pos,0.33377358
CLIP_ViT-B32,mscoco,Txt-Txt,Pos,0.49304366
CLIP_ViT-B32,mscoco,Txt-Txt,Pos,0.66658133
CLIP_ViT-B32,mscoco,Txt-Txt,Pos,0.57625926
CLIP_ViT-B32,mscoco,Txt-Txt,Pos,0.7867118
CLIP_ViT-B32,mscoco,Txt-Txt,Pos,0.6265708
CLIP_ViT-B32,mscoco,Txt-Txt,Pos,0.5071524
CLIP_ViT-B32,mscoco,Txt-Txt,Pos,0.4377103
CLIP_ViT-B32,mscoco,Txt-Txt,Pos,0.67581123
CLIP_ViT-B32,mscoco,Txt-Txt,Pos,0.7659818
CLIP_ViT-B32,mscoco,Txt-Txt,Pos,0.5846703
CLIP_ViT-B32,mscoco,Txt-Txt,Pos,0.6890465
CLIP_ViT-B32,mscoco,Img-Img,Pos,0.75299066
CLIP_ViT-B32,mscoco,Img-Img,Pos,0.81647277
CLIP_ViT-B32,mscoco,Img-Img,Pos,0.7519305
CLIP_ViT-B32,mscoco,Img-Img,Pos,0.6588205
CLIP_ViT-B32,mscoco,Img-Img,Pos,0.72687805
CLIP_ViT-B32,mscoco,Img-Img,Pos,0.6739615
CLIP_ViT-B32,mscoco,Img-Img,Pos,0.7399173
CLIP_ViT-B32,mscoco,Img-Img,Pos,0.8659111
CLIP_ViT-B32,mscoco,Img-Img,Pos,0.5981303
CLIP_ViT-B32,mscoco,Img-Img,Pos,0.5496976
CLIP_ViT-B32,mscoco,Img-Img,Pos,0.84401417
CLIP_ViT-B32,mscoco,Img-Img,Pos,0.46955162
CLIP_ViT-B32,mscoco,Img-Img,Pos,0.6614269
CLIP_ViT-B32,mscoco,Img-Img,Pos,0.66341347
CLIP_ViT-B32,mscoco,Img-Img,Pos,0.75768304
CLIP_ViT-B32,mscoco,Img-Img,Pos,0.83709794
CLIP_ViT-B32,mscoco,Img-Img,Pos,0.58265966
CLIP_ViT-B32,mscoco,Img-Img,Pos,0.6786561
CLIP_ViT-B32,mscoco,Img-Img,Pos,0.62176216
CLIP_ViT-B32,mscoco,Img-Img,Pos,0.8159339
CLIP_ViT-B32,mscoco,Img-Img,Pos,0.62074685
CLIP_ViT-B32,mscoco,Img-Img,Pos,0.7318527
CLIP_ViT-B32,mscoco,Img-Img,Pos,0.7234665
CLIP_ViT-B32,mscoco,Img-Img,Pos,0.7733025
CLIP_ViT-B32,mscoco,Img-Img,Pos,0.8029636
CLIP_ViT-B32,mscoco,Img-Img,Pos,0.64677936
CLIP_ViT-B32,mscoco,Img-Img,Pos,0.48432449
CLIP_ViT-B32,mscoco,Img-Img,Pos,0.6078779
CLIP_ViT-B32,mscoco,Img-Img,Pos,0.48122373
CLIP_ViT-B32,mscoco,Img-Img,Pos,0.5313511
CLIP_ViT-B32,mscoco,Img-Img,Pos,0.7892524
CLIP_ViT-B32,mscoco,Img-Img,Pos,0.8226124
CLIP_ViT-B32,mscoco,Img-Img,Pos,0.7174298
CLIP_ViT-B32,mscoco,Img-Img,Pos,0.7219472
CLIP_ViT-B32,mscoco,Img-Img,Pos,0.7870633
CLIP_ViT-B32,mscoco,Img-Img,Pos,0.7886338
CLIP_ViT-B32,mscoco,Img-Img,Pos,0.62913585
CLIP_ViT-B32,mscoco,Img-Img,Pos,0.5754652
CLIP_ViT-B32,mscoco,Img-Img,Pos,0.6950499
CLIP_ViT-B32,mscoco,Img-Img,Pos,0.4975742
CLIP_ViT-B32,mscoco,Img-Img,Pos,0.685767
CLIP_ViT-B32,mscoco,Img-Img,Pos,0.5553426
CLIP_ViT-B32,mscoco,Img-Img,Pos,0.6189749
CLIP_ViT-B32,mscoco,Img-Img,Pos,0.7313767
CLIP_ViT-B32,mscoco,Img-Img,Pos,0.7594557
CLIP_ViT-B32,mscoco,Img-Img,Pos,0.66036844
CLIP_ViT-B32,mscoco,Img-Img,Pos,0.7786295
CLIP_ViT-B32,mscoco,Img-Img,Pos,0.72446156
CLIP_ViT-B32,mscoco,Img-Img,Pos,0.6690961
CLIP_ViT-B32,mscoco,Img-Img,Pos,0.69571626
CLIP_ViT-B32,mscoco,Img-Img,Pos,0.92224884
CLIP_ViT-B32,mscoco,Img-Img,Pos,0.5251075
CLIP_ViT-B32,mscoco,Img-Img,Pos,0.624623
CLIP_ViT-B32,mscoco,Img-Img,Pos,0.738212
CLIP_ViT-B32,mscoco,Img-Img,Pos,0.84026027
CLIP_ViT-B32,mscoco,Img-Img,Pos,0.62312233
CLIP_ViT-B32,mscoco,Img-Img,Pos,0.81268895
CLIP_ViT-B32,mscoco,Img-Img,Pos,0.77223456
CLIP_ViT-B32,mscoco,Img-Img,Pos,0.7927677
CLIP_ViT-B32,mscoco,Img-Img,Pos,0.73840237
CLIP_ViT-B32,mscoco,Img-Img,Pos,0.47234043
CLIP_ViT-B32,mscoco,Img-Img,Pos,0.75149053
CLIP_ViT-B32,mscoco,Img-Img,Pos,0.68047994
CLIP_ViT-B32,mscoco,Img-Img,Pos,0.794713
CLIP_ViT-B32,mscoco,Img-Img,Pos,0.79127526
CLIP_ViT-B32,mscoco,Img-Img,Pos,0.53066516
CLIP_ViT-B32,mscoco,Img-Img,Pos,0.4131844
CLIP_ViT-B32,mscoco,Img-Img,Pos,0.55985487
CLIP_ViT-B32,mscoco,Img-Img,Pos,0.62752974
CLIP_ViT-B32,mscoco,Img-Img,Pos,0.7666383
CLIP_ViT-B32,mscoco,Img-Img,Pos,0.4723736
CLIP_ViT-B32,mscoco,Img-Img,Pos,0.6456976
CLIP_ViT-B32,mscoco,Img-Img,Pos,0.5397498
CLIP_ViT-B32,mscoco,Img-Img,Pos,0.6026126
CLIP_ViT-B32,mscoco,Img-Img,Pos,0.5797087
CLIP_ViT-B32,mscoco,Img-Img,Pos,0.90451646
CLIP_ViT-B32,mscoco,Img-Img,Pos,0.5083653
CLIP_ViT-B32,mscoco,Img-Img,Pos,0.616922
CLIP_ViT-B32,mscoco,Img-Img,Pos,0.6424184
CLIP_ViT-B32,mscoco,Img-Img,Pos,0.5468922
CLIP_ViT-B32,mscoco,Img-Img,Pos,0.6933011
CLIP_ViT-B32,mscoco,Img-Img,Pos,0.75444555
CLIP_ViT-B32,mscoco,Img-Img,Pos,0.7475049
CLIP_ViT-B32,mscoco,Img-Img,Pos,0.6818694
CLIP_ViT-B32,mscoco,Img-Img,Pos,0.8610126
CLIP_ViT-B32,mscoco,Img-Img,Pos,0.6779751
CLIP_ViT-B32,mscoco,Img-Img,Pos,0.35991204
CLIP_ViT-B32,mscoco,Img-Img,Pos,0.68102294
CLIP_ViT-B32,mscoco,Img-Img,Pos,0.5067769
CLIP_ViT-B32,mscoco,Img-Img,Pos,0.645894
CLIP_ViT-B32,mscoco,Img-Img,Pos,0.6770561
CLIP_ViT-B32,mscoco,Img-Img,Pos,0.57545114
CLIP_ViT-B32,mscoco,Img-Img,Pos,0.62988687
CLIP_ViT-B32,mscoco,Img-Img,Pos,0.5885142
CLIP_ViT-B32,mscoco,Img-Img,Pos,0.7677943
CLIP_ViT-B32,mscoco,Img-Img,Pos,0.7180933
CLIP_ViT-B32,mscoco,Img-Img,Pos,0.52336705
CLIP_ViT-B32,mscoco,Img-Img,Pos,0.63529366
CLIP_ViT-B32,mscoco,Img-Img,Pos,0.67347234
CLIP_ViT-B32,mscoco,Img-Img,Pos,0.68098265
CLIP_ViT-B32,mscoco,Img-Img,Pos,0.6320211
CLIP_ViT-B32,mscoco,Img-Img,Pos,0.8349199
CLIP_ViT-B32,mscoco,Img-Img,Pos,0.8066151
CLIP_ViT-B32,mscoco,Img-Img,Pos,0.8427637
CLIP_ViT-B32,mscoco,Img-Img,Pos,0.54889494
CLIP_ViT-B32,mscoco,Img-Img,Pos,0.654022
CLIP_ViT-B32,mscoco,Img-Img,Pos,0.6774406
CLIP_ViT-B32,mscoco,Img-Img,Pos,0.8033385
CLIP_ViT-B32,mscoco,Img-Img,Pos,0.78606725
CLIP_ViT-B32,mscoco,Img-Img,Pos,0.5345441
CLIP_ViT-B32,mscoco,Img-Img,Pos,0.5218743
CLIP_ViT-B32,mscoco,Img-Img,Pos,0.7056882
CLIP_ViT-B32,mscoco,Img-Img,Pos,0.56124187
CLIP_ViT-B32,mscoco,Img-Img,Pos,0.6679876
CLIP_ViT-B32,mscoco,Img-Img,Pos,0.7660667
CLIP_ViT-B32,mscoco,Img-Img,Pos,0.6834503
CLIP_ViT-B32,mscoco,Img-Img,Pos,0.6677136
CLIP_ViT-B32,mscoco,Img-Img,Pos,0.6659663
CLIP_ViT-B32,mscoco,Img-Img,Pos,0.7881489
CLIP_ViT-B32,mscoco,Img-Img,Pos,0.58291394
CLIP_ViT-B32,mscoco,Img-Img,Pos,0.57995975
CLIP_ViT-B32,mscoco,Img-Img,Pos,0.73311293
CLIP_ViT-B32,mscoco,Img-Img,Pos,0.73379695
CLIP_ViT-B32,mscoco,Img-Img,Pos,0.8496387
CLIP_ViT-B32,mscoco,Img-Img,Pos,0.6547825
CLIP_ViT-B32,mscoco,Img-Img,Pos,0.77029943
CLIP_ViT-B32,mscoco,Img-Img,Pos,0.72886515
CLIP_ViT-B32,mscoco,Img-Img,Pos,0.619743
CLIP_ViT-B32,mscoco,Img-Img,Pos,0.7413087
CLIP_ViT-B32,mscoco,Img-Img,Pos,0.824903
CLIP_ViT-B32,mscoco,Img-Img,Pos,0.50172186
CLIP_ViT-B32,mscoco,Img-Img,Pos,0.7425494
CLIP_ViT-B32,mscoco,Img-Img,Pos,0.90053594
CLIP_ViT-B32,mscoco,Img-Img,Pos,0.4823139
CLIP_ViT-B32,mscoco,Img-Img,Pos,0.47710034
CLIP_ViT-B32,mscoco,Img-Img,Pos,0.7103085
CLIP_ViT-B32,mscoco,Img-Img,Pos,0.6503254
CLIP_ViT-B32,mscoco,Img-Img,Pos,0.6380261
CLIP_ViT-B32,mscoco,Img-Img,Pos,0.8637671
CLIP_ViT-B32,mscoco,Img-Img,Pos,0.5711058
CLIP_ViT-B32,mscoco,Img-Img,Pos,0.52590704
CLIP_ViT-B32,mscoco,Img-Img,Pos,0.74083126
CLIP_ViT-B32,mscoco,Img-Img,Pos,0.79136324
CLIP_ViT-B32,mscoco,Img-Img,Pos,0.52551264
CLIP_ViT-B32,mscoco,Img-Img,Pos,0.8223939
CLIP_ViT-B32,mscoco,Img-Img,Pos,0.5737763
CLIP_ViT-B32,mscoco,Img-Img,Pos,0.70405
CLIP_ViT-B32,mscoco,Img-Img,Pos,0.72966355
CLIP_ViT-B32,mscoco,Img-Img,Pos,0.7098169
CLIP_ViT-B32,mscoco,Img-Img,Pos,0.45017353
CLIP_ViT-B32,mscoco,Img-Img,Pos,0.7404735
CLIP_ViT-B32,mscoco,Img-Img,Pos,0.78581053
CLIP_ViT-B32,mscoco,Img-Img,Pos,0.7321666
CLIP_ViT-B32,mscoco,Img-Img,Pos,0.7145141
CLIP_ViT-B32,mscoco,Img-Img,Pos,0.9128548
CLIP_ViT-B32,mscoco,Img-Img,Pos,0.568318
CLIP_ViT-B32,mscoco,Img-Img,Pos,0.6088562
CLIP_ViT-B32,mscoco,Img-Img,Pos,0.74544644
CLIP_ViT-B32,mscoco,Img-Img,Pos,0.89650303
CLIP_ViT-B32,mscoco,Img-Img,Pos,0.559281
CLIP_ViT-B32,mscoco,Img-Img,Pos,0.66089696
CLIP_ViT-B32,mscoco,Img-Img,Pos,0.5784132
CLIP_ViT-B32,mscoco,Img-Img,Pos,0.49715906
CLIP_ViT-B32,mscoco,Img-Img,Pos,0.6706574
CLIP_ViT-B32,mscoco,Img-Img,Pos,0.67620784
CLIP_ViT-B32,mscoco,Img-Img,Pos,0.5754701
CLIP_ViT-B32,mscoco,Img-Img,Pos,0.6924323
CLIP_ViT-B32,mscoco,Img-Img,Pos,0.6643702
CLIP_ViT-B32,mscoco,Img-Img,Pos,0.51190615
CLIP_ViT-B32,mscoco,Img-Img,Pos,0.7204376
CLIP_ViT-B32,mscoco,Img-Img,Pos,0.79725695
CLIP_ViT-B32,mscoco,Img-Img,Pos,0.56385326
CLIP_ViT-B32,mscoco,Img-Img,Pos,0.2887271
CLIP_ViT-B32,mscoco,Img-Img,Pos,0.57892406
CLIP_ViT-B32,mscoco,Img-Img,Pos,0.5191566
CLIP_ViT-B32,mscoco,Img-Img,Pos,0.7782679
CLIP_ViT-B32,mscoco,Img-Img,Pos,0.6892651
CLIP_ViT-B32,mscoco,Img-Img,Pos,0.59290487
CLIP_ViT-B32,mscoco,Img-Img,Pos,0.6271236
CLIP_ViT-B32,mscoco,Img-Img,Pos,0.5123455
CLIP_ViT-B32,mscoco,Img-Img,Pos,0.76622236
CLIP_ViT-B32,mscoco,Img-Img,Pos,0.5379268
CLIP_ViT-B32,mscoco,Img-Img,Pos,0.82595134
CLIP_ViT-B32,mscoco,Img-Img,Pos,0.7227152
CLIP_ViT-B32,mscoco,Img-Img,Pos,0.6260636
CLIP_ViT-B32,mscoco,Img-Img,Pos,0.56547064
CLIP_ViT-B32,mscoco,Img-Img,Pos,0.55566907
CLIP_ViT-B32,mscoco,Img-Img,Pos,0.59942776
CLIP_ViT-B32,mscoco,Img-Img,Pos,0.7757123
CLIP_ViT-B32,mscoco,Img-Img,Pos,0.58548546
CLIP_ViT-B32,mscoco,Img-Img,Pos,0.6706213
CLIP_ViT-B32,mscoco,Img-Img,Pos,0.7112335
CLIP_ViT-B32,mscoco,Img-Img,Pos,0.570871
CLIP_ViT-B32,mscoco,Img-Img,Pos,0.54192835
CLIP_ViT-B32,mscoco,Img-Img,Pos,0.6368747
CLIP_ViT-B32,mscoco,Img-Img,Pos,0.8043008
CLIP_ViT-B32,mscoco,Img-Img,Pos,0.7258577
CLIP_ViT-B32,mscoco,Img-Img,Pos,0.65691406
CLIP_ViT-B32,mscoco,Img-Img,Pos,0.417354
CLIP_ViT-B32,mscoco,Img-Img,Pos,0.6045692
CLIP_ViT-B32,mscoco,Img-Img,Pos,0.7594006
CLIP_ViT-B32,mscoco,Img-Img,Pos,0.43612194
CLIP_ViT-B32,mscoco,Img-Img,Pos,0.6823794
CLIP_ViT-B32,mscoco,Img-Img,Pos,0.6956053
CLIP_ViT-B32,mscoco,Img-Img,Pos,0.7123962
CLIP_ViT-B32,mscoco,Img-Img,Pos,0.6130745
CLIP_ViT-B32,mscoco,Img-Img,Pos,0.6389383
CLIP_ViT-B32,mscoco,Img-Img,Pos,0.67744625
CLIP_ViT-B32,mscoco,Img-Img,Pos,0.5348178
CLIP_ViT-B32,mscoco,Img-Img,Pos,0.6555542
CLIP_ViT-B32,mscoco,Img-Img,Pos,0.46261716
CLIP_ViT-B32,mscoco,Img-Img,Pos,0.7010958
CLIP_ViT-B32,mscoco,Img-Img,Pos,0.6197197
CLIP_ViT-B32,mscoco,Img-Img,Pos,0.78678757
CLIP_ViT-B32,mscoco,Img-Img,Pos,0.70056164
CLIP_ViT-B32,mscoco,Img-Img,Pos,0.6789048
CLIP_ViT-B32,mscoco,Img-Img,Pos,0.532387
CLIP_ViT-B32,mscoco,Img-Img,Pos,0.6712027
CLIP_ViT-B32,mscoco,Img-Img,Pos,0.6736323
CLIP_ViT-B32,mscoco,Img-Img,Pos,0.6162686
CLIP_ViT-B32,mscoco,Img-Img,Pos,0.7860636
CLIP_ViT-B32,mscoco,Img-Img,Pos,0.5888908
CLIP_ViT-B32,mscoco,Img-Img,Pos,0.8578732
CLIP_ViT-B32,mscoco,Img-Img,Pos,0.65113413
CLIP_ViT-B32,mscoco,Img-Img,Pos,0.5991832
CLIP_ViT-B32,mscoco,Img-Img,Pos,0.6975051
CLIP_ViT-B32,mscoco,Img-Img,Pos,0.5911913
CLIP_ViT-B32,mscoco,Img-Img,Pos,0.77062696
CLIP_ViT-B32,mscoco,Img-Img,Pos,0.5543724
CLIP_ViT-B32,mscoco,Img-Img,Pos,0.6666369
CLIP_ViT-B32,mscoco,Img-Img,Pos,0.5536025
CLIP_ViT-B32,mscoco,Img-Img,Pos,0.70962334
CLIP_ViT-B32,mscoco,Img-Img,Pos,0.90593183
CLIP_ViT-B32,mscoco,Img-Img,Pos,0.8178531
CLIP_ViT-B32,mscoco,Img-Img,Pos,0.8259487
CLIP_ViT-B32,mscoco,Img-Img,Pos,0.5034037
CLIP_ViT-B32,mscoco,Img-Img,Pos,0.76101345
CLIP_ViT-B32,mscoco,Img-Img,Pos,0.80663645
CLIP_ViT-B32,mscoco,Img-Img,Pos,0.77574486
CLIP_ViT-B32,mscoco,Img-Img,Pos,0.7030404
CLIP_ViT-B32,mscoco,Img-Img,Pos,0.6343658
CLIP_ViT-B32,mscoco,Img-Img,Pos,0.35808957
CLIP_ViT-B32,mscoco,Img-Img,Pos,0.6649842
CLIP_ViT-B32,mscoco,Img-Img,Pos,0.8022312
CLIP_ViT-B32,mscoco,Img-Img,Pos,0.7494571
CLIP_ViT-B32,mscoco,Img-Img,Pos,0.7803703
CLIP_ViT-B32,mscoco,Img-Img,Pos,0.7343235
CLIP_ViT-B32,mscoco,Img-Img,Pos,0.8445876
CLIP_ViT-B32,mscoco,Img-Img,Pos,0.6928799
CLIP_ViT-B32,mscoco,Img-Img,Pos,0.6676866
CLIP_ViT-B32,mscoco,Img-Img,Pos,0.7741657
CLIP_ViT-B32,mscoco,Img-Img,Pos,0.7387448
CLIP_ViT-B32,mscoco,Img-Img,Pos,0.8143858
CLIP_ViT-B32,mscoco,Img-Img,Pos,0.4850044
CLIP_ViT-B32,mscoco,Img-Img,Pos,0.58214027
CLIP_ViT-B32,mscoco,Img-Img,Pos,0.79058725
CLIP_ViT-B32,mscoco,Img-Img,Pos,0.6231814
CLIP_ViT-B32,mscoco,Img-Img,Pos,0.8457581
CLIP_ViT-B32,mscoco,Img-Img,Pos,0.58747643
CLIP_ViT-B32,mscoco,Img-Img,Pos,0.54135525
CLIP_ViT-B32,mscoco,Img-Img,Pos,0.7651757
CLIP_ViT-B32,mscoco,Img-Img,Pos,0.7726056
CLIP_ViT-B32,mscoco,Img-Img,Pos,0.80993456
CLIP_ViT-B32,mscoco,Img-Img,Pos,0.6808039
CLIP_ViT-B32,mscoco,Img-Img,Pos,0.71520114
CLIP_ViT-B32,mscoco,Img-Img,Pos,0.60054266
CLIP_ViT-B32,mscoco,Img-Img,Pos,0.79826975
CLIP_ViT-B32,mscoco,Img-Img,Pos,0.35198745
CLIP_ViT-B32,mscoco,Img-Img,Pos,0.8464675
CLIP_ViT-B32,mscoco,Img-Img,Pos,0.584923
CLIP_ViT-B32,mscoco,Img-Img,Pos,0.6765625
CLIP_ViT-B32,mscoco,Img-Img,Pos,0.59085363
CLIP_ViT-B32,mscoco,Img-Img,Pos,0.74199724
CLIP_ViT-B32,mscoco,Img-Img,Pos,0.55870765
CLIP_ViT-B32,mscoco,Img-Img,Pos,0.51340413
CLIP_ViT-B32,mscoco,Img-Img,Pos,0.66026926
CLIP_ViT-B32,mscoco,Img-Img,Pos,0.6827608
CLIP_ViT-B32,mscoco,Img-Img,Pos,0.59864414
CLIP_ViT-B32,mscoco,Img-Img,Pos,0.79481083
CLIP_ViT-B32,mscoco,Img-Img,Pos,0.7892297
CLIP_ViT-B32,mscoco,Img-Img,Pos,0.745675
CLIP_ViT-B32,mscoco,Img-Img,Pos,0.6767895
CLIP_ViT-B32,mscoco,Img-Img,Pos,0.8153303
CLIP_ViT-B32,mscoco,Img-Img,Pos,0.6153024
CLIP_ViT-B32,mscoco,Img-Img,Pos,0.6590585
CLIP_ViT-B32,mscoco,Img-Img,Pos,0.63369083
CLIP_ViT-B32,mscoco,Img-Img,Pos,0.84287214
CLIP_ViT-B32,mscoco,Img-Img,Pos,0.79731494
CLIP_ViT-B32,mscoco,Img-Img,Pos,0.6050017
CLIP_ViT-B32,mscoco,Img-Img,Pos,0.7754121
CLIP_ViT-B32,mscoco,Img-Img,Pos,0.9165043
CLIP_ViT-B32,mscoco,Img-Img,Pos,0.71855855
CLIP_ViT-B32,mscoco,Img-Img,Pos,0.24581295
CLIP_ViT-B32,mscoco,Img-Img,Pos,0.6999615
CLIP_ViT-B32,mscoco,Img-Img,Pos,0.8000837
CLIP_ViT-B32,mscoco,Img-Img,Pos,0.6322815
CLIP_ViT-B32,mscoco,Img-Img,Pos,0.6248811
CLIP_ViT-B32,mscoco,Img-Img,Pos,0.67916334
CLIP_ViT-B32,mscoco,Img-Img,Pos,0.58492035
CLIP_ViT-B32,mscoco,Img-Img,Pos,0.6262491
CLIP_ViT-B32,mscoco,Img-Img,Pos,0.7728603
CLIP_ViT-B32,mscoco,Img-Img,Pos,0.73173493
CLIP_ViT-B32,mscoco,Img-Img,Pos,0.5856078
CLIP_ViT-B32,mscoco,Img-Img,Pos,0.75482345
CLIP_ViT-B32,mscoco,Img-Img,Pos,0.59554803
CLIP_ViT-B32,mscoco,Img-Img,Pos,0.72878605
CLIP_ViT-B32,mscoco,Img-Img,Pos,0.5768857
CLIP_ViT-B32,mscoco,Img-Img,Pos,0.5463627
CLIP_ViT-B32,mscoco,Img-Img,Pos,0.7305935
CLIP_ViT-B32,mscoco,Img-Img,Pos,0.67465746
CLIP_ViT-B32,mscoco,Img-Img,Pos,0.6496015
CLIP_ViT-B32,mscoco,Img-Img,Pos,0.7561536
CLIP_ViT-B32,mscoco,Img-Img,Pos,0.4955551
CLIP_ViT-B32,mscoco,Img-Img,Pos,0.54252625
CLIP_ViT-B32,mscoco,Img-Img,Pos,0.77254266
CLIP_ViT-B32,mscoco,Img-Img,Pos,0.82911694
CLIP_ViT-B32,mscoco,Img-Img,Pos,0.62614584
CLIP_ViT-B32,mscoco,Img-Img,Pos,0.52780193
CLIP_ViT-B32,mscoco,Img-Img,Pos,0.8272505
CLIP_ViT-B32,mscoco,Img-Img,Pos,0.7152988
CLIP_ViT-B32,mscoco,Img-Img,Pos,0.5462194
CLIP_ViT-B32,mscoco,Img-Img,Pos,0.7104935
CLIP_ViT-B32,mscoco,Img-Img,Pos,0.92087775
CLIP_ViT-B32,mscoco,Img-Img,Pos,0.72660416
CLIP_ViT-B32,mscoco,Img-Img,Pos,0.80352956
CLIP_ViT-B32,mscoco,Img-Img,Pos,0.6328455
CLIP_ViT-B32,mscoco,Img-Img,Pos,0.66976345
CLIP_ViT-B32,mscoco,Img-Img,Pos,0.65119565
CLIP_ViT-B32,mscoco,Img-Img,Pos,0.72662836
CLIP_ViT-B32,mscoco,Img-Img,Pos,0.5963198
CLIP_ViT-B32,mscoco,Img-Img,Pos,0.535113
CLIP_ViT-B32,mscoco,Img-Img,Pos,0.56467795
CLIP_ViT-B32,mscoco,Img-Img,Pos,0.7213597
CLIP_ViT-B32,mscoco,Img-Img,Pos,0.69895804
CLIP_ViT-B32,mscoco,Img-Img,Pos,0.5861013
CLIP_ViT-B32,mscoco,Img-Img,Pos,0.70418453
CLIP_ViT-B32,mscoco,Img-Img,Pos,0.7249199
CLIP_ViT-B32,mscoco,Img-Img,Pos,0.8332856
CLIP_ViT-B32,mscoco,Img-Img,Pos,0.6684861
CLIP_ViT-B32,mscoco,Img-Img,Pos,0.49339527
CLIP_ViT-B32,mscoco,Img-Img,Pos,0.4651262
CLIP_ViT-B32,mscoco,Img-Img,Pos,0.75750804
CLIP_ViT-B32,mscoco,Img-Img,Pos,0.5800428
CLIP_ViT-B32,mscoco,Img-Img,Pos,0.5473069
CLIP_ViT-B32,mscoco,Img-Img,Pos,0.7258084
CLIP_ViT-B32,mscoco,Img-Img,Pos,0.8002839
CLIP_ViT-B32,mscoco,Img-Img,Pos,0.70956254
CLIP_ViT-B32,mscoco,Img-Img,Pos,0.7156749
CLIP_ViT-B32,mscoco,Img-Img,Pos,0.36389285
CLIP_ViT-B32,mscoco,Img-Img,Pos,0.77780473
CLIP_ViT-B32,mscoco,Img-Img,Pos,0.45902142
CLIP_ViT-B32,mscoco,Img-Img,Pos,0.5895476
CLIP_ViT-B32,mscoco,Img-Img,Pos,0.7218001
CLIP_ViT-B32,mscoco,Img-Img,Pos,0.7606232
CLIP_ViT-B32,mscoco,Img-Img,Pos,0.6401431
CLIP_ViT-B32,mscoco,Img-Img,Pos,0.68967754
CLIP_ViT-B32,mscoco,Img-Img,Pos,0.8572062
CLIP_ViT-B32,mscoco,Img-Img,Pos,0.5893072
CLIP_ViT-B32,mscoco,Img-Img,Pos,0.7315337
CLIP_ViT-B32,mscoco,Img-Img,Pos,0.5489549
CLIP_ViT-B32,mscoco,Img-Img,Pos,0.6684127
CLIP_ViT-B32,mscoco,Img-Img,Pos,0.592588
CLIP_ViT-B32,mscoco,Img-Img,Pos,0.8173622
CLIP_ViT-B32,mscoco,Img-Img,Pos,0.77859545
CLIP_ViT-B32,mscoco,Img-Img,Pos,0.5887251
CLIP_ViT-B32,mscoco,Img-Img,Pos,0.7316448
CLIP_ViT-B32,mscoco,Img-Img,Pos,0.57213336
CLIP_ViT-B32,mscoco,Img-Img,Pos,0.53741634
CLIP_ViT-B32,mscoco,Img-Img,Pos,0.4881665
CLIP_ViT-B32,mscoco,Img-Img,Pos,0.6167502
CLIP_ViT-B32,mscoco,Img-Img,Pos,0.63783234
CLIP_ViT-B32,mscoco,Img-Img,Pos,0.6250721
CLIP_ViT-B32,mscoco,Img-Img,Pos,0.5795849
CLIP_ViT-B32,mscoco,Img-Img,Pos,0.6032159
CLIP_ViT-B32,mscoco,Img-Img,Pos,0.67664284
CLIP_ViT-B32,mscoco,Img-Img,Pos,0.6690688
CLIP_ViT-B32,mscoco,Img-Img,Pos,0.53714097
CLIP_ViT-B32,mscoco,Img-Img,Pos,0.72306025
CLIP_ViT-B32,mscoco,Img-Img,Pos,0.65160966
CLIP_ViT-B32,mscoco,Img-Img,Pos,0.52505225
CLIP_ViT-B32,mscoco,Img-Img,Pos,0.68670917
CLIP_ViT-B32,mscoco,Img-Img,Pos,0.40840736
CLIP_ViT-B32,mscoco,Img-Img,Pos,0.64117414
CLIP_ViT-B32,mscoco,Img-Img,Pos,0.609303
CLIP_ViT-B32,mscoco,Img-Img,Pos,0.7619825
CLIP_ViT-B32,mscoco,Img-Img,Pos,0.49007717
CLIP_ViT-B32,mscoco,Img-Img,Pos,0.76182353
CLIP_ViT-B32,mscoco,Img-Img,Pos,0.54612166
CLIP_ViT-B32,mscoco,Img-Img,Pos,0.5011304
CLIP_ViT-B32,mscoco,Img-Img,Pos,0.52393556
CLIP_ViT-B32,mscoco,Img-Img,Pos,0.55030876
CLIP_ViT-B32,mscoco,Img-Img,Pos,0.3474548
CLIP_ViT-B32,mscoco,Img-Img,Pos,0.77868444
CLIP_ViT-B32,mscoco,Img-Img,Pos,0.50760806
CLIP_ViT-B32,mscoco,Img-Img,Pos,0.5258658
CLIP_ViT-B32,mscoco,Img-Img,Pos,0.66340727
CLIP_ViT-B32,mscoco,Img-Img,Pos,0.834193
CLIP_ViT-B32,mscoco,Img-Img,Pos,0.59815073
CLIP_ViT-B32,mscoco,Img-Img,Pos,0.60870904
CLIP_ViT-B32,mscoco,Img-Img,Pos,0.6663014
CLIP_ViT-B32,mscoco,Img-Img,Pos,0.806476
CLIP_ViT-B32,mscoco,Img-Img,Pos,0.82952344
CLIP_ViT-B32,mscoco,Img-Img,Pos,0.66050166
CLIP_ViT-B32,mscoco,Img-Img,Pos,0.7074654
CLIP_ViT-B32,mscoco,Img-Img,Pos,0.77183974
CLIP_ViT-B32,mscoco,Img-Img,Pos,0.44884047
CLIP_ViT-B32,mscoco,Img-Img,Pos,0.48250523
CLIP_ViT-B32,mscoco,Img-Img,Pos,0.44271114
CLIP_ViT-B32,mscoco,Img-Img,Pos,0.682223
CLIP_ViT-B32,mscoco,Img-Img,Pos,0.45974663
CLIP_ViT-B32,mscoco,Img-Img,Pos,0.55523354
CLIP_ViT-B32,mscoco,Img-Img,Pos,0.8744402
CLIP_ViT-B32,mscoco,Img-Img,Pos,0.8560487
CLIP_ViT-B32,mscoco,Img-Img,Pos,0.7091616
CLIP_ViT-B32,mscoco,Img-Img,Pos,0.6149408
CLIP_ViT-B32,mscoco,Img-Img,Pos,0.7325696
CLIP_ViT-B32,mscoco,Img-Img,Pos,0.6097628
CLIP_ViT-B32,mscoco,Img-Img,Pos,0.80998003
CLIP_ViT-B32,mscoco,Img-Img,Pos,0.75240815
CLIP_ViT-B32,mscoco,Img-Img,Pos,0.5170244
CLIP_ViT-B32,mscoco,Img-Img,Pos,0.69217116
CLIP_ViT-B32,mscoco,Img-Img,Pos,0.715821
CLIP_ViT-B32,mscoco,Img-Img,Pos,0.48963913
CLIP_ViT-B32,mscoco,Img-Img,Pos,0.77562356
CLIP_ViT-B32,mscoco,Img-Img,Pos,0.5372733
CLIP_ViT-B32,mscoco,Img-Img,Pos,0.60001796
CLIP_ViT-B32,mscoco,Img-Img,Pos,0.7579703
CLIP_ViT-B32,mscoco,Img-Img,Pos,0.34909934
CLIP_ViT-B32,mscoco,Img-Img,Pos,0.508009
CLIP_ViT-B32,mscoco,Img-Img,Pos,0.7529565
CLIP_ViT-B32,mscoco,Img-Img,Pos,0.5915121
CLIP_ViT-B32,mscoco,Img-Img,Pos,0.57195425
CLIP_ViT-B32,mscoco,Img-Img,Pos,0.69530606
CLIP_ViT-B32,mscoco,Img-Img,Pos,0.6090901
CLIP_ViT-B32,mscoco,Img-Img,Pos,0.57256633
CLIP_ViT-B32,mscoco,Img-Img,Pos,0.7363661
CLIP_ViT-B32,mscoco,Img-Img,Pos,0.49182248
CLIP_ViT-B32,mscoco,Img-Img,Pos,0.55886495
CLIP_ViT-B32,mscoco,Img-Img,Pos,0.5690408
CLIP_ViT-B32,mscoco,Img-Img,Pos,0.79789126
CLIP_ViT-B32,mscoco,Img-Img,Pos,0.54633725
CLIP_ViT-B32,mscoco,Img-Img,Pos,0.5981499
CLIP_ViT-B32,mscoco,Img-Img,Pos,0.7257197
CLIP_ViT-B32,mscoco,Img-Img,Pos,0.40988973
CLIP_ViT-B32,mscoco,Img-Img,Pos,0.7881538
CLIP_ViT-B32,mscoco,Img-Img,Pos,0.7290528
CLIP_ViT-B32,mscoco,Img-Img,Pos,0.5584216
CLIP_ViT-B32,mscoco,Img-Img,Pos,0.7533341
CLIP_ViT-B32,mscoco,Img-Img,Pos,0.6109052
CLIP_ViT-B32,mscoco,Img-Img,Pos,0.69037277
CLIP_ViT-B32,mscoco,Img-Img,Pos,0.37343168
CLIP_ViT-B32,mscoco,Img-Img,Pos,0.6772072
CLIP_ViT-B32,mscoco,Img-Img,Pos,0.8184869
CLIP_ViT-B32,mscoco,Img-Img,Pos,0.7135305
CLIP_ViT-B32,mscoco,Img-Img,Pos,0.73471016
CLIP_ViT-B32,mscoco,Img-Img,Pos,0.6029041
CLIP_ViT-B32,mscoco,Img-Img,Pos,0.46672913
CLIP_ViT-B32,mscoco,Img-Img,Pos,0.58237857
CLIP_ViT-B32,mscoco,Img-Img,Pos,0.649106
CLIP_ViT-B32,mscoco,Img-Img,Pos,0.49223003
CLIP_ViT-B32,mscoco,Img-Img,Pos,0.61700356
CLIP_ViT-B32,mscoco,Img-Img,Pos,0.5744122
CLIP_ViT-B32,mscoco,Img-Img,Pos,0.52957535
CLIP_ViT-B32,mscoco,Img-Img,Pos,0.42566133
CLIP_ViT-B32,mscoco,Img-Img,Pos,0.76429695
CLIP_ViT-B32,mscoco,Img-Img,Pos,0.7135596
CLIP_ViT-B32,mscoco,Img-Img,Pos,0.70180583
CLIP_ViT-B32,mscoco,Img-Img,Pos,0.8163747
CLIP_ViT-B32,mscoco,Img-Img,Pos,0.7351527
CLIP_ViT-B32,mscoco,Img-Img,Pos,0.8247918
CLIP_ViT-B32,mscoco,Img-Img,Pos,0.70547533
CLIP_ViT-B32,mscoco,Img-Img,Pos,0.6877862
CLIP_ViT-B32,mscoco,Img-Img,Pos,0.8324583
CLIP_ViT-B32,mscoco,Img-Img,Pos,0.6552432
CLIP_ViT-B32,mscoco,Img-Img,Pos,0.5988349
CLIP_ViT-B32,mscoco,Img-Img,Pos,0.63398063
CLIP_ViT-B32,mscoco,Img-Img,Pos,0.7449668
CLIP_ViT-B32,mscoco,Img-Img,Pos,0.61626977
CLIP_ViT-B32,mscoco,Img-Img,Pos,0.7046667
CLIP_ViT-B32,mscoco,Img-Img,Pos,0.6937827
CLIP_ViT-B32,mscoco,Img-Img,Pos,0.64470524
CLIP_ViT-B32,mscoco,Img-Img,Pos,0.83134425
CLIP_ViT-B32,mscoco,Img-Img,Pos,0.8895037
CLIP_ViT-B32,mscoco,Img-Img,Pos,0.68997985
CLIP_ViT-B32,mscoco,Img-Img,Pos,0.73363173
CLIP_ViT-B32,mscoco,Img-Img,Pos,0.8478476
CLIP_ViT-B32,mscoco,Img-Img,Pos,0.51395965
CLIP_ViT-B32,mscoco,Img-Img,Pos,0.8848462
CLIP_ViT-B32,mscoco,Img-Img,Pos,0.6927121
CLIP_ViT-B32,mscoco,Img-Img,Pos,0.6185382
CLIP_ViT-B32,mscoco,Img-Img,Pos,0.6079606
CLIP_ViT-B32,mscoco,Img-Img,Pos,0.91139597
CLIP_ViT-B32,mscoco,Img-Img,Pos,0.49018103
CLIP_ViT-B32,mscoco,Img-Img,Pos,0.78918517
CLIP_ViT-B32,mscoco,Img-Img,Pos,0.6578748
CLIP_ViT-B32,mscoco,Img-Img,Pos,0.5880885
CLIP_ViT-B32,mscoco,Img-Img,Pos,0.6935023
CLIP_ViT-B32,mscoco,Img-Img,Pos,0.66832906
CLIP_ViT-B32,mscoco,Img-Img,Pos,0.49143547
CLIP_ViT-B32,mscoco,Img-Img,Pos,0.5733669
CLIP_ViT-B32,mscoco,Img-Img,Pos,0.52329373
CLIP_ViT-B32,mscoco,Img-Img,Pos,0.7134118
CLIP_ViT-B32,mscoco,Img-Img,Pos,0.4487828
CLIP_ViT-B32,mscoco,Img-Img,Pos,0.59456813
CLIP_ViT-B32,mscoco,Img-Img,Pos,0.6682451
CLIP_ViT-B32,mscoco,Img-Img,Pos,0.6743985
CLIP_ViT-B32,mscoco,Img-Img,Pos,0.58200234
CLIP_ViT-B32,mscoco,Img-Img,Pos,0.60643363
CLIP_ViT-B32,mscoco,Img-Img,Pos,0.6915354
CLIP_ViT-B32,mscoco,Img-Img,Pos,0.82410026
CLIP_ViT-B32,mscoco,Img-Img,Pos,0.6585075
CLIP_ViT-B32,mscoco,Img-Img,Pos,0.43278015
CLIP_ViT-B32,mscoco,Img-Img,Pos,0.4191848
CLIP_ViT-B32,mscoco,Img-Img,Pos,0.8658927
CLIP_ViT-B32,mscoco,Img-Img,Pos,0.37917373
CLIP_ViT-B32,mscoco,Img-Img,Pos,0.7679858
CLIP_ViT-B32,mscoco,Img-Img,Pos,0.73150676
CLIP_ViT-B32,mscoco,Img-Img,Pos,0.5435386
CLIP_ViT-B32,mscoco,Img-Img,Pos,0.62534225
CLIP_ViT-B32,mscoco,Img-Img,Pos,0.685035
CLIP_ViT-B32,mscoco,Img-Img,Pos,0.5912796
CLIP_ViT-B32,mscoco,Img-Img,Pos,0.79878426
CLIP_ViT-B32,mscoco,Img-Img,Pos,0.5976684
CLIP_ViT-B32,mscoco,Txt-Img,Pos,0.25714034
CLIP_ViT-B32,mscoco,Txt-Img,Pos,0.26308876
CLIP_ViT-B32,mscoco,Txt-Img,Pos,0.32764816
CLIP_ViT-B32,mscoco,Txt-Img,Pos,0.32624388
CLIP_ViT-B32,mscoco,Txt-Img,Pos,0.3195964
CLIP_ViT-B32,mscoco,Txt-Img,Pos,0.32622257
CLIP_ViT-B32,mscoco,Txt-Img,Pos,0.29361343
CLIP_ViT-B32,mscoco,Txt-Img,Pos,0.3198383
CLIP_ViT-B32,mscoco,Txt-Img,Pos,0.3337285
CLIP_ViT-B32,mscoco,Txt-Img,Pos,0.31908327
CLIP_ViT-B32,mscoco,Txt-Img,Pos,0.35230228
CLIP_ViT-B32,mscoco,Txt-Img,Pos,0.3225049
CLIP_ViT-B32,mscoco,Txt-Img,Pos,0.30394357
CLIP_ViT-B32,mscoco,Txt-Img,Pos,0.31359148
CLIP_ViT-B32,mscoco,Txt-Img,Pos,0.29101133
CLIP_ViT-B32,mscoco,Txt-Img,Pos,0.330892
CLIP_ViT-B32,mscoco,Txt-Img,Pos,0.3460296
CLIP_ViT-B32,mscoco,Txt-Img,Pos,0.32989618
CLIP_ViT-B32,mscoco,Txt-Img,Pos,0.24665529
CLIP_ViT-B32,mscoco,Txt-Img,Pos,0.31395856
CLIP_ViT-B32,mscoco,Txt-Img,Pos,0.30852166
CLIP_ViT-B32,mscoco,Txt-Img,Pos,0.35250947
CLIP_ViT-B32,mscoco,Txt-Img,Pos,0.31729296
CLIP_ViT-B32,mscoco,Txt-Img,Pos,0.29744095
CLIP_ViT-B32,mscoco,Txt-Img,Pos,0.31993186
CLIP_ViT-B32,mscoco,Txt-Img,Pos,0.3567202
CLIP_ViT-B32,mscoco,Txt-Img,Pos,0.27976936
CLIP_ViT-B32,mscoco,Txt-Img,Pos,0.29546475
CLIP_ViT-B32,mscoco,Txt-Img,Pos,0.28856528
CLIP_ViT-B32,mscoco,Txt-Img,Pos,0.3157057
CLIP_ViT-B32,mscoco,Txt-Img,Pos,0.32456413
CLIP_ViT-B32,mscoco,Txt-Img,Pos,0.29128832
CLIP_ViT-B32,mscoco,Txt-Img,Pos,0.2860587
CLIP_ViT-B32,mscoco,Txt-Img,Pos,0.2714224
CLIP_ViT-B32,mscoco,Txt-Img,Pos,0.31327468
CLIP_ViT-B32,mscoco,Txt-Img,Pos,0.27058196
CLIP_ViT-B32,mscoco,Txt-Img,Pos,0.3864172
CLIP_ViT-B32,mscoco,Txt-Img,Pos,0.34319845
CLIP_ViT-B32,mscoco,Txt-Img,Pos,0.34294987
CLIP_ViT-B32,mscoco,Txt-Img,Pos,0.24660245
CLIP_ViT-B32,mscoco,Txt-Img,Pos,0.31048152
CLIP_ViT-B32,mscoco,Txt-Img,Pos,0.24536806
CLIP_ViT-B32,mscoco,Txt-Img,Pos,0.29021126
CLIP_ViT-B32,mscoco,Txt-Img,Pos,0.30228943
CLIP_ViT-B32,mscoco,Txt-Img,Pos,0.2747668
CLIP_ViT-B32,mscoco,Txt-Img,Pos,0.27240077
CLIP_ViT-B32,mscoco,Txt-Img,Pos,0.32147264
CLIP_ViT-B32,mscoco,Txt-Img,Pos,0.3044517
CLIP_ViT-B32,mscoco,Txt-Img,Pos,0.26595968
CLIP_ViT-B32,mscoco,Txt-Img,Pos,0.31722677
CLIP_ViT-B32,mscoco,Txt-Img,Pos,0.31037813
CLIP_ViT-B32,mscoco,Txt-Img,Pos,0.29561085
CLIP_ViT-B32,mscoco,Txt-Img,Pos,0.3438125
CLIP_ViT-B32,mscoco,Txt-Img,Pos,0.24454671
CLIP_ViT-B32,mscoco,Txt-Img,Pos,0.36791533
CLIP_ViT-B32,mscoco,Txt-Img,Pos,0.2929628
CLIP_ViT-B32,mscoco,Txt-Img,Pos,0.27523106
CLIP_ViT-B32,mscoco,Txt-Img,Pos,0.28513002
CLIP_ViT-B32,mscoco,Txt-Img,Pos,0.30012703
CLIP_ViT-B32,mscoco,Txt-Img,Pos,0.33039722
CLIP_ViT-B32,mscoco,Txt-Img,Pos,0.30120754
CLIP_ViT-B32,mscoco,Txt-Img,Pos,0.29878667
CLIP_ViT-B32,mscoco,Txt-Img,Pos,0.3555655
CLIP_ViT-B32,mscoco,Txt-Img,Pos,0.31393212
CLIP_ViT-B32,mscoco,Txt-Img,Pos,0.34055573
CLIP_ViT-B32,mscoco,Txt-Img,Pos,0.2665527
CLIP_ViT-B32,mscoco,Txt-Img,Pos,0.28130305
CLIP_ViT-B32,mscoco,Txt-Img,Pos,0.28340358
CLIP_ViT-B32,mscoco,Txt-Img,Pos,0.34629178
CLIP_ViT-B32,mscoco,Txt-Img,Pos,0.30697682
CLIP_ViT-B32,mscoco,Txt-Img,Pos,0.3633054
CLIP_ViT-B32,mscoco,Txt-Img,Pos,0.23158981
CLIP_ViT-B32,mscoco,Txt-Img,Pos,0.3244915
CLIP_ViT-B32,mscoco,Txt-Img,Pos,0.34662372
CLIP_ViT-B32,mscoco,Txt-Img,Pos,0.26354998
CLIP_ViT-B32,mscoco,Txt-Img,Pos,0.27009344
CLIP_ViT-B32,mscoco,Txt-Img,Pos,0.33745888
CLIP_ViT-B32,mscoco,Txt-Img,Pos,0.30829495
CLIP_ViT-B32,mscoco,Txt-Img,Pos,0.29028162
CLIP_ViT-B32,mscoco,Txt-Img,Pos,0.2946363
CLIP_ViT-B32,mscoco,Txt-Img,Pos,0.33628199
CLIP_ViT-B32,mscoco,Txt-Img,Pos,0.27423966
CLIP_ViT-B32,mscoco,Txt-Img,Pos,0.3147554
CLIP_ViT-B32,mscoco,Txt-Img,Pos,0.25597242
CLIP_ViT-B32,mscoco,Txt-Img,Pos,0.31058118
CLIP_ViT-B32,mscoco,Txt-Img,Pos,0.2709487
CLIP_ViT-B32,mscoco,Txt-Img,Pos,0.2851857
CLIP_ViT-B32,mscoco,Txt-Img,Pos,0.31042093
CLIP_ViT-B32,mscoco,Txt-Img,Pos,0.31756288
CLIP_ViT-B32,mscoco,Txt-Img,Pos,0.27858812
CLIP_ViT-B32,mscoco,Txt-Img,Pos,0.32374722
CLIP_ViT-B32,mscoco,Txt-Img,Pos,0.30654812
CLIP_ViT-B32,mscoco,Txt-Img,Pos,0.29789793
CLIP_ViT-B32,mscoco,Txt-Img,Pos,0.28599572
CLIP_ViT-B32,mscoco,Txt-Img,Pos,0.321339
CLIP_ViT-B32,mscoco,Txt-Img,Pos,0.2961043
CLIP_ViT-B32,mscoco,Txt-Img,Pos,0.25355804
CLIP_ViT-B32,mscoco,Txt-Img,Pos,0.34625053
CLIP_ViT-B32,mscoco,Txt-Img,Pos,0.28361332
CLIP_ViT-B32,mscoco,Txt-Img,Pos,0.2843374
CLIP_ViT-B32,mscoco,Txt-Img,Pos,0.34583217
CLIP_ViT-B32,mscoco,Txt-Img,Pos,0.23921695
CLIP_ViT-B32,mscoco,Txt-Img,Pos,0.3274768
CLIP_ViT-B32,mscoco,Txt-Img,Pos,0.30135196
CLIP_ViT-B32,mscoco,Txt-Img,Pos,0.37737423
CLIP_ViT-B32,mscoco,Txt-Img,Pos,0.3721407
CLIP_ViT-B32,mscoco,Txt-Img,Pos,0.3306229
CLIP_ViT-B32,mscoco,Txt-Img,Pos,0.30678225
CLIP_ViT-B32,mscoco,Txt-Img,Pos,0.33256656
CLIP_ViT-B32,mscoco,Txt-Img,Pos,0.26491845
CLIP_ViT-B32,mscoco,Txt-Img,Pos,0.33813757
CLIP_ViT-B32,mscoco,Txt-Img,Pos,0.29641914
CLIP_ViT-B32,mscoco,Txt-Img,Pos,0.2942788
CLIP_ViT-B32,mscoco,Txt-Img,Pos,0.2938561
CLIP_ViT-B32,mscoco,Txt-Img,Pos,0.3128615
CLIP_ViT-B32,mscoco,Txt-Img,Pos,0.2463324
CLIP_ViT-B32,mscoco,Txt-Img,Pos,0.3486515
CLIP_ViT-B32,mscoco,Txt-Img,Pos,0.2797345
CLIP_ViT-B32,mscoco,Txt-Img,Pos,0.2855437
CLIP_ViT-B32,mscoco,Txt-Img,Pos,0.3381107
CLIP_ViT-B32,mscoco,Txt-Img,Pos,0.32203275
CLIP_ViT-B32,mscoco,Txt-Img,Pos,0.33068302
CLIP_ViT-B32,mscoco,Txt-Img,Pos,0.3800778
CLIP_ViT-B32,mscoco,Txt-Img,Pos,0.2935244
CLIP_ViT-B32,mscoco,Txt-Img,Pos,0.30948702
CLIP_ViT-B32,mscoco,Txt-Img,Pos,0.34069824
CLIP_ViT-B32,mscoco,Txt-Img,Pos,0.21939221
CLIP_ViT-B32,mscoco,Txt-Img,Pos,0.31592098
CLIP_ViT-B32,mscoco,Txt-Img,Pos,0.32474262
CLIP_ViT-B32,mscoco,Txt-Img,Pos,0.34416175
CLIP_ViT-B32,mscoco,Txt-Img,Pos,0.39949703
CLIP_ViT-B32,mscoco,Txt-Img,Pos,0.26329726
CLIP_ViT-B32,mscoco,Txt-Img,Pos,0.2998633
CLIP_ViT-B32,mscoco,Txt-Img,Pos,0.29227006
CLIP_ViT-B32,mscoco,Txt-Img,Pos,0.27574882
CLIP_ViT-B32,mscoco,Txt-Img,Pos,0.29879332
CLIP_ViT-B32,mscoco,Txt-Img,Pos,0.3386992
CLIP_ViT-B32,mscoco,Txt-Img,Pos,0.32561737
CLIP_ViT-B32,mscoco,Txt-Img,Pos,0.293078
CLIP_ViT-B32,mscoco,Txt-Img,Pos,0.31437466
CLIP_ViT-B32,mscoco,Txt-Img,Pos,0.27866238
CLIP_ViT-B32,mscoco,Txt-Img,Pos,0.31404787
CLIP_ViT-B32,mscoco,Txt-Img,Pos,0.3070761
CLIP_ViT-B32,mscoco,Txt-Img,Pos,0.34137338
CLIP_ViT-B32,mscoco,Txt-Img,Pos,0.3205533
CLIP_ViT-B32,mscoco,Txt-Img,Pos,0.27522528
CLIP_ViT-B32,mscoco,Txt-Img,Pos,0.31815404
CLIP_ViT-B32,mscoco,Txt-Img,Pos,0.33665246
CLIP_ViT-B32,mscoco,Txt-Img,Pos,0.33298647
CLIP_ViT-B32,mscoco,Txt-Img,Pos,0.33843732
CLIP_ViT-B32,mscoco,Txt-Img,Pos,0.34116006
CLIP_ViT-B32,mscoco,Txt-Img,Pos,0.31726065
CLIP_ViT-B32,mscoco,Txt-Img,Pos,0.2893049
CLIP_ViT-B32,mscoco,Txt-Img,Pos,0.29588217
CLIP_ViT-B32,mscoco,Txt-Img,Pos,0.28803584
CLIP_ViT-B32,mscoco,Txt-Img,Pos,0.2750141
CLIP_ViT-B32,mscoco,Txt-Img,Pos,0.29321322
CLIP_ViT-B32,mscoco,Txt-Img,Pos,0.318992
CLIP_ViT-B32,mscoco,Txt-Img,Pos,0.31625825
CLIP_ViT-B32,mscoco,Txt-Img,Pos,0.287659
CLIP_ViT-B32,mscoco,Txt-Img,Pos,0.369057
CLIP_ViT-B32,mscoco,Txt-Img,Pos,0.25107142
CLIP_ViT-B32,mscoco,Txt-Img,Pos,0.33397943
CLIP_ViT-B32,mscoco,Txt-Img,Pos,0.25859672
CLIP_ViT-B32,mscoco,Txt-Img,Pos,0.28841668
CLIP_ViT-B32,mscoco,Txt-Img,Pos,0.29660153
CLIP_ViT-B32,mscoco,Txt-Img,Pos,0.30928895
CLIP_ViT-B32,mscoco,Txt-Img,Pos,0.30576515
CLIP_ViT-B32,mscoco,Txt-Img,Pos,0.22810431
CLIP_ViT-B32,mscoco,Txt-Img,Pos,0.30532122
CLIP_ViT-B32,mscoco,Txt-Img,Pos,0.3245288
CLIP_ViT-B32,mscoco,Txt-Img,Pos,0.32688725
CLIP_ViT-B32,mscoco,Txt-Img,Pos,0.29881305
CLIP_ViT-B32,mscoco,Txt-Img,Pos,0.28519553
CLIP_ViT-B32,mscoco,Txt-Img,Pos,0.32369924
CLIP_ViT-B32,mscoco,Txt-Img,Pos,0.3143857
CLIP_ViT-B32,mscoco,Txt-Img,Pos,0.3365221
CLIP_ViT-B32,mscoco,Txt-Img,Pos,0.21054201
CLIP_ViT-B32,mscoco,Txt-Img,Pos,0.32386833
CLIP_ViT-B32,mscoco,Txt-Img,Pos,0.2754814
CLIP_ViT-B32,mscoco,Txt-Img,Pos,0.26913768
CLIP_ViT-B32,mscoco,Txt-Img,Pos,0.30908278
CLIP_ViT-B32,mscoco,Txt-Img,Pos,0.25649086
CLIP_ViT-B32,mscoco,Txt-Img,Pos,0.28597933
CLIP_ViT-B32,mscoco,Txt-Img,Pos,0.33890507
CLIP_ViT-B32,mscoco,Txt-Img,Pos,0.28946444
CLIP_ViT-B32,mscoco,Txt-Img,Pos,0.32545853
CLIP_ViT-B32,mscoco,Txt-Img,Pos,0.2594041
CLIP_ViT-B32,mscoco,Txt-Img,Pos,0.34398705
CLIP_ViT-B32,mscoco,Txt-Img,Pos,0.3020531
CLIP_ViT-B32,mscoco,Txt-Img,Pos,0.33105275
CLIP_ViT-B32,mscoco,Txt-Img,Pos,0.32508332
CLIP_ViT-B32,mscoco,Txt-Img,Pos,0.30308113
CLIP_ViT-B32,mscoco,Txt-Img,Pos,0.31884962
CLIP_ViT-B32,mscoco,Txt-Img,Pos,0.32282346
CLIP_ViT-B32,mscoco,Txt-Img,Pos,0.25593066
CLIP_ViT-B32,mscoco,Txt-Img,Pos,0.35216114
CLIP_ViT-B32,mscoco,Txt-Img,Pos,0.30475792
CLIP_ViT-B32,mscoco,Txt-Img,Pos,0.3315891
CLIP_ViT-B32,mscoco,Txt-Img,Pos,0.32010108
CLIP_ViT-B32,mscoco,Txt-Img,Pos,0.29678023
CLIP_ViT-B32,mscoco,Txt-Img,Pos,0.25895923
CLIP_ViT-B32,mscoco,Txt-Img,Pos,0.282889
CLIP_ViT-B32,mscoco,Txt-Img,Pos,0.30936944
CLIP_ViT-B32,mscoco,Txt-Img,Pos,0.35627222
CLIP_ViT-B32,mscoco,Txt-Img,Pos,0.34833908
CLIP_ViT-B32,mscoco,Txt-Img,Pos,0.36859062
CLIP_ViT-B32,mscoco,Txt-Img,Pos,0.27188522
CLIP_ViT-B32,mscoco,Txt-Img,Pos,0.26941025
CLIP_ViT-B32,mscoco,Txt-Img,Pos,0.34376413
CLIP_ViT-B32,mscoco,Txt-Img,Pos,0.3039271
CLIP_ViT-B32,mscoco,Txt-Img,Pos,0.34713474
CLIP_ViT-B32,mscoco,Txt-Img,Pos,0.25606793
CLIP_ViT-B32,mscoco,Txt-Img,Pos,0.31677708
CLIP_ViT-B32,mscoco,Txt-Img,Pos,0.32095677
CLIP_ViT-B32,mscoco,Txt-Img,Pos,0.3628215
CLIP_ViT-B32,mscoco,Txt-Img,Pos,0.32623532
CLIP_ViT-B32,mscoco,Txt-Img,Pos,0.30881804
CLIP_ViT-B32,mscoco,Txt-Img,Pos,0.33563086
CLIP_ViT-B32,mscoco,Txt-Img,Pos,0.29475915
CLIP_ViT-B32,mscoco,Txt-Img,Pos,0.30389053
CLIP_ViT-B32,mscoco,Txt-Img,Pos,0.328966
CLIP_ViT-B32,mscoco,Txt-Img,Pos,0.32729545
CLIP_ViT-B32,mscoco,Txt-Img,Pos,0.36141312
CLIP_ViT-B32,mscoco,Txt-Img,Pos,0.29418713
CLIP_ViT-B32,mscoco,Txt-Img,Pos,0.30830982
CLIP_ViT-B32,mscoco,Txt-Img,Pos,0.26951015
CLIP_ViT-B32,mscoco,Txt-Img,Pos,0.33229667
CLIP_ViT-B32,mscoco,Txt-Img,Pos,0.3558563
CLIP_ViT-B32,mscoco,Txt-Img,Pos,0.23133194
CLIP_ViT-B32,mscoco,Txt-Img,Pos,0.34320688
CLIP_ViT-B32,mscoco,Txt-Img,Pos,0.31882572
CLIP_ViT-B32,mscoco,Txt-Img,Pos,0.29321867
CLIP_ViT-B32,mscoco,Txt-Img,Pos,0.29685664
CLIP_ViT-B32,mscoco,Txt-Img,Pos,0.34996396
CLIP_ViT-B32,mscoco,Txt-Img,Pos,0.3444004
CLIP_ViT-B32,mscoco,Txt-Img,Pos,0.3132121
CLIP_ViT-B32,mscoco,Txt-Img,Pos,0.29900816
CLIP_ViT-B32,mscoco,Txt-Img,Pos,0.29834288
CLIP_ViT-B32,mscoco,Txt-Img,Pos,0.30232316
CLIP_ViT-B32,mscoco,Txt-Img,Pos,0.33092672
CLIP_ViT-B32,mscoco,Txt-Img,Pos,0.31087202
CLIP_ViT-B32,mscoco,Txt-Img,Pos,0.2757632
CLIP_ViT-B32,mscoco,Txt-Img,Pos,0.28354895
CLIP_ViT-B32,mscoco,Txt-Img,Pos,0.26770464
CLIP_ViT-B32,mscoco,Txt-Img,Pos,0.34554493
CLIP_ViT-B32,mscoco,Txt-Img,Pos,0.29642165
CLIP_ViT-B32,mscoco,Txt-Img,Pos,0.32971996
CLIP_ViT-B32,mscoco,Txt-Img,Pos,0.3109268
CLIP_ViT-B32,mscoco,Txt-Img,Pos,0.31151026
CLIP_ViT-B32,mscoco,Txt-Img,Pos,0.34435314
CLIP_ViT-B32,mscoco,Txt-Img,Pos,0.33669
CLIP_ViT-B32,mscoco,Txt-Img,Pos,0.25728574
CLIP_ViT-B32,mscoco,Txt-Img,Pos,0.29648754
CLIP_ViT-B32,mscoco,Txt-Img,Pos,0.28553072
CLIP_ViT-B32,mscoco,Txt-Img,Pos,0.2853496
CLIP_ViT-B32,mscoco,Txt-Img,Pos,0.2969227
CLIP_ViT-B32,mscoco,Txt-Img,Pos,0.31779447
CLIP_ViT-B32,mscoco,Txt-Img,Pos,0.35081849
CLIP_ViT-B32,mscoco,Txt-Img,Pos,0.2960559
CLIP_ViT-B32,mscoco,Txt-Img,Pos,0.3102777
CLIP_ViT-B32,mscoco,Txt-Img,Pos,0.27028576
CLIP_ViT-B32,mscoco,Txt-Img,Pos,0.29478994
CLIP_ViT-B32,mscoco,Txt-Img,Pos,0.3312609
CLIP_ViT-B32,mscoco,Txt-Img,Pos,0.2632226
CLIP_ViT-B32,mscoco,Txt-Img,Pos,0.3020562
CLIP_ViT-B32,mscoco,Txt-Img,Pos,0.30344808
CLIP_ViT-B32,mscoco,Txt-Img,Pos,0.28641397
CLIP_ViT-B32,mscoco,Txt-Img,Pos,0.35474387
CLIP_ViT-B32,mscoco,Txt-Img,Pos,0.35211545
CLIP_ViT-B32,mscoco,Txt-Img,Pos,0.28922516
CLIP_ViT-B32,mscoco,Txt-Img,Pos,0.33686775
CLIP_ViT-B32,mscoco,Txt-Img,Pos,0.27552086
CLIP_ViT-B32,mscoco,Txt-Img,Pos,0.339417
CLIP_ViT-B32,mscoco,Txt-Img,Pos,0.2820837
CLIP_ViT-B32,mscoco,Txt-Img,Pos,0.17284442
CLIP_ViT-B32,mscoco,Txt-Img,Pos,0.32934916
CLIP_ViT-B32,mscoco,Txt-Img,Pos,0.32361478
CLIP_ViT-B32,mscoco,Txt-Img,Pos,0.30914366
CLIP_ViT-B32,mscoco,Txt-Img,Pos,0.3004263
CLIP_ViT-B32,mscoco,Txt-Img,Pos,0.32013243
CLIP_ViT-B32,mscoco,Txt-Img,Pos,0.31334376
CLIP_ViT-B32,mscoco,Txt-Img,Pos,0.2884476
CLIP_ViT-B32,mscoco,Txt-Img,Pos,0.2937538
CLIP_ViT-B32,mscoco,Txt-Img,Pos,0.3156808
CLIP_ViT-B32,mscoco,Txt-Img,Pos,0.276316
CLIP_ViT-B32,mscoco,Txt-Img,Pos,0.31249112
CLIP_ViT-B32,mscoco,Txt-Img,Pos,0.27313092
CLIP_ViT-B32,mscoco,Txt-Img,Pos,0.32489902
CLIP_ViT-B32,mscoco,Txt-Img,Pos,0.30616984
CLIP_ViT-B32,mscoco,Txt-Img,Pos,0.30291817
CLIP_ViT-B32,mscoco,Txt-Img,Pos,0.26643068
CLIP_ViT-B32,mscoco,Txt-Img,Pos,0.3278097
CLIP_ViT-B32,mscoco,Txt-Img,Pos,0.27665472
CLIP_ViT-B32,mscoco,Txt-Img,Pos,0.28817528
CLIP_ViT-B32,mscoco,Txt-Img,Pos,0.34816605
CLIP_ViT-B32,mscoco,Txt-Img,Pos,0.29140416
CLIP_ViT-B32,mscoco,Txt-Img,Pos,0.30841318
CLIP_ViT-B32,mscoco,Txt-Img,Pos,0.3332472
CLIP_ViT-B32,mscoco,Txt-Img,Pos,0.31237417
CLIP_ViT-B32,mscoco,Txt-Img,Pos,0.30910242
CLIP_ViT-B32,mscoco,Txt-Img,Pos,0.2663878
CLIP_ViT-B32,mscoco,Txt-Img,Pos,0.28650633
CLIP_ViT-B32,mscoco,Txt-Img,Pos,0.35576463
CLIP_ViT-B32,mscoco,Txt-Img,Pos,0.28247952
CLIP_ViT-B32,mscoco,Txt-Img,Pos,0.33940965
CLIP_ViT-B32,mscoco,Txt-Img,Pos,0.27999678
CLIP_ViT-B32,mscoco,Txt-Img,Pos,0.31579703
CLIP_ViT-B32,mscoco,Txt-Img,Pos,0.29975653
CLIP_ViT-B32,mscoco,Txt-Img,Pos,0.26926434
CLIP_ViT-B32,mscoco,Txt-Img,Pos,0.34450212
CLIP_ViT-B32,mscoco,Txt-Img,Pos,0.3030277
CLIP_ViT-B32,mscoco,Txt-Img,Pos,0.3458224
CLIP_ViT-B32,mscoco,Txt-Img,Pos,0.23844999
CLIP_ViT-B32,mscoco,Txt-Img,Pos,0.2911906
CLIP_ViT-B32,mscoco,Txt-Img,Pos,0.33261487
CLIP_ViT-B32,mscoco,Txt-Img,Pos,0.3120641
CLIP_ViT-B32,mscoco,Txt-Img,Pos,0.29022408
CLIP_ViT-B32,mscoco,Txt-Img,Pos,0.29067242
CLIP_ViT-B32,mscoco,Txt-Img,Pos,0.30243373
CLIP_ViT-B32,mscoco,Txt-Img,Pos,0.29308027
CLIP_ViT-B32,mscoco,Txt-Img,Pos,0.31828105
CLIP_ViT-B32,mscoco,Txt-Img,Pos,0.2965105
CLIP_ViT-B32,mscoco,Txt-Img,Pos,0.33402577
CLIP_ViT-B32,mscoco,Txt-Img,Pos,0.32996222
CLIP_ViT-B32,mscoco,Txt-Img,Pos,0.2668632
CLIP_ViT-B32,mscoco,Txt-Img,Pos,0.36018425
CLIP_ViT-B32,mscoco,Txt-Img,Pos,0.38637984
CLIP_ViT-B32,mscoco,Txt-Img,Pos,0.32463807
CLIP_ViT-B32,mscoco,Txt-Img,Pos,0.27073783
CLIP_ViT-B32,mscoco,Txt-Img,Pos,0.2968691
CLIP_ViT-B32,mscoco,Txt-Img,Pos,0.29791105
CLIP_ViT-B32,mscoco,Txt-Img,Pos,0.29569712
CLIP_ViT-B32,mscoco,Txt-Img,Pos,0.3031927
CLIP_ViT-B32,mscoco,Txt-Img,Pos,0.2940387
CLIP_ViT-B32,mscoco,Txt-Img,Pos,0.36720508
CLIP_ViT-B32,mscoco,Txt-Img,Pos,0.28848094
CLIP_ViT-B32,mscoco,Txt-Img,Pos,0.2911045
CLIP_ViT-B32,mscoco,Txt-Img,Pos,0.28229898
CLIP_ViT-B32,mscoco,Txt-Img,Pos,0.34024042
CLIP_ViT-B32,mscoco,Txt-Img,Pos,0.28794372
CLIP_ViT-B32,mscoco,Txt-Img,Pos,0.2882508
CLIP_ViT-B32,mscoco,Txt-Img,Pos,0.3897274
CLIP_ViT-B32,mscoco,Txt-Img,Pos,0.3617099
CLIP_ViT-B32,mscoco,Txt-Img,Pos,0.3086831
CLIP_ViT-B32,mscoco,Txt-Img,Pos,0.32531807
CLIP_ViT-B32,mscoco,Txt-Img,Pos,0.29418853
CLIP_ViT-B32,mscoco,Txt-Img,Pos,0.34402668
CLIP_ViT-B32,mscoco,Txt-Img,Pos,0.3045218
CLIP_ViT-B32,mscoco,Txt-Img,Pos,0.34180108
CLIP_ViT-B32,mscoco,Txt-Img,Pos,0.261613
CLIP_ViT-B32,mscoco,Txt-Img,Pos,0.27656728
CLIP_ViT-B32,mscoco,Txt-Img,Pos,0.30149043
CLIP_ViT-B32,mscoco,Txt-Img,Pos,0.34047145
CLIP_ViT-B32,mscoco,Txt-Img,Pos,0.29575503
CLIP_ViT-B32,mscoco,Txt-Img,Pos,0.3118253
CLIP_ViT-B32,mscoco,Txt-Img,Pos,0.30075055
CLIP_ViT-B32,mscoco,Txt-Img,Pos,0.33897102
CLIP_ViT-B32,mscoco,Txt-Img,Pos,0.2585162
CLIP_ViT-B32,mscoco,Txt-Img,Pos,0.33880603
CLIP_ViT-B32,mscoco,Txt-Img,Pos,0.33131588
CLIP_ViT-B32,mscoco,Txt-Img,Pos,0.32456613
CLIP_ViT-B32,mscoco,Txt-Img,Pos,0.2338314
CLIP_ViT-B32,mscoco,Txt-Img,Pos,0.30195892
CLIP_ViT-B32,mscoco,Txt-Img,Pos,0.35329086
CLIP_ViT-B32,mscoco,Txt-Img,Pos,0.31542903
CLIP_ViT-B32,mscoco,Txt-Img,Pos,0.34658307
CLIP_ViT-B32,mscoco,Txt-Img,Pos,0.35228932
CLIP_ViT-B32,mscoco,Txt-Img,Pos,0.33365086
CLIP_ViT-B32,mscoco,Txt-Img,Pos,0.28909427
CLIP_ViT-B32,mscoco,Txt-Img,Pos,0.31235963
CLIP_ViT-B32,mscoco,Txt-Img,Pos,0.33814868
CLIP_ViT-B32,mscoco,Txt-Img,Pos,0.26236433
CLIP_ViT-B32,mscoco,Txt-Img,Pos,0.3088823
CLIP_ViT-B32,mscoco,Txt-Img,Pos,0.2741251
CLIP_ViT-B32,mscoco,Txt-Img,Pos,0.28283697
CLIP_ViT-B32,mscoco,Txt-Img,Pos,0.31802392
CLIP_ViT-B32,mscoco,Txt-Img,Pos,0.3684224
CLIP_ViT-B32,mscoco,Txt-Img,Pos,0.33184475
CLIP_ViT-B32,mscoco,Txt-Img,Pos,0.3505581
CLIP_ViT-B32,mscoco,Txt-Img,Pos,0.29509738
CLIP_ViT-B32,mscoco,Txt-Img,Pos,0.36680585
CLIP_ViT-B32,mscoco,Txt-Img,Pos,0.33513123
CLIP_ViT-B32,mscoco,Txt-Img,Pos,0.23745704
CLIP_ViT-B32,mscoco,Txt-Img,Pos,0.35511264
CLIP_ViT-B32,mscoco,Txt-Img,Pos,0.28597283
CLIP_ViT-B32,mscoco,Txt-Img,Pos,0.29761955
CLIP_ViT-B32,mscoco,Txt-Img,Pos,0.27130377
CLIP_ViT-B32,mscoco,Txt-Img,Pos,0.25777942
CLIP_ViT-B32,mscoco,Txt-Img,Pos,0.3042628
CLIP_ViT-B32,mscoco,Txt-Img,Pos,0.33128515
CLIP_ViT-B32,mscoco,Txt-Img,Pos,0.28903532
CLIP_ViT-B32,mscoco,Txt-Img,Pos,0.2872103
CLIP_ViT-B32,mscoco,Txt-Img,Pos,0.2731209
CLIP_ViT-B32,mscoco,Txt-Img,Pos,0.29189754
CLIP_ViT-B32,mscoco,Txt-Img,Pos,0.25701654
CLIP_ViT-B32,mscoco,Txt-Img,Pos,0.3212362
CLIP_ViT-B32,mscoco,Txt-Img,Pos,0.33719626
CLIP_ViT-B32,mscoco,Txt-Img,Pos,0.3091532
CLIP_ViT-B32,mscoco,Txt-Img,Pos,0.35447377
CLIP_ViT-B32,mscoco,Txt-Img,Pos,0.3299502
CLIP_ViT-B32,mscoco,Txt-Img,Pos,0.3228984
CLIP_ViT-B32,mscoco,Txt-Img,Pos,0.30097383
CLIP_ViT-B32,mscoco,Txt-Img,Pos,0.31946337
CLIP_ViT-B32,mscoco,Txt-Img,Pos,0.3334096
CLIP_ViT-B32,mscoco,Txt-Img,Pos,0.33309615
CLIP_ViT-B32,mscoco,Txt-Img,Pos,0.28790218
CLIP_ViT-B32,mscoco,Txt-Img,Pos,0.29495397
CLIP_ViT-B32,mscoco,Txt-Img,Pos,0.2619903
CLIP_ViT-B32,mscoco,Txt-Img,Pos,0.3267613
CLIP_ViT-B32,mscoco,Txt-Img,Pos,0.25845766
CLIP_ViT-B32,mscoco,Txt-Img,Pos,0.31696534
CLIP_ViT-B32,mscoco,Txt-Img,Pos,0.2785064
CLIP_ViT-B32,mscoco,Txt-Img,Pos,0.32082346
CLIP_ViT-B32,mscoco,Txt-Img,Pos,0.26608264
CLIP_ViT-B32,mscoco,Txt-Img,Pos,0.2638124
CLIP_ViT-B32,mscoco,Txt-Img,Pos,0.32355535
CLIP_ViT-B32,mscoco,Txt-Img,Pos,0.32302248
CLIP_ViT-B32,mscoco,Txt-Img,Pos,0.3094061
CLIP_ViT-B32,mscoco,Txt-Img,Pos,0.30604744
CLIP_ViT-B32,mscoco,Txt-Img,Pos,0.32367694
CLIP_ViT-B32,mscoco,Txt-Img,Pos,0.28440163
CLIP_ViT-B32,mscoco,Txt-Img,Pos,0.31035817
CLIP_ViT-B32,mscoco,Txt-Img,Pos,0.29135025
CLIP_ViT-B32,mscoco,Txt-Img,Pos,0.3125134
CLIP_ViT-B32,mscoco,Txt-Img,Pos,0.30489996
CLIP_ViT-B32,mscoco,Txt-Img,Pos,0.2698175
CLIP_ViT-B32,mscoco,Txt-Img,Pos,0.37352276
CLIP_ViT-B32,mscoco,Txt-Img,Pos,0.35017866
CLIP_ViT-B32,mscoco,Txt-Img,Pos,0.28859037
CLIP_ViT-B32,mscoco,Txt-Img,Pos,0.3474498
CLIP_ViT-B32,mscoco,Txt-Img,Pos,0.27226612
CLIP_ViT-B32,mscoco,Txt-Img,Pos,0.2610921
CLIP_ViT-B32,mscoco,Txt-Img,Pos,0.3063041
CLIP_ViT-B32,mscoco,Txt-Img,Pos,0.25525227
CLIP_ViT-B32,mscoco,Txt-Img,Pos,0.22486654
CLIP_ViT-B32,mscoco,Txt-Img,Pos,0.2945058
CLIP_ViT-B32,mscoco,Txt-Img,Pos,0.28558743
CLIP_ViT-B32,mscoco,Txt-Img,Pos,0.20912725
CLIP_ViT-B32,mscoco,Txt-Img,Pos,0.2968791
CLIP_ViT-B32,mscoco,Txt-Img,Pos,0.2608565
CLIP_ViT-B32,mscoco,Txt-Img,Pos,0.29638293
CLIP_ViT-B32,mscoco,Txt-Img,Pos,0.29569203
CLIP_ViT-B32,mscoco,Txt-Img,Pos,0.29438347
CLIP_ViT-B32,mscoco,Txt-Img,Pos,0.39695314
CLIP_ViT-B32,mscoco,Txt-Img,Pos,0.30188715
CLIP_ViT-B32,mscoco,Txt-Img,Pos,0.32139528
CLIP_ViT-B32,mscoco,Txt-Img,Pos,0.32067853
CLIP_ViT-B32,mscoco,Txt-Img,Pos,0.30203015
CLIP_ViT-B32,mscoco,Txt-Img,Pos,0.2965681
CLIP_ViT-B32,mscoco,Txt-Img,Pos,0.33471748
CLIP_ViT-B32,mscoco,Txt-Img,Pos,0.29090223
CLIP_ViT-B32,mscoco,Txt-Img,Pos,0.35783428
CLIP_ViT-B32,mscoco,Txt-Img,Pos,0.319103
CLIP_ViT-B32,mscoco,Txt-Img,Pos,0.3394939
CLIP_ViT-B32,mscoco,Txt-Img,Pos,0.2951911
CLIP_ViT-B32,mscoco,Txt-Img,Pos,0.34467837
CLIP_ViT-B32,mscoco,Txt-Img,Pos,0.32704887
CLIP_ViT-B32,mscoco,Txt-Img,Pos,0.33264548
CLIP_ViT-B32,mscoco,Txt-Img,Pos,0.37975162
CLIP_ViT-B32,mscoco,Txt-Img,Pos,0.30342728
CLIP_ViT-B32,mscoco,Txt-Img,Pos,0.34484506
CLIP_ViT-B32,mscoco,Txt-Img,Pos,0.29371876
CLIP_ViT-B32,mscoco,Txt-Img,Pos,0.30107677
CLIP_ViT-B32,mscoco,Txt-Img,Pos,0.3404057
CLIP_ViT-B32,mscoco,Txt-Img,Pos,0.24077755
CLIP_ViT-B32,mscoco,Txt-Img,Pos,0.32143772
CLIP_ViT-B32,mscoco,Txt-Img,Pos,0.34328228
CLIP_ViT-B32,mscoco,Txt-Img,Pos,0.2905658
CLIP_ViT-B32,mscoco,Txt-Img,Pos,0.2845857
CLIP_ViT-B32,mscoco,Txt-Img,Pos,0.32457262
CLIP_ViT-B32,mscoco,Txt-Img,Pos,0.305582
CLIP_ViT-B32,mscoco,Txt-Img,Pos,0.30357242
CLIP_ViT-B32,mscoco,Txt-Img,Pos,0.28145117
CLIP_ViT-B32,mscoco,Txt-Img,Pos,0.31839925
CLIP_ViT-B32,mscoco,Txt-Img,Pos,0.2901665
CLIP_ViT-B32,mscoco,Txt-Img,Pos,0.32115397
CLIP_ViT-B32,mscoco,Txt-Img,Pos,0.3162212
CLIP_ViT-B32,mscoco,Txt-Img,Pos,0.3224203
CLIP_ViT-B32,mscoco,Txt-Img,Pos,0.31661394
CLIP_ViT-B32,mscoco,Txt-Img,Pos,0.32742786
CLIP_ViT-B32,mscoco,Txt-Img,Pos,0.35316098
CLIP_ViT-B32,mscoco,Txt-Img,Pos,0.3030703
CLIP_ViT-B32,mscoco,Txt-Img,Pos,0.30936852
CLIP_ViT-B32,mscoco,Txt-Img,Pos,0.33667028
CLIP_ViT-B32,mscoco,Txt-Img,Pos,0.3210945
CLIP_ViT-B32,mscoco,Txt-Img,Pos,0.3597669
CLIP_ViT-B32,mscoco,Txt-Img,Pos,0.29607874
CLIP_ViT-B32,mscoco,Txt-Img,Pos,0.31517684
CLIP_ViT-B32,mscoco,Txt-Img,Pos,0.30882135
CLIP_ViT-B32,mscoco,Txt-Img,Pos,0.3494429
CLIP_ViT-B32,mscoco,Txt-Img,Pos,0.28163466
CLIP_ViT-B32,mscoco,Txt-Img,Pos,0.29229167
CLIP_ViT-B32,mscoco,Txt-Img,Pos,0.335532
CLIP_ViT-B32,mscoco,Txt-Img,Pos,0.28982645
CLIP_ViT-B32,mscoco,Txt-Img,Pos,0.2750836
CLIP_ViT-B32,mscoco,Txt-Img,Pos,0.34319633
CLIP_ViT-B32,mscoco,Txt-Img,Pos,0.29397234
CLIP_ViT-B32,mscoco,Txt-Img,Pos,0.2776417
CLIP_ViT-B32,mscoco,Txt-Img,Pos,0.24489266
CLIP_ViT-B32,mscoco,Txt-Img,Pos,0.3111451
CLIP_ViT-B32,mscoco,Txt-Img,Pos,0.26081967
CLIP_ViT-B32,mscoco,Txt-Img,Pos,0.29700038
CLIP_ViT-B32,mscoco,Txt-Img,Pos,0.31242344
CLIP_ViT-B32,mscoco,Txt-Img,Pos,0.33040255
CLIP_ViT-B32,mscoco,Txt-Img,Pos,0.31172165
CLIP_ViT-B32,mscoco,Txt-Img,Pos,0.31906626
CLIP_ViT-B32,mscoco,Txt-Img,Pos,0.34057236
CLIP_ViT-B32,mscoco,Txt-Img,Pos,0.2961591
CLIP_ViT-B32,mscoco,Txt-Img,Pos,0.33105546
CLIP_ViT-B32,mscoco,Txt-Img,Pos,0.3500976
CLIP_ViT-B32,mscoco,Txt-Img,Pos,0.34665683
CLIP_ViT-B32,mscoco,Txt-Img,Pos,0.34465554
CLIP_ViT-B32,mscoco,Txt-Img,Pos,0.30075306
CLIP_ViT-B32,mscoco,Txt-Img,Pos,0.3665735
CLIP_ViT-B32,mscoco,Txt-Img,Pos,0.29800424
CLIP_ViT-B32,mscoco,Txt-Img,Pos,0.3215043
CLIP_ViT-B32,mscoco,Txt-Img,Pos,0.33384454
CLIP_ViT-B32,mscoco,Txt-Img,Pos,0.30893782
CLIP_ViT-B32,mscoco,Txt-Img,Pos,0.29623887
CLIP_ViT-B32,mscoco,Txt-Img,Pos,0.2693142
CLIP_ViT-B32,mscoco,Txt-Img,Pos,0.25804663
CLIP_ViT-B32,mscoco,Txt-Img,Pos,0.29100087
CLIP_ViT-B32,mscoco,Txt-Txt,Neg,0.40211874
CLIP_ViT-B32,mscoco,Txt-Txt,Neg,0.5836812
CLIP_ViT-B32,mscoco,Txt-Txt,Neg,0.6717586
CLIP_ViT-B32,mscoco,Txt-Txt,Neg,0.6954098
CLIP_ViT-B32,mscoco,Txt-Txt,Neg,0.47177526
CLIP_ViT-B32,mscoco,Txt-Txt,Neg,0.5675807
CLIP_ViT-B32,mscoco,Txt-Txt,Neg,0.35840344
CLIP_ViT-B32,mscoco,Txt-Txt,Neg,0.50741553
CLIP_ViT-B32,mscoco,Txt-Txt,Neg,0.47483394
CLIP_ViT-B32,mscoco,Txt-Txt,Neg,0.3718573
CLIP_ViT-B32,mscoco,Txt-Txt,Neg,0.6268898
CLIP_ViT-B32,mscoco,Txt-Txt,Neg,0.53958285
CLIP_ViT-B32,mscoco,Txt-Txt,Neg,0.6410676
CLIP_ViT-B32,mscoco,Txt-Txt,Neg,0.56432545
CLIP_ViT-B32,mscoco,Txt-Txt,Neg,0.46688408
CLIP_ViT-B32,mscoco,Txt-Txt,Neg,0.60403806
CLIP_ViT-B32,mscoco,Txt-Txt,Neg,0.5218965
CLIP_ViT-B32,mscoco,Txt-Txt,Neg,0.5217866
CLIP_ViT-B32,mscoco,Txt-Txt,Neg,0.50695264
CLIP_ViT-B32,mscoco,Txt-Txt,Neg,0.56758
CLIP_ViT-B32,mscoco,Txt-Txt,Neg,0.49642885
CLIP_ViT-B32,mscoco,Txt-Txt,Neg,0.45027304
CLIP_ViT-B32,mscoco,Txt-Txt,Neg,0.53715163
CLIP_ViT-B32,mscoco,Txt-Txt,Neg,0.50941056
CLIP_ViT-B32,mscoco,Txt-Txt,Neg,0.56334746
CLIP_ViT-B32,mscoco,Txt-Txt,Neg,0.55766964
CLIP_ViT-B32,mscoco,Txt-Txt,Neg,0.49068266
CLIP_ViT-B32,mscoco,Txt-Txt,Neg,0.62351406
CLIP_ViT-B32,mscoco,Txt-Txt,Neg,0.6360109
CLIP_ViT-B32,mscoco,Txt-Txt,Neg,0.4081356
CLIP_ViT-B32,mscoco,Txt-Txt,Neg,0.47294754
CLIP_ViT-B32,mscoco,Txt-Txt,Neg,0.445302
CLIP_ViT-B32,mscoco,Txt-Txt,Neg,0.5113727
CLIP_ViT-B32,mscoco,Txt-Txt,Neg,0.37538448
CLIP_ViT-B32,mscoco,Txt-Txt,Neg,0.39167398
CLIP_ViT-B32,mscoco,Txt-Txt,Neg,0.40546066
CLIP_ViT-B32,mscoco,Txt-Txt,Neg,0.5000874
CLIP_ViT-B32,mscoco,Txt-Txt,Neg,0.55993843
CLIP_ViT-B32,mscoco,Txt-Txt,Neg,0.3315217
CLIP_ViT-B32,mscoco,Txt-Txt,Neg,0.4142787
CLIP_ViT-B32,mscoco,Txt-Txt,Neg,0.51061904
CLIP_ViT-B32,mscoco,Txt-Txt,Neg,0.49552637
CLIP_ViT-B32,mscoco,Txt-Txt,Neg,0.3715397
CLIP_ViT-B32,mscoco,Txt-Txt,Neg,0.6301182
CLIP_ViT-B32,mscoco,Txt-Txt,Neg,0.43731797
CLIP_ViT-B32,mscoco,Txt-Txt,Neg,0.5529355
CLIP_ViT-B32,mscoco,Txt-Txt,Neg,0.6747078
CLIP_ViT-B32,mscoco,Txt-Txt,Neg,0.507216
CLIP_ViT-B32,mscoco,Txt-Txt,Neg,0.36869192
CLIP_ViT-B32,mscoco,Txt-Txt,Neg,0.5997567
CLIP_ViT-B32,mscoco,Txt-Txt,Neg,0.33450186
CLIP_ViT-B32,mscoco,Txt-Txt,Neg,0.40189582
CLIP_ViT-B32,mscoco,Txt-Txt,Neg,0.3472335
CLIP_ViT-B32,mscoco,Txt-Txt,Neg,0.5804186
CLIP_ViT-B32,mscoco,Txt-Txt,Neg,0.48669142
CLIP_ViT-B32,mscoco,Txt-Txt,Neg,0.40730664
CLIP_ViT-B32,mscoco,Txt-Txt,Neg,0.40890393
CLIP_ViT-B32,mscoco,Txt-Txt,Neg,0.35947168
CLIP_ViT-B32,mscoco,Txt-Txt,Neg,0.4205854
CLIP_ViT-B32,mscoco,Txt-Txt,Neg,0.6565737
CLIP_ViT-B32,mscoco,Txt-Txt,Neg,0.31589898
CLIP_ViT-B32,mscoco,Txt-Txt,Neg,0.36536878
CLIP_ViT-B32,mscoco,Txt-Txt,Neg,0.48161817
CLIP_ViT-B32,mscoco,Txt-Txt,Neg,0.51082224
CLIP_ViT-B32,mscoco,Txt-Txt,Neg,0.28727567
CLIP_ViT-B32,mscoco,Txt-Txt,Neg,0.49817288
CLIP_ViT-B32,mscoco,Txt-Txt,Neg,0.50981
CLIP_ViT-B32,mscoco,Txt-Txt,Neg,0.5273473
CLIP_ViT-B32,mscoco,Txt-Txt,Neg,0.4748939
CLIP_ViT-B32,mscoco,Txt-Txt,Neg,0.5105649
CLIP_ViT-B32,mscoco,Txt-Txt,Neg,0.42548096
CLIP_ViT-B32,mscoco,Txt-Txt,Neg,0.7165555
CLIP_ViT-B32,mscoco,Txt-Txt,Neg,0.4678437
CLIP_ViT-B32,mscoco,Txt-Txt,Neg,0.31158012
CLIP_ViT-B32,mscoco,Txt-Txt,Neg,0.5116987
CLIP_ViT-B32,mscoco,Txt-Txt,Neg,0.63144076
CLIP_ViT-B32,mscoco,Txt-Txt,Neg,0.5143448
CLIP_ViT-B32,mscoco,Txt-Txt,Neg,0.518401
CLIP_ViT-B32,mscoco,Txt-Txt,Neg,0.47309572
CLIP_ViT-B32,mscoco,Txt-Txt,Neg,0.3894283
CLIP_ViT-B32,mscoco,Txt-Txt,Neg,0.5457446
CLIP_ViT-B32,mscoco,Txt-Txt,Neg,0.42649162
CLIP_ViT-B32,mscoco,Txt-Txt,Neg,0.5460727
CLIP_ViT-B32,mscoco,Txt-Txt,Neg,0.49184874
CLIP_ViT-B32,mscoco,Txt-Txt,Neg,0.512947
CLIP_ViT-B32,mscoco,Txt-Txt,Neg,0.6099138
CLIP_ViT-B32,mscoco,Txt-Txt,Neg,0.6010138
CLIP_ViT-B32,mscoco,Txt-Txt,Neg,0.36224845
CLIP_ViT-B32,mscoco,Txt-Txt,Neg,0.38656843
CLIP_ViT-B32,mscoco,Txt-Txt,Neg,0.47996074
CLIP_ViT-B32,mscoco,Txt-Txt,Neg,0.4731242
CLIP_ViT-B32,mscoco,Txt-Txt,Neg,0.5819597
CLIP_ViT-B32,mscoco,Txt-Txt,Neg,0.6457888
CLIP_ViT-B32,mscoco,Txt-Txt,Neg,0.48873788
CLIP_ViT-B32,mscoco,Txt-Txt,Neg,0.5824263
CLIP_ViT-B32,mscoco,Txt-Txt,Neg,0.43200403
CLIP_ViT-B32,mscoco,Txt-Txt,Neg,0.517309
CLIP_ViT-B32,mscoco,Txt-Txt,Neg,0.43156278
CLIP_ViT-B32,mscoco,Txt-Txt,Neg,0.55097973
CLIP_ViT-B32,mscoco,Txt-Txt,Neg,0.42048216
CLIP_ViT-B32,mscoco,Txt-Txt,Neg,0.5835274
CLIP_ViT-B32,mscoco,Txt-Txt,Neg,0.4202215
CLIP_ViT-B32,mscoco,Txt-Txt,Neg,0.4295776
CLIP_ViT-B32,mscoco,Txt-Txt,Neg,0.54362
CLIP_ViT-B32,mscoco,Txt-Txt,Neg,0.5329915
CLIP_ViT-B32,mscoco,Txt-Txt,Neg,0.45695028
CLIP_ViT-B32,mscoco,Txt-Txt,Neg,0.46181685
CLIP_ViT-B32,mscoco,Txt-Txt,Neg,0.76738477
CLIP_ViT-B32,mscoco,Txt-Txt,Neg,0.44948956
CLIP_ViT-B32,mscoco,Txt-Txt,Neg,0.49929655
CLIP_ViT-B32,mscoco,Txt-Txt,Neg,0.44590968
CLIP_ViT-B32,mscoco,Txt-Txt,Neg,0.5107517
CLIP_ViT-B32,mscoco,Txt-Txt,Neg,0.5307101
CLIP_ViT-B32,mscoco,Txt-Txt,Neg,0.5428737
CLIP_ViT-B32,mscoco,Txt-Txt,Neg,0.42304933
CLIP_ViT-B32,mscoco,Txt-Txt,Neg,0.53582245
CLIP_ViT-B32,mscoco,Txt-Txt,Neg,0.5566866
CLIP_ViT-B32,mscoco,Txt-Txt,Neg,0.5971767
CLIP_ViT-B32,mscoco,Txt-Txt,Neg,0.49485582
CLIP_ViT-B32,mscoco,Txt-Txt,Neg,0.39078313
CLIP_ViT-B32,mscoco,Txt-Txt,Neg,0.610374
CLIP_ViT-B32,mscoco,Txt-Txt,Neg,0.3222581
CLIP_ViT-B32,mscoco,Txt-Txt,Neg,0.6468309
CLIP_ViT-B32,mscoco,Txt-Txt,Neg,0.5734958
CLIP_ViT-B32,mscoco,Txt-Txt,Neg,0.719102
CLIP_ViT-B32,mscoco,Txt-Txt,Neg,0.47360277
CLIP_ViT-B32,mscoco,Txt-Txt,Neg,0.498927
CLIP_ViT-B32,mscoco,Txt-Txt,Neg,0.30306202
CLIP_ViT-B32,mscoco,Txt-Txt,Neg,0.56562495
CLIP_ViT-B32,mscoco,Txt-Txt,Neg,0.4841412
CLIP_ViT-B32,mscoco,Txt-Txt,Neg,0.5809857
CLIP_ViT-B32,mscoco,Txt-Txt,Neg,0.39454877
CLIP_ViT-B32,mscoco,Txt-Txt,Neg,0.4202708
CLIP_ViT-B32,mscoco,Txt-Txt,Neg,0.4797103
CLIP_ViT-B32,mscoco,Txt-Txt,Neg,0.4633059
CLIP_ViT-B32,mscoco,Txt-Txt,Neg,0.40344122
CLIP_ViT-B32,mscoco,Txt-Txt,Neg,0.3228883
CLIP_ViT-B32,mscoco,Txt-Txt,Neg,0.5508847
CLIP_ViT-B32,mscoco,Txt-Txt,Neg,0.39156324
CLIP_ViT-B32,mscoco,Txt-Txt,Neg,0.4874876
CLIP_ViT-B32,mscoco,Txt-Txt,Neg,0.49677342
CLIP_ViT-B32,mscoco,Txt-Txt,Neg,0.38293752
CLIP_ViT-B32,mscoco,Txt-Txt,Neg,0.5902434
CLIP_ViT-B32,mscoco,Txt-Txt,Neg,0.6645409
CLIP_ViT-B32,mscoco,Txt-Txt,Neg,0.361818
CLIP_ViT-B32,mscoco,Txt-Txt,Neg,0.5748607
CLIP_ViT-B32,mscoco,Txt-Txt,Neg,0.49319664
CLIP_ViT-B32,mscoco,Txt-Txt,Neg,0.56206846
CLIP_ViT-B32,mscoco,Txt-Txt,Neg,0.43006355
CLIP_ViT-B32,mscoco,Txt-Txt,Neg,0.56180525
CLIP_ViT-B32,mscoco,Txt-Txt,Neg,0.5179178
CLIP_ViT-B32,mscoco,Txt-Txt,Neg,0.56418264
CLIP_ViT-B32,mscoco,Txt-Txt,Neg,0.4733104
CLIP_ViT-B32,mscoco,Txt-Txt,Neg,0.44632694
CLIP_ViT-B32,mscoco,Txt-Txt,Neg,0.6398472
CLIP_ViT-B32,mscoco,Txt-Txt,Neg,0.6506353
CLIP_ViT-B32,mscoco,Txt-Txt,Neg,0.50851786
CLIP_ViT-B32,mscoco,Txt-Txt,Neg,0.5642116
CLIP_ViT-B32,mscoco,Txt-Txt,Neg,0.4821385
CLIP_ViT-B32,mscoco,Txt-Txt,Neg,0.53884625
CLIP_ViT-B32,mscoco,Txt-Txt,Neg,0.44469845
CLIP_ViT-B32,mscoco,Txt-Txt,Neg,0.62997735
CLIP_ViT-B32,mscoco,Txt-Txt,Neg,0.6240436
CLIP_ViT-B32,mscoco,Txt-Txt,Neg,0.46001077
CLIP_ViT-B32,mscoco,Txt-Txt,Neg,0.3966303
CLIP_ViT-B32,mscoco,Txt-Txt,Neg,0.4396761
CLIP_ViT-B32,mscoco,Txt-Txt,Neg,0.3384835
CLIP_ViT-B32,mscoco,Txt-Txt,Neg,0.5619434
CLIP_ViT-B32,mscoco,Txt-Txt,Neg,0.31307524
CLIP_ViT-B32,mscoco,Txt-Txt,Neg,0.47865194
CLIP_ViT-B32,mscoco,Txt-Txt,Neg,0.718853
CLIP_ViT-B32,mscoco,Txt-Txt,Neg,0.6698431
CLIP_ViT-B32,mscoco,Txt-Txt,Neg,0.57053024
CLIP_ViT-B32,mscoco,Txt-Txt,Neg,0.5219506
CLIP_ViT-B32,mscoco,Txt-Txt,Neg,0.45478064
CLIP_ViT-B32,mscoco,Txt-Txt,Neg,0.32656848
CLIP_ViT-B32,mscoco,Txt-Txt,Neg,0.47804028
CLIP_ViT-B32,mscoco,Txt-Txt,Neg,0.42888597
CLIP_ViT-B32,mscoco,Txt-Txt,Neg,0.4794653
CLIP_ViT-B32,mscoco,Txt-Txt,Neg,0.51900566
CLIP_ViT-B32,mscoco,Txt-Txt,Neg,0.79285634
CLIP_ViT-B32,mscoco,Txt-Txt,Neg,0.6739545
CLIP_ViT-B32,mscoco,Txt-Txt,Neg,0.5491022
CLIP_ViT-B32,mscoco,Txt-Txt,Neg,0.45210785
CLIP_ViT-B32,mscoco,Txt-Txt,Neg,0.5672374
CLIP_ViT-B32,mscoco,Txt-Txt,Neg,0.34623638
CLIP_ViT-B32,mscoco,Txt-Txt,Neg,0.3854087
CLIP_ViT-B32,mscoco,Txt-Txt,Neg,0.5821301
CLIP_ViT-B32,mscoco,Txt-Txt,Neg,0.71418667
CLIP_ViT-B32,mscoco,Txt-Txt,Neg,0.562112
CLIP_ViT-B32,mscoco,Txt-Txt,Neg,0.39318648
CLIP_ViT-B32,mscoco,Txt-Txt,Neg,0.4132492
CLIP_ViT-B32,mscoco,Txt-Txt,Neg,0.4733659
CLIP_ViT-B32,mscoco,Txt-Txt,Neg,0.5576736
CLIP_ViT-B32,mscoco,Txt-Txt,Neg,0.4963474
CLIP_ViT-B32,mscoco,Txt-Txt,Neg,0.6666931
CLIP_ViT-B32,mscoco,Txt-Txt,Neg,0.5870851
CLIP_ViT-B32,mscoco,Txt-Txt,Neg,0.45644754
CLIP_ViT-B32,mscoco,Txt-Txt,Neg,0.45881087
CLIP_ViT-B32,mscoco,Txt-Txt,Neg,0.37167794
CLIP_ViT-B32,mscoco,Txt-Txt,Neg,0.49785715
CLIP_ViT-B32,mscoco,Txt-Txt,Neg,0.3717714
CLIP_ViT-B32,mscoco,Txt-Txt,Neg,0.36594093
CLIP_ViT-B32,mscoco,Txt-Txt,Neg,0.35677373
CLIP_ViT-B32,mscoco,Txt-Txt,Neg,0.64526427
CLIP_ViT-B32,mscoco,Txt-Txt,Neg,0.41764885
CLIP_ViT-B32,mscoco,Txt-Txt,Neg,0.60158765
CLIP_ViT-B32,mscoco,Txt-Txt,Neg,0.31993788
CLIP_ViT-B32,mscoco,Txt-Txt,Neg,0.53551924
CLIP_ViT-B32,mscoco,Txt-Txt,Neg,0.40264073
CLIP_ViT-B32,mscoco,Txt-Txt,Neg,0.45271102
CLIP_ViT-B32,mscoco,Txt-Txt,Neg,0.54146314
CLIP_ViT-B32,mscoco,Txt-Txt,Neg,0.36219174
CLIP_ViT-B32,mscoco,Txt-Txt,Neg,0.5188869
CLIP_ViT-B32,mscoco,Txt-Txt,Neg,0.6265295
CLIP_ViT-B32,mscoco,Txt-Txt,Neg,0.6163672
CLIP_ViT-B32,mscoco,Txt-Txt,Neg,0.30965102
CLIP_ViT-B32,mscoco,Txt-Txt,Neg,0.48971194
CLIP_ViT-B32,mscoco,Txt-Txt,Neg,0.43774128
CLIP_ViT-B32,mscoco,Txt-Txt,Neg,0.4885357
CLIP_ViT-B32,mscoco,Txt-Txt,Neg,0.46482903
CLIP_ViT-B32,mscoco,Txt-Txt,Neg,0.6464449
CLIP_ViT-B32,mscoco,Txt-Txt,Neg,0.4948465
CLIP_ViT-B32,mscoco,Txt-Txt,Neg,0.4542542
CLIP_ViT-B32,mscoco,Txt-Txt,Neg,0.6520863
CLIP_ViT-B32,mscoco,Txt-Txt,Neg,0.36427212
CLIP_ViT-B32,mscoco,Txt-Txt,Neg,0.48860657
CLIP_ViT-B32,mscoco,Txt-Txt,Neg,0.7194785
CLIP_ViT-B32,mscoco,Txt-Txt,Neg,0.43281823
CLIP_ViT-B32,mscoco,Txt-Txt,Neg,0.36194402
CLIP_ViT-B32,mscoco,Txt-Txt,Neg,0.5095572
CLIP_ViT-B32,mscoco,Txt-Txt,Neg,0.3382355
CLIP_ViT-B32,mscoco,Txt-Txt,Neg,0.3602115
CLIP_ViT-B32,mscoco,Txt-Txt,Neg,0.5445025
CLIP_ViT-B32,mscoco,Txt-Txt,Neg,0.5217143
CLIP_ViT-B32,mscoco,Txt-Txt,Neg,0.558553
CLIP_ViT-B32,mscoco,Txt-Txt,Neg,0.4087097
CLIP_ViT-B32,mscoco,Txt-Txt,Neg,0.31386936
CLIP_ViT-B32,mscoco,Txt-Txt,Neg,0.39813685
CLIP_ViT-B32,mscoco,Txt-Txt,Neg,0.575842
CLIP_ViT-B32,mscoco,Txt-Txt,Neg,0.420056
CLIP_ViT-B32,mscoco,Txt-Txt,Neg,0.3240434
CLIP_ViT-B32,mscoco,Txt-Txt,Neg,0.4973095
CLIP_ViT-B32,mscoco,Txt-Txt,Neg,0.5736364
CLIP_ViT-B32,mscoco,Txt-Txt,Neg,0.42808467
CLIP_ViT-B32,mscoco,Txt-Txt,Neg,0.29861784
CLIP_ViT-B32,mscoco,Txt-Txt,Neg,0.4913457
CLIP_ViT-B32,mscoco,Txt-Txt,Neg,0.4302386
CLIP_ViT-B32,mscoco,Txt-Txt,Neg,0.37968165
CLIP_ViT-B32,mscoco,Txt-Txt,Neg,0.46064353
CLIP_ViT-B32,mscoco,Txt-Txt,Neg,0.2915883
CLIP_ViT-B32,mscoco,Txt-Txt,Neg,0.47619694
CLIP_ViT-B32,mscoco,Txt-Txt,Neg,0.40984845
CLIP_ViT-B32,mscoco,Txt-Txt,Neg,0.5166364
CLIP_ViT-B32,mscoco,Txt-Txt,Neg,0.44811133
CLIP_ViT-B32,mscoco,Txt-Txt,Neg,0.34469023
CLIP_ViT-B32,mscoco,Txt-Txt,Neg,0.36590576
CLIP_ViT-B32,mscoco,Txt-Txt,Neg,0.53688115
CLIP_ViT-B32,mscoco,Txt-Txt,Neg,0.5009708
CLIP_ViT-B32,mscoco,Txt-Txt,Neg,0.646789
CLIP_ViT-B32,mscoco,Txt-Txt,Neg,0.35131276
CLIP_ViT-B32,mscoco,Txt-Txt,Neg,0.5565062
CLIP_ViT-B32,mscoco,Txt-Txt,Neg,0.5209181
CLIP_ViT-B32,mscoco,Txt-Txt,Neg,0.57516885
CLIP_ViT-B32,mscoco,Txt-Txt,Neg,0.6224866
CLIP_ViT-B32,mscoco,Txt-Txt,Neg,0.3458327
CLIP_ViT-B32,mscoco,Txt-Txt,Neg,0.34225234
CLIP_ViT-B32,mscoco,Txt-Txt,Neg,0.507428
CLIP_ViT-B32,mscoco,Txt-Txt,Neg,0.44877583
CLIP_ViT-B32,mscoco,Txt-Txt,Neg,0.33805403
CLIP_ViT-B32,mscoco,Txt-Txt,Neg,0.56373525
CLIP_ViT-B32,mscoco,Txt-Txt,Neg,0.47145763
CLIP_ViT-B32,mscoco,Txt-Txt,Neg,0.64646614
CLIP_ViT-B32,mscoco,Txt-Txt,Neg,0.46920162
CLIP_ViT-B32,mscoco,Txt-Txt,Neg,0.49457955
CLIP_ViT-B32,mscoco,Txt-Txt,Neg,0.67079604
CLIP_ViT-B32,mscoco,Txt-Txt,Neg,0.46922946
CLIP_ViT-B32,mscoco,Txt-Txt,Neg,0.6549504
CLIP_ViT-B32,mscoco,Txt-Txt,Neg,0.62092566
CLIP_ViT-B32,mscoco,Txt-Txt,Neg,0.52438647
CLIP_ViT-B32,mscoco,Txt-Txt,Neg,0.5877756
CLIP_ViT-B32,mscoco,Txt-Txt,Neg,0.5641792
CLIP_ViT-B32,mscoco,Txt-Txt,Neg,0.4237768
CLIP_ViT-B32,mscoco,Txt-Txt,Neg,0.41352314
CLIP_ViT-B32,mscoco,Txt-Txt,Neg,0.6015667
CLIP_ViT-B32,mscoco,Txt-Txt,Neg,0.41390553
CLIP_ViT-B32,mscoco,Txt-Txt,Neg,0.46920884
CLIP_ViT-B32,mscoco,Txt-Txt,Neg,0.473585
CLIP_ViT-B32,mscoco,Txt-Txt,Neg,0.48204207
CLIP_ViT-B32,mscoco,Txt-Txt,Neg,0.36708623
CLIP_ViT-B32,mscoco,Txt-Txt,Neg,0.45653325
CLIP_ViT-B32,mscoco,Txt-Txt,Neg,0.4064049
CLIP_ViT-B32,mscoco,Txt-Txt,Neg,0.71595174
CLIP_ViT-B32,mscoco,Txt-Txt,Neg,0.36616537
CLIP_ViT-B32,mscoco,Txt-Txt,Neg,0.52748466
CLIP_ViT-B32,mscoco,Txt-Txt,Neg,0.3469987
CLIP_ViT-B32,mscoco,Txt-Txt,Neg,0.63569534
CLIP_ViT-B32,mscoco,Txt-Txt,Neg,0.39606872
CLIP_ViT-B32,mscoco,Txt-Txt,Neg,0.57741857
CLIP_ViT-B32,mscoco,Txt-Txt,Neg,0.54859495
CLIP_ViT-B32,mscoco,Txt-Txt,Neg,0.31990075
CLIP_ViT-B32,mscoco,Txt-Txt,Neg,0.5398444
CLIP_ViT-B32,mscoco,Txt-Txt,Neg,0.6145303
CLIP_ViT-B32,mscoco,Txt-Txt,Neg,0.4905222
CLIP_ViT-B32,mscoco,Txt-Txt,Neg,0.5285831
CLIP_ViT-B32,mscoco,Txt-Txt,Neg,0.2735635
CLIP_ViT-B32,mscoco,Txt-Txt,Neg,0.47068393
CLIP_ViT-B32,mscoco,Txt-Txt,Neg,0.36425942
CLIP_ViT-B32,mscoco,Txt-Txt,Neg,0.42332083
CLIP_ViT-B32,mscoco,Txt-Txt,Neg,0.41045088
CLIP_ViT-B32,mscoco,Txt-Txt,Neg,0.4993382
CLIP_ViT-B32,mscoco,Txt-Txt,Neg,0.26217753
CLIP_ViT-B32,mscoco,Txt-Txt,Neg,0.5417793
CLIP_ViT-B32,mscoco,Txt-Txt,Neg,0.49496168
CLIP_ViT-B32,mscoco,Txt-Txt,Neg,0.5767992
CLIP_ViT-B32,mscoco,Txt-Txt,Neg,0.49969608
CLIP_ViT-B32,mscoco,Txt-Txt,Neg,0.47535408
CLIP_ViT-B32,mscoco,Txt-Txt,Neg,0.44849342
CLIP_ViT-B32,mscoco,Txt-Txt,Neg,0.68159324
CLIP_ViT-B32,mscoco,Txt-Txt,Neg,0.32595444
CLIP_ViT-B32,mscoco,Txt-Txt,Neg,0.623311
CLIP_ViT-B32,mscoco,Txt-Txt,Neg,0.39179897
CLIP_ViT-B32,mscoco,Txt-Txt,Neg,0.45257884
CLIP_ViT-B32,mscoco,Txt-Txt,Neg,0.6717427
CLIP_ViT-B32,mscoco,Txt-Txt,Neg,0.53271174
CLIP_ViT-B32,mscoco,Txt-Txt,Neg,0.68765074
CLIP_ViT-B32,mscoco,Txt-Txt,Neg,0.64171267
CLIP_ViT-B32,mscoco,Txt-Txt,Neg,0.60747594
CLIP_ViT-B32,mscoco,Txt-Txt,Neg,0.5362294
CLIP_ViT-B32,mscoco,Txt-Txt,Neg,0.58267415
CLIP_ViT-B32,mscoco,Txt-Txt,Neg,0.40393084
CLIP_ViT-B32,mscoco,Txt-Txt,Neg,0.5308739
CLIP_ViT-B32,mscoco,Txt-Txt,Neg,0.46751118
CLIP_ViT-B32,mscoco,Txt-Txt,Neg,0.52509093
CLIP_ViT-B32,mscoco,Txt-Txt,Neg,0.4452275
CLIP_ViT-B32,mscoco,Txt-Txt,Neg,0.56347066
CLIP_ViT-B32,mscoco,Txt-Txt,Neg,0.45844722
CLIP_ViT-B32,mscoco,Txt-Txt,Neg,0.3809463
CLIP_ViT-B32,mscoco,Txt-Txt,Neg,0.5162344
CLIP_ViT-B32,mscoco,Txt-Txt,Neg,0.608163
CLIP_ViT-B32,mscoco,Txt-Txt,Neg,0.52601814
CLIP_ViT-B32,mscoco,Txt-Txt,Neg,0.48684067
CLIP_ViT-B32,mscoco,Txt-Txt,Neg,0.5655531
CLIP_ViT-B32,mscoco,Txt-Txt,Neg,0.6420423
CLIP_ViT-B32,mscoco,Txt-Txt,Neg,0.5710497
CLIP_ViT-B32,mscoco,Txt-Txt,Neg,0.4068547
CLIP_ViT-B32,mscoco,Txt-Txt,Neg,0.69222087
CLIP_ViT-B32,mscoco,Txt-Txt,Neg,0.32561964
CLIP_ViT-B32,mscoco,Txt-Txt,Neg,0.4264505
CLIP_ViT-B32,mscoco,Txt-Txt,Neg,0.38249898
CLIP_ViT-B32,mscoco,Txt-Txt,Neg,0.4591241
CLIP_ViT-B32,mscoco,Txt-Txt,Neg,0.602818
CLIP_ViT-B32,mscoco,Txt-Txt,Neg,0.5514109
CLIP_ViT-B32,mscoco,Txt-Txt,Neg,0.4273398
CLIP_ViT-B32,mscoco,Txt-Txt,Neg,0.6280936
CLIP_ViT-B32,mscoco,Txt-Txt,Neg,0.4448824
CLIP_ViT-B32,mscoco,Txt-Txt,Neg,0.47374684
CLIP_ViT-B32,mscoco,Txt-Txt,Neg,0.54723895
CLIP_ViT-B32,mscoco,Txt-Txt,Neg,0.4658696
CLIP_ViT-B32,mscoco,Txt-Txt,Neg,0.70242393
CLIP_ViT-B32,mscoco,Txt-Txt,Neg,0.50723577
CLIP_ViT-B32,mscoco,Txt-Txt,Neg,0.50662756
CLIP_ViT-B32,mscoco,Txt-Txt,Neg,0.67680323
CLIP_ViT-B32,mscoco,Txt-Txt,Neg,0.6472742
CLIP_ViT-B32,mscoco,Txt-Txt,Neg,0.3948148
CLIP_ViT-B32,mscoco,Txt-Txt,Neg,0.4541412
CLIP_ViT-B32,mscoco,Txt-Txt,Neg,0.41061807
CLIP_ViT-B32,mscoco,Txt-Txt,Neg,0.5187223
CLIP_ViT-B32,mscoco,Txt-Txt,Neg,0.64998376
CLIP_ViT-B32,mscoco,Txt-Txt,Neg,0.6297973
CLIP_ViT-B32,mscoco,Txt-Txt,Neg,0.40976268
CLIP_ViT-B32,mscoco,Txt-Txt,Neg,0.6355846
CLIP_ViT-B32,mscoco,Txt-Txt,Neg,0.45942694
CLIP_ViT-B32,mscoco,Txt-Txt,Neg,0.5808792
CLIP_ViT-B32,mscoco,Txt-Txt,Neg,0.44181985
CLIP_ViT-B32,mscoco,Txt-Txt,Neg,0.6522114
CLIP_ViT-B32,mscoco,Txt-Txt,Neg,0.5449269
CLIP_ViT-B32,mscoco,Txt-Txt,Neg,0.64702976
CLIP_ViT-B32,mscoco,Txt-Txt,Neg,0.63264585
CLIP_ViT-B32,mscoco,Txt-Txt,Neg,0.56221443
CLIP_ViT-B32,mscoco,Txt-Txt,Neg,0.3389076
CLIP_ViT-B32,mscoco,Txt-Txt,Neg,0.6272561
CLIP_ViT-B32,mscoco,Txt-Txt,Neg,0.46419296
CLIP_ViT-B32,mscoco,Txt-Txt,Neg,0.3408072
CLIP_ViT-B32,mscoco,Txt-Txt,Neg,0.581445
CLIP_ViT-B32,mscoco,Txt-Txt,Neg,0.64728606
CLIP_ViT-B32,mscoco,Txt-Txt,Neg,0.59247243
CLIP_ViT-B32,mscoco,Txt-Txt,Neg,0.6301464
CLIP_ViT-B32,mscoco,Txt-Txt,Neg,0.26964137
CLIP_ViT-B32,mscoco,Txt-Txt,Neg,0.55999386
CLIP_ViT-B32,mscoco,Txt-Txt,Neg,0.54865384
CLIP_ViT-B32,mscoco,Txt-Txt,Neg,0.5477227
CLIP_ViT-B32,mscoco,Txt-Txt,Neg,0.5070585
CLIP_ViT-B32,mscoco,Txt-Txt,Neg,0.67317724
CLIP_ViT-B32,mscoco,Txt-Txt,Neg,0.2281183
CLIP_ViT-B32,mscoco,Txt-Txt,Neg,0.48880684
CLIP_ViT-B32,mscoco,Txt-Txt,Neg,0.5451777
CLIP_ViT-B32,mscoco,Txt-Txt,Neg,0.662416
CLIP_ViT-B32,mscoco,Txt-Txt,Neg,0.45936054
CLIP_ViT-B32,mscoco,Txt-Txt,Neg,0.4733239
CLIP_ViT-B32,mscoco,Txt-Txt,Neg,0.34847623
CLIP_ViT-B32,mscoco,Txt-Txt,Neg,0.43013185
CLIP_ViT-B32,mscoco,Txt-Txt,Neg,0.42489105
CLIP_ViT-B32,mscoco,Txt-Txt,Neg,0.4792939
CLIP_ViT-B32,mscoco,Txt-Txt,Neg,0.51524675
CLIP_ViT-B32,mscoco,Txt-Txt,Neg,0.49688613
CLIP_ViT-B32,mscoco,Txt-Txt,Neg,0.37922484
CLIP_ViT-B32,mscoco,Txt-Txt,Neg,0.54066694
CLIP_ViT-B32,mscoco,Txt-Txt,Neg,0.43957514
CLIP_ViT-B32,mscoco,Txt-Txt,Neg,0.6355877
CLIP_ViT-B32,mscoco,Txt-Txt,Neg,0.41350526
CLIP_ViT-B32,mscoco,Txt-Txt,Neg,0.5274085
CLIP_ViT-B32,mscoco,Txt-Txt,Neg,0.6755033
CLIP_ViT-B32,mscoco,Txt-Txt,Neg,0.48405895
CLIP_ViT-B32,mscoco,Txt-Txt,Neg,0.6526859
CLIP_ViT-B32,mscoco,Txt-Txt,Neg,0.6432097
CLIP_ViT-B32,mscoco,Txt-Txt,Neg,0.4676405
CLIP_ViT-B32,mscoco,Txt-Txt,Neg,0.48648393
CLIP_ViT-B32,mscoco,Txt-Txt,Neg,0.44667846
CLIP_ViT-B32,mscoco,Txt-Txt,Neg,0.58841574
CLIP_ViT-B32,mscoco,Txt-Txt,Neg,0.4218984
CLIP_ViT-B32,mscoco,Txt-Txt,Neg,0.37747344
CLIP_ViT-B32,mscoco,Txt-Txt,Neg,0.64763093
CLIP_ViT-B32,mscoco,Txt-Txt,Neg,0.5840032
CLIP_ViT-B32,mscoco,Txt-Txt,Neg,0.40631276
CLIP_ViT-B32,mscoco,Txt-Txt,Neg,0.6253424
CLIP_ViT-B32,mscoco,Txt-Txt,Neg,0.5979682
CLIP_ViT-B32,mscoco,Txt-Txt,Neg,0.4339357
CLIP_ViT-B32,mscoco,Txt-Txt,Neg,0.5866663
CLIP_ViT-B32,mscoco,Txt-Txt,Neg,0.4333231
CLIP_ViT-B32,mscoco,Txt-Txt,Neg,0.39358562
CLIP_ViT-B32,mscoco,Txt-Txt,Neg,0.72380674
CLIP_ViT-B32,mscoco,Txt-Txt,Neg,0.5237288
CLIP_ViT-B32,mscoco,Txt-Txt,Neg,0.51965016
CLIP_ViT-B32,mscoco,Txt-Txt,Neg,0.43469396
CLIP_ViT-B32,mscoco,Txt-Txt,Neg,0.3611164
CLIP_ViT-B32,mscoco,Txt-Txt,Neg,0.49993965
CLIP_ViT-B32,mscoco,Txt-Txt,Neg,0.6968993
CLIP_ViT-B32,mscoco,Txt-Txt,Neg,0.6480503
CLIP_ViT-B32,mscoco,Txt-Txt,Neg,0.24121264
CLIP_ViT-B32,mscoco,Txt-Txt,Neg,0.43451825
CLIP_ViT-B32,mscoco,Txt-Txt,Neg,0.47440982
CLIP_ViT-B32,mscoco,Txt-Txt,Neg,0.5374506
CLIP_ViT-B32,mscoco,Txt-Txt,Neg,0.45912588
CLIP_ViT-B32,mscoco,Txt-Txt,Neg,0.582518
CLIP_ViT-B32,mscoco,Txt-Txt,Neg,0.54328
CLIP_ViT-B32,mscoco,Txt-Txt,Neg,0.5358475
CLIP_ViT-B32,mscoco,Txt-Txt,Neg,0.48126858
CLIP_ViT-B32,mscoco,Txt-Txt,Neg,0.5115099
CLIP_ViT-B32,mscoco,Txt-Txt,Neg,0.6442574
CLIP_ViT-B32,mscoco,Txt-Txt,Neg,0.34985113
CLIP_ViT-B32,mscoco,Txt-Txt,Neg,0.5060961
CLIP_ViT-B32,mscoco,Txt-Txt,Neg,0.48008403
CLIP_ViT-B32,mscoco,Txt-Txt,Neg,0.5201139
CLIP_ViT-B32,mscoco,Txt-Txt,Neg,0.5768003
CLIP_ViT-B32,mscoco,Txt-Txt,Neg,0.33951604
CLIP_ViT-B32,mscoco,Txt-Txt,Neg,0.45533362
CLIP_ViT-B32,mscoco,Txt-Txt,Neg,0.6119646
CLIP_ViT-B32,mscoco,Txt-Txt,Neg,0.64679706
CLIP_ViT-B32,mscoco,Txt-Txt,Neg,0.4621033
CLIP_ViT-B32,mscoco,Txt-Txt,Neg,0.43109015
CLIP_ViT-B32,mscoco,Txt-Txt,Neg,0.6195284
CLIP_ViT-B32,mscoco,Txt-Txt,Neg,0.43964696
CLIP_ViT-B32,mscoco,Txt-Txt,Neg,0.59253764
CLIP_ViT-B32,mscoco,Txt-Txt,Neg,0.4253406
CLIP_ViT-B32,mscoco,Txt-Txt,Neg,0.57719475
CLIP_ViT-B32,mscoco,Txt-Txt,Neg,0.65456706
CLIP_ViT-B32,mscoco,Txt-Txt,Neg,0.73119825
CLIP_ViT-B32,mscoco,Txt-Txt,Neg,0.5050333
CLIP_ViT-B32,mscoco,Txt-Txt,Neg,0.60258543
CLIP_ViT-B32,mscoco,Txt-Txt,Neg,0.5261147
CLIP_ViT-B32,mscoco,Txt-Txt,Neg,0.5528464
CLIP_ViT-B32,mscoco,Txt-Txt,Neg,0.37187314
CLIP_ViT-B32,mscoco,Txt-Txt,Neg,0.34790772
CLIP_ViT-B32,mscoco,Txt-Txt,Neg,0.51729435
CLIP_ViT-B32,mscoco,Txt-Txt,Neg,0.2694682
CLIP_ViT-B32,mscoco,Txt-Txt,Neg,0.5527996
CLIP_ViT-B32,mscoco,Txt-Txt,Neg,0.51145047
CLIP_ViT-B32,mscoco,Txt-Txt,Neg,0.49167043
CLIP_ViT-B32,mscoco,Txt-Txt,Neg,0.35098165
CLIP_ViT-B32,mscoco,Txt-Txt,Neg,0.5055232
CLIP_ViT-B32,mscoco,Txt-Txt,Neg,0.6799221
CLIP_ViT-B32,mscoco,Txt-Txt,Neg,0.60728145
CLIP_ViT-B32,mscoco,Txt-Txt,Neg,0.42387584
CLIP_ViT-B32,mscoco,Txt-Txt,Neg,0.66737115
CLIP_ViT-B32,mscoco,Txt-Txt,Neg,0.44863963
CLIP_ViT-B32,mscoco,Txt-Txt,Neg,0.4330467
CLIP_ViT-B32,mscoco,Txt-Txt,Neg,0.6404272
CLIP_ViT-B32,mscoco,Txt-Txt,Neg,0.5063883
CLIP_ViT-B32,mscoco,Txt-Txt,Neg,0.47030407
CLIP_ViT-B32,mscoco,Txt-Txt,Neg,0.7589573
CLIP_ViT-B32,mscoco,Txt-Txt,Neg,0.47491205
CLIP_ViT-B32,mscoco,Txt-Txt,Neg,0.33690292
CLIP_ViT-B32,mscoco,Txt-Txt,Neg,0.7137389
CLIP_ViT-B32,mscoco,Txt-Txt,Neg,0.26256186
CLIP_ViT-B32,mscoco,Txt-Txt,Neg,0.4169324
CLIP_ViT-B32,mscoco,Txt-Txt,Neg,0.55650187
CLIP_ViT-B32,mscoco,Txt-Txt,Neg,0.32634538
CLIP_ViT-B32,mscoco,Txt-Txt,Neg,0.5879004
CLIP_ViT-B32,mscoco,Txt-Txt,Neg,0.43235412
CLIP_ViT-B32,mscoco,Txt-Txt,Neg,0.44164127
CLIP_ViT-B32,mscoco,Txt-Txt,Neg,0.37982255
CLIP_ViT-B32,mscoco,Txt-Txt,Neg,0.5667571
CLIP_ViT-B32,mscoco,Txt-Txt,Neg,0.51614356
CLIP_ViT-B32,mscoco,Txt-Txt,Neg,0.4439473
CLIP_ViT-B32,mscoco,Txt-Txt,Neg,0.55461514
CLIP_ViT-B32,mscoco,Txt-Txt,Neg,0.4402726
CLIP_ViT-B32,mscoco,Txt-Txt,Neg,0.41053283
CLIP_ViT-B32,mscoco,Txt-Txt,Neg,0.45765808
CLIP_ViT-B32,mscoco,Txt-Txt,Neg,0.61798966
CLIP_ViT-B32,mscoco,Txt-Txt,Neg,0.45576078
CLIP_ViT-B32,mscoco,Txt-Txt,Neg,0.517365
CLIP_ViT-B32,mscoco,Txt-Txt,Neg,0.542838
CLIP_ViT-B32,mscoco,Txt-Txt,Neg,0.45218623
CLIP_ViT-B32,mscoco,Txt-Txt,Neg,0.27288634
CLIP_ViT-B32,mscoco,Txt-Txt,Neg,0.53643274
CLIP_ViT-B32,mscoco,Txt-Txt,Neg,0.37182882
CLIP_ViT-B32,mscoco,Txt-Txt,Neg,0.54514146
CLIP_ViT-B32,mscoco,Txt-Txt,Neg,0.47225615
CLIP_ViT-B32,mscoco,Txt-Txt,Neg,0.48373604
CLIP_ViT-B32,mscoco,Txt-Txt,Neg,0.5229236
CLIP_ViT-B32,mscoco,Txt-Txt,Neg,0.62036777
CLIP_ViT-B32,mscoco,Txt-Txt,Neg,0.57892257
CLIP_ViT-B32,mscoco,Img-Img,Neg,0.43604645
CLIP_ViT-B32,mscoco,Img-Img,Neg,0.57966685
CLIP_ViT-B32,mscoco,Img-Img,Neg,0.41741705
CLIP_ViT-B32,mscoco,Img-Img,Neg,0.5163829
CLIP_ViT-B32,mscoco,Img-Img,Neg,0.50805885
CLIP_ViT-B32,mscoco,Img-Img,Neg,0.3824844
CLIP_ViT-B32,mscoco,Img-Img,Neg,0.32345918
CLIP_ViT-B32,mscoco,Img-Img,Neg,0.43499264
CLIP_ViT-B32,mscoco,Img-Img,Neg,0.59464705
CLIP_ViT-B32,mscoco,Img-Img,Neg,0.43707827
CLIP_ViT-B32,mscoco,Img-Img,Neg,0.43030748
CLIP_ViT-B32,mscoco,Img-Img,Neg,0.4833878
CLIP_ViT-B32,mscoco,Img-Img,Neg,0.4903209
CLIP_ViT-B32,mscoco,Img-Img,Neg,0.43008128
CLIP_ViT-B32,mscoco,Img-Img,Neg,0.43566173
CLIP_ViT-B32,mscoco,Img-Img,Neg,0.40445036
CLIP_ViT-B32,mscoco,Img-Img,Neg,0.4405976
CLIP_ViT-B32,mscoco,Img-Img,Neg,0.23704275
CLIP_ViT-B32,mscoco,Img-Img,Neg,0.5571703
CLIP_ViT-B32,mscoco,Img-Img,Neg,0.558422
CLIP_ViT-B32,mscoco,Img-Img,Neg,0.60447705
CLIP_ViT-B32,mscoco,Img-Img,Neg,0.66351175
CLIP_ViT-B32,mscoco,Img-Img,Neg,0.42506355
CLIP_ViT-B32,mscoco,Img-Img,Neg,0.33715475
CLIP_ViT-B32,mscoco,Img-Img,Neg,0.36644006
CLIP_ViT-B32,mscoco,Img-Img,Neg,0.41041562
CLIP_ViT-B32,mscoco,Img-Img,Neg,0.48832247
CLIP_ViT-B32,mscoco,Img-Img,Neg,0.6754576
CLIP_ViT-B32,mscoco,Img-Img,Neg,0.39475626
CLIP_ViT-B32,mscoco,Img-Img,Neg,0.41499153
CLIP_ViT-B32,mscoco,Img-Img,Neg,0.42565712
CLIP_ViT-B32,mscoco,Img-Img,Neg,0.3814756
CLIP_ViT-B32,mscoco,Img-Img,Neg,0.40958303
CLIP_ViT-B32,mscoco,Img-Img,Neg,0.61995965
CLIP_ViT-B32,mscoco,Img-Img,Neg,0.31272426
CLIP_ViT-B32,mscoco,Img-Img,Neg,0.48333567
CLIP_ViT-B32,mscoco,Img-Img,Neg,0.4740126
CLIP_ViT-B32,mscoco,Img-Img,Neg,0.3755992
CLIP_ViT-B32,mscoco,Img-Img,Neg,0.40715575
CLIP_ViT-B32,mscoco,Img-Img,Neg,0.4802348
CLIP_ViT-B32,mscoco,Img-Img,Neg,0.42131206
CLIP_ViT-B32,mscoco,Img-Img,Neg,0.45010865
CLIP_ViT-B32,mscoco,Img-Img,Neg,0.6977125
CLIP_ViT-B32,mscoco,Img-Img,Neg,0.47190684
CLIP_ViT-B32,mscoco,Img-Img,Neg,0.3079321
CLIP_ViT-B32,mscoco,Img-Img,Neg,0.12310974
CLIP_ViT-B32,mscoco,Img-Img,Neg,0.57545716
CLIP_ViT-B32,mscoco,Img-Img,Neg,0.50403947
CLIP_ViT-B32,mscoco,Img-Img,Neg,0.70588523
CLIP_ViT-B32,mscoco,Img-Img,Neg,0.45652324
CLIP_ViT-B32,mscoco,Img-Img,Neg,0.36749434
CLIP_ViT-B32,mscoco,Img-Img,Neg,0.4062191
CLIP_ViT-B32,mscoco,Img-Img,Neg,0.47545362
CLIP_ViT-B32,mscoco,Img-Img,Neg,0.46841627
CLIP_ViT-B32,mscoco,Img-Img,Neg,0.37466717
CLIP_ViT-B32,mscoco,Img-Img,Neg,0.3742594
CLIP_ViT-B32,mscoco,Img-Img,Neg,0.48097306
CLIP_ViT-B32,mscoco,Img-Img,Neg,0.47447437
CLIP_ViT-B32,mscoco,Img-Img,Neg,0.36111408
CLIP_ViT-B32,mscoco,Img-Img,Neg,0.42982766
CLIP_ViT-B32,mscoco,Img-Img,Neg,0.4080738
CLIP_ViT-B32,mscoco,Img-Img,Neg,0.42577618
CLIP_ViT-B32,mscoco,Img-Img,Neg,0.4149666
CLIP_ViT-B32,mscoco,Img-Img,Neg,0.42857653
CLIP_ViT-B32,mscoco,Img-Img,Neg,0.57769823
CLIP_ViT-B32,mscoco,Img-Img,Neg,0.41852087
CLIP_ViT-B32,mscoco,Img-Img,Neg,0.48276544
CLIP_ViT-B32,mscoco,Img-Img,Neg,0.39965928
CLIP_ViT-B32,mscoco,Img-Img,Neg,0.5704639
CLIP_ViT-B32,mscoco,Img-Img,Neg,0.41125074
CLIP_ViT-B32,mscoco,Img-Img,Neg,0.3909395
CLIP_ViT-B32,mscoco,Img-Img,Neg,0.40067023
CLIP_ViT-B32,mscoco,Img-Img,Neg,0.5598334
CLIP_ViT-B32,mscoco,Img-Img,Neg,0.48026928
CLIP_ViT-B32,mscoco,Img-Img,Neg,0.3490467
CLIP_ViT-B32,mscoco,Img-Img,Neg,0.5704066
CLIP_ViT-B32,mscoco,Img-Img,Neg,0.34428772
CLIP_ViT-B32,mscoco,Img-Img,Neg,0.57777166
CLIP_ViT-B32,mscoco,Img-Img,Neg,0.41237956
CLIP_ViT-B32,mscoco,Img-Img,Neg,0.4735527
CLIP_ViT-B32,mscoco,Img-Img,Neg,0.47018638
CLIP_ViT-B32,mscoco,Img-Img,Neg,0.43401268
CLIP_ViT-B32,mscoco,Img-Img,Neg,0.40653962
CLIP_ViT-B32,mscoco,Img-Img,Neg,0.48621768
CLIP_ViT-B32,mscoco,Img-Img,Neg,0.48481303
CLIP_ViT-B32,mscoco,Img-Img,Neg,0.5913273
CLIP_ViT-B32,mscoco,Img-Img,Neg,0.44319862
CLIP_ViT-B32,mscoco,Img-Img,Neg,0.39845228
CLIP_ViT-B32,mscoco,Img-Img,Neg,0.47009984
CLIP_ViT-B32,mscoco,Img-Img,Neg,0.379007
CLIP_ViT-B32,mscoco,Img-Img,Neg,0.44630045
CLIP_ViT-B32,mscoco,Img-Img,Neg,0.35260352
CLIP_ViT-B32,mscoco,Img-Img,Neg,0.28960773
CLIP_ViT-B32,mscoco,Img-Img,Neg,0.55324346
CLIP_ViT-B32,mscoco,Img-Img,Neg,0.38061428
CLIP_ViT-B32,mscoco,Img-Img,Neg,0.44790792
CLIP_ViT-B32,mscoco,Img-Img,Neg,0.53597635
CLIP_ViT-B32,mscoco,Img-Img,Neg,0.5143216
CLIP_ViT-B32,mscoco,Img-Img,Neg,0.49451265
CLIP_ViT-B32,mscoco,Img-Img,Neg,0.42520323
CLIP_ViT-B32,mscoco,Img-Img,Neg,0.44725648
CLIP_ViT-B32,mscoco,Img-Img,Neg,0.49301988
CLIP_ViT-B32,mscoco,Img-Img,Neg,0.42125794
CLIP_ViT-B32,mscoco,Img-Img,Neg,0.43992978
CLIP_ViT-B32,mscoco,Img-Img,Neg,0.42759895
CLIP_ViT-B32,mscoco,Img-Img,Neg,0.4667558
CLIP_ViT-B32,mscoco,Img-Img,Neg,0.48356104
CLIP_ViT-B32,mscoco,Img-Img,Neg,0.5167775
CLIP_ViT-B32,mscoco,Img-Img,Neg,0.3801859
CLIP_ViT-B32,mscoco,Img-Img,Neg,0.48401496
CLIP_ViT-B32,mscoco,Img-Img,Neg,0.5715074
CLIP_ViT-B32,mscoco,Img-Img,Neg,0.41907763
CLIP_ViT-B32,mscoco,Img-Img,Neg,0.4046925
CLIP_ViT-B32,mscoco,Img-Img,Neg,0.4580138
CLIP_ViT-B32,mscoco,Img-Img,Neg,0.47510982
CLIP_ViT-B32,mscoco,Img-Img,Neg,0.5018167
CLIP_ViT-B32,mscoco,Img-Img,Neg,0.41539323
CLIP_ViT-B32,mscoco,Img-Img,Neg,0.5016199
CLIP_ViT-B32,mscoco,Img-Img,Neg,0.5601516
CLIP_ViT-B32,mscoco,Img-Img,Neg,0.52379066
CLIP_ViT-B32,mscoco,Img-Img,Neg,0.47760653
CLIP_ViT-B32,mscoco,Img-Img,Neg,0.437224
CLIP_ViT-B32,mscoco,Img-Img,Neg,0.28663427
CLIP_ViT-B32,mscoco,Img-Img,Neg,0.47578102
CLIP_ViT-B32,mscoco,Img-Img,Neg,0.5040309
CLIP_ViT-B32,mscoco,Img-Img,Neg,0.4686334
CLIP_ViT-B32,mscoco,Img-Img,Neg,0.5315817
CLIP_ViT-B32,mscoco,Img-Img,Neg,0.5024417
CLIP_ViT-B32,mscoco,Img-Img,Neg,0.5603021
CLIP_ViT-B32,mscoco,Img-Img,Neg,0.36917058
CLIP_ViT-B32,mscoco,Img-Img,Neg,0.5606185
CLIP_ViT-B32,mscoco,Img-Img,Neg,0.44244537
CLIP_ViT-B32,mscoco,Img-Img,Neg,0.5942641
CLIP_ViT-B32,mscoco,Img-Img,Neg,0.3349082
CLIP_ViT-B32,mscoco,Img-Img,Neg,0.6431499
CLIP_ViT-B32,mscoco,Img-Img,Neg,0.58830595
CLIP_ViT-B32,mscoco,Img-Img,Neg,0.46716022
CLIP_ViT-B32,mscoco,Img-Img,Neg,0.5323164
CLIP_ViT-B32,mscoco,Img-Img,Neg,0.4485266
CLIP_ViT-B32,mscoco,Img-Img,Neg,0.4947843
CLIP_ViT-B32,mscoco,Img-Img,Neg,0.49788892
CLIP_ViT-B32,mscoco,Img-Img,Neg,0.59531385
CLIP_ViT-B32,mscoco,Img-Img,Neg,0.45712867
CLIP_ViT-B32,mscoco,Img-Img,Neg,0.44598222
CLIP_ViT-B32,mscoco,Img-Img,Neg,0.39004198
CLIP_ViT-B32,mscoco,Img-Img,Neg,0.35194534
CLIP_ViT-B32,mscoco,Img-Img,Neg,0.5615114
CLIP_ViT-B32,mscoco,Img-Img,Neg,0.4929454
CLIP_ViT-B32,mscoco,Img-Img,Neg,0.40557596
CLIP_ViT-B32,mscoco,Img-Img,Neg,0.38713682
CLIP_ViT-B32,mscoco,Img-Img,Neg,0.49546325
CLIP_ViT-B32,mscoco,Img-Img,Neg,0.5587258
CLIP_ViT-B32,mscoco,Img-Img,Neg,0.43610036
CLIP_ViT-B32,mscoco,Img-Img,Neg,0.3406801
CLIP_ViT-B32,mscoco,Img-Img,Neg,0.6121429
CLIP_ViT-B32,mscoco,Img-Img,Neg,0.4606421
CLIP_ViT-B32,mscoco,Img-Img,Neg,0.55415976
CLIP_ViT-B32,mscoco,Img-Img,Neg,0.3995917
CLIP_ViT-B32,mscoco,Img-Img,Neg,0.5281497
CLIP_ViT-B32,mscoco,Img-Img,Neg,0.507508
CLIP_ViT-B32,mscoco,Img-Img,Neg,0.38871816
CLIP_ViT-B32,mscoco,Img-Img,Neg,0.42294472
CLIP_ViT-B32,mscoco,Img-Img,Neg,0.5237472
CLIP_ViT-B32,mscoco,Img-Img,Neg,0.5008299
CLIP_ViT-B32,mscoco,Img-Img,Neg,0.42795974
CLIP_ViT-B32,mscoco,Img-Img,Neg,0.58582145
CLIP_ViT-B32,mscoco,Img-Img,Neg,0.30543846
CLIP_ViT-B32,mscoco,Img-Img,Neg,0.5129791
CLIP_ViT-B32,mscoco,Img-Img,Neg,0.663294
CLIP_ViT-B32,mscoco,Img-Img,Neg,0.48479775
CLIP_ViT-B32,mscoco,Img-Img,Neg,0.5758946
CLIP_ViT-B32,mscoco,Img-Img,Neg,0.3302937
CLIP_ViT-B32,mscoco,Img-Img,Neg,0.47898683
CLIP_ViT-B32,mscoco,Img-Img,Neg,0.37775022
CLIP_ViT-B32,mscoco,Img-Img,Neg,0.34163
CLIP_ViT-B32,mscoco,Img-Img,Neg,0.44073558
CLIP_ViT-B32,mscoco,Img-Img,Neg,0.36373365
CLIP_ViT-B32,mscoco,Img-Img,Neg,0.47046015
CLIP_ViT-B32,mscoco,Img-Img,Neg,0.5034682
CLIP_ViT-B32,mscoco,Img-Img,Neg,0.46714252
CLIP_ViT-B32,mscoco,Img-Img,Neg,0.5526068
CLIP_ViT-B32,mscoco,Img-Img,Neg,0.3845312
CLIP_ViT-B32,mscoco,Img-Img,Neg,0.5560091
CLIP_ViT-B32,mscoco,Img-Img,Neg,0.5041925
CLIP_ViT-B32,mscoco,Img-Img,Neg,0.4327725
CLIP_ViT-B32,mscoco,Img-Img,Neg,0.4679309
CLIP_ViT-B32,mscoco,Img-Img,Neg,0.48979312
CLIP_ViT-B32,mscoco,Img-Img,Neg,0.50399435
CLIP_ViT-B32,mscoco,Img-Img,Neg,0.47987017
CLIP_ViT-B32,mscoco,Img-Img,Neg,0.63577485
CLIP_ViT-B32,mscoco,Img-Img,Neg,0.50912076
CLIP_ViT-B32,mscoco,Img-Img,Neg,0.39348817
CLIP_ViT-B32,mscoco,Img-Img,Neg,0.48608083
CLIP_ViT-B32,mscoco,Img-Img,Neg,0.44465238
CLIP_ViT-B32,mscoco,Img-Img,Neg,0.48632103
CLIP_ViT-B32,mscoco,Img-Img,Neg,0.42577925
CLIP_ViT-B32,mscoco,Img-Img,Neg,0.37058404
CLIP_ViT-B32,mscoco,Img-Img,Neg,0.4888042
CLIP_ViT-B32,mscoco,Img-Img,Neg,0.50565517
CLIP_ViT-B32,mscoco,Img-Img,Neg,0.40267187
CLIP_ViT-B32,mscoco,Img-Img,Neg,0.35908735
CLIP_ViT-B32,mscoco,Img-Img,Neg,0.5913647
CLIP_ViT-B32,mscoco,Img-Img,Neg,0.4698582
CLIP_ViT-B32,mscoco,Img-Img,Neg,0.46330872
CLIP_ViT-B32,mscoco,Img-Img,Neg,0.5315749
CLIP_ViT-B32,mscoco,Img-Img,Neg,0.4201246
CLIP_ViT-B32,mscoco,Img-Img,Neg,0.36724922
CLIP_ViT-B32,mscoco,Img-Img,Neg,0.3848131
CLIP_ViT-B32,mscoco,Img-Img,Neg,0.38152567
CLIP_ViT-B32,mscoco,Img-Img,Neg,0.47448567
CLIP_ViT-B32,mscoco,Img-Img,Neg,0.52427846
CLIP_ViT-B32,mscoco,Img-Img,Neg,0.5440183
CLIP_ViT-B32,mscoco,Img-Img,Neg,0.5699091
CLIP_ViT-B32,mscoco,Img-Img,Neg,0.4085304
CLIP_ViT-B32,mscoco,Img-Img,Neg,0.40443942
CLIP_ViT-B32,mscoco,Img-Img,Neg,0.35259035
CLIP_ViT-B32,mscoco,Img-Img,Neg,0.41603425
CLIP_ViT-B32,mscoco,Img-Img,Neg,0.42133847
CLIP_ViT-B32,mscoco,Img-Img,Neg,0.5944292
CLIP_ViT-B32,mscoco,Img-Img,Neg,0.5518089
CLIP_ViT-B32,mscoco,Img-Img,Neg,0.42377752
CLIP_ViT-B32,mscoco,Img-Img,Neg,0.47065854
CLIP_ViT-B32,mscoco,Img-Img,Neg,0.4890492
CLIP_ViT-B32,mscoco,Img-Img,Neg,0.41273743
CLIP_ViT-B32,mscoco,Img-Img,Neg,0.50981504
CLIP_ViT-B32,mscoco,Img-Img,Neg,0.48238802
CLIP_ViT-B32,mscoco,Img-Img,Neg,0.43535107
CLIP_ViT-B32,mscoco,Img-Img,Neg,0.56520224
CLIP_ViT-B32,mscoco,Img-Img,Neg,0.5850066
CLIP_ViT-B32,mscoco,Img-Img,Neg,0.33314562
CLIP_ViT-B32,mscoco,Img-Img,Neg,0.34908542
CLIP_ViT-B32,mscoco,Img-Img,Neg,0.44809356
CLIP_ViT-B32,mscoco,Img-Img,Neg,0.5133375
CLIP_ViT-B32,mscoco,Img-Img,Neg,0.40448853
CLIP_ViT-B32,mscoco,Img-Img,Neg,0.6013863
CLIP_ViT-B32,mscoco,Img-Img,Neg,0.50336385
CLIP_ViT-B32,mscoco,Img-Img,Neg,0.614727
CLIP_ViT-B32,mscoco,Img-Img,Neg,0.39812416
CLIP_ViT-B32,mscoco,Img-Img,Neg,0.6068484
CLIP_ViT-B32,mscoco,Img-Img,Neg,0.3210883
CLIP_ViT-B32,mscoco,Img-Img,Neg,0.36753634
CLIP_ViT-B32,mscoco,Img-Img,Neg,0.4911611
CLIP_ViT-B32,mscoco,Img-Img,Neg,0.50341916
CLIP_ViT-B32,mscoco,Img-Img,Neg,0.5147172
CLIP_ViT-B32,mscoco,Img-Img,Neg,0.40599713
CLIP_ViT-B32,mscoco,Img-Img,Neg,0.51519114
CLIP_ViT-B32,mscoco,Img-Img,Neg,0.45844686
CLIP_ViT-B32,mscoco,Img-Img,Neg,0.470327
CLIP_ViT-B32,mscoco,Img-Img,Neg,0.610688
CLIP_ViT-B32,mscoco,Img-Img,Neg,0.52425426
CLIP_ViT-B32,mscoco,Img-Img,Neg,0.45701712
CLIP_ViT-B32,mscoco,Img-Img,Neg,0.4245534
CLIP_ViT-B32,mscoco,Img-Img,Neg,0.40793845
CLIP_ViT-B32,mscoco,Img-Img,Neg,0.6366131
CLIP_ViT-B32,mscoco,Img-Img,Neg,0.26194817
CLIP_ViT-B32,mscoco,Img-Img,Neg,0.38213733
CLIP_ViT-B32,mscoco,Img-Img,Neg,0.5278776
CLIP_ViT-B32,mscoco,Img-Img,Neg,0.52698123
CLIP_ViT-B32,mscoco,Img-Img,Neg,0.36467004
CLIP_ViT-B32,mscoco,Img-Img,Neg,0.44603682
CLIP_ViT-B32,mscoco,Img-Img,Neg,0.5073195
CLIP_ViT-B32,mscoco,Img-Img,Neg,0.57544166
CLIP_ViT-B32,mscoco,Img-Img,Neg,0.6261972
CLIP_ViT-B32,mscoco,Img-Img,Neg,0.45300052
CLIP_ViT-B32,mscoco,Img-Img,Neg,0.29037935
CLIP_ViT-B32,mscoco,Img-Img,Neg,0.50687057
CLIP_ViT-B32,mscoco,Img-Img,Neg,0.5607444
CLIP_ViT-B32,mscoco,Img-Img,Neg,0.45628923
CLIP_ViT-B32,mscoco,Img-Img,Neg,0.56361973
CLIP_ViT-B32,mscoco,Img-Img,Neg,0.46567994
CLIP_ViT-B32,mscoco,Img-Img,Neg,0.36710128
CLIP_ViT-B32,mscoco,Img-Img,Neg,0.42709306
CLIP_ViT-B32,mscoco,Img-Img,Neg,0.39761886
CLIP_ViT-B32,mscoco,Img-Img,Neg,0.43697736
CLIP_ViT-B32,mscoco,Img-Img,Neg,0.38932624
CLIP_ViT-B32,mscoco,Img-Img,Neg,0.4700426
CLIP_ViT-B32,mscoco,Img-Img,Neg,0.4836831
CLIP_ViT-B32,mscoco,Img-Img,Neg,0.35324562
CLIP_ViT-B32,mscoco,Img-Img,Neg,0.53188866
CLIP_ViT-B32,mscoco,Img-Img,Neg,0.49717185
CLIP_ViT-B32,mscoco,Img-Img,Neg,0.49102306
CLIP_ViT-B32,mscoco,Img-Img,Neg,0.60268486
CLIP_ViT-B32,mscoco,Img-Img,Neg,0.51308423
CLIP_ViT-B32,mscoco,Img-Img,Neg,0.48394752
CLIP_ViT-B32,mscoco,Img-Img,Neg,0.567586
CLIP_ViT-B32,mscoco,Img-Img,Neg,0.35548872
CLIP_ViT-B32,mscoco,Img-Img,Neg,0.55532706
CLIP_ViT-B32,mscoco,Img-Img,Neg,0.4450645
CLIP_ViT-B32,mscoco,Img-Img,Neg,0.40234524
CLIP_ViT-B32,mscoco,Img-Img,Neg,0.3535015
CLIP_ViT-B32,mscoco,Img-Img,Neg,0.52929753
CLIP_ViT-B32,mscoco,Img-Img,Neg,0.32070217
CLIP_ViT-B32,mscoco,Img-Img,Neg,0.43732446
CLIP_ViT-B32,mscoco,Img-Img,Neg,0.3990599
CLIP_ViT-B32,mscoco,Img-Img,Neg,0.60617465
CLIP_ViT-B32,mscoco,Img-Img,Neg,0.616861
CLIP_ViT-B32,mscoco,Img-Img,Neg,0.47776818
CLIP_ViT-B32,mscoco,Img-Img,Neg,0.4684968
CLIP_ViT-B32,mscoco,Img-Img,Neg,0.46355236
CLIP_ViT-B32,mscoco,Img-Img,Neg,0.44092515
CLIP_ViT-B32,mscoco,Img-Img,Neg,0.5937479
CLIP_ViT-B32,mscoco,Img-Img,Neg,0.3956514
CLIP_ViT-B32,mscoco,Img-Img,Neg,0.42598966
CLIP_ViT-B32,mscoco,Img-Img,Neg,0.42011163
CLIP_ViT-B32,mscoco,Img-Img,Neg,0.3289578
CLIP_ViT-B32,mscoco,Img-Img,Neg,0.3847601
CLIP_ViT-B32,mscoco,Img-Img,Neg,0.44773048
CLIP_ViT-B32,mscoco,Img-Img,Neg,0.2872864
CLIP_ViT-B32,mscoco,Img-Img,Neg,0.55751693
CLIP_ViT-B32,mscoco,Img-Img,Neg,0.6105096
CLIP_ViT-B32,mscoco,Img-Img,Neg,0.3487141
CLIP_ViT-B32,mscoco,Img-Img,Neg,0.56271404
CLIP_ViT-B32,mscoco,Img-Img,Neg,0.41553718
CLIP_ViT-B32,mscoco,Img-Img,Neg,0.5769815
CLIP_ViT-B32,mscoco,Img-Img,Neg,0.55372685
CLIP_ViT-B32,mscoco,Img-Img,Neg,0.41977656
CLIP_ViT-B32,mscoco,Img-Img,Neg,0.386384
CLIP_ViT-B32,mscoco,Img-Img,Neg,0.662338
CLIP_ViT-B32,mscoco,Img-Img,Neg,0.48707628
CLIP_ViT-B32,mscoco,Img-Img,Neg,0.53738153
CLIP_ViT-B32,mscoco,Img-Img,Neg,0.38975257
CLIP_ViT-B32,mscoco,Img-Img,Neg,0.54046714
CLIP_ViT-B32,mscoco,Img-Img,Neg,0.37247643
CLIP_ViT-B32,mscoco,Img-Img,Neg,0.453523
CLIP_ViT-B32,mscoco,Img-Img,Neg,0.5358379
CLIP_ViT-B32,mscoco,Img-Img,Neg,0.4570338
CLIP_ViT-B32,mscoco,Img-Img,Neg,0.45772293
CLIP_ViT-B32,mscoco,Img-Img,Neg,0.33589113
CLIP_ViT-B32,mscoco,Img-Img,Neg,0.6006133
CLIP_ViT-B32,mscoco,Img-Img,Neg,0.43129817
CLIP_ViT-B32,mscoco,Img-Img,Neg,0.35463992
CLIP_ViT-B32,mscoco,Img-Img,Neg,0.4320041
CLIP_ViT-B32,mscoco,Img-Img,Neg,0.41127738
CLIP_ViT-B32,mscoco,Img-Img,Neg,0.4733438
CLIP_ViT-B32,mscoco,Img-Img,Neg,0.58030176
CLIP_ViT-B32,mscoco,Img-Img,Neg,0.4730817
CLIP_ViT-B32,mscoco,Img-Img,Neg,0.43301496
CLIP_ViT-B32,mscoco,Img-Img,Neg,0.5105978
CLIP_ViT-B32,mscoco,Img-Img,Neg,0.3990399
CLIP_ViT-B32,mscoco,Img-Img,Neg,0.44130996
CLIP_ViT-B32,mscoco,Img-Img,Neg,0.5919648
CLIP_ViT-B32,mscoco,Img-Img,Neg,0.44775388
CLIP_ViT-B32,mscoco,Img-Img,Neg,0.5709866
CLIP_ViT-B32,mscoco,Img-Img,Neg,0.36881056
CLIP_ViT-B32,mscoco,Img-Img,Neg,0.49145147
CLIP_ViT-B32,mscoco,Img-Img,Neg,0.32194164
CLIP_ViT-B32,mscoco,Img-Img,Neg,0.3438682
CLIP_ViT-B32,mscoco,Img-Img,Neg,0.26104748
CLIP_ViT-B32,mscoco,Img-Img,Neg,0.44540098
CLIP_ViT-B32,mscoco,Img-Img,Neg,0.47969633
CLIP_ViT-B32,mscoco,Img-Img,Neg,0.4927672
CLIP_ViT-B32,mscoco,Img-Img,Neg,0.39471042
CLIP_ViT-B32,mscoco,Img-Img,Neg,0.37510476
CLIP_ViT-B32,mscoco,Img-Img,Neg,0.23149936
CLIP_ViT-B32,mscoco,Img-Img,Neg,0.5925765
CLIP_ViT-B32,mscoco,Img-Img,Neg,0.40672082
CLIP_ViT-B32,mscoco,Img-Img,Neg,0.4676557
CLIP_ViT-B32,mscoco,Img-Img,Neg,0.7940761
CLIP_ViT-B32,mscoco,Img-Img,Neg,0.5422647
CLIP_ViT-B32,mscoco,Img-Img,Neg,0.4718427
CLIP_ViT-B32,mscoco,Img-Img,Neg,0.39650965
CLIP_ViT-B32,mscoco,Img-Img,Neg,0.5829839
CLIP_ViT-B32,mscoco,Img-Img,Neg,0.517886
CLIP_ViT-B32,mscoco,Img-Img,Neg,0.48499823
CLIP_ViT-B32,mscoco,Img-Img,Neg,0.5338265
CLIP_ViT-B32,mscoco,Img-Img,Neg,0.5776994
CLIP_ViT-B32,mscoco,Img-Img,Neg,0.36606893
CLIP_ViT-B32,mscoco,Img-Img,Neg,0.63443786
CLIP_ViT-B32,mscoco,Img-Img,Neg,0.65602714
CLIP_ViT-B32,mscoco,Img-Img,Neg,0.46679083
CLIP_ViT-B32,mscoco,Img-Img,Neg,0.37489763
CLIP_ViT-B32,mscoco,Img-Img,Neg,0.3179685
CLIP_ViT-B32,mscoco,Img-Img,Neg,0.47027335
CLIP_ViT-B32,mscoco,Img-Img,Neg,0.59047705
CLIP_ViT-B32,mscoco,Img-Img,Neg,0.3976389
CLIP_ViT-B32,mscoco,Img-Img,Neg,0.42889407
CLIP_ViT-B32,mscoco,Img-Img,Neg,0.38690296
CLIP_ViT-B32,mscoco,Img-Img,Neg,0.62363166
CLIP_ViT-B32,mscoco,Img-Img,Neg,0.6043875
CLIP_ViT-B32,mscoco,Img-Img,Neg,0.656771
CLIP_ViT-B32,mscoco,Img-Img,Neg,0.48549297
CLIP_ViT-B32,mscoco,Img-Img,Neg,0.45117515
CLIP_ViT-B32,mscoco,Img-Img,Neg,0.4036008
CLIP_ViT-B32,mscoco,Img-Img,Neg,0.35011923
CLIP_ViT-B32,mscoco,Img-Img,Neg,0.4446853
CLIP_ViT-B32,mscoco,Img-Img,Neg,0.6575897
CLIP_ViT-B32,mscoco,Img-Img,Neg,0.5921726
CLIP_ViT-B32,mscoco,Img-Img,Neg,0.40437767
CLIP_ViT-B32,mscoco,Img-Img,Neg,0.48150706
CLIP_ViT-B32,mscoco,Img-Img,Neg,0.59107447
CLIP_ViT-B32,mscoco,Img-Img,Neg,0.4709829
CLIP_ViT-B32,mscoco,Img-Img,Neg,0.47081572
CLIP_ViT-B32,mscoco,Img-Img,Neg,0.36808267
CLIP_ViT-B32,mscoco,Img-Img,Neg,0.49916238
CLIP_ViT-B32,mscoco,Img-Img,Neg,0.46737388
CLIP_ViT-B32,mscoco,Img-Img,Neg,0.4217742
CLIP_ViT-B32,mscoco,Img-Img,Neg,0.48736238
CLIP_ViT-B32,mscoco,Img-Img,Neg,0.4490456
CLIP_ViT-B32,mscoco,Img-Img,Neg,0.5404431
CLIP_ViT-B32,mscoco,Img-Img,Neg,0.48536608
CLIP_ViT-B32,mscoco,Img-Img,Neg,0.39518312
CLIP_ViT-B32,mscoco,Img-Img,Neg,0.47329664
CLIP_ViT-B32,mscoco,Img-Img,Neg,0.7063763
CLIP_ViT-B32,mscoco,Img-Img,Neg,0.3061881
CLIP_ViT-B32,mscoco,Img-Img,Neg,0.5243423
CLIP_ViT-B32,mscoco,Img-Img,Neg,0.6107816
CLIP_ViT-B32,mscoco,Img-Img,Neg,0.43054482
CLIP_ViT-B32,mscoco,Img-Img,Neg,0.40097433
CLIP_ViT-B32,mscoco,Img-Img,Neg,0.44819772
CLIP_ViT-B32,mscoco,Img-Img,Neg,0.4919206
CLIP_ViT-B32,mscoco,Img-Img,Neg,0.54909074
CLIP_ViT-B32,mscoco,Img-Img,Neg,0.32601345
CLIP_ViT-B32,mscoco,Img-Img,Neg,0.5803241
CLIP_ViT-B32,mscoco,Img-Img,Neg,0.4615417
CLIP_ViT-B32,mscoco,Img-Img,Neg,0.5325327
CLIP_ViT-B32,mscoco,Img-Img,Neg,0.47381437
CLIP_ViT-B32,mscoco,Img-Img,Neg,0.59045124
CLIP_ViT-B32,mscoco,Img-Img,Neg,0.46979162
CLIP_ViT-B32,mscoco,Img-Img,Neg,0.2905128
CLIP_ViT-B32,mscoco,Img-Img,Neg,0.28992006
CLIP_ViT-B32,mscoco,Img-Img,Neg,0.50470525
CLIP_ViT-B32,mscoco,Img-Img,Neg,0.49679488
CLIP_ViT-B32,mscoco,Img-Img,Neg,0.45000887
CLIP_ViT-B32,mscoco,Img-Img,Neg,0.4696502
CLIP_ViT-B32,mscoco,Img-Img,Neg,0.40887913
CLIP_ViT-B32,mscoco,Img-Img,Neg,0.47884834
CLIP_ViT-B32,mscoco,Img-Img,Neg,0.45723823
CLIP_ViT-B32,mscoco,Img-Img,Neg,0.38438565
CLIP_ViT-B32,mscoco,Img-Img,Neg,0.4744063
CLIP_ViT-B32,mscoco,Img-Img,Neg,0.44961783
CLIP_ViT-B32,mscoco,Img-Img,Neg,0.3413652
CLIP_ViT-B32,mscoco,Img-Img,Neg,0.4756234
CLIP_ViT-B32,mscoco,Img-Img,Neg,0.5846348
CLIP_ViT-B32,mscoco,Img-Img,Neg,0.5968327
CLIP_ViT-B32,mscoco,Img-Img,Neg,0.6608876
CLIP_ViT-B32,mscoco,Img-Img,Neg,0.43329677
CLIP_ViT-B32,mscoco,Img-Img,Neg,0.6874119
CLIP_ViT-B32,mscoco,Img-Img,Neg,0.46024618
CLIP_ViT-B32,mscoco,Img-Img,Neg,0.4275612
CLIP_ViT-B32,mscoco,Img-Img,Neg,0.43942297
CLIP_ViT-B32,mscoco,Img-Img,Neg,0.49182248
CLIP_ViT-B32,mscoco,Img-Img,Neg,0.51492757
CLIP_ViT-B32,mscoco,Img-Img,Neg,0.37450153
CLIP_ViT-B32,mscoco,Img-Img,Neg,0.45653668
CLIP_ViT-B32,mscoco,Img-Img,Neg,0.54338616
CLIP_ViT-B32,mscoco,Img-Img,Neg,0.46103752
CLIP_ViT-B32,mscoco,Img-Img,Neg,0.5065844
CLIP_ViT-B32,mscoco,Img-Img,Neg,0.54371095
CLIP_ViT-B32,mscoco,Img-Img,Neg,0.5487536
CLIP_ViT-B32,mscoco,Img-Img,Neg,0.40287283
CLIP_ViT-B32,mscoco,Img-Img,Neg,0.42838433
CLIP_ViT-B32,mscoco,Img-Img,Neg,0.4603
CLIP_ViT-B32,mscoco,Img-Img,Neg,0.4633957
CLIP_ViT-B32,mscoco,Img-Img,Neg,0.37514958
CLIP_ViT-B32,mscoco,Img-Img,Neg,0.5689495
CLIP_ViT-B32,mscoco,Img-Img,Neg,0.42228898
CLIP_ViT-B32,mscoco,Img-Img,Neg,0.4295009
CLIP_ViT-B32,mscoco,Img-Img,Neg,0.44477943
CLIP_ViT-B32,mscoco,Img-Img,Neg,0.501049
CLIP_ViT-B32,mscoco,Img-Img,Neg,0.70746577
CLIP_ViT-B32,mscoco,Img-Img,Neg,0.5695072
CLIP_ViT-B32,mscoco,Img-Img,Neg,0.42211458
CLIP_ViT-B32,mscoco,Img-Img,Neg,0.42942277
CLIP_ViT-B32,mscoco,Img-Img,Neg,0.39172262
CLIP_ViT-B32,mscoco,Img-Img,Neg,0.38487118
CLIP_ViT-B32,mscoco,Img-Img,Neg,0.5249121
CLIP_ViT-B32,mscoco,Img-Img,Neg,0.24667189
CLIP_ViT-B32,mscoco,Img-Img,Neg,0.53115594
CLIP_ViT-B32,mscoco,Img-Img,Neg,0.3967832
CLIP_ViT-B32,mscoco,Img-Img,Neg,0.5605682
CLIP_ViT-B32,mscoco,Img-Img,Neg,0.5294121
CLIP_ViT-B32,mscoco,Img-Img,Neg,0.43360552
CLIP_ViT-B32,mscoco,Img-Img,Neg,0.56816036
CLIP_ViT-B32,mscoco,Img-Img,Neg,0.30726367
CLIP_ViT-B32,mscoco,Img-Img,Neg,0.3518234
CLIP_ViT-B32,mscoco,Img-Img,Neg,0.4876839
CLIP_ViT-B32,mscoco,Img-Img,Neg,0.3846662
CLIP_ViT-B32,mscoco,Img-Img,Neg,0.46295962
CLIP_ViT-B32,mscoco,Img-Img,Neg,0.40384972
CLIP_ViT-B32,mscoco,Img-Img,Neg,0.46103114
CLIP_ViT-B32,mscoco,Img-Img,Neg,0.5283279
CLIP_ViT-B32,mscoco,Img-Img,Neg,0.4983596
CLIP_ViT-B32,mscoco,Img-Img,Neg,0.5129023
CLIP_ViT-B32,mscoco,Img-Img,Neg,0.51792574
CLIP_ViT-B32,mscoco,Img-Img,Neg,0.58819777
CLIP_ViT-B32,mscoco,Img-Img,Neg,0.45315877
CLIP_ViT-B32,mscoco,Img-Img,Neg,0.57983845
CLIP_ViT-B32,mscoco,Img-Img,Neg,0.5241202
CLIP_ViT-B32,mscoco,Img-Img,Neg,0.4947169
CLIP_ViT-B32,mscoco,Img-Img,Neg,0.4050196
CLIP_ViT-B32,mscoco,Img-Img,Neg,0.48571402
CLIP_ViT-B32,mscoco,Img-Img,Neg,0.5585429
CLIP_ViT-B32,mscoco,Img-Img,Neg,0.37899488
CLIP_ViT-B32,mscoco,Img-Img,Neg,0.45618907
CLIP_ViT-B32,mscoco,Img-Img,Neg,0.33208668
CLIP_ViT-B32,mscoco,Img-Img,Neg,0.35849997
CLIP_ViT-B32,mscoco,Img-Img,Neg,0.5524311
CLIP_ViT-B32,mscoco,Img-Img,Neg,0.36778578
CLIP_ViT-B32,mscoco,Img-Img,Neg,0.3661873
CLIP_ViT-B32,mscoco,Img-Img,Neg,0.52137065
CLIP_ViT-B32,mscoco,Img-Img,Neg,0.48075464
CLIP_ViT-B32,mscoco,Img-Img,Neg,0.5098831
CLIP_ViT-B32,mscoco,Img-Img,Neg,0.48104998
CLIP_ViT-B32,mscoco,Img-Img,Neg,0.49217325
CLIP_ViT-B32,mscoco,Img-Img,Neg,0.4598825
CLIP_ViT-B32,mscoco,Img-Img,Neg,0.45869002
CLIP_ViT-B32,mscoco,Img-Img,Neg,0.3989233
CLIP_ViT-B32,mscoco,Img-Img,Neg,0.5162135
CLIP_ViT-B32,mscoco,Img-Img,Neg,0.50142395
CLIP_ViT-B32,mscoco,Img-Img,Neg,0.37252003
CLIP_ViT-B32,mscoco,Img-Img,Neg,0.5436485
CLIP_ViT-B32,mscoco,Img-Img,Neg,0.47050488
CLIP_ViT-B32,mscoco,Img-Img,Neg,0.5178774
CLIP_ViT-B32,mscoco,Img-Img,Neg,0.4975623
CLIP_ViT-B32,mscoco,Img-Img,Neg,0.6477844
CLIP_ViT-B32,mscoco,Img-Img,Neg,0.39432058
CLIP_ViT-B32,mscoco,Img-Img,Neg,0.46886432
CLIP_ViT-B32,mscoco,Img-Img,Neg,0.5042557
CLIP_ViT-B32,mscoco,Img-Img,Neg,0.58627975
CLIP_ViT-B32,mscoco,Img-Img,Neg,0.51287043
CLIP_ViT-B32,mscoco,Img-Img,Neg,0.4136715
CLIP_ViT-B32,mscoco,Img-Img,Neg,0.57939523
CLIP_ViT-B32,mscoco,Img-Img,Neg,0.37838855
CLIP_ViT-B32,mscoco,Txt-Img,Neg,0.11457126
CLIP_ViT-B32,mscoco,Txt-Img,Neg,0.19109513
CLIP_ViT-B32,mscoco,Txt-Img,Neg,0.13282382
CLIP_ViT-B32,mscoco,Txt-Img,Neg,0.12621155
CLIP_ViT-B32,mscoco,Txt-Img,Neg,0.09233642
CLIP_ViT-B32,mscoco,Txt-Img,Neg,0.10001119
CLIP_ViT-B32,mscoco,Txt-Img,Neg,0.17126273
CLIP_ViT-B32,mscoco,Txt-Img,Neg,0.1425494
CLIP_ViT-B32,mscoco,Txt-Img,Neg,0.14906083
CLIP_ViT-B32,mscoco,Txt-Img,Neg,0.21447632
CLIP_ViT-B32,mscoco,Txt-Img,Neg,0.15420248
CLIP_ViT-B32,mscoco,Txt-Img,Neg,0.13390274
CLIP_ViT-B32,mscoco,Txt-Img,Neg,0.103947885
CLIP_ViT-B32,mscoco,Txt-Img,Neg,0.15974289
CLIP_ViT-B32,mscoco,Txt-Img,Neg,0.17214778
CLIP_ViT-B32,mscoco,Txt-Img,Neg,0.15134108
CLIP_ViT-B32,mscoco,Txt-Img,Neg,0.17071216
CLIP_ViT-B32,mscoco,Txt-Img,Neg,0.16620138
CLIP_ViT-B32,mscoco,Txt-Img,Neg,0.10122967
CLIP_ViT-B32,mscoco,Txt-Img,Neg,0.14061922
CLIP_ViT-B32,mscoco,Txt-Img,Neg,0.15377478
CLIP_ViT-B32,mscoco,Txt-Img,Neg,0.11235483
CLIP_ViT-B32,mscoco,Txt-Img,Neg,0.15072456
CLIP_ViT-B32,mscoco,Txt-Img,Neg,0.1160701
CLIP_ViT-B32,mscoco,Txt-Img,Neg,0.12362293
CLIP_ViT-B32,mscoco,Txt-Img,Neg,0.14216283
CLIP_ViT-B32,mscoco,Txt-Img,Neg,0.13054572
CLIP_ViT-B32,mscoco,Txt-Img,Neg,0.16228127
CLIP_ViT-B32,mscoco,Txt-Img,Neg,0.13255945
CLIP_ViT-B32,mscoco,Txt-Img,Neg,0.15274376
CLIP_ViT-B32,mscoco,Txt-Img,Neg,0.15601599
CLIP_ViT-B32,mscoco,Txt-Img,Neg,0.13547891
CLIP_ViT-B32,mscoco,Txt-Img,Neg,0.06406137
CLIP_ViT-B32,mscoco,Txt-Img,Neg,0.13625163
CLIP_ViT-B32,mscoco,Txt-Img,Neg,0.08011899
CLIP_ViT-B32,mscoco,Txt-Img,Neg,0.17743707
CLIP_ViT-B32,mscoco,Txt-Img,Neg,0.117362395
CLIP_ViT-B32,mscoco,Txt-Img,Neg,0.20650423
CLIP_ViT-B32,mscoco,Txt-Img,Neg,0.12034173
CLIP_ViT-B32,mscoco,Txt-Img,Neg,0.14780796
CLIP_ViT-B32,mscoco,Txt-Img,Neg,0.18923739
CLIP_ViT-B32,mscoco,Txt-Img,Neg,0.15521841
CLIP_ViT-B32,mscoco,Txt-Img,Neg,0.15269741
CLIP_ViT-B32,mscoco,Txt-Img,Neg,0.14535154
CLIP_ViT-B32,mscoco,Txt-Img,Neg,0.14552575
CLIP_ViT-B32,mscoco,Txt-Img,Neg,0.09660973
CLIP_ViT-B32,mscoco,Txt-Img,Neg,0.11980461
CLIP_ViT-B32,mscoco,Txt-Img,Neg,0.13676424
CLIP_ViT-B32,mscoco,Txt-Img,Neg,0.12444766
CLIP_ViT-B32,mscoco,Txt-Img,Neg,0.20400923
CLIP_ViT-B32,mscoco,Txt-Img,Neg,0.11565584
CLIP_ViT-B32,mscoco,Txt-Img,Neg,0.14123255
CLIP_ViT-B32,mscoco,Txt-Img,Neg,0.16255726
CLIP_ViT-B32,mscoco,Txt-Img,Neg,0.14529702
CLIP_ViT-B32,mscoco,Txt-Img,Neg,0.18684828
CLIP_ViT-B32,mscoco,Txt-Img,Neg,0.2360135
CLIP_ViT-B32,mscoco,Txt-Img,Neg,0.1843992
CLIP_ViT-B32,mscoco,Txt-Img,Neg,0.14793643
CLIP_ViT-B32,mscoco,Txt-Img,Neg,0.08111266
CLIP_ViT-B32,mscoco,Txt-Img,Neg,0.20259774
CLIP_ViT-B32,mscoco,Txt-Img,Neg,0.16051461
CLIP_ViT-B32,mscoco,Txt-Img,Neg,0.15426964
CLIP_ViT-B32,mscoco,Txt-Img,Neg,0.17488351
CLIP_ViT-B32,mscoco,Txt-Img,Neg,0.11135822
CLIP_ViT-B32,mscoco,Txt-Img,Neg,0.14211604
CLIP_ViT-B32,mscoco,Txt-Img,Neg,0.124769345
CLIP_ViT-B32,mscoco,Txt-Img,Neg,0.09730868
CLIP_ViT-B32,mscoco,Txt-Img,Neg,0.1100801
CLIP_ViT-B32,mscoco,Txt-Img,Neg,0.15984212
CLIP_ViT-B32,mscoco,Txt-Img,Neg,0.116699204
CLIP_ViT-B32,mscoco,Txt-Img,Neg,0.108519524
CLIP_ViT-B32,mscoco,Txt-Img,Neg,0.08454419
CLIP_ViT-B32,mscoco,Txt-Img,Neg,0.1468845
CLIP_ViT-B32,mscoco,Txt-Img,Neg,0.13122357
CLIP_ViT-B32,mscoco,Txt-Img,Neg,0.21866027
CLIP_ViT-B32,mscoco,Txt-Img,Neg,0.13598096
CLIP_ViT-B32,mscoco,Txt-Img,Neg,0.08604078
CLIP_ViT-B32,mscoco,Txt-Img,Neg,0.131307
CLIP_ViT-B32,mscoco,Txt-Img,Neg,0.1641919
CLIP_ViT-B32,mscoco,Txt-Img,Neg,0.21497786
CLIP_ViT-B32,mscoco,Txt-Img,Neg,0.11653021
CLIP_ViT-B32,mscoco,Txt-Img,Neg,0.14293313
CLIP_ViT-B32,mscoco,Txt-Img,Neg,0.15888685
CLIP_ViT-B32,mscoco,Txt-Img,Neg,0.09440852
CLIP_ViT-B32,mscoco,Txt-Img,Neg,0.20657091
CLIP_ViT-B32,mscoco,Txt-Img,Neg,0.14316483
CLIP_ViT-B32,mscoco,Txt-Img,Neg,0.13676333
CLIP_ViT-B32,mscoco,Txt-Img,Neg,0.19324037
CLIP_ViT-B32,mscoco,Txt-Img,Neg,0.12076211
CLIP_ViT-B32,mscoco,Txt-Img,Neg,0.18700746
CLIP_ViT-B32,mscoco,Txt-Img,Neg,0.13788484
CLIP_ViT-B32,mscoco,Txt-Img,Neg,0.15414792
CLIP_ViT-B32,mscoco,Txt-Img,Neg,0.14703666
CLIP_ViT-B32,mscoco,Txt-Img,Neg,0.14379358
CLIP_ViT-B32,mscoco,Txt-Img,Neg,0.1900989
CLIP_ViT-B32,mscoco,Txt-Img,Neg,0.11802109
CLIP_ViT-B32,mscoco,Txt-Img,Neg,0.17841208
CLIP_ViT-B32,mscoco,Txt-Img,Neg,0.07491166
CLIP_ViT-B32,mscoco,Txt-Img,Neg,0.25293168
CLIP_ViT-B32,mscoco,Txt-Img,Neg,0.09032928
CLIP_ViT-B32,mscoco,Txt-Img,Neg,0.1629094
CLIP_ViT-B32,mscoco,Txt-Img,Neg,0.12241067
CLIP_ViT-B32,mscoco,Txt-Img,Neg,0.1324436
CLIP_ViT-B32,mscoco,Txt-Img,Neg,0.1621053
CLIP_ViT-B32,mscoco,Txt-Img,Neg,0.16254325
CLIP_ViT-B32,mscoco,Txt-Img,Neg,0.12682533
CLIP_ViT-B32,mscoco,Txt-Img,Neg,0.13764091
CLIP_ViT-B32,mscoco,Txt-Img,Neg,0.14672107
CLIP_ViT-B32,mscoco,Txt-Img,Neg,0.21082048
CLIP_ViT-B32,mscoco,Txt-Img,Neg,0.16893294
CLIP_ViT-B32,mscoco,Txt-Img,Neg,0.248321
CLIP_ViT-B32,mscoco,Txt-Img,Neg,0.14272636
CLIP_ViT-B32,mscoco,Txt-Img,Neg,0.13963917
CLIP_ViT-B32,mscoco,Txt-Img,Neg,0.2020306
CLIP_ViT-B32,mscoco,Txt-Img,Neg,0.100792415
CLIP_ViT-B32,mscoco,Txt-Img,Neg,0.17838788
CLIP_ViT-B32,mscoco,Txt-Img,Neg,0.17512392
CLIP_ViT-B32,mscoco,Txt-Img,Neg,0.1363699
CLIP_ViT-B32,mscoco,Txt-Img,Neg,0.14723101
CLIP_ViT-B32,mscoco,Txt-Img,Neg,0.18578741
CLIP_ViT-B32,mscoco,Txt-Img,Neg,0.13587397
CLIP_ViT-B32,mscoco,Txt-Img,Neg,0.1397332
CLIP_ViT-B32,mscoco,Txt-Img,Neg,0.119447395
CLIP_ViT-B32,mscoco,Txt-Img,Neg,0.12192428
CLIP_ViT-B32,mscoco,Txt-Img,Neg,0.14328614
CLIP_ViT-B32,mscoco,Txt-Img,Neg,0.17147404
CLIP_ViT-B32,mscoco,Txt-Img,Neg,0.08413465
CLIP_ViT-B32,mscoco,Txt-Img,Neg,0.22521454
CLIP_ViT-B32,mscoco,Txt-Img,Neg,0.22263005
CLIP_ViT-B32,mscoco,Txt-Img,Neg,0.1594728
CLIP_ViT-B32,mscoco,Txt-Img,Neg,0.127927
CLIP_ViT-B32,mscoco,Txt-Img,Neg,0.1452066
CLIP_ViT-B32,mscoco,Txt-Img,Neg,0.105947405
CLIP_ViT-B32,mscoco,Txt-Img,Neg,0.15835881
CLIP_ViT-B32,mscoco,Txt-Img,Neg,0.10755283
CLIP_ViT-B32,mscoco,Txt-Img,Neg,0.27185407
CLIP_ViT-B32,mscoco,Txt-Img,Neg,0.14655656
CLIP_ViT-B32,mscoco,Txt-Img,Neg,0.19923142
CLIP_ViT-B32,mscoco,Txt-Img,Neg,0.15932511
CLIP_ViT-B32,mscoco,Txt-Img,Neg,0.1285425
CLIP_ViT-B32,mscoco,Txt-Img,Neg,0.06503001
CLIP_ViT-B32,mscoco,Txt-Img,Neg,0.12308174
CLIP_ViT-B32,mscoco,Txt-Img,Neg,0.113394134
CLIP_ViT-B32,mscoco,Txt-Img,Neg,0.19459036
CLIP_ViT-B32,mscoco,Txt-Img,Neg,0.1685356
CLIP_ViT-B32,mscoco,Txt-Img,Neg,0.14440927
CLIP_ViT-B32,mscoco,Txt-Img,Neg,0.18000504
CLIP_ViT-B32,mscoco,Txt-Img,Neg,0.06859235
CLIP_ViT-B32,mscoco,Txt-Img,Neg,0.117108285
CLIP_ViT-B32,mscoco,Txt-Img,Neg,0.1515314
CLIP_ViT-B32,mscoco,Txt-Img,Neg,0.16347082
CLIP_ViT-B32,mscoco,Txt-Img,Neg,0.1397245
CLIP_ViT-B32,mscoco,Txt-Img,Neg,0.1306744
CLIP_ViT-B32,mscoco,Txt-Img,Neg,0.18188149
CLIP_ViT-B32,mscoco,Txt-Img,Neg,0.099902935
CLIP_ViT-B32,mscoco,Txt-Img,Neg,0.15386342
CLIP_ViT-B32,mscoco,Txt-Img,Neg,0.11840738
CLIP_ViT-B32,mscoco,Txt-Img,Neg,0.11968936
CLIP_ViT-B32,mscoco,Txt-Img,Neg,0.12145324
CLIP_ViT-B32,mscoco,Txt-Img,Neg,0.09845517
CLIP_ViT-B32,mscoco,Txt-Img,Neg,0.08088572
CLIP_ViT-B32,mscoco,Txt-Img,Neg,0.19346973
CLIP_ViT-B32,mscoco,Txt-Img,Neg,0.15835737
CLIP_ViT-B32,mscoco,Txt-Img,Neg,0.16701221
CLIP_ViT-B32,mscoco,Txt-Img,Neg,0.12663531
CLIP_ViT-B32,mscoco,Txt-Img,Neg,0.1548479
CLIP_ViT-B32,mscoco,Txt-Img,Neg,0.14633045
CLIP_ViT-B32,mscoco,Txt-Img,Neg,0.16913208
CLIP_ViT-B32,mscoco,Txt-Img,Neg,0.12967822
CLIP_ViT-B32,mscoco,Txt-Img,Neg,0.13509919
CLIP_ViT-B32,mscoco,Txt-Img,Neg,0.10780881
CLIP_ViT-B32,mscoco,Txt-Img,Neg,0.16315986
CLIP_ViT-B32,mscoco,Txt-Img,Neg,0.19980532
CLIP_ViT-B32,mscoco,Txt-Img,Neg,0.116531596
CLIP_ViT-B32,mscoco,Txt-Img,Neg,0.16447091
CLIP_ViT-B32,mscoco,Txt-Img,Neg,0.13839519
CLIP_ViT-B32,mscoco,Txt-Img,Neg,0.15530866
CLIP_ViT-B32,mscoco,Txt-Img,Neg,0.1786646
CLIP_ViT-B32,mscoco,Txt-Img,Neg,0.19554827
CLIP_ViT-B32,mscoco,Txt-Img,Neg,0.15982562
CLIP_ViT-B32,mscoco,Txt-Img,Neg,0.17261736
CLIP_ViT-B32,mscoco,Txt-Img,Neg,0.12284971
CLIP_ViT-B32,mscoco,Txt-Img,Neg,0.05817372
CLIP_ViT-B32,mscoco,Txt-Img,Neg,0.14534187
CLIP_ViT-B32,mscoco,Txt-Img,Neg,0.12699343
CLIP_ViT-B32,mscoco,Txt-Img,Neg,0.15534252
CLIP_ViT-B32,mscoco,Txt-Img,Neg,0.19358993
CLIP_ViT-B32,mscoco,Txt-Img,Neg,0.20205477
CLIP_ViT-B32,mscoco,Txt-Img,Neg,0.1054106
CLIP_ViT-B32,mscoco,Txt-Img,Neg,0.11632912
CLIP_ViT-B32,mscoco,Txt-Img,Neg,0.21811938
CLIP_ViT-B32,mscoco,Txt-Img,Neg,0.19531402
CLIP_ViT-B32,mscoco,Txt-Img,Neg,0.1766406
CLIP_ViT-B32,mscoco,Txt-Img,Neg,0.11924347
CLIP_ViT-B32,mscoco,Txt-Img,Neg,0.19170894
CLIP_ViT-B32,mscoco,Txt-Img,Neg,0.12677146
CLIP_ViT-B32,mscoco,Txt-Img,Neg,0.19821605
CLIP_ViT-B32,mscoco,Txt-Img,Neg,0.12268322
CLIP_ViT-B32,mscoco,Txt-Img,Neg,0.1660609
CLIP_ViT-B32,mscoco,Txt-Img,Neg,0.13402656
CLIP_ViT-B32,mscoco,Txt-Img,Neg,0.14317048
CLIP_ViT-B32,mscoco,Txt-Img,Neg,0.19612949
CLIP_ViT-B32,mscoco,Txt-Img,Neg,0.18904757
CLIP_ViT-B32,mscoco,Txt-Img,Neg,0.11178771
CLIP_ViT-B32,mscoco,Txt-Img,Neg,0.1281535
CLIP_ViT-B32,mscoco,Txt-Img,Neg,0.16935483
CLIP_ViT-B32,mscoco,Txt-Img,Neg,0.14573424
CLIP_ViT-B32,mscoco,Txt-Img,Neg,0.17812726
CLIP_ViT-B32,mscoco,Txt-Img,Neg,0.15382956
CLIP_ViT-B32,mscoco,Txt-Img,Neg,0.1404103
CLIP_ViT-B32,mscoco,Txt-Img,Neg,0.056466214
CLIP_ViT-B32,mscoco,Txt-Img,Neg,0.22289774
CLIP_ViT-B32,mscoco,Txt-Img,Neg,0.14253177
CLIP_ViT-B32,mscoco,Txt-Img,Neg,0.11660263
CLIP_ViT-B32,mscoco,Txt-Img,Neg,0.15498617
CLIP_ViT-B32,mscoco,Txt-Img,Neg,0.12258722
CLIP_ViT-B32,mscoco,Txt-Img,Neg,0.21249054
CLIP_ViT-B32,mscoco,Txt-Img,Neg,0.095207185
CLIP_ViT-B32,mscoco,Txt-Img,Neg,0.1644522
CLIP_ViT-B32,mscoco,Txt-Img,Neg,0.075753205
CLIP_ViT-B32,mscoco,Txt-Img,Neg,0.1555004
CLIP_ViT-B32,mscoco,Txt-Img,Neg,0.18333852
CLIP_ViT-B32,mscoco,Txt-Img,Neg,0.18095753
CLIP_ViT-B32,mscoco,Txt-Img,Neg,0.13525465
CLIP_ViT-B32,mscoco,Txt-Img,Neg,0.24004321
CLIP_ViT-B32,mscoco,Txt-Img,Neg,0.022512011
CLIP_ViT-B32,mscoco,Txt-Img,Neg,0.08927496
CLIP_ViT-B32,mscoco,Txt-Img,Neg,0.16148862
CLIP_ViT-B32,mscoco,Txt-Img,Neg,0.16323939
CLIP_ViT-B32,mscoco,Txt-Img,Neg,0.13943881
CLIP_ViT-B32,mscoco,Txt-Img,Neg,0.15748283
CLIP_ViT-B32,mscoco,Txt-Img,Neg,0.16260427
CLIP_ViT-B32,mscoco,Txt-Img,Neg,0.096119754
CLIP_ViT-B32,mscoco,Txt-Img,Neg,0.14778946
CLIP_ViT-B32,mscoco,Txt-Img,Neg,0.20590079
CLIP_ViT-B32,mscoco,Txt-Img,Neg,0.11478487
CLIP_ViT-B32,mscoco,Txt-Img,Neg,0.13945146
CLIP_ViT-B32,mscoco,Txt-Img,Neg,0.117053166
CLIP_ViT-B32,mscoco,Txt-Img,Neg,0.1823227
CLIP_ViT-B32,mscoco,Txt-Img,Neg,0.19676025
CLIP_ViT-B32,mscoco,Txt-Img,Neg,0.119037986
CLIP_ViT-B32,mscoco,Txt-Img,Neg,0.20548648
CLIP_ViT-B32,mscoco,Txt-Img,Neg,0.14386265
CLIP_ViT-B32,mscoco,Txt-Img,Neg,0.09644115
CLIP_ViT-B32,mscoco,Txt-Img,Neg,0.13897076
CLIP_ViT-B32,mscoco,Txt-Img,Neg,0.088754125
CLIP_ViT-B32,mscoco,Txt-Img,Neg,0.1370454
CLIP_ViT-B32,mscoco,Txt-Img,Neg,0.16944383
CLIP_ViT-B32,mscoco,Txt-Img,Neg,0.19664603
CLIP_ViT-B32,mscoco,Txt-Img,Neg,0.13375835
CLIP_ViT-B32,mscoco,Txt-Img,Neg,0.10036609
CLIP_ViT-B32,mscoco,Txt-Img,Neg,0.19556558
CLIP_ViT-B32,mscoco,Txt-Img,Neg,0.10506449
CLIP_ViT-B32,mscoco,Txt-Img,Neg,0.13210173
CLIP_ViT-B32,mscoco,Txt-Img,Neg,0.10464153
CLIP_ViT-B32,mscoco,Txt-Img,Neg,0.10089609
CLIP_ViT-B32,mscoco,Txt-Img,Neg,0.21303439
CLIP_ViT-B32,mscoco,Txt-Img,Neg,0.18254273
CLIP_ViT-B32,mscoco,Txt-Img,Neg,0.22325811
CLIP_ViT-B32,mscoco,Txt-Img,Neg,0.18383586
CLIP_ViT-B32,mscoco,Txt-Img,Neg,0.13697621
CLIP_ViT-B32,mscoco,Txt-Img,Neg,0.17632361
CLIP_ViT-B32,mscoco,Txt-Img,Neg,0.17726783
CLIP_ViT-B32,mscoco,Txt-Img,Neg,0.11694427
CLIP_ViT-B32,mscoco,Txt-Img,Neg,0.09919711
CLIP_ViT-B32,mscoco,Txt-Img,Neg,0.141518
CLIP_ViT-B32,mscoco,Txt-Img,Neg,0.11254459
CLIP_ViT-B32,mscoco,Txt-Img,Neg,0.16254817
CLIP_ViT-B32,mscoco,Txt-Img,Neg,0.20291907
CLIP_ViT-B32,mscoco,Txt-Img,Neg,0.14156964
CLIP_ViT-B32,mscoco,Txt-Img,Neg,0.14118654
CLIP_ViT-B32,mscoco,Txt-Img,Neg,0.1499266
CLIP_ViT-B32,mscoco,Txt-Img,Neg,0.12643698
CLIP_ViT-B32,mscoco,Txt-Img,Neg,0.11468279
CLIP_ViT-B32,mscoco,Txt-Img,Neg,0.19884922
CLIP_ViT-B32,mscoco,Txt-Img,Neg,0.14515124
CLIP_ViT-B32,mscoco,Txt-Img,Neg,0.14783673
CLIP_ViT-B32,mscoco,Txt-Img,Neg,0.17987588
CLIP_ViT-B32,mscoco,Txt-Img,Neg,0.14879906
CLIP_ViT-B32,mscoco,Txt-Img,Neg,0.14687455
CLIP_ViT-B32,mscoco,Txt-Img,Neg,0.19730937
CLIP_ViT-B32,mscoco,Txt-Img,Neg,0.15536062
CLIP_ViT-B32,mscoco,Txt-Img,Neg,0.1732201
CLIP_ViT-B32,mscoco,Txt-Img,Neg,0.1379607
CLIP_ViT-B32,mscoco,Txt-Img,Neg,0.1736314
CLIP_ViT-B32,mscoco,Txt-Img,Neg,0.21632755
CLIP_ViT-B32,mscoco,Txt-Img,Neg,0.074106686
CLIP_ViT-B32,mscoco,Txt-Img,Neg,0.1976372
CLIP_ViT-B32,mscoco,Txt-Img,Neg,0.1312043
CLIP_ViT-B32,mscoco,Txt-Img,Neg,0.102162175
CLIP_ViT-B32,mscoco,Txt-Img,Neg,0.12955578
CLIP_ViT-B32,mscoco,Txt-Img,Neg,0.13345085
CLIP_ViT-B32,mscoco,Txt-Img,Neg,0.10647324
CLIP_ViT-B32,mscoco,Txt-Img,Neg,0.14621776
CLIP_ViT-B32,mscoco,Txt-Img,Neg,0.16185495
CLIP_ViT-B32,mscoco,Txt-Img,Neg,0.17869925
CLIP_ViT-B32,mscoco,Txt-Img,Neg,0.14310592
CLIP_ViT-B32,mscoco,Txt-Img,Neg,0.16365454
CLIP_ViT-B32,mscoco,Txt-Img,Neg,0.107694544
CLIP_ViT-B32,mscoco,Txt-Img,Neg,0.18467344
CLIP_ViT-B32,mscoco,Txt-Img,Neg,0.19226837
CLIP_ViT-B32,mscoco,Txt-Img,Neg,0.12743598
CLIP_ViT-B32,mscoco,Txt-Img,Neg,0.14775002
CLIP_ViT-B32,mscoco,Txt-Img,Neg,0.17205495
CLIP_ViT-B32,mscoco,Txt-Img,Neg,0.16754745
CLIP_ViT-B32,mscoco,Txt-Img,Neg,0.13827197
CLIP_ViT-B32,mscoco,Txt-Img,Neg,0.15039816
CLIP_ViT-B32,mscoco,Txt-Img,Neg,0.0988285
CLIP_ViT-B32,mscoco,Txt-Img,Neg,0.09777779
CLIP_ViT-B32,mscoco,Txt-Img,Neg,0.09286201
CLIP_ViT-B32,mscoco,Txt-Img,Neg,0.19911063
CLIP_ViT-B32,mscoco,Txt-Img,Neg,0.15562597
CLIP_ViT-B32,mscoco,Txt-Img,Neg,0.13668533
CLIP_ViT-B32,mscoco,Txt-Img,Neg,0.13376844
CLIP_ViT-B32,mscoco,Txt-Img,Neg,0.043326613
CLIP_ViT-B32,mscoco,Txt-Img,Neg,0.20536825
CLIP_ViT-B32,mscoco,Txt-Img,Neg,0.17928025
CLIP_ViT-B32,mscoco,Txt-Img,Neg,0.16221265
CLIP_ViT-B32,mscoco,Txt-Img,Neg,0.11277999
CLIP_ViT-B32,mscoco,Txt-Img,Neg,0.08041246
CLIP_ViT-B32,mscoco,Txt-Img,Neg,0.23241383
CLIP_ViT-B32,mscoco,Txt-Img,Neg,0.18045986
CLIP_ViT-B32,mscoco,Txt-Img,Neg,0.16012676
CLIP_ViT-B32,mscoco,Txt-Img,Neg,0.13933432
CLIP_ViT-B32,mscoco,Txt-Img,Neg,0.14941777
CLIP_ViT-B32,mscoco,Txt-Img,Neg,0.18332207
CLIP_ViT-B32,mscoco,Txt-Img,Neg,0.15965682
CLIP_ViT-B32,mscoco,Txt-Img,Neg,0.12233764
CLIP_ViT-B32,mscoco,Txt-Img,Neg,0.09175858
CLIP_ViT-B32,mscoco,Txt-Img,Neg,0.17279734
CLIP_ViT-B32,mscoco,Txt-Img,Neg,0.1682293
CLIP_ViT-B32,mscoco,Txt-Img,Neg,0.15207444
CLIP_ViT-B32,mscoco,Txt-Img,Neg,0.12121563
CLIP_ViT-B32,mscoco,Txt-Img,Neg,0.0840655
CLIP_ViT-B32,mscoco,Txt-Img,Neg,0.15821634
CLIP_ViT-B32,mscoco,Txt-Img,Neg,0.13361913
CLIP_ViT-B32,mscoco,Txt-Img,Neg,0.11033052
CLIP_ViT-B32,mscoco,Txt-Img,Neg,0.16508028
CLIP_ViT-B32,mscoco,Txt-Img,Neg,0.11792539
CLIP_ViT-B32,mscoco,Txt-Img,Neg,0.11316028
CLIP_ViT-B32,mscoco,Txt-Img,Neg,0.22013332
CLIP_ViT-B32,mscoco,Txt-Img,Neg,0.14199576
CLIP_ViT-B32,mscoco,Txt-Img,Neg,0.14311881
CLIP_ViT-B32,mscoco,Txt-Img,Neg,0.12605578
CLIP_ViT-B32,mscoco,Txt-Img,Neg,0.06541866
CLIP_ViT-B32,mscoco,Txt-Img,Neg,0.13568592
CLIP_ViT-B32,mscoco,Txt-Img,Neg,0.20743862
CLIP_ViT-B32,mscoco,Txt-Img,Neg,0.061303895
CLIP_ViT-B32,mscoco,Txt-Img,Neg,0.12576091
CLIP_ViT-B32,mscoco,Txt-Img,Neg,0.19417788
CLIP_ViT-B32,mscoco,Txt-Img,Neg,0.15858622
CLIP_ViT-B32,mscoco,Txt-Img,Neg,0.12514102
CLIP_ViT-B32,mscoco,Txt-Img,Neg,0.15962574
CLIP_ViT-B32,mscoco,Txt-Img,Neg,0.16179493
CLIP_ViT-B32,mscoco,Txt-Img,Neg,0.16521457
CLIP_ViT-B32,mscoco,Txt-Img,Neg,0.10433207
CLIP_ViT-B32,mscoco,Txt-Img,Neg,0.13244443
CLIP_ViT-B32,mscoco,Txt-Img,Neg,0.20218727
CLIP_ViT-B32,mscoco,Txt-Img,Neg,0.21594146
CLIP_ViT-B32,mscoco,Txt-Img,Neg,0.1909937
CLIP_ViT-B32,mscoco,Txt-Img,Neg,0.08488152
CLIP_ViT-B32,mscoco,Txt-Img,Neg,0.11923304
CLIP_ViT-B32,mscoco,Txt-Img,Neg,0.14474054
CLIP_ViT-B32,mscoco,Txt-Img,Neg,0.085890755
CLIP_ViT-B32,mscoco,Txt-Img,Neg,0.19165833
CLIP_ViT-B32,mscoco,Txt-Img,Neg,0.11243287
CLIP_ViT-B32,mscoco,Txt-Img,Neg,0.0632647
CLIP_ViT-B32,mscoco,Txt-Img,Neg,0.19304152
CLIP_ViT-B32,mscoco,Txt-Img,Neg,0.1125313
CLIP_ViT-B32,mscoco,Txt-Img,Neg,0.120529905
CLIP_ViT-B32,mscoco,Txt-Img,Neg,0.16043924
CLIP_ViT-B32,mscoco,Txt-Img,Neg,0.20588025
CLIP_ViT-B32,mscoco,Txt-Img,Neg,0.12429366
CLIP_ViT-B32,mscoco,Txt-Img,Neg,0.16573372
CLIP_ViT-B32,mscoco,Txt-Img,Neg,0.12505417
CLIP_ViT-B32,mscoco,Txt-Img,Neg,0.09988463
CLIP_ViT-B32,mscoco,Txt-Img,Neg,0.13930383
CLIP_ViT-B32,mscoco,Txt-Img,Neg,0.15251851
CLIP_ViT-B32,mscoco,Txt-Img,Neg,0.1594204
CLIP_ViT-B32,mscoco,Txt-Img,Neg,0.13391869
CLIP_ViT-B32,mscoco,Txt-Img,Neg,0.13960107
CLIP_ViT-B32,mscoco,Txt-Img,Neg,0.17182572
CLIP_ViT-B32,mscoco,Txt-Img,Neg,0.14447445
CLIP_ViT-B32,mscoco,Txt-Img,Neg,0.19319089
CLIP_ViT-B32,mscoco,Txt-Img,Neg,0.14856738
CLIP_ViT-B32,mscoco,Txt-Img,Neg,0.20627926
CLIP_ViT-B32,mscoco,Txt-Img,Neg,0.1772483
CLIP_ViT-B32,mscoco,Txt-Img,Neg,0.15271762
CLIP_ViT-B32,mscoco,Txt-Img,Neg,0.071559355
CLIP_ViT-B32,mscoco,Txt-Img,Neg,0.14827865
CLIP_ViT-B32,mscoco,Txt-Img,Neg,0.17381305
CLIP_ViT-B32,mscoco,Txt-Img,Neg,0.20008385
CLIP_ViT-B32,mscoco,Txt-Img,Neg,0.1357239
CLIP_ViT-B32,mscoco,Txt-Img,Neg,0.17452565
CLIP_ViT-B32,mscoco,Txt-Img,Neg,0.21385357
CLIP_ViT-B32,mscoco,Txt-Img,Neg,0.11075398
CLIP_ViT-B32,mscoco,Txt-Img,Neg,0.12906188
CLIP_ViT-B32,mscoco,Txt-Img,Neg,0.086197615
CLIP_ViT-B32,mscoco,Txt-Img,Neg,0.17048375
CLIP_ViT-B32,mscoco,Txt-Img,Neg,0.12897049
CLIP_ViT-B32,mscoco,Txt-Img,Neg,0.099564135
CLIP_ViT-B32,mscoco,Txt-Img,Neg,0.15202373
CLIP_ViT-B32,mscoco,Txt-Img,Neg,0.27574375
CLIP_ViT-B32,mscoco,Txt-Img,Neg,0.12517251
CLIP_ViT-B32,mscoco,Txt-Img,Neg,0.13038714
CLIP_ViT-B32,mscoco,Txt-Img,Neg,0.14944732
CLIP_ViT-B32,mscoco,Txt-Img,Neg,0.1332653
CLIP_ViT-B32,mscoco,Txt-Img,Neg,0.19961445
CLIP_ViT-B32,mscoco,Txt-Img,Neg,0.10075556
CLIP_ViT-B32,mscoco,Txt-Img,Neg,0.13201565
CLIP_ViT-B32,mscoco,Txt-Img,Neg,0.20950872
CLIP_ViT-B32,mscoco,Txt-Img,Neg,0.19382954
CLIP_ViT-B32,mscoco,Txt-Img,Neg,0.19402054
CLIP_ViT-B32,mscoco,Txt-Img,Neg,0.15467353
CLIP_ViT-B32,mscoco,Txt-Img,Neg,0.13890661
CLIP_ViT-B32,mscoco,Txt-Img,Neg,0.18566243
CLIP_ViT-B32,mscoco,Txt-Img,Neg,0.21880016
CLIP_ViT-B32,mscoco,Txt-Img,Neg,0.2101409
CLIP_ViT-B32,mscoco,Txt-Img,Neg,0.14159685
CLIP_ViT-B32,mscoco,Txt-Img,Neg,0.21715705
CLIP_ViT-B32,mscoco,Txt-Img,Neg,0.051299553
CLIP_ViT-B32,mscoco,Txt-Img,Neg,0.10848804
CLIP_ViT-B32,mscoco,Txt-Img,Neg,0.11759693
CLIP_ViT-B32,mscoco,Txt-Img,Neg,0.18300122
CLIP_ViT-B32,mscoco,Txt-Img,Neg,0.19557646
CLIP_ViT-B32,mscoco,Txt-Img,Neg,0.24247426
CLIP_ViT-B32,mscoco,Txt-Img,Neg,0.07356468
CLIP_ViT-B32,mscoco,Txt-Img,Neg,0.112424195
CLIP_ViT-B32,mscoco,Txt-Img,Neg,0.19632089
CLIP_ViT-B32,mscoco,Txt-Img,Neg,0.2551663
CLIP_ViT-B32,mscoco,Txt-Img,Neg,0.11092536
CLIP_ViT-B32,mscoco,Txt-Img,Neg,0.15625072
CLIP_ViT-B32,mscoco,Txt-Img,Neg,0.17548522
CLIP_ViT-B32,mscoco,Txt-Img,Neg,0.16433415
CLIP_ViT-B32,mscoco,Txt-Img,Neg,0.20808506
CLIP_ViT-B32,mscoco,Txt-Img,Neg,0.12214973
CLIP_ViT-B32,mscoco,Txt-Img,Neg,0.12656766
CLIP_ViT-B32,mscoco,Txt-Img,Neg,0.15604238
CLIP_ViT-B32,mscoco,Txt-Img,Neg,0.18386564
CLIP_ViT-B32,mscoco,Txt-Img,Neg,0.16907549
CLIP_ViT-B32,mscoco,Txt-Img,Neg,0.1690946
CLIP_ViT-B32,mscoco,Txt-Img,Neg,0.16687688
CLIP_ViT-B32,mscoco,Txt-Img,Neg,0.11022043
CLIP_ViT-B32,mscoco,Txt-Img,Neg,0.13121495
CLIP_ViT-B32,mscoco,Txt-Img,Neg,0.1411748
CLIP_ViT-B32,mscoco,Txt-Img,Neg,0.18028712
CLIP_ViT-B32,mscoco,Txt-Img,Neg,0.1233043
CLIP_ViT-B32,mscoco,Txt-Img,Neg,0.21048047
CLIP_ViT-B32,mscoco,Txt-Img,Neg,0.14811894
CLIP_ViT-B32,mscoco,Txt-Img,Neg,0.16114663
CLIP_ViT-B32,mscoco,Txt-Img,Neg,0.13094658
CLIP_ViT-B32,mscoco,Txt-Img,Neg,0.2329044
CLIP_ViT-B32,mscoco,Txt-Img,Neg,0.18242961
CLIP_ViT-B32,mscoco,Txt-Img,Neg,0.20290172
CLIP_ViT-B32,mscoco,Txt-Img,Neg,0.14159068
CLIP_ViT-B32,mscoco,Txt-Img,Neg,0.094337925
CLIP_ViT-B32,mscoco,Txt-Img,Neg,0.20367667
CLIP_ViT-B32,mscoco,Txt-Img,Neg,0.14690918
CLIP_ViT-B32,mscoco,Txt-Img,Neg,0.16590872
CLIP_ViT-B32,mscoco,Txt-Img,Neg,0.088838
CLIP_ViT-B32,mscoco,Txt-Img,Neg,0.20048937
CLIP_ViT-B32,mscoco,Txt-Img,Neg,0.14565867
CLIP_ViT-B32,mscoco,Txt-Img,Neg,0.1503962
CLIP_ViT-B32,mscoco,Txt-Img,Neg,0.1325796
CLIP_ViT-B32,mscoco,Txt-Img,Neg,0.16212916
CLIP_ViT-B32,mscoco,Txt-Img,Neg,0.10800846
CLIP_ViT-B32,mscoco,Txt-Img,Neg,0.17465039
CLIP_ViT-B32,mscoco,Txt-Img,Neg,0.16191147
CLIP_ViT-B32,mscoco,Txt-Img,Neg,0.15183203
CLIP_ViT-B32,mscoco,Txt-Img,Neg,0.15874043
CLIP_ViT-B32,mscoco,Txt-Img,Neg,0.10503785
CLIP_ViT-B32,mscoco,Txt-Img,Neg,0.16502535
CLIP_ViT-B32,mscoco,Txt-Img,Neg,0.22741047
CLIP_ViT-B32,mscoco,Txt-Img,Neg,0.18362153
CLIP_ViT-B32,mscoco,Txt-Img,Neg,0.10827719
CLIP_ViT-B32,mscoco,Txt-Img,Neg,0.103598714
CLIP_ViT-B32,mscoco,Txt-Img,Neg,0.20513865
CLIP_ViT-B32,mscoco,Txt-Img,Neg,0.15656862
CLIP_ViT-B32,mscoco,Txt-Img,Neg,0.06714997
CLIP_ViT-B32,mscoco,Txt-Img,Neg,0.05049737
CLIP_ViT-B32,mscoco,Txt-Img,Neg,0.18834677
CLIP_ViT-B32,mscoco,Txt-Img,Neg,0.07535515
CLIP_ViT-B32,mscoco,Txt-Img,Neg,0.1415434
CLIP_ViT-B32,mscoco,Txt-Img,Neg,0.149747
CLIP_ViT-B32,mscoco,Txt-Img,Neg,0.15801287
CLIP_ViT-B32,mscoco,Txt-Img,Neg,0.1260716
CLIP_ViT-B32,mscoco,Txt-Img,Neg,0.1525667
CLIP_ViT-B32,mscoco,Txt-Img,Neg,0.16977014
CLIP_ViT-B32,mscoco,Txt-Img,Neg,0.071639806
CLIP_ViT-B32,mscoco,Txt-Img,Neg,0.16966522
CLIP_ViT-B32,mscoco,Txt-Img,Neg,0.092521
CLIP_ViT-B32,mscoco,Txt-Img,Neg,0.15724416
CLIP_ViT-B32,mscoco,Txt-Img,Neg,0.13509548
CLIP_ViT-B32,mscoco,Txt-Img,Neg,0.22373646
CLIP_ViT-B32,mscoco,Txt-Img,Neg,0.24681786
CLIP_ViT-B32,mscoco,Txt-Img,Neg,0.08421569
CLIP_ViT-B32,mscoco,Txt-Img,Neg,0.21537423
CLIP_ViT-B32,mscoco,Txt-Img,Neg,0.17401564
CLIP_ViT-B32,mscoco,Txt-Img,Neg,0.1008057
CLIP_ViT-B32,mscoco,Txt-Img,Neg,0.14680582
CLIP_ViT-B32,mscoco,Txt-Img,Neg,0.1951881
CLIP_ViT-B32,mscoco,Txt-Img,Neg,0.1720235
CLIP_ViT-B32,mscoco,Txt-Img,Neg,0.14248735
CLIP_ViT-B32,mscoco,Txt-Img,Neg,0.20538175
CLIP_ViT-B32,mscoco,Txt-Img,Neg,0.1636818
CLIP_ViT-B32,mscoco,Txt-Img,Neg,0.20478141
CLIP_ViT-B32,mscoco,Txt-Img,Neg,0.10826814
CLIP_ViT-B32,mscoco,Txt-Img,Neg,0.11041972
CLIP_ViT-B32,mscoco,Txt-Img,Neg,0.085778505
CLIP_ViT-B32,mscoco,Txt-Img,Neg,0.27359915
CLIP_ViT-B32,mscoco,Txt-Img,Neg,0.16403836
CLIP_ViT-B32,mscoco,Txt-Img,Neg,0.14766559
CLIP_ViT-B32,mscoco,Txt-Img,Neg,0.15221941
CLIP_ViT-B32,mscoco,Txt-Img,Neg,0.23057756
CLIP_ViT-B32,mscoco,Txt-Img,Neg,0.099773645
CLIP_ViT-B32,mscoco,Txt-Img,Neg,0.15952015
CLIP_ViT-B32,mscoco,Txt-Img,Neg,0.12564856
CLIP_ViT-B32,mscoco,Txt-Img,Neg,0.16202831
CLIP_ViT-B32,mscoco,Txt-Img,Neg,0.20071374
CLIP_ViT-B32,mscoco,Txt-Img,Neg,0.16898221
CLIP_ViT-B32,mscoco,Txt-Img,Neg,0.20038944
CLIP_ViT-B32,mscoco,Txt-Img,Neg,0.22508384
CLIP_ViT-B32,mscoco,Txt-Img,Neg,0.19706234
