Model,Dataset,Pair Modality,Pair Type,Cosine Similarity
CLIP_RN50,mscoco,Txt-Txt,Pos,0.6474823
CLIP_RN50,mscoco,Txt-Txt,Pos,0.8133268
CLIP_RN50,mscoco,Txt-Txt,Pos,0.5555124
CLIP_RN50,mscoco,Txt-Txt,Pos,0.68521595
CLIP_RN50,mscoco,Txt-Txt,Pos,0.8137431
CLIP_RN50,mscoco,Txt-Txt,Pos,0.7693282
CLIP_RN50,mscoco,Txt-Txt,Pos,0.7293557
CLIP_RN50,mscoco,Txt-Txt,Pos,0.764417
CLIP_RN50,mscoco,Txt-Txt,Pos,0.6968993
CLIP_RN50,mscoco,Txt-Txt,Pos,0.6123192
CLIP_RN50,mscoco,Txt-Txt,Pos,0.765642
CLIP_RN50,mscoco,Txt-Txt,Pos,0.67052364
CLIP_RN50,mscoco,Txt-Txt,Pos,0.8024381
CLIP_RN50,mscoco,Txt-Txt,Pos,0.2552648
CLIP_RN50,mscoco,Txt-Txt,Pos,0.6042992
CLIP_RN50,mscoco,Txt-Txt,Pos,0.685623
CLIP_RN50,mscoco,Txt-Txt,Pos,0.62855524
CLIP_RN50,mscoco,Txt-Txt,Pos,0.65752566
CLIP_RN50,mscoco,Txt-Txt,Pos,0.41880125
CLIP_RN50,mscoco,Txt-Txt,Pos,0.7255784
CLIP_RN50,mscoco,Txt-Txt,Pos,0.7905844
CLIP_RN50,mscoco,Txt-Txt,Pos,0.4783999
CLIP_RN50,mscoco,Txt-Txt,Pos,0.5946945
CLIP_RN50,mscoco,Txt-Txt,Pos,0.5999828
CLIP_RN50,mscoco,Txt-Txt,Pos,0.74830204
CLIP_RN50,mscoco,Txt-Txt,Pos,0.5624597
CLIP_RN50,mscoco,Txt-Txt,Pos,0.7025584
CLIP_RN50,mscoco,Txt-Txt,Pos,0.5526174
CLIP_RN50,mscoco,Txt-Txt,Pos,0.6408994
CLIP_RN50,mscoco,Txt-Txt,Pos,0.70807093
CLIP_RN50,mscoco,Txt-Txt,Pos,0.6200977
CLIP_RN50,mscoco,Txt-Txt,Pos,0.8204385
CLIP_RN50,mscoco,Txt-Txt,Pos,0.7700846
CLIP_RN50,mscoco,Txt-Txt,Pos,0.75995606
CLIP_RN50,mscoco,Txt-Txt,Pos,0.76561356
CLIP_RN50,mscoco,Txt-Txt,Pos,0.6889517
CLIP_RN50,mscoco,Txt-Txt,Pos,0.37310073
CLIP_RN50,mscoco,Txt-Txt,Pos,0.5303644
CLIP_RN50,mscoco,Txt-Txt,Pos,0.40163845
CLIP_RN50,mscoco,Txt-Txt,Pos,0.60767776
CLIP_RN50,mscoco,Txt-Txt,Pos,0.5172223
CLIP_RN50,mscoco,Txt-Txt,Pos,0.5969165
CLIP_RN50,mscoco,Txt-Txt,Pos,0.39464876
CLIP_RN50,mscoco,Txt-Txt,Pos,0.6685928
CLIP_RN50,mscoco,Txt-Txt,Pos,0.7692834
CLIP_RN50,mscoco,Txt-Txt,Pos,0.7484459
CLIP_RN50,mscoco,Txt-Txt,Pos,0.7783521
CLIP_RN50,mscoco,Txt-Txt,Pos,0.59505403
CLIP_RN50,mscoco,Txt-Txt,Pos,0.87392044
CLIP_RN50,mscoco,Txt-Txt,Pos,0.68439233
CLIP_RN50,mscoco,Txt-Txt,Pos,0.7157733
CLIP_RN50,mscoco,Txt-Txt,Pos,0.24673495
CLIP_RN50,mscoco,Txt-Txt,Pos,0.8123028
CLIP_RN50,mscoco,Txt-Txt,Pos,0.6231274
CLIP_RN50,mscoco,Txt-Txt,Pos,0.61826694
CLIP_RN50,mscoco,Txt-Txt,Pos,0.7044727
CLIP_RN50,mscoco,Txt-Txt,Pos,0.7847378
CLIP_RN50,mscoco,Txt-Txt,Pos,0.6085161
CLIP_RN50,mscoco,Txt-Txt,Pos,0.71097887
CLIP_RN50,mscoco,Txt-Txt,Pos,0.71468514
CLIP_RN50,mscoco,Txt-Txt,Pos,0.31027937
CLIP_RN50,mscoco,Txt-Txt,Pos,0.6080684
CLIP_RN50,mscoco,Txt-Txt,Pos,0.6611212
CLIP_RN50,mscoco,Txt-Txt,Pos,0.8637184
CLIP_RN50,mscoco,Txt-Txt,Pos,0.83893883
CLIP_RN50,mscoco,Txt-Txt,Pos,0.6488525
CLIP_RN50,mscoco,Txt-Txt,Pos,0.66896296
CLIP_RN50,mscoco,Txt-Txt,Pos,0.41100085
CLIP_RN50,mscoco,Txt-Txt,Pos,0.42674014
CLIP_RN50,mscoco,Txt-Txt,Pos,0.7041846
CLIP_RN50,mscoco,Txt-Txt,Pos,0.40837464
CLIP_RN50,mscoco,Txt-Txt,Pos,0.54740477
CLIP_RN50,mscoco,Txt-Txt,Pos,0.36178872
CLIP_RN50,mscoco,Txt-Txt,Pos,0.7481902
CLIP_RN50,mscoco,Txt-Txt,Pos,0.6137713
CLIP_RN50,mscoco,Txt-Txt,Pos,0.8968027
CLIP_RN50,mscoco,Txt-Txt,Pos,0.60056835
CLIP_RN50,mscoco,Txt-Txt,Pos,0.62566656
CLIP_RN50,mscoco,Txt-Txt,Pos,0.6454761
CLIP_RN50,mscoco,Txt-Txt,Pos,0.45283946
CLIP_RN50,mscoco,Txt-Txt,Pos,0.3966045
CLIP_RN50,mscoco,Txt-Txt,Pos,0.65206754
CLIP_RN50,mscoco,Txt-Txt,Pos,0.65127045
CLIP_RN50,mscoco,Txt-Txt,Pos,0.87511444
CLIP_RN50,mscoco,Txt-Txt,Pos,0.7402881
CLIP_RN50,mscoco,Txt-Txt,Pos,0.6659833
CLIP_RN50,mscoco,Txt-Txt,Pos,0.33927348
CLIP_RN50,mscoco,Txt-Txt,Pos,0.4632317
CLIP_RN50,mscoco,Txt-Txt,Pos,0.5272547
CLIP_RN50,mscoco,Txt-Txt,Pos,0.808786
CLIP_RN50,mscoco,Txt-Txt,Pos,0.748454
CLIP_RN50,mscoco,Txt-Txt,Pos,0.6230895
CLIP_RN50,mscoco,Txt-Txt,Pos,0.67187166
CLIP_RN50,mscoco,Txt-Txt,Pos,0.6661544
CLIP_RN50,mscoco,Txt-Txt,Pos,0.81116366
CLIP_RN50,mscoco,Txt-Txt,Pos,0.82409906
CLIP_RN50,mscoco,Txt-Txt,Pos,0.628026
CLIP_RN50,mscoco,Txt-Txt,Pos,0.5631287
CLIP_RN50,mscoco,Txt-Txt,Pos,0.6637782
CLIP_RN50,mscoco,Txt-Txt,Pos,0.69923687
CLIP_RN50,mscoco,Txt-Txt,Pos,0.7362466
CLIP_RN50,mscoco,Txt-Txt,Pos,0.7168201
CLIP_RN50,mscoco,Txt-Txt,Pos,0.82811743
CLIP_RN50,mscoco,Txt-Txt,Pos,0.8133985
CLIP_RN50,mscoco,Txt-Txt,Pos,0.72822464
CLIP_RN50,mscoco,Txt-Txt,Pos,0.6915331
CLIP_RN50,mscoco,Txt-Txt,Pos,0.47390488
CLIP_RN50,mscoco,Txt-Txt,Pos,0.60345125
CLIP_RN50,mscoco,Txt-Txt,Pos,0.7740039
CLIP_RN50,mscoco,Txt-Txt,Pos,0.43906856
CLIP_RN50,mscoco,Txt-Txt,Pos,0.47146487
CLIP_RN50,mscoco,Txt-Txt,Pos,0.8470541
CLIP_RN50,mscoco,Txt-Txt,Pos,0.6166706
CLIP_RN50,mscoco,Txt-Txt,Pos,0.65827376
CLIP_RN50,mscoco,Txt-Txt,Pos,0.56871676
CLIP_RN50,mscoco,Txt-Txt,Pos,0.70767736
CLIP_RN50,mscoco,Txt-Txt,Pos,0.77151674
CLIP_RN50,mscoco,Txt-Txt,Pos,0.6177667
CLIP_RN50,mscoco,Txt-Txt,Pos,0.7685992
CLIP_RN50,mscoco,Txt-Txt,Pos,0.5468374
CLIP_RN50,mscoco,Txt-Txt,Pos,0.3621866
CLIP_RN50,mscoco,Txt-Txt,Pos,0.6817186
CLIP_RN50,mscoco,Txt-Txt,Pos,0.7577153
CLIP_RN50,mscoco,Txt-Txt,Pos,0.8074056
CLIP_RN50,mscoco,Txt-Txt,Pos,0.5857217
CLIP_RN50,mscoco,Txt-Txt,Pos,0.61190796
CLIP_RN50,mscoco,Txt-Txt,Pos,0.5776933
CLIP_RN50,mscoco,Txt-Txt,Pos,0.6208094
CLIP_RN50,mscoco,Txt-Txt,Pos,0.8538671
CLIP_RN50,mscoco,Txt-Txt,Pos,0.80779153
CLIP_RN50,mscoco,Txt-Txt,Pos,0.3513027
CLIP_RN50,mscoco,Txt-Txt,Pos,0.36396024
CLIP_RN50,mscoco,Txt-Txt,Pos,0.85907394
CLIP_RN50,mscoco,Txt-Txt,Pos,0.621923
CLIP_RN50,mscoco,Txt-Txt,Pos,0.6910652
CLIP_RN50,mscoco,Txt-Txt,Pos,0.7493022
CLIP_RN50,mscoco,Txt-Txt,Pos,0.4656603
CLIP_RN50,mscoco,Txt-Txt,Pos,0.8081092
CLIP_RN50,mscoco,Txt-Txt,Pos,0.74103576
CLIP_RN50,mscoco,Txt-Txt,Pos,0.6544185
CLIP_RN50,mscoco,Txt-Txt,Pos,0.41746026
CLIP_RN50,mscoco,Txt-Txt,Pos,0.77929884
CLIP_RN50,mscoco,Txt-Txt,Pos,0.86078596
CLIP_RN50,mscoco,Txt-Txt,Pos,0.67209125
CLIP_RN50,mscoco,Txt-Txt,Pos,0.6719146
CLIP_RN50,mscoco,Txt-Txt,Pos,0.5697394
CLIP_RN50,mscoco,Txt-Txt,Pos,0.60470736
CLIP_RN50,mscoco,Txt-Txt,Pos,0.64583063
CLIP_RN50,mscoco,Txt-Txt,Pos,0.5592824
CLIP_RN50,mscoco,Txt-Txt,Pos,0.2621789
CLIP_RN50,mscoco,Txt-Txt,Pos,0.5547103
CLIP_RN50,mscoco,Txt-Txt,Pos,0.49811947
CLIP_RN50,mscoco,Txt-Txt,Pos,0.65538275
CLIP_RN50,mscoco,Txt-Txt,Pos,0.85223085
CLIP_RN50,mscoco,Txt-Txt,Pos,0.74285346
CLIP_RN50,mscoco,Txt-Txt,Pos,0.3919042
CLIP_RN50,mscoco,Txt-Txt,Pos,0.7396497
CLIP_RN50,mscoco,Txt-Txt,Pos,0.60315925
CLIP_RN50,mscoco,Txt-Txt,Pos,0.85427547
CLIP_RN50,mscoco,Txt-Txt,Pos,0.696974
CLIP_RN50,mscoco,Txt-Txt,Pos,0.47149986
CLIP_RN50,mscoco,Txt-Txt,Pos,0.71804905
CLIP_RN50,mscoco,Txt-Txt,Pos,0.47690594
CLIP_RN50,mscoco,Txt-Txt,Pos,0.43519944
CLIP_RN50,mscoco,Txt-Txt,Pos,0.6076554
CLIP_RN50,mscoco,Txt-Txt,Pos,0.5876845
CLIP_RN50,mscoco,Txt-Txt,Pos,0.6076529
CLIP_RN50,mscoco,Txt-Txt,Pos,0.69263
CLIP_RN50,mscoco,Txt-Txt,Pos,0.60087144
CLIP_RN50,mscoco,Txt-Txt,Pos,0.39846396
CLIP_RN50,mscoco,Txt-Txt,Pos,0.7020728
CLIP_RN50,mscoco,Txt-Txt,Pos,0.65521306
CLIP_RN50,mscoco,Txt-Txt,Pos,0.53747314
CLIP_RN50,mscoco,Txt-Txt,Pos,0.48851785
CLIP_RN50,mscoco,Txt-Txt,Pos,0.6636325
CLIP_RN50,mscoco,Txt-Txt,Pos,0.814039
CLIP_RN50,mscoco,Txt-Txt,Pos,0.7000158
CLIP_RN50,mscoco,Txt-Txt,Pos,0.4917545
CLIP_RN50,mscoco,Txt-Txt,Pos,0.44031832
CLIP_RN50,mscoco,Txt-Txt,Pos,0.67219996
CLIP_RN50,mscoco,Txt-Txt,Pos,0.69800764
CLIP_RN50,mscoco,Txt-Txt,Pos,0.51759535
CLIP_RN50,mscoco,Txt-Txt,Pos,0.6647999
CLIP_RN50,mscoco,Txt-Txt,Pos,0.73593783
CLIP_RN50,mscoco,Txt-Txt,Pos,0.39890522
CLIP_RN50,mscoco,Txt-Txt,Pos,0.43796802
CLIP_RN50,mscoco,Txt-Txt,Pos,0.7427215
CLIP_RN50,mscoco,Txt-Txt,Pos,0.67981285
CLIP_RN50,mscoco,Txt-Txt,Pos,0.81620157
CLIP_RN50,mscoco,Txt-Txt,Pos,0.5204851
CLIP_RN50,mscoco,Txt-Txt,Pos,0.5300166
CLIP_RN50,mscoco,Txt-Txt,Pos,0.55844676
CLIP_RN50,mscoco,Txt-Txt,Pos,0.4095688
CLIP_RN50,mscoco,Txt-Txt,Pos,0.690641
CLIP_RN50,mscoco,Txt-Txt,Pos,0.5731975
CLIP_RN50,mscoco,Txt-Txt,Pos,0.89889276
CLIP_RN50,mscoco,Txt-Txt,Pos,0.5356662
CLIP_RN50,mscoco,Txt-Txt,Pos,0.6727981
CLIP_RN50,mscoco,Txt-Txt,Pos,0.6156374
CLIP_RN50,mscoco,Txt-Txt,Pos,0.558713
CLIP_RN50,mscoco,Txt-Txt,Pos,0.5668402
CLIP_RN50,mscoco,Txt-Txt,Pos,0.39136463
CLIP_RN50,mscoco,Txt-Txt,Pos,0.5584461
CLIP_RN50,mscoco,Txt-Txt,Pos,0.49654025
CLIP_RN50,mscoco,Txt-Txt,Pos,0.57171327
CLIP_RN50,mscoco,Txt-Txt,Pos,0.46665213
CLIP_RN50,mscoco,Txt-Txt,Pos,0.58210623
CLIP_RN50,mscoco,Txt-Txt,Pos,0.6379355
CLIP_RN50,mscoco,Txt-Txt,Pos,0.5884676
CLIP_RN50,mscoco,Txt-Txt,Pos,0.52999616
CLIP_RN50,mscoco,Txt-Txt,Pos,0.6049641
CLIP_RN50,mscoco,Txt-Txt,Pos,0.42445177
CLIP_RN50,mscoco,Txt-Txt,Pos,0.63872564
CLIP_RN50,mscoco,Txt-Txt,Pos,0.5823352
CLIP_RN50,mscoco,Txt-Txt,Pos,0.6574449
CLIP_RN50,mscoco,Txt-Txt,Pos,0.5580383
CLIP_RN50,mscoco,Txt-Txt,Pos,0.34635952
CLIP_RN50,mscoco,Txt-Txt,Pos,0.7170726
CLIP_RN50,mscoco,Txt-Txt,Pos,0.73791397
CLIP_RN50,mscoco,Txt-Txt,Pos,0.7816092
CLIP_RN50,mscoco,Txt-Txt,Pos,0.4474187
CLIP_RN50,mscoco,Txt-Txt,Pos,0.56494075
CLIP_RN50,mscoco,Txt-Txt,Pos,0.79109293
CLIP_RN50,mscoco,Txt-Txt,Pos,0.5716649
CLIP_RN50,mscoco,Txt-Txt,Pos,0.518391
CLIP_RN50,mscoco,Txt-Txt,Pos,0.606993
CLIP_RN50,mscoco,Txt-Txt,Pos,0.3409068
CLIP_RN50,mscoco,Txt-Txt,Pos,0.46716073
CLIP_RN50,mscoco,Txt-Txt,Pos,0.2642782
CLIP_RN50,mscoco,Txt-Txt,Pos,0.3956729
CLIP_RN50,mscoco,Txt-Txt,Pos,0.51229817
CLIP_RN50,mscoco,Txt-Txt,Pos,0.46400994
CLIP_RN50,mscoco,Txt-Txt,Pos,0.71820974
CLIP_RN50,mscoco,Txt-Txt,Pos,0.5597373
CLIP_RN50,mscoco,Txt-Txt,Pos,0.6490864
CLIP_RN50,mscoco,Txt-Txt,Pos,0.43267727
CLIP_RN50,mscoco,Txt-Txt,Pos,0.63881445
CLIP_RN50,mscoco,Txt-Txt,Pos,0.5269624
CLIP_RN50,mscoco,Txt-Txt,Pos,0.70556307
CLIP_RN50,mscoco,Txt-Txt,Pos,0.6006382
CLIP_RN50,mscoco,Txt-Txt,Pos,0.57136565
CLIP_RN50,mscoco,Txt-Txt,Pos,0.5572458
CLIP_RN50,mscoco,Txt-Txt,Pos,0.47980344
CLIP_RN50,mscoco,Txt-Txt,Pos,0.7551454
CLIP_RN50,mscoco,Txt-Txt,Pos,0.64801514
CLIP_RN50,mscoco,Txt-Txt,Pos,0.7409238
CLIP_RN50,mscoco,Txt-Txt,Pos,0.38322502
CLIP_RN50,mscoco,Txt-Txt,Pos,0.7462612
CLIP_RN50,mscoco,Txt-Txt,Pos,0.47575805
CLIP_RN50,mscoco,Txt-Txt,Pos,0.8309176
CLIP_RN50,mscoco,Txt-Txt,Pos,0.7409444
CLIP_RN50,mscoco,Txt-Txt,Pos,0.7039952
CLIP_RN50,mscoco,Txt-Txt,Pos,0.75126696
CLIP_RN50,mscoco,Txt-Txt,Pos,0.50405675
CLIP_RN50,mscoco,Txt-Txt,Pos,0.47110417
CLIP_RN50,mscoco,Txt-Txt,Pos,0.549802
CLIP_RN50,mscoco,Txt-Txt,Pos,0.449642
CLIP_RN50,mscoco,Txt-Txt,Pos,0.9035792
CLIP_RN50,mscoco,Txt-Txt,Pos,0.64752084
CLIP_RN50,mscoco,Txt-Txt,Pos,0.68432903
CLIP_RN50,mscoco,Txt-Txt,Pos,0.58487874
CLIP_RN50,mscoco,Txt-Txt,Pos,0.7781045
CLIP_RN50,mscoco,Txt-Txt,Pos,0.70678777
CLIP_RN50,mscoco,Txt-Txt,Pos,0.58749175
CLIP_RN50,mscoco,Txt-Txt,Pos,0.5391263
CLIP_RN50,mscoco,Txt-Txt,Pos,0.6493526
CLIP_RN50,mscoco,Txt-Txt,Pos,0.803516
CLIP_RN50,mscoco,Txt-Txt,Pos,0.7407322
CLIP_RN50,mscoco,Txt-Txt,Pos,0.7711014
CLIP_RN50,mscoco,Txt-Txt,Pos,0.5935391
CLIP_RN50,mscoco,Txt-Txt,Pos,0.68183446
CLIP_RN50,mscoco,Txt-Txt,Pos,0.5093717
CLIP_RN50,mscoco,Txt-Txt,Pos,0.62295735
CLIP_RN50,mscoco,Txt-Txt,Pos,0.619404
CLIP_RN50,mscoco,Txt-Txt,Pos,0.47965187
CLIP_RN50,mscoco,Txt-Txt,Pos,0.6527324
CLIP_RN50,mscoco,Txt-Txt,Pos,0.55559504
CLIP_RN50,mscoco,Txt-Txt,Pos,0.42094147
CLIP_RN50,mscoco,Txt-Txt,Pos,0.8599981
CLIP_RN50,mscoco,Txt-Txt,Pos,0.8069267
CLIP_RN50,mscoco,Txt-Txt,Pos,0.53557146
CLIP_RN50,mscoco,Txt-Txt,Pos,0.7829187
CLIP_RN50,mscoco,Txt-Txt,Pos,0.47021013
CLIP_RN50,mscoco,Txt-Txt,Pos,0.74228346
CLIP_RN50,mscoco,Txt-Txt,Pos,0.7748381
CLIP_RN50,mscoco,Txt-Txt,Pos,0.47969306
CLIP_RN50,mscoco,Txt-Txt,Pos,0.7840128
CLIP_RN50,mscoco,Txt-Txt,Pos,0.762995
CLIP_RN50,mscoco,Txt-Txt,Pos,0.5298245
CLIP_RN50,mscoco,Txt-Txt,Pos,0.7189455
CLIP_RN50,mscoco,Txt-Txt,Pos,0.8711094
CLIP_RN50,mscoco,Txt-Txt,Pos,0.6040989
CLIP_RN50,mscoco,Txt-Txt,Pos,0.44339627
CLIP_RN50,mscoco,Txt-Txt,Pos,0.66111165
CLIP_RN50,mscoco,Txt-Txt,Pos,0.56313133
CLIP_RN50,mscoco,Txt-Txt,Pos,0.6567593
CLIP_RN50,mscoco,Txt-Txt,Pos,0.7101808
CLIP_RN50,mscoco,Txt-Txt,Pos,0.42852306
CLIP_RN50,mscoco,Txt-Txt,Pos,0.3938122
CLIP_RN50,mscoco,Txt-Txt,Pos,0.5480758
CLIP_RN50,mscoco,Txt-Txt,Pos,0.56412387
CLIP_RN50,mscoco,Txt-Txt,Pos,0.7686868
CLIP_RN50,mscoco,Txt-Txt,Pos,0.5246697
CLIP_RN50,mscoco,Txt-Txt,Pos,0.77084
CLIP_RN50,mscoco,Txt-Txt,Pos,0.5725663
CLIP_RN50,mscoco,Txt-Txt,Pos,0.64296275
CLIP_RN50,mscoco,Txt-Txt,Pos,0.26745403
CLIP_RN50,mscoco,Txt-Txt,Pos,0.50845677
CLIP_RN50,mscoco,Txt-Txt,Pos,0.77919567
CLIP_RN50,mscoco,Txt-Txt,Pos,0.6128476
CLIP_RN50,mscoco,Txt-Txt,Pos,0.5393565
CLIP_RN50,mscoco,Txt-Txt,Pos,0.69007546
CLIP_RN50,mscoco,Txt-Txt,Pos,0.42455104
CLIP_RN50,mscoco,Txt-Txt,Pos,0.6879567
CLIP_RN50,mscoco,Txt-Txt,Pos,0.5670799
CLIP_RN50,mscoco,Txt-Txt,Pos,0.7376743
CLIP_RN50,mscoco,Txt-Txt,Pos,0.7685178
CLIP_RN50,mscoco,Txt-Txt,Pos,0.42735448
CLIP_RN50,mscoco,Txt-Txt,Pos,0.52977276
CLIP_RN50,mscoco,Txt-Txt,Pos,0.7495327
CLIP_RN50,mscoco,Txt-Txt,Pos,0.5079507
CLIP_RN50,mscoco,Txt-Txt,Pos,0.7616994
CLIP_RN50,mscoco,Txt-Txt,Pos,0.7874497
CLIP_RN50,mscoco,Txt-Txt,Pos,0.7326462
CLIP_RN50,mscoco,Txt-Txt,Pos,0.608188
CLIP_RN50,mscoco,Txt-Txt,Pos,0.6267666
CLIP_RN50,mscoco,Txt-Txt,Pos,0.6054074
CLIP_RN50,mscoco,Txt-Txt,Pos,0.6675925
CLIP_RN50,mscoco,Txt-Txt,Pos,0.7932235
CLIP_RN50,mscoco,Txt-Txt,Pos,0.6618341
CLIP_RN50,mscoco,Txt-Txt,Pos,0.5542127
CLIP_RN50,mscoco,Txt-Txt,Pos,0.50061214
CLIP_RN50,mscoco,Txt-Txt,Pos,0.60187566
CLIP_RN50,mscoco,Txt-Txt,Pos,0.46739018
CLIP_RN50,mscoco,Txt-Txt,Pos,0.6819286
CLIP_RN50,mscoco,Txt-Txt,Pos,0.457148
CLIP_RN50,mscoco,Txt-Txt,Pos,0.7266492
CLIP_RN50,mscoco,Txt-Txt,Pos,0.78535724
CLIP_RN50,mscoco,Txt-Txt,Pos,0.45763284
CLIP_RN50,mscoco,Txt-Txt,Pos,0.56948525
CLIP_RN50,mscoco,Txt-Txt,Pos,0.58770484
CLIP_RN50,mscoco,Txt-Txt,Pos,0.48600382
CLIP_RN50,mscoco,Txt-Txt,Pos,0.47926524
CLIP_RN50,mscoco,Txt-Txt,Pos,0.39066592
CLIP_RN50,mscoco,Txt-Txt,Pos,0.70649105
CLIP_RN50,mscoco,Txt-Txt,Pos,0.8673572
CLIP_RN50,mscoco,Txt-Txt,Pos,0.5730811
CLIP_RN50,mscoco,Txt-Txt,Pos,0.7274795
CLIP_RN50,mscoco,Txt-Txt,Pos,0.49468505
CLIP_RN50,mscoco,Txt-Txt,Pos,0.5243797
CLIP_RN50,mscoco,Txt-Txt,Pos,0.622097
CLIP_RN50,mscoco,Txt-Txt,Pos,0.6628536
CLIP_RN50,mscoco,Txt-Txt,Pos,0.6399754
CLIP_RN50,mscoco,Txt-Txt,Pos,0.69402236
CLIP_RN50,mscoco,Txt-Txt,Pos,0.4901901
CLIP_RN50,mscoco,Txt-Txt,Pos,0.42407054
CLIP_RN50,mscoco,Txt-Txt,Pos,0.61060256
CLIP_RN50,mscoco,Txt-Txt,Pos,0.32532737
CLIP_RN50,mscoco,Txt-Txt,Pos,0.7150011
CLIP_RN50,mscoco,Txt-Txt,Pos,0.6047686
CLIP_RN50,mscoco,Txt-Txt,Pos,0.5838368
CLIP_RN50,mscoco,Txt-Txt,Pos,0.61635286
CLIP_RN50,mscoco,Txt-Txt,Pos,0.55777276
CLIP_RN50,mscoco,Txt-Txt,Pos,0.6422495
CLIP_RN50,mscoco,Txt-Txt,Pos,0.6011789
CLIP_RN50,mscoco,Txt-Txt,Pos,0.73317885
CLIP_RN50,mscoco,Txt-Txt,Pos,0.52951425
CLIP_RN50,mscoco,Txt-Txt,Pos,0.63249326
CLIP_RN50,mscoco,Txt-Txt,Pos,0.44855404
CLIP_RN50,mscoco,Txt-Txt,Pos,0.6184704
CLIP_RN50,mscoco,Txt-Txt,Pos,0.7351856
CLIP_RN50,mscoco,Txt-Txt,Pos,0.45095807
CLIP_RN50,mscoco,Txt-Txt,Pos,0.5130569
CLIP_RN50,mscoco,Txt-Txt,Pos,0.6113724
CLIP_RN50,mscoco,Txt-Txt,Pos,0.5297412
CLIP_RN50,mscoco,Txt-Txt,Pos,0.6827551
CLIP_RN50,mscoco,Txt-Txt,Pos,0.6847489
CLIP_RN50,mscoco,Txt-Txt,Pos,0.42724365
CLIP_RN50,mscoco,Txt-Txt,Pos,0.5129056
CLIP_RN50,mscoco,Txt-Txt,Pos,0.32385117
CLIP_RN50,mscoco,Txt-Txt,Pos,0.6821176
CLIP_RN50,mscoco,Txt-Txt,Pos,0.44471496
CLIP_RN50,mscoco,Txt-Txt,Pos,0.6406254
CLIP_RN50,mscoco,Txt-Txt,Pos,0.69316936
CLIP_RN50,mscoco,Txt-Txt,Pos,0.6985121
CLIP_RN50,mscoco,Txt-Txt,Pos,0.67028904
CLIP_RN50,mscoco,Txt-Txt,Pos,0.6320918
CLIP_RN50,mscoco,Txt-Txt,Pos,0.3880654
CLIP_RN50,mscoco,Txt-Txt,Pos,0.5700267
CLIP_RN50,mscoco,Txt-Txt,Pos,0.5329584
CLIP_RN50,mscoco,Txt-Txt,Pos,0.6493089
CLIP_RN50,mscoco,Txt-Txt,Pos,0.33399686
CLIP_RN50,mscoco,Txt-Txt,Pos,0.8138618
CLIP_RN50,mscoco,Txt-Txt,Pos,0.509693
CLIP_RN50,mscoco,Txt-Txt,Pos,0.34698454
CLIP_RN50,mscoco,Txt-Txt,Pos,0.7523017
CLIP_RN50,mscoco,Txt-Txt,Pos,0.6500547
CLIP_RN50,mscoco,Txt-Txt,Pos,0.599641
CLIP_RN50,mscoco,Txt-Txt,Pos,0.40368342
CLIP_RN50,mscoco,Txt-Txt,Pos,0.55239505
CLIP_RN50,mscoco,Txt-Txt,Pos,0.72492546
CLIP_RN50,mscoco,Txt-Txt,Pos,0.6232552
CLIP_RN50,mscoco,Txt-Txt,Pos,0.5645676
CLIP_RN50,mscoco,Txt-Txt,Pos,0.6668059
CLIP_RN50,mscoco,Txt-Txt,Pos,0.51102436
CLIP_RN50,mscoco,Txt-Txt,Pos,0.51322645
CLIP_RN50,mscoco,Txt-Txt,Pos,0.41854647
CLIP_RN50,mscoco,Txt-Txt,Pos,0.4982052
CLIP_RN50,mscoco,Txt-Txt,Pos,0.42933375
CLIP_RN50,mscoco,Txt-Txt,Pos,0.6080873
CLIP_RN50,mscoco,Txt-Txt,Pos,0.41400808
CLIP_RN50,mscoco,Txt-Txt,Pos,0.7875039
CLIP_RN50,mscoco,Txt-Txt,Pos,0.621743
CLIP_RN50,mscoco,Txt-Txt,Pos,0.56869805
CLIP_RN50,mscoco,Txt-Txt,Pos,0.52035236
CLIP_RN50,mscoco,Txt-Txt,Pos,0.73905534
CLIP_RN50,mscoco,Txt-Txt,Pos,0.36245006
CLIP_RN50,mscoco,Txt-Txt,Pos,0.7065006
CLIP_RN50,mscoco,Txt-Txt,Pos,0.4464646
CLIP_RN50,mscoco,Txt-Txt,Pos,0.54352015
CLIP_RN50,mscoco,Txt-Txt,Pos,0.6978005
CLIP_RN50,mscoco,Txt-Txt,Pos,0.6867563
CLIP_RN50,mscoco,Txt-Txt,Pos,0.54724544
CLIP_RN50,mscoco,Txt-Txt,Pos,0.839717
CLIP_RN50,mscoco,Txt-Txt,Pos,0.5824518
CLIP_RN50,mscoco,Txt-Txt,Pos,0.62426364
CLIP_RN50,mscoco,Txt-Txt,Pos,0.83484584
CLIP_RN50,mscoco,Txt-Txt,Pos,0.543174
CLIP_RN50,mscoco,Txt-Txt,Pos,0.51214993
CLIP_RN50,mscoco,Txt-Txt,Pos,0.576414
CLIP_RN50,mscoco,Txt-Txt,Pos,0.5015408
CLIP_RN50,mscoco,Txt-Txt,Pos,0.4302298
CLIP_RN50,mscoco,Txt-Txt,Pos,0.52275383
CLIP_RN50,mscoco,Txt-Txt,Pos,0.55980206
CLIP_RN50,mscoco,Txt-Txt,Pos,0.50334024
CLIP_RN50,mscoco,Txt-Txt,Pos,0.49938303
CLIP_RN50,mscoco,Txt-Txt,Pos,0.43470693
CLIP_RN50,mscoco,Txt-Txt,Pos,0.64375186
CLIP_RN50,mscoco,Txt-Txt,Pos,0.6562231
CLIP_RN50,mscoco,Txt-Txt,Pos,0.8615566
CLIP_RN50,mscoco,Txt-Txt,Pos,0.48755717
CLIP_RN50,mscoco,Txt-Txt,Pos,0.4873433
CLIP_RN50,mscoco,Txt-Txt,Pos,0.63184303
CLIP_RN50,mscoco,Txt-Txt,Pos,0.49714518
CLIP_RN50,mscoco,Txt-Txt,Pos,0.75306743
CLIP_RN50,mscoco,Txt-Txt,Pos,0.77990395
CLIP_RN50,mscoco,Txt-Txt,Pos,0.5861276
CLIP_RN50,mscoco,Txt-Txt,Pos,0.56086373
CLIP_RN50,mscoco,Txt-Txt,Pos,0.7193015
CLIP_RN50,mscoco,Txt-Txt,Pos,0.5025068
CLIP_RN50,mscoco,Txt-Txt,Pos,0.5212306
CLIP_RN50,mscoco,Txt-Txt,Pos,0.49076843
CLIP_RN50,mscoco,Txt-Txt,Pos,0.759777
CLIP_RN50,mscoco,Txt-Txt,Pos,0.6010125
CLIP_RN50,mscoco,Txt-Txt,Pos,0.633553
CLIP_RN50,mscoco,Txt-Txt,Pos,0.58864856
CLIP_RN50,mscoco,Txt-Txt,Pos,0.50173926
CLIP_RN50,mscoco,Txt-Txt,Pos,0.39960968
CLIP_RN50,mscoco,Txt-Txt,Pos,0.5926913
CLIP_RN50,mscoco,Txt-Txt,Pos,0.47010693
CLIP_RN50,mscoco,Txt-Txt,Pos,0.40990728
CLIP_RN50,mscoco,Txt-Txt,Pos,0.6325298
CLIP_RN50,mscoco,Txt-Txt,Pos,0.5995054
CLIP_RN50,mscoco,Txt-Txt,Pos,0.584874
CLIP_RN50,mscoco,Txt-Txt,Pos,0.5023205
CLIP_RN50,mscoco,Txt-Txt,Pos,0.54216015
CLIP_RN50,mscoco,Txt-Txt,Pos,0.5887986
CLIP_RN50,mscoco,Txt-Txt,Pos,0.5160212
CLIP_RN50,mscoco,Txt-Txt,Pos,0.5535635
CLIP_RN50,mscoco,Txt-Txt,Pos,0.6399427
CLIP_RN50,mscoco,Txt-Txt,Pos,0.76308316
CLIP_RN50,mscoco,Txt-Txt,Pos,0.6408505
CLIP_RN50,mscoco,Txt-Txt,Pos,0.69958836
CLIP_RN50,mscoco,Txt-Txt,Pos,0.7518736
CLIP_RN50,mscoco,Txt-Txt,Pos,0.5436178
CLIP_RN50,mscoco,Txt-Txt,Pos,0.50923085
CLIP_RN50,mscoco,Txt-Txt,Pos,0.6173263
CLIP_RN50,mscoco,Txt-Txt,Pos,0.4961927
CLIP_RN50,mscoco,Txt-Txt,Pos,0.5486375
CLIP_RN50,mscoco,Txt-Txt,Pos,0.6222833
CLIP_RN50,mscoco,Txt-Txt,Pos,0.5033262
CLIP_RN50,mscoco,Txt-Txt,Pos,0.71108806
CLIP_RN50,mscoco,Txt-Txt,Pos,0.9635277
CLIP_RN50,mscoco,Txt-Txt,Pos,0.44315955
CLIP_RN50,mscoco,Txt-Txt,Pos,0.57531196
CLIP_RN50,mscoco,Txt-Txt,Pos,0.7423377
CLIP_RN50,mscoco,Txt-Txt,Pos,0.46010202
CLIP_RN50,mscoco,Txt-Txt,Pos,0.67085284
CLIP_RN50,mscoco,Txt-Txt,Pos,0.6215564
CLIP_RN50,mscoco,Txt-Txt,Pos,0.69415975
CLIP_RN50,mscoco,Txt-Txt,Pos,0.4679982
CLIP_RN50,mscoco,Txt-Txt,Pos,0.8811364
CLIP_RN50,mscoco,Txt-Txt,Pos,0.625965
CLIP_RN50,mscoco,Txt-Txt,Pos,0.7067869
CLIP_RN50,mscoco,Txt-Txt,Pos,0.4988037
CLIP_RN50,mscoco,Txt-Txt,Pos,0.59481514
CLIP_RN50,mscoco,Txt-Txt,Pos,0.64229476
CLIP_RN50,mscoco,Txt-Txt,Pos,0.46921864
CLIP_RN50,mscoco,Txt-Txt,Pos,0.5764081
CLIP_RN50,mscoco,Txt-Txt,Pos,0.5811284
CLIP_RN50,mscoco,Txt-Txt,Pos,0.61722904
CLIP_RN50,mscoco,Txt-Txt,Pos,0.5695179
CLIP_RN50,mscoco,Txt-Txt,Pos,0.55147016
CLIP_RN50,mscoco,Txt-Txt,Pos,0.6429467
CLIP_RN50,mscoco,Txt-Txt,Pos,0.6539965
CLIP_RN50,mscoco,Txt-Txt,Pos,0.598533
CLIP_RN50,mscoco,Txt-Txt,Pos,0.48733988
CLIP_RN50,mscoco,Txt-Txt,Pos,0.5171486
CLIP_RN50,mscoco,Txt-Txt,Pos,0.63517296
CLIP_RN50,mscoco,Txt-Txt,Pos,0.6827275
CLIP_RN50,mscoco,Txt-Txt,Pos,0.5378411
CLIP_RN50,mscoco,Txt-Txt,Pos,0.2589128
CLIP_RN50,mscoco,Txt-Txt,Pos,0.5008509
CLIP_RN50,mscoco,Txt-Txt,Pos,0.57126033
CLIP_RN50,mscoco,Txt-Txt,Pos,0.6762481
CLIP_RN50,mscoco,Txt-Txt,Pos,0.7965934
CLIP_RN50,mscoco,Txt-Txt,Pos,0.577134
CLIP_RN50,mscoco,Txt-Txt,Pos,0.4689159
CLIP_RN50,mscoco,Txt-Txt,Pos,0.3791764
CLIP_RN50,mscoco,Txt-Txt,Pos,0.72249836
CLIP_RN50,mscoco,Txt-Txt,Pos,0.7879812
CLIP_RN50,mscoco,Txt-Txt,Pos,0.5279448
CLIP_RN50,mscoco,Txt-Txt,Pos,0.6448553
CLIP_RN50,mscoco,Img-Img,Pos,0.7516819
CLIP_RN50,mscoco,Img-Img,Pos,0.805725
CLIP_RN50,mscoco,Img-Img,Pos,0.66873866
CLIP_RN50,mscoco,Img-Img,Pos,0.6105084
CLIP_RN50,mscoco,Img-Img,Pos,0.7420337
CLIP_RN50,mscoco,Img-Img,Pos,0.5946154
CLIP_RN50,mscoco,Img-Img,Pos,0.75752234
CLIP_RN50,mscoco,Img-Img,Pos,0.84017825
CLIP_RN50,mscoco,Img-Img,Pos,0.6715947
CLIP_RN50,mscoco,Img-Img,Pos,0.61224926
CLIP_RN50,mscoco,Img-Img,Pos,0.842667
CLIP_RN50,mscoco,Img-Img,Pos,0.41326588
CLIP_RN50,mscoco,Img-Img,Pos,0.6890051
CLIP_RN50,mscoco,Img-Img,Pos,0.59905326
CLIP_RN50,mscoco,Img-Img,Pos,0.78413594
CLIP_RN50,mscoco,Img-Img,Pos,0.86452574
CLIP_RN50,mscoco,Img-Img,Pos,0.66945
CLIP_RN50,mscoco,Img-Img,Pos,0.5735987
CLIP_RN50,mscoco,Img-Img,Pos,0.60907304
CLIP_RN50,mscoco,Img-Img,Pos,0.74620056
CLIP_RN50,mscoco,Img-Img,Pos,0.6422686
CLIP_RN50,mscoco,Img-Img,Pos,0.7101019
CLIP_RN50,mscoco,Img-Img,Pos,0.74914473
CLIP_RN50,mscoco,Img-Img,Pos,0.8073813
CLIP_RN50,mscoco,Img-Img,Pos,0.8372219
CLIP_RN50,mscoco,Img-Img,Pos,0.65695214
CLIP_RN50,mscoco,Img-Img,Pos,0.62370944
CLIP_RN50,mscoco,Img-Img,Pos,0.4755103
CLIP_RN50,mscoco,Img-Img,Pos,0.35365638
CLIP_RN50,mscoco,Img-Img,Pos,0.46028328
CLIP_RN50,mscoco,Img-Img,Pos,0.6843369
CLIP_RN50,mscoco,Img-Img,Pos,0.87010866
CLIP_RN50,mscoco,Img-Img,Pos,0.79273826
CLIP_RN50,mscoco,Img-Img,Pos,0.8122381
CLIP_RN50,mscoco,Img-Img,Pos,0.80095303
CLIP_RN50,mscoco,Img-Img,Pos,0.8163535
CLIP_RN50,mscoco,Img-Img,Pos,0.62527573
CLIP_RN50,mscoco,Img-Img,Pos,0.48076507
CLIP_RN50,mscoco,Img-Img,Pos,0.58983386
CLIP_RN50,mscoco,Img-Img,Pos,0.49641603
CLIP_RN50,mscoco,Img-Img,Pos,0.6678737
CLIP_RN50,mscoco,Img-Img,Pos,0.46165487
CLIP_RN50,mscoco,Img-Img,Pos,0.57971466
CLIP_RN50,mscoco,Img-Img,Pos,0.679421
CLIP_RN50,mscoco,Img-Img,Pos,0.8016081
CLIP_RN50,mscoco,Img-Img,Pos,0.7354513
CLIP_RN50,mscoco,Img-Img,Pos,0.77959067
CLIP_RN50,mscoco,Img-Img,Pos,0.6771736
CLIP_RN50,mscoco,Img-Img,Pos,0.72866166
CLIP_RN50,mscoco,Img-Img,Pos,0.56628096
CLIP_RN50,mscoco,Img-Img,Pos,0.86317885
CLIP_RN50,mscoco,Img-Img,Pos,0.4595498
CLIP_RN50,mscoco,Img-Img,Pos,0.5774899
CLIP_RN50,mscoco,Img-Img,Pos,0.6710462
CLIP_RN50,mscoco,Img-Img,Pos,0.77543205
CLIP_RN50,mscoco,Img-Img,Pos,0.5350178
CLIP_RN50,mscoco,Img-Img,Pos,0.7280226
CLIP_RN50,mscoco,Img-Img,Pos,0.7330308
CLIP_RN50,mscoco,Img-Img,Pos,0.8196945
CLIP_RN50,mscoco,Img-Img,Pos,0.6910047
CLIP_RN50,mscoco,Img-Img,Pos,0.46628213
CLIP_RN50,mscoco,Img-Img,Pos,0.7782949
CLIP_RN50,mscoco,Img-Img,Pos,0.6716178
CLIP_RN50,mscoco,Img-Img,Pos,0.72987366
CLIP_RN50,mscoco,Img-Img,Pos,0.8669067
CLIP_RN50,mscoco,Img-Img,Pos,0.57230234
CLIP_RN50,mscoco,Img-Img,Pos,0.37462208
CLIP_RN50,mscoco,Img-Img,Pos,0.5856001
CLIP_RN50,mscoco,Img-Img,Pos,0.608868
CLIP_RN50,mscoco,Img-Img,Pos,0.79383177
CLIP_RN50,mscoco,Img-Img,Pos,0.49695975
CLIP_RN50,mscoco,Img-Img,Pos,0.6892451
CLIP_RN50,mscoco,Img-Img,Pos,0.47198176
CLIP_RN50,mscoco,Img-Img,Pos,0.5761898
CLIP_RN50,mscoco,Img-Img,Pos,0.5681835
CLIP_RN50,mscoco,Img-Img,Pos,0.83724964
CLIP_RN50,mscoco,Img-Img,Pos,0.42043445
CLIP_RN50,mscoco,Img-Img,Pos,0.69350326
CLIP_RN50,mscoco,Img-Img,Pos,0.65151906
CLIP_RN50,mscoco,Img-Img,Pos,0.4915164
CLIP_RN50,mscoco,Img-Img,Pos,0.5950881
CLIP_RN50,mscoco,Img-Img,Pos,0.75633186
CLIP_RN50,mscoco,Img-Img,Pos,0.7004086
CLIP_RN50,mscoco,Img-Img,Pos,0.7467601
CLIP_RN50,mscoco,Img-Img,Pos,0.8785287
CLIP_RN50,mscoco,Img-Img,Pos,0.59230995
CLIP_RN50,mscoco,Img-Img,Pos,0.28102463
CLIP_RN50,mscoco,Img-Img,Pos,0.69885343
CLIP_RN50,mscoco,Img-Img,Pos,0.5641328
CLIP_RN50,mscoco,Img-Img,Pos,0.61693037
CLIP_RN50,mscoco,Img-Img,Pos,0.7841804
CLIP_RN50,mscoco,Img-Img,Pos,0.59532064
CLIP_RN50,mscoco,Img-Img,Pos,0.64587265
CLIP_RN50,mscoco,Img-Img,Pos,0.63102174
CLIP_RN50,mscoco,Img-Img,Pos,0.6949345
CLIP_RN50,mscoco,Img-Img,Pos,0.64899147
CLIP_RN50,mscoco,Img-Img,Pos,0.56439173
CLIP_RN50,mscoco,Img-Img,Pos,0.51904255
CLIP_RN50,mscoco,Img-Img,Pos,0.609863
CLIP_RN50,mscoco,Img-Img,Pos,0.69215536
CLIP_RN50,mscoco,Img-Img,Pos,0.7689205
CLIP_RN50,mscoco,Img-Img,Pos,0.8439683
CLIP_RN50,mscoco,Img-Img,Pos,0.82452667
CLIP_RN50,mscoco,Img-Img,Pos,0.86739814
CLIP_RN50,mscoco,Img-Img,Pos,0.50651246
CLIP_RN50,mscoco,Img-Img,Pos,0.6632217
CLIP_RN50,mscoco,Img-Img,Pos,0.7601114
CLIP_RN50,mscoco,Img-Img,Pos,0.800788
CLIP_RN50,mscoco,Img-Img,Pos,0.82384825
CLIP_RN50,mscoco,Img-Img,Pos,0.46368158
CLIP_RN50,mscoco,Img-Img,Pos,0.4524613
CLIP_RN50,mscoco,Img-Img,Pos,0.7677844
CLIP_RN50,mscoco,Img-Img,Pos,0.49110633
CLIP_RN50,mscoco,Img-Img,Pos,0.6218603
CLIP_RN50,mscoco,Img-Img,Pos,0.69033664
CLIP_RN50,mscoco,Img-Img,Pos,0.57470584
CLIP_RN50,mscoco,Img-Img,Pos,0.59698445
CLIP_RN50,mscoco,Img-Img,Pos,0.53681374
CLIP_RN50,mscoco,Img-Img,Pos,0.82662624
CLIP_RN50,mscoco,Img-Img,Pos,0.5345185
CLIP_RN50,mscoco,Img-Img,Pos,0.533386
CLIP_RN50,mscoco,Img-Img,Pos,0.6422014
CLIP_RN50,mscoco,Img-Img,Pos,0.70921403
CLIP_RN50,mscoco,Img-Img,Pos,0.87249
CLIP_RN50,mscoco,Img-Img,Pos,0.6569828
CLIP_RN50,mscoco,Img-Img,Pos,0.81270576
CLIP_RN50,mscoco,Img-Img,Pos,0.6861776
CLIP_RN50,mscoco,Img-Img,Pos,0.65711105
CLIP_RN50,mscoco,Img-Img,Pos,0.76635444
CLIP_RN50,mscoco,Img-Img,Pos,0.865639
CLIP_RN50,mscoco,Img-Img,Pos,0.44614217
CLIP_RN50,mscoco,Img-Img,Pos,0.6994484
CLIP_RN50,mscoco,Img-Img,Pos,0.9043835
CLIP_RN50,mscoco,Img-Img,Pos,0.4407736
CLIP_RN50,mscoco,Img-Img,Pos,0.544635
CLIP_RN50,mscoco,Img-Img,Pos,0.58963174
CLIP_RN50,mscoco,Img-Img,Pos,0.6023681
CLIP_RN50,mscoco,Img-Img,Pos,0.5629706
CLIP_RN50,mscoco,Img-Img,Pos,0.8316458
CLIP_RN50,mscoco,Img-Img,Pos,0.5187348
CLIP_RN50,mscoco,Img-Img,Pos,0.4178876
CLIP_RN50,mscoco,Img-Img,Pos,0.819037
CLIP_RN50,mscoco,Img-Img,Pos,0.7355042
CLIP_RN50,mscoco,Img-Img,Pos,0.49113065
CLIP_RN50,mscoco,Img-Img,Pos,0.85264534
CLIP_RN50,mscoco,Img-Img,Pos,0.59020776
CLIP_RN50,mscoco,Img-Img,Pos,0.7220495
CLIP_RN50,mscoco,Img-Img,Pos,0.76090974
CLIP_RN50,mscoco,Img-Img,Pos,0.7549809
CLIP_RN50,mscoco,Img-Img,Pos,0.47481886
CLIP_RN50,mscoco,Img-Img,Pos,0.76591974
CLIP_RN50,mscoco,Img-Img,Pos,0.8709588
CLIP_RN50,mscoco,Img-Img,Pos,0.7822607
CLIP_RN50,mscoco,Img-Img,Pos,0.80422807
CLIP_RN50,mscoco,Img-Img,Pos,0.8663415
CLIP_RN50,mscoco,Img-Img,Pos,0.48272917
CLIP_RN50,mscoco,Img-Img,Pos,0.49663368
CLIP_RN50,mscoco,Img-Img,Pos,0.6794943
CLIP_RN50,mscoco,Img-Img,Pos,0.90223014
CLIP_RN50,mscoco,Img-Img,Pos,0.39776468
CLIP_RN50,mscoco,Img-Img,Pos,0.6962949
CLIP_RN50,mscoco,Img-Img,Pos,0.58253723
CLIP_RN50,mscoco,Img-Img,Pos,0.53623176
CLIP_RN50,mscoco,Img-Img,Pos,0.6040149
CLIP_RN50,mscoco,Img-Img,Pos,0.64502823
CLIP_RN50,mscoco,Img-Img,Pos,0.6112028
CLIP_RN50,mscoco,Img-Img,Pos,0.67953825
CLIP_RN50,mscoco,Img-Img,Pos,0.61152864
CLIP_RN50,mscoco,Img-Img,Pos,0.4730956
CLIP_RN50,mscoco,Img-Img,Pos,0.6995029
CLIP_RN50,mscoco,Img-Img,Pos,0.8232451
CLIP_RN50,mscoco,Img-Img,Pos,0.515609
CLIP_RN50,mscoco,Img-Img,Pos,0.303254
CLIP_RN50,mscoco,Img-Img,Pos,0.5544519
CLIP_RN50,mscoco,Img-Img,Pos,0.32930753
CLIP_RN50,mscoco,Img-Img,Pos,0.8038118
CLIP_RN50,mscoco,Img-Img,Pos,0.63085353
CLIP_RN50,mscoco,Img-Img,Pos,0.55752367
CLIP_RN50,mscoco,Img-Img,Pos,0.6133528
CLIP_RN50,mscoco,Img-Img,Pos,0.42180565
CLIP_RN50,mscoco,Img-Img,Pos,0.6746423
CLIP_RN50,mscoco,Img-Img,Pos,0.45136875
CLIP_RN50,mscoco,Img-Img,Pos,0.86485577
CLIP_RN50,mscoco,Img-Img,Pos,0.6999215
CLIP_RN50,mscoco,Img-Img,Pos,0.5859999
CLIP_RN50,mscoco,Img-Img,Pos,0.57715225
CLIP_RN50,mscoco,Img-Img,Pos,0.59202397
CLIP_RN50,mscoco,Img-Img,Pos,0.5846625
CLIP_RN50,mscoco,Img-Img,Pos,0.73520404
CLIP_RN50,mscoco,Img-Img,Pos,0.39390403
CLIP_RN50,mscoco,Img-Img,Pos,0.5432311
CLIP_RN50,mscoco,Img-Img,Pos,0.74800587
CLIP_RN50,mscoco,Img-Img,Pos,0.55318516
CLIP_RN50,mscoco,Img-Img,Pos,0.56163013
CLIP_RN50,mscoco,Img-Img,Pos,0.57408464
CLIP_RN50,mscoco,Img-Img,Pos,0.6473424
CLIP_RN50,mscoco,Img-Img,Pos,0.6616236
CLIP_RN50,mscoco,Img-Img,Pos,0.47348934
CLIP_RN50,mscoco,Img-Img,Pos,0.3970053
CLIP_RN50,mscoco,Img-Img,Pos,0.52300006
CLIP_RN50,mscoco,Img-Img,Pos,0.71504664
CLIP_RN50,mscoco,Img-Img,Pos,0.45966715
CLIP_RN50,mscoco,Img-Img,Pos,0.6758928
CLIP_RN50,mscoco,Img-Img,Pos,0.6289966
CLIP_RN50,mscoco,Img-Img,Pos,0.7226582
CLIP_RN50,mscoco,Img-Img,Pos,0.5503499
CLIP_RN50,mscoco,Img-Img,Pos,0.58549523
CLIP_RN50,mscoco,Img-Img,Pos,0.6917355
CLIP_RN50,mscoco,Img-Img,Pos,0.47177356
CLIP_RN50,mscoco,Img-Img,Pos,0.60078365
CLIP_RN50,mscoco,Img-Img,Pos,0.4877075
CLIP_RN50,mscoco,Img-Img,Pos,0.69897926
CLIP_RN50,mscoco,Img-Img,Pos,0.64215255
CLIP_RN50,mscoco,Img-Img,Pos,0.8187765
CLIP_RN50,mscoco,Img-Img,Pos,0.57501525
CLIP_RN50,mscoco,Img-Img,Pos,0.7076936
CLIP_RN50,mscoco,Img-Img,Pos,0.55572724
CLIP_RN50,mscoco,Img-Img,Pos,0.69848645
CLIP_RN50,mscoco,Img-Img,Pos,0.71886766
CLIP_RN50,mscoco,Img-Img,Pos,0.6651001
CLIP_RN50,mscoco,Img-Img,Pos,0.76048684
CLIP_RN50,mscoco,Img-Img,Pos,0.5564356
CLIP_RN50,mscoco,Img-Img,Pos,0.834637
CLIP_RN50,mscoco,Img-Img,Pos,0.5911779
CLIP_RN50,mscoco,Img-Img,Pos,0.6521221
CLIP_RN50,mscoco,Img-Img,Pos,0.6439931
CLIP_RN50,mscoco,Img-Img,Pos,0.5680379
CLIP_RN50,mscoco,Img-Img,Pos,0.7851161
CLIP_RN50,mscoco,Img-Img,Pos,0.5452293
CLIP_RN50,mscoco,Img-Img,Pos,0.634285
CLIP_RN50,mscoco,Img-Img,Pos,0.60678685
CLIP_RN50,mscoco,Img-Img,Pos,0.7411257
CLIP_RN50,mscoco,Img-Img,Pos,0.8974879
CLIP_RN50,mscoco,Img-Img,Pos,0.79325783
CLIP_RN50,mscoco,Img-Img,Pos,0.78800595
CLIP_RN50,mscoco,Img-Img,Pos,0.41447923
CLIP_RN50,mscoco,Img-Img,Pos,0.77471274
CLIP_RN50,mscoco,Img-Img,Pos,0.72691154
CLIP_RN50,mscoco,Img-Img,Pos,0.75566185
CLIP_RN50,mscoco,Img-Img,Pos,0.6964939
CLIP_RN50,mscoco,Img-Img,Pos,0.6481445
CLIP_RN50,mscoco,Img-Img,Pos,0.33045414
CLIP_RN50,mscoco,Img-Img,Pos,0.56224525
CLIP_RN50,mscoco,Img-Img,Pos,0.75350916
CLIP_RN50,mscoco,Img-Img,Pos,0.64226717
CLIP_RN50,mscoco,Img-Img,Pos,0.71737283
CLIP_RN50,mscoco,Img-Img,Pos,0.6032065
CLIP_RN50,mscoco,Img-Img,Pos,0.8674766
CLIP_RN50,mscoco,Img-Img,Pos,0.69582105
CLIP_RN50,mscoco,Img-Img,Pos,0.6554217
CLIP_RN50,mscoco,Img-Img,Pos,0.8267177
CLIP_RN50,mscoco,Img-Img,Pos,0.7571084
CLIP_RN50,mscoco,Img-Img,Pos,0.8159682
CLIP_RN50,mscoco,Img-Img,Pos,0.49441716
CLIP_RN50,mscoco,Img-Img,Pos,0.5467792
CLIP_RN50,mscoco,Img-Img,Pos,0.75424445
CLIP_RN50,mscoco,Img-Img,Pos,0.5617651
CLIP_RN50,mscoco,Img-Img,Pos,0.77143246
CLIP_RN50,mscoco,Img-Img,Pos,0.54444
CLIP_RN50,mscoco,Img-Img,Pos,0.5032329
CLIP_RN50,mscoco,Img-Img,Pos,0.817535
CLIP_RN50,mscoco,Img-Img,Pos,0.7206365
CLIP_RN50,mscoco,Img-Img,Pos,0.8055564
CLIP_RN50,mscoco,Img-Img,Pos,0.6348603
CLIP_RN50,mscoco,Img-Img,Pos,0.65643686
CLIP_RN50,mscoco,Img-Img,Pos,0.52118564
CLIP_RN50,mscoco,Img-Img,Pos,0.81016976
CLIP_RN50,mscoco,Img-Img,Pos,0.32052
CLIP_RN50,mscoco,Img-Img,Pos,0.78338236
CLIP_RN50,mscoco,Img-Img,Pos,0.4975905
CLIP_RN50,mscoco,Img-Img,Pos,0.61473626
CLIP_RN50,mscoco,Img-Img,Pos,0.5297623
CLIP_RN50,mscoco,Img-Img,Pos,0.6461127
CLIP_RN50,mscoco,Img-Img,Pos,0.49943292
CLIP_RN50,mscoco,Img-Img,Pos,0.42327648
CLIP_RN50,mscoco,Img-Img,Pos,0.60065454
CLIP_RN50,mscoco,Img-Img,Pos,0.64804626
CLIP_RN50,mscoco,Img-Img,Pos,0.5944778
CLIP_RN50,mscoco,Img-Img,Pos,0.85208815
CLIP_RN50,mscoco,Img-Img,Pos,0.7628798
CLIP_RN50,mscoco,Img-Img,Pos,0.7439337
CLIP_RN50,mscoco,Img-Img,Pos,0.64310104
CLIP_RN50,mscoco,Img-Img,Pos,0.8025717
CLIP_RN50,mscoco,Img-Img,Pos,0.6085816
CLIP_RN50,mscoco,Img-Img,Pos,0.54988205
CLIP_RN50,mscoco,Img-Img,Pos,0.60855895
CLIP_RN50,mscoco,Img-Img,Pos,0.72622126
CLIP_RN50,mscoco,Img-Img,Pos,0.83089554
CLIP_RN50,mscoco,Img-Img,Pos,0.5973939
CLIP_RN50,mscoco,Img-Img,Pos,0.82274556
CLIP_RN50,mscoco,Img-Img,Pos,0.9257667
CLIP_RN50,mscoco,Img-Img,Pos,0.8092149
CLIP_RN50,mscoco,Img-Img,Pos,0.18155786
CLIP_RN50,mscoco,Img-Img,Pos,0.7002887
CLIP_RN50,mscoco,Img-Img,Pos,0.77308714
CLIP_RN50,mscoco,Img-Img,Pos,0.6628974
CLIP_RN50,mscoco,Img-Img,Pos,0.6301187
CLIP_RN50,mscoco,Img-Img,Pos,0.6283672
CLIP_RN50,mscoco,Img-Img,Pos,0.6108784
CLIP_RN50,mscoco,Img-Img,Pos,0.51296777
CLIP_RN50,mscoco,Img-Img,Pos,0.74142164
CLIP_RN50,mscoco,Img-Img,Pos,0.6454272
CLIP_RN50,mscoco,Img-Img,Pos,0.5870455
CLIP_RN50,mscoco,Img-Img,Pos,0.7419512
CLIP_RN50,mscoco,Img-Img,Pos,0.47373447
CLIP_RN50,mscoco,Img-Img,Pos,0.7508836
CLIP_RN50,mscoco,Img-Img,Pos,0.46397045
CLIP_RN50,mscoco,Img-Img,Pos,0.5159366
CLIP_RN50,mscoco,Img-Img,Pos,0.69376767
CLIP_RN50,mscoco,Img-Img,Pos,0.6799541
CLIP_RN50,mscoco,Img-Img,Pos,0.66835344
CLIP_RN50,mscoco,Img-Img,Pos,0.7199855
CLIP_RN50,mscoco,Img-Img,Pos,0.46906313
CLIP_RN50,mscoco,Img-Img,Pos,0.49897018
CLIP_RN50,mscoco,Img-Img,Pos,0.77910763
CLIP_RN50,mscoco,Img-Img,Pos,0.72763413
CLIP_RN50,mscoco,Img-Img,Pos,0.51999956
CLIP_RN50,mscoco,Img-Img,Pos,0.40448606
CLIP_RN50,mscoco,Img-Img,Pos,0.82451564
CLIP_RN50,mscoco,Img-Img,Pos,0.80963415
CLIP_RN50,mscoco,Img-Img,Pos,0.53319323
CLIP_RN50,mscoco,Img-Img,Pos,0.70263684
CLIP_RN50,mscoco,Img-Img,Pos,0.9362626
CLIP_RN50,mscoco,Img-Img,Pos,0.69571495
CLIP_RN50,mscoco,Img-Img,Pos,0.74275786
CLIP_RN50,mscoco,Img-Img,Pos,0.5844998
CLIP_RN50,mscoco,Img-Img,Pos,0.6520294
CLIP_RN50,mscoco,Img-Img,Pos,0.50918
CLIP_RN50,mscoco,Img-Img,Pos,0.6823251
CLIP_RN50,mscoco,Img-Img,Pos,0.6031785
CLIP_RN50,mscoco,Img-Img,Pos,0.53664654
CLIP_RN50,mscoco,Img-Img,Pos,0.55632526
CLIP_RN50,mscoco,Img-Img,Pos,0.72881997
CLIP_RN50,mscoco,Img-Img,Pos,0.6619531
CLIP_RN50,mscoco,Img-Img,Pos,0.65972865
CLIP_RN50,mscoco,Img-Img,Pos,0.6837978
CLIP_RN50,mscoco,Img-Img,Pos,0.6902135
CLIP_RN50,mscoco,Img-Img,Pos,0.8147949
CLIP_RN50,mscoco,Img-Img,Pos,0.7056557
CLIP_RN50,mscoco,Img-Img,Pos,0.42340413
CLIP_RN50,mscoco,Img-Img,Pos,0.46761113
CLIP_RN50,mscoco,Img-Img,Pos,0.76323664
CLIP_RN50,mscoco,Img-Img,Pos,0.5940026
CLIP_RN50,mscoco,Img-Img,Pos,0.63933074
CLIP_RN50,mscoco,Img-Img,Pos,0.65361154
CLIP_RN50,mscoco,Img-Img,Pos,0.8127072
CLIP_RN50,mscoco,Img-Img,Pos,0.690732
CLIP_RN50,mscoco,Img-Img,Pos,0.62816703
CLIP_RN50,mscoco,Img-Img,Pos,0.26107487
CLIP_RN50,mscoco,Img-Img,Pos,0.754528
CLIP_RN50,mscoco,Img-Img,Pos,0.43617666
CLIP_RN50,mscoco,Img-Img,Pos,0.5070487
CLIP_RN50,mscoco,Img-Img,Pos,0.57595074
CLIP_RN50,mscoco,Img-Img,Pos,0.71970737
CLIP_RN50,mscoco,Img-Img,Pos,0.5661341
CLIP_RN50,mscoco,Img-Img,Pos,0.7130065
CLIP_RN50,mscoco,Img-Img,Pos,0.80679584
CLIP_RN50,mscoco,Img-Img,Pos,0.47859144
CLIP_RN50,mscoco,Img-Img,Pos,0.78992426
CLIP_RN50,mscoco,Img-Img,Pos,0.51533055
CLIP_RN50,mscoco,Img-Img,Pos,0.6363733
CLIP_RN50,mscoco,Img-Img,Pos,0.5396761
CLIP_RN50,mscoco,Img-Img,Pos,0.8237902
CLIP_RN50,mscoco,Img-Img,Pos,0.7503831
CLIP_RN50,mscoco,Img-Img,Pos,0.52165264
CLIP_RN50,mscoco,Img-Img,Pos,0.75421983
CLIP_RN50,mscoco,Img-Img,Pos,0.53819567
CLIP_RN50,mscoco,Img-Img,Pos,0.5005245
CLIP_RN50,mscoco,Img-Img,Pos,0.42505223
CLIP_RN50,mscoco,Img-Img,Pos,0.6120765
CLIP_RN50,mscoco,Img-Img,Pos,0.72463167
CLIP_RN50,mscoco,Img-Img,Pos,0.5282247
CLIP_RN50,mscoco,Img-Img,Pos,0.5421569
CLIP_RN50,mscoco,Img-Img,Pos,0.48170286
CLIP_RN50,mscoco,Img-Img,Pos,0.5680888
CLIP_RN50,mscoco,Img-Img,Pos,0.66665226
CLIP_RN50,mscoco,Img-Img,Pos,0.49431074
CLIP_RN50,mscoco,Img-Img,Pos,0.6786734
CLIP_RN50,mscoco,Img-Img,Pos,0.49922824
CLIP_RN50,mscoco,Img-Img,Pos,0.4205952
CLIP_RN50,mscoco,Img-Img,Pos,0.62402177
CLIP_RN50,mscoco,Img-Img,Pos,0.34730452
CLIP_RN50,mscoco,Img-Img,Pos,0.69821805
CLIP_RN50,mscoco,Img-Img,Pos,0.62825507
CLIP_RN50,mscoco,Img-Img,Pos,0.7967932
CLIP_RN50,mscoco,Img-Img,Pos,0.46928194
CLIP_RN50,mscoco,Img-Img,Pos,0.72861546
CLIP_RN50,mscoco,Img-Img,Pos,0.4571215
CLIP_RN50,mscoco,Img-Img,Pos,0.40814194
CLIP_RN50,mscoco,Img-Img,Pos,0.47592878
CLIP_RN50,mscoco,Img-Img,Pos,0.5699837
CLIP_RN50,mscoco,Img-Img,Pos,0.19844395
CLIP_RN50,mscoco,Img-Img,Pos,0.8091034
CLIP_RN50,mscoco,Img-Img,Pos,0.47605082
CLIP_RN50,mscoco,Img-Img,Pos,0.5068031
CLIP_RN50,mscoco,Img-Img,Pos,0.6820389
CLIP_RN50,mscoco,Img-Img,Pos,0.84036714
CLIP_RN50,mscoco,Img-Img,Pos,0.54567933
CLIP_RN50,mscoco,Img-Img,Pos,0.55389196
CLIP_RN50,mscoco,Img-Img,Pos,0.5639261
CLIP_RN50,mscoco,Img-Img,Pos,0.73293436
CLIP_RN50,mscoco,Img-Img,Pos,0.82129174
CLIP_RN50,mscoco,Img-Img,Pos,0.5982942
CLIP_RN50,mscoco,Img-Img,Pos,0.6626903
CLIP_RN50,mscoco,Img-Img,Pos,0.76450896
CLIP_RN50,mscoco,Img-Img,Pos,0.30610314
CLIP_RN50,mscoco,Img-Img,Pos,0.49537712
CLIP_RN50,mscoco,Img-Img,Pos,0.41842917
CLIP_RN50,mscoco,Img-Img,Pos,0.6672617
CLIP_RN50,mscoco,Img-Img,Pos,0.39960408
CLIP_RN50,mscoco,Img-Img,Pos,0.38578913
CLIP_RN50,mscoco,Img-Img,Pos,0.83296263
CLIP_RN50,mscoco,Img-Img,Pos,0.77293026
CLIP_RN50,mscoco,Img-Img,Pos,0.69903916
CLIP_RN50,mscoco,Img-Img,Pos,0.5669657
CLIP_RN50,mscoco,Img-Img,Pos,0.7309608
CLIP_RN50,mscoco,Img-Img,Pos,0.57081044
CLIP_RN50,mscoco,Img-Img,Pos,0.8121614
CLIP_RN50,mscoco,Img-Img,Pos,0.7149459
CLIP_RN50,mscoco,Img-Img,Pos,0.52764
CLIP_RN50,mscoco,Img-Img,Pos,0.6385093
CLIP_RN50,mscoco,Img-Img,Pos,0.74068487
CLIP_RN50,mscoco,Img-Img,Pos,0.34315377
CLIP_RN50,mscoco,Img-Img,Pos,0.72133934
CLIP_RN50,mscoco,Img-Img,Pos,0.4777999
CLIP_RN50,mscoco,Img-Img,Pos,0.5958769
CLIP_RN50,mscoco,Img-Img,Pos,0.7170025
CLIP_RN50,mscoco,Img-Img,Pos,0.33154088
CLIP_RN50,mscoco,Img-Img,Pos,0.45914152
CLIP_RN50,mscoco,Img-Img,Pos,0.6575339
CLIP_RN50,mscoco,Img-Img,Pos,0.6674855
CLIP_RN50,mscoco,Img-Img,Pos,0.5111135
CLIP_RN50,mscoco,Img-Img,Pos,0.70640063
CLIP_RN50,mscoco,Img-Img,Pos,0.48937395
CLIP_RN50,mscoco,Img-Img,Pos,0.5664861
CLIP_RN50,mscoco,Img-Img,Pos,0.7530349
CLIP_RN50,mscoco,Img-Img,Pos,0.52562016
CLIP_RN50,mscoco,Img-Img,Pos,0.49581274
CLIP_RN50,mscoco,Img-Img,Pos,0.5843228
CLIP_RN50,mscoco,Img-Img,Pos,0.874885
CLIP_RN50,mscoco,Img-Img,Pos,0.47414473
CLIP_RN50,mscoco,Img-Img,Pos,0.5895608
CLIP_RN50,mscoco,Img-Img,Pos,0.72272956
CLIP_RN50,mscoco,Img-Img,Pos,0.37542447
CLIP_RN50,mscoco,Img-Img,Pos,0.7343122
CLIP_RN50,mscoco,Img-Img,Pos,0.68245035
CLIP_RN50,mscoco,Img-Img,Pos,0.5803931
CLIP_RN50,mscoco,Img-Img,Pos,0.77522016
CLIP_RN50,mscoco,Img-Img,Pos,0.4303803
CLIP_RN50,mscoco,Img-Img,Pos,0.6950208
CLIP_RN50,mscoco,Img-Img,Pos,0.36743018
CLIP_RN50,mscoco,Img-Img,Pos,0.65421915
CLIP_RN50,mscoco,Img-Img,Pos,0.7692651
CLIP_RN50,mscoco,Img-Img,Pos,0.6766433
CLIP_RN50,mscoco,Img-Img,Pos,0.6960556
CLIP_RN50,mscoco,Img-Img,Pos,0.46824533
CLIP_RN50,mscoco,Img-Img,Pos,0.3617168
CLIP_RN50,mscoco,Img-Img,Pos,0.5917515
CLIP_RN50,mscoco,Img-Img,Pos,0.5294884
CLIP_RN50,mscoco,Img-Img,Pos,0.43765447
CLIP_RN50,mscoco,Img-Img,Pos,0.5659173
CLIP_RN50,mscoco,Img-Img,Pos,0.5540954
CLIP_RN50,mscoco,Img-Img,Pos,0.4363842
CLIP_RN50,mscoco,Img-Img,Pos,0.4308768
CLIP_RN50,mscoco,Img-Img,Pos,0.7178444
CLIP_RN50,mscoco,Img-Img,Pos,0.71210104
CLIP_RN50,mscoco,Img-Img,Pos,0.6609989
CLIP_RN50,mscoco,Img-Img,Pos,0.79693055
CLIP_RN50,mscoco,Img-Img,Pos,0.7332826
CLIP_RN50,mscoco,Img-Img,Pos,0.7522264
CLIP_RN50,mscoco,Img-Img,Pos,0.70758903
CLIP_RN50,mscoco,Img-Img,Pos,0.64902556
CLIP_RN50,mscoco,Img-Img,Pos,0.8911608
CLIP_RN50,mscoco,Img-Img,Pos,0.67967284
CLIP_RN50,mscoco,Img-Img,Pos,0.5276992
CLIP_RN50,mscoco,Img-Img,Pos,0.527212
CLIP_RN50,mscoco,Img-Img,Pos,0.70882016
CLIP_RN50,mscoco,Img-Img,Pos,0.5928426
CLIP_RN50,mscoco,Img-Img,Pos,0.6595372
CLIP_RN50,mscoco,Img-Img,Pos,0.6071315
CLIP_RN50,mscoco,Img-Img,Pos,0.6113667
CLIP_RN50,mscoco,Img-Img,Pos,0.7785724
CLIP_RN50,mscoco,Img-Img,Pos,0.89095
CLIP_RN50,mscoco,Img-Img,Pos,0.76360625
CLIP_RN50,mscoco,Img-Img,Pos,0.751331
CLIP_RN50,mscoco,Img-Img,Pos,0.8663249
CLIP_RN50,mscoco,Img-Img,Pos,0.43637988
CLIP_RN50,mscoco,Img-Img,Pos,0.8584994
CLIP_RN50,mscoco,Img-Img,Pos,0.70924085
CLIP_RN50,mscoco,Img-Img,Pos,0.70171237
CLIP_RN50,mscoco,Img-Img,Pos,0.6736928
CLIP_RN50,mscoco,Img-Img,Pos,0.91030616
CLIP_RN50,mscoco,Img-Img,Pos,0.5144954
CLIP_RN50,mscoco,Img-Img,Pos,0.73365563
CLIP_RN50,mscoco,Img-Img,Pos,0.5654591
CLIP_RN50,mscoco,Img-Img,Pos,0.58826375
CLIP_RN50,mscoco,Img-Img,Pos,0.6028849
CLIP_RN50,mscoco,Img-Img,Pos,0.66052866
CLIP_RN50,mscoco,Img-Img,Pos,0.48951927
CLIP_RN50,mscoco,Img-Img,Pos,0.4338141
CLIP_RN50,mscoco,Img-Img,Pos,0.54033023
CLIP_RN50,mscoco,Img-Img,Pos,0.64879364
CLIP_RN50,mscoco,Img-Img,Pos,0.42511517
CLIP_RN50,mscoco,Img-Img,Pos,0.5772598
CLIP_RN50,mscoco,Img-Img,Pos,0.66688305
CLIP_RN50,mscoco,Img-Img,Pos,0.6379694
CLIP_RN50,mscoco,Img-Img,Pos,0.5195468
CLIP_RN50,mscoco,Img-Img,Pos,0.5081569
CLIP_RN50,mscoco,Img-Img,Pos,0.555984
CLIP_RN50,mscoco,Img-Img,Pos,0.8676007
CLIP_RN50,mscoco,Img-Img,Pos,0.5640684
CLIP_RN50,mscoco,Img-Img,Pos,0.44163245
CLIP_RN50,mscoco,Img-Img,Pos,0.31138623
CLIP_RN50,mscoco,Img-Img,Pos,0.8303986
CLIP_RN50,mscoco,Img-Img,Pos,0.3504864
CLIP_RN50,mscoco,Img-Img,Pos,0.7701333
CLIP_RN50,mscoco,Img-Img,Pos,0.76511544
CLIP_RN50,mscoco,Img-Img,Pos,0.6562229
CLIP_RN50,mscoco,Img-Img,Pos,0.6149653
CLIP_RN50,mscoco,Img-Img,Pos,0.5776301
CLIP_RN50,mscoco,Img-Img,Pos,0.5613131
CLIP_RN50,mscoco,Img-Img,Pos,0.7704548
CLIP_RN50,mscoco,Img-Img,Pos,0.56052977
CLIP_RN50,mscoco,Txt-Img,Pos,0.2305826
CLIP_RN50,mscoco,Txt-Img,Pos,0.19849627
CLIP_RN50,mscoco,Txt-Img,Pos,0.26340714
CLIP_RN50,mscoco,Txt-Img,Pos,0.25550923
CLIP_RN50,mscoco,Txt-Img,Pos,0.26366448
CLIP_RN50,mscoco,Txt-Img,Pos,0.29073364
CLIP_RN50,mscoco,Txt-Img,Pos,0.23679335
CLIP_RN50,mscoco,Txt-Img,Pos,0.26676828
CLIP_RN50,mscoco,Txt-Img,Pos,0.27690515
CLIP_RN50,mscoco,Txt-Img,Pos,0.26278946
CLIP_RN50,mscoco,Txt-Img,Pos,0.28359216
CLIP_RN50,mscoco,Txt-Img,Pos,0.25987452
CLIP_RN50,mscoco,Txt-Img,Pos,0.26908678
CLIP_RN50,mscoco,Txt-Img,Pos,0.24191171
CLIP_RN50,mscoco,Txt-Img,Pos,0.24543774
CLIP_RN50,mscoco,Txt-Img,Pos,0.2539882
CLIP_RN50,mscoco,Txt-Img,Pos,0.30645838
CLIP_RN50,mscoco,Txt-Img,Pos,0.28463042
CLIP_RN50,mscoco,Txt-Img,Pos,0.14576998
CLIP_RN50,mscoco,Txt-Img,Pos,0.26140705
CLIP_RN50,mscoco,Txt-Img,Pos,0.23329678
CLIP_RN50,mscoco,Txt-Img,Pos,0.2679068
CLIP_RN50,mscoco,Txt-Img,Pos,0.28479356
CLIP_RN50,mscoco,Txt-Img,Pos,0.24754776
CLIP_RN50,mscoco,Txt-Img,Pos,0.2615046
CLIP_RN50,mscoco,Txt-Img,Pos,0.30025125
CLIP_RN50,mscoco,Txt-Img,Pos,0.27366066
CLIP_RN50,mscoco,Txt-Img,Pos,0.22114742
CLIP_RN50,mscoco,Txt-Img,Pos,0.2520617
CLIP_RN50,mscoco,Txt-Img,Pos,0.24899308
CLIP_RN50,mscoco,Txt-Img,Pos,0.27795178
CLIP_RN50,mscoco,Txt-Img,Pos,0.2562041
CLIP_RN50,mscoco,Txt-Img,Pos,0.2564575
CLIP_RN50,mscoco,Txt-Img,Pos,0.23625937
CLIP_RN50,mscoco,Txt-Img,Pos,0.27430782
CLIP_RN50,mscoco,Txt-Img,Pos,0.22446142
CLIP_RN50,mscoco,Txt-Img,Pos,0.3353045
CLIP_RN50,mscoco,Txt-Img,Pos,0.29737452
CLIP_RN50,mscoco,Txt-Img,Pos,0.29582518
CLIP_RN50,mscoco,Txt-Img,Pos,0.2278283
CLIP_RN50,mscoco,Txt-Img,Pos,0.25491467
CLIP_RN50,mscoco,Txt-Img,Pos,0.21942362
CLIP_RN50,mscoco,Txt-Img,Pos,0.22114377
CLIP_RN50,mscoco,Txt-Img,Pos,0.27157658
CLIP_RN50,mscoco,Txt-Img,Pos,0.1992273
CLIP_RN50,mscoco,Txt-Img,Pos,0.24737713
CLIP_RN50,mscoco,Txt-Img,Pos,0.27382854
CLIP_RN50,mscoco,Txt-Img,Pos,0.25617388
CLIP_RN50,mscoco,Txt-Img,Pos,0.22710042
CLIP_RN50,mscoco,Txt-Img,Pos,0.2733503
CLIP_RN50,mscoco,Txt-Img,Pos,0.26509827
CLIP_RN50,mscoco,Txt-Img,Pos,0.28631896
CLIP_RN50,mscoco,Txt-Img,Pos,0.28290567
CLIP_RN50,mscoco,Txt-Img,Pos,0.21196687
CLIP_RN50,mscoco,Txt-Img,Pos,0.30447078
CLIP_RN50,mscoco,Txt-Img,Pos,0.22414468
CLIP_RN50,mscoco,Txt-Img,Pos,0.2248531
CLIP_RN50,mscoco,Txt-Img,Pos,0.20875672
CLIP_RN50,mscoco,Txt-Img,Pos,0.25588068
CLIP_RN50,mscoco,Txt-Img,Pos,0.2961145
CLIP_RN50,mscoco,Txt-Img,Pos,0.21480067
CLIP_RN50,mscoco,Txt-Img,Pos,0.25193357
CLIP_RN50,mscoco,Txt-Img,Pos,0.24475762
CLIP_RN50,mscoco,Txt-Img,Pos,0.28286535
CLIP_RN50,mscoco,Txt-Img,Pos,0.2808991
CLIP_RN50,mscoco,Txt-Img,Pos,0.31157494
CLIP_RN50,mscoco,Txt-Img,Pos,0.23139238
CLIP_RN50,mscoco,Txt-Img,Pos,0.28030163
CLIP_RN50,mscoco,Txt-Img,Pos,0.28263226
CLIP_RN50,mscoco,Txt-Img,Pos,0.25488174
CLIP_RN50,mscoco,Txt-Img,Pos,0.29474145
CLIP_RN50,mscoco,Txt-Img,Pos,0.18113896
CLIP_RN50,mscoco,Txt-Img,Pos,0.22663005
CLIP_RN50,mscoco,Txt-Img,Pos,0.26269096
CLIP_RN50,mscoco,Txt-Img,Pos,0.21214992
CLIP_RN50,mscoco,Txt-Img,Pos,0.23325089
CLIP_RN50,mscoco,Txt-Img,Pos,0.29027942
CLIP_RN50,mscoco,Txt-Img,Pos,0.29850632
CLIP_RN50,mscoco,Txt-Img,Pos,0.20954883
CLIP_RN50,mscoco,Txt-Img,Pos,0.22338499
CLIP_RN50,mscoco,Txt-Img,Pos,0.23324928
CLIP_RN50,mscoco,Txt-Img,Pos,0.24379268
CLIP_RN50,mscoco,Txt-Img,Pos,0.29984957
CLIP_RN50,mscoco,Txt-Img,Pos,0.23902994
CLIP_RN50,mscoco,Txt-Img,Pos,0.24209903
CLIP_RN50,mscoco,Txt-Img,Pos,0.21216905
CLIP_RN50,mscoco,Txt-Img,Pos,0.21140614
CLIP_RN50,mscoco,Txt-Img,Pos,0.257527
CLIP_RN50,mscoco,Txt-Img,Pos,0.2840885
CLIP_RN50,mscoco,Txt-Img,Pos,0.22896406
CLIP_RN50,mscoco,Txt-Img,Pos,0.2581836
CLIP_RN50,mscoco,Txt-Img,Pos,0.23708275
CLIP_RN50,mscoco,Txt-Img,Pos,0.23545435
CLIP_RN50,mscoco,Txt-Img,Pos,0.23295605
CLIP_RN50,mscoco,Txt-Img,Pos,0.24154091
CLIP_RN50,mscoco,Txt-Img,Pos,0.23319134
CLIP_RN50,mscoco,Txt-Img,Pos,0.18557364
CLIP_RN50,mscoco,Txt-Img,Pos,0.2902857
CLIP_RN50,mscoco,Txt-Img,Pos,0.24504188
CLIP_RN50,mscoco,Txt-Img,Pos,0.22642179
CLIP_RN50,mscoco,Txt-Img,Pos,0.26154527
CLIP_RN50,mscoco,Txt-Img,Pos,0.17901
CLIP_RN50,mscoco,Txt-Img,Pos,0.2474708
CLIP_RN50,mscoco,Txt-Img,Pos,0.2464005
CLIP_RN50,mscoco,Txt-Img,Pos,0.29242697
CLIP_RN50,mscoco,Txt-Img,Pos,0.30739927
CLIP_RN50,mscoco,Txt-Img,Pos,0.30324188
CLIP_RN50,mscoco,Txt-Img,Pos,0.26159823
CLIP_RN50,mscoco,Txt-Img,Pos,0.26565394
CLIP_RN50,mscoco,Txt-Img,Pos,0.2192248
CLIP_RN50,mscoco,Txt-Img,Pos,0.25661677
CLIP_RN50,mscoco,Txt-Img,Pos,0.23165265
CLIP_RN50,mscoco,Txt-Img,Pos,0.26767254
CLIP_RN50,mscoco,Txt-Img,Pos,0.22854502
CLIP_RN50,mscoco,Txt-Img,Pos,0.27078635
CLIP_RN50,mscoco,Txt-Img,Pos,0.23070782
CLIP_RN50,mscoco,Txt-Img,Pos,0.27240467
CLIP_RN50,mscoco,Txt-Img,Pos,0.20098695
CLIP_RN50,mscoco,Txt-Img,Pos,0.23401166
CLIP_RN50,mscoco,Txt-Img,Pos,0.2582498
CLIP_RN50,mscoco,Txt-Img,Pos,0.27078515
CLIP_RN50,mscoco,Txt-Img,Pos,0.2730443
CLIP_RN50,mscoco,Txt-Img,Pos,0.3057604
CLIP_RN50,mscoco,Txt-Img,Pos,0.23438415
CLIP_RN50,mscoco,Txt-Img,Pos,0.29630503
CLIP_RN50,mscoco,Txt-Img,Pos,0.23708275
CLIP_RN50,mscoco,Txt-Img,Pos,0.18052343
CLIP_RN50,mscoco,Txt-Img,Pos,0.26355442
CLIP_RN50,mscoco,Txt-Img,Pos,0.25529048
CLIP_RN50,mscoco,Txt-Img,Pos,0.2851175
CLIP_RN50,mscoco,Txt-Img,Pos,0.35843226
CLIP_RN50,mscoco,Txt-Img,Pos,0.19007996
CLIP_RN50,mscoco,Txt-Img,Pos,0.2638116
CLIP_RN50,mscoco,Txt-Img,Pos,0.22849955
CLIP_RN50,mscoco,Txt-Img,Pos,0.21045408
CLIP_RN50,mscoco,Txt-Img,Pos,0.21146762
CLIP_RN50,mscoco,Txt-Img,Pos,0.27531233
CLIP_RN50,mscoco,Txt-Img,Pos,0.2673157
CLIP_RN50,mscoco,Txt-Img,Pos,0.23470293
CLIP_RN50,mscoco,Txt-Img,Pos,0.2844017
CLIP_RN50,mscoco,Txt-Img,Pos,0.2523668
CLIP_RN50,mscoco,Txt-Img,Pos,0.26683488
CLIP_RN50,mscoco,Txt-Img,Pos,0.23767126
CLIP_RN50,mscoco,Txt-Img,Pos,0.30260262
CLIP_RN50,mscoco,Txt-Img,Pos,0.2540605
CLIP_RN50,mscoco,Txt-Img,Pos,0.19340076
CLIP_RN50,mscoco,Txt-Img,Pos,0.24219313
CLIP_RN50,mscoco,Txt-Img,Pos,0.32342902
CLIP_RN50,mscoco,Txt-Img,Pos,0.3117062
CLIP_RN50,mscoco,Txt-Img,Pos,0.2917567
CLIP_RN50,mscoco,Txt-Img,Pos,0.26778996
CLIP_RN50,mscoco,Txt-Img,Pos,0.26655605
CLIP_RN50,mscoco,Txt-Img,Pos,0.24862912
CLIP_RN50,mscoco,Txt-Img,Pos,0.257121
CLIP_RN50,mscoco,Txt-Img,Pos,0.23545119
CLIP_RN50,mscoco,Txt-Img,Pos,0.21958528
CLIP_RN50,mscoco,Txt-Img,Pos,0.25343668
CLIP_RN50,mscoco,Txt-Img,Pos,0.2953692
CLIP_RN50,mscoco,Txt-Img,Pos,0.25400907
CLIP_RN50,mscoco,Txt-Img,Pos,0.2025516
CLIP_RN50,mscoco,Txt-Img,Pos,0.28005332
CLIP_RN50,mscoco,Txt-Img,Pos,0.2122867
CLIP_RN50,mscoco,Txt-Img,Pos,0.25669622
CLIP_RN50,mscoco,Txt-Img,Pos,0.21206969
CLIP_RN50,mscoco,Txt-Img,Pos,0.25310367
CLIP_RN50,mscoco,Txt-Img,Pos,0.24185556
CLIP_RN50,mscoco,Txt-Img,Pos,0.25055718
CLIP_RN50,mscoco,Txt-Img,Pos,0.23717959
CLIP_RN50,mscoco,Txt-Img,Pos,0.1544656
CLIP_RN50,mscoco,Txt-Img,Pos,0.23085171
CLIP_RN50,mscoco,Txt-Img,Pos,0.28577355
CLIP_RN50,mscoco,Txt-Img,Pos,0.28722832
CLIP_RN50,mscoco,Txt-Img,Pos,0.25278914
CLIP_RN50,mscoco,Txt-Img,Pos,0.2464875
CLIP_RN50,mscoco,Txt-Img,Pos,0.27247244
CLIP_RN50,mscoco,Txt-Img,Pos,0.22106692
CLIP_RN50,mscoco,Txt-Img,Pos,0.23122978
CLIP_RN50,mscoco,Txt-Img,Pos,0.17027068
CLIP_RN50,mscoco,Txt-Img,Pos,0.26156873
CLIP_RN50,mscoco,Txt-Img,Pos,0.20925689
CLIP_RN50,mscoco,Txt-Img,Pos,0.21246612
CLIP_RN50,mscoco,Txt-Img,Pos,0.23645803
CLIP_RN50,mscoco,Txt-Img,Pos,0.25194508
CLIP_RN50,mscoco,Txt-Img,Pos,0.22932918
CLIP_RN50,mscoco,Txt-Img,Pos,0.28215423
CLIP_RN50,mscoco,Txt-Img,Pos,0.23382469
CLIP_RN50,mscoco,Txt-Img,Pos,0.28146225
CLIP_RN50,mscoco,Txt-Img,Pos,0.23992029
CLIP_RN50,mscoco,Txt-Img,Pos,0.24519871
CLIP_RN50,mscoco,Txt-Img,Pos,0.2790287
CLIP_RN50,mscoco,Txt-Img,Pos,0.25683507
CLIP_RN50,mscoco,Txt-Img,Pos,0.2738325
CLIP_RN50,mscoco,Txt-Img,Pos,0.27850404
CLIP_RN50,mscoco,Txt-Img,Pos,0.27145228
CLIP_RN50,mscoco,Txt-Img,Pos,0.25306097
CLIP_RN50,mscoco,Txt-Img,Pos,0.2033684
CLIP_RN50,mscoco,Txt-Img,Pos,0.31140122
CLIP_RN50,mscoco,Txt-Img,Pos,0.25378424
CLIP_RN50,mscoco,Txt-Img,Pos,0.279239
CLIP_RN50,mscoco,Txt-Img,Pos,0.26538435
CLIP_RN50,mscoco,Txt-Img,Pos,0.197003
CLIP_RN50,mscoco,Txt-Img,Pos,0.2417593
CLIP_RN50,mscoco,Txt-Img,Pos,0.24006471
CLIP_RN50,mscoco,Txt-Img,Pos,0.2379134
CLIP_RN50,mscoco,Txt-Img,Pos,0.2939045
CLIP_RN50,mscoco,Txt-Img,Pos,0.3003157
CLIP_RN50,mscoco,Txt-Img,Pos,0.32224885
CLIP_RN50,mscoco,Txt-Img,Pos,0.27002314
CLIP_RN50,mscoco,Txt-Img,Pos,0.1853587
CLIP_RN50,mscoco,Txt-Img,Pos,0.30298728
CLIP_RN50,mscoco,Txt-Img,Pos,0.25517654
CLIP_RN50,mscoco,Txt-Img,Pos,0.2818246
CLIP_RN50,mscoco,Txt-Img,Pos,0.19074102
CLIP_RN50,mscoco,Txt-Img,Pos,0.2612939
CLIP_RN50,mscoco,Txt-Img,Pos,0.27786598
CLIP_RN50,mscoco,Txt-Img,Pos,0.31342566
CLIP_RN50,mscoco,Txt-Img,Pos,0.2479769
CLIP_RN50,mscoco,Txt-Img,Pos,0.26068887
CLIP_RN50,mscoco,Txt-Img,Pos,0.25488368
CLIP_RN50,mscoco,Txt-Img,Pos,0.25267884
CLIP_RN50,mscoco,Txt-Img,Pos,0.25896838
CLIP_RN50,mscoco,Txt-Img,Pos,0.28698975
CLIP_RN50,mscoco,Txt-Img,Pos,0.2534825
CLIP_RN50,mscoco,Txt-Img,Pos,0.26700023
CLIP_RN50,mscoco,Txt-Img,Pos,0.23758668
CLIP_RN50,mscoco,Txt-Img,Pos,0.27234766
CLIP_RN50,mscoco,Txt-Img,Pos,0.16705391
CLIP_RN50,mscoco,Txt-Img,Pos,0.26995713
CLIP_RN50,mscoco,Txt-Img,Pos,0.30866128
CLIP_RN50,mscoco,Txt-Img,Pos,0.20338604
CLIP_RN50,mscoco,Txt-Img,Pos,0.27911302
CLIP_RN50,mscoco,Txt-Img,Pos,0.26641774
CLIP_RN50,mscoco,Txt-Img,Pos,0.22831805
CLIP_RN50,mscoco,Txt-Img,Pos,0.23853597
CLIP_RN50,mscoco,Txt-Img,Pos,0.2672957
CLIP_RN50,mscoco,Txt-Img,Pos,0.27565578
CLIP_RN50,mscoco,Txt-Img,Pos,0.244493
CLIP_RN50,mscoco,Txt-Img,Pos,0.27609035
CLIP_RN50,mscoco,Txt-Img,Pos,0.21467346
CLIP_RN50,mscoco,Txt-Img,Pos,0.24610958
CLIP_RN50,mscoco,Txt-Img,Pos,0.29784793
CLIP_RN50,mscoco,Txt-Img,Pos,0.24621329
CLIP_RN50,mscoco,Txt-Img,Pos,0.2432878
CLIP_RN50,mscoco,Txt-Img,Pos,0.26993972
CLIP_RN50,mscoco,Txt-Img,Pos,0.21357866
CLIP_RN50,mscoco,Txt-Img,Pos,0.26179025
CLIP_RN50,mscoco,Txt-Img,Pos,0.24960881
CLIP_RN50,mscoco,Txt-Img,Pos,0.25040013
CLIP_RN50,mscoco,Txt-Img,Pos,0.2447405
CLIP_RN50,mscoco,Txt-Img,Pos,0.26123706
CLIP_RN50,mscoco,Txt-Img,Pos,0.27618048
CLIP_RN50,mscoco,Txt-Img,Pos,0.27173322
CLIP_RN50,mscoco,Txt-Img,Pos,0.22165741
CLIP_RN50,mscoco,Txt-Img,Pos,0.24283317
CLIP_RN50,mscoco,Txt-Img,Pos,0.22339658
CLIP_RN50,mscoco,Txt-Img,Pos,0.23864241
CLIP_RN50,mscoco,Txt-Img,Pos,0.26288602
CLIP_RN50,mscoco,Txt-Img,Pos,0.26337048
CLIP_RN50,mscoco,Txt-Img,Pos,0.30829668
CLIP_RN50,mscoco,Txt-Img,Pos,0.2789439
CLIP_RN50,mscoco,Txt-Img,Pos,0.2772239
CLIP_RN50,mscoco,Txt-Img,Pos,0.24890816
CLIP_RN50,mscoco,Txt-Img,Pos,0.23587723
CLIP_RN50,mscoco,Txt-Img,Pos,0.273528
CLIP_RN50,mscoco,Txt-Img,Pos,0.20578058
CLIP_RN50,mscoco,Txt-Img,Pos,0.26895353
CLIP_RN50,mscoco,Txt-Img,Pos,0.23134461
CLIP_RN50,mscoco,Txt-Img,Pos,0.22286136
CLIP_RN50,mscoco,Txt-Img,Pos,0.26957512
CLIP_RN50,mscoco,Txt-Img,Pos,0.28964838
CLIP_RN50,mscoco,Txt-Img,Pos,0.24751796
CLIP_RN50,mscoco,Txt-Img,Pos,0.30106464
CLIP_RN50,mscoco,Txt-Img,Pos,0.2158577
CLIP_RN50,mscoco,Txt-Img,Pos,0.28140163
CLIP_RN50,mscoco,Txt-Img,Pos,0.22517473
CLIP_RN50,mscoco,Txt-Img,Pos,0.10029765
CLIP_RN50,mscoco,Txt-Img,Pos,0.28551102
CLIP_RN50,mscoco,Txt-Img,Pos,0.27401078
CLIP_RN50,mscoco,Txt-Img,Pos,0.2368001
CLIP_RN50,mscoco,Txt-Img,Pos,0.24077138
CLIP_RN50,mscoco,Txt-Img,Pos,0.2936829
CLIP_RN50,mscoco,Txt-Img,Pos,0.2625981
CLIP_RN50,mscoco,Txt-Img,Pos,0.23519424
CLIP_RN50,mscoco,Txt-Img,Pos,0.2402562
CLIP_RN50,mscoco,Txt-Img,Pos,0.2297016
CLIP_RN50,mscoco,Txt-Img,Pos,0.23670821
CLIP_RN50,mscoco,Txt-Img,Pos,0.2684635
CLIP_RN50,mscoco,Txt-Img,Pos,0.24690661
CLIP_RN50,mscoco,Txt-Img,Pos,0.27521682
CLIP_RN50,mscoco,Txt-Img,Pos,0.27053162
CLIP_RN50,mscoco,Txt-Img,Pos,0.2534711
CLIP_RN50,mscoco,Txt-Img,Pos,0.15911023
CLIP_RN50,mscoco,Txt-Img,Pos,0.29286417
CLIP_RN50,mscoco,Txt-Img,Pos,0.21662049
CLIP_RN50,mscoco,Txt-Img,Pos,0.2456412
CLIP_RN50,mscoco,Txt-Img,Pos,0.27181542
CLIP_RN50,mscoco,Txt-Img,Pos,0.18897265
CLIP_RN50,mscoco,Txt-Img,Pos,0.26017597
CLIP_RN50,mscoco,Txt-Img,Pos,0.3013745
CLIP_RN50,mscoco,Txt-Img,Pos,0.27768102
CLIP_RN50,mscoco,Txt-Img,Pos,0.26659867
CLIP_RN50,mscoco,Txt-Img,Pos,0.22232698
CLIP_RN50,mscoco,Txt-Img,Pos,0.23671807
CLIP_RN50,mscoco,Txt-Img,Pos,0.31199384
CLIP_RN50,mscoco,Txt-Img,Pos,0.22399804
CLIP_RN50,mscoco,Txt-Img,Pos,0.28055355
CLIP_RN50,mscoco,Txt-Img,Pos,0.20662525
CLIP_RN50,mscoco,Txt-Img,Pos,0.2577535
CLIP_RN50,mscoco,Txt-Img,Pos,0.24876995
CLIP_RN50,mscoco,Txt-Img,Pos,0.23663107
CLIP_RN50,mscoco,Txt-Img,Pos,0.2893053
CLIP_RN50,mscoco,Txt-Img,Pos,0.25162715
CLIP_RN50,mscoco,Txt-Img,Pos,0.30572546
CLIP_RN50,mscoco,Txt-Img,Pos,0.17607749
CLIP_RN50,mscoco,Txt-Img,Pos,0.23038846
CLIP_RN50,mscoco,Txt-Img,Pos,0.27232835
CLIP_RN50,mscoco,Txt-Img,Pos,0.24152027
CLIP_RN50,mscoco,Txt-Img,Pos,0.24769223
CLIP_RN50,mscoco,Txt-Img,Pos,0.21539713
CLIP_RN50,mscoco,Txt-Img,Pos,0.26678544
CLIP_RN50,mscoco,Txt-Img,Pos,0.22588912
CLIP_RN50,mscoco,Txt-Img,Pos,0.28275156
CLIP_RN50,mscoco,Txt-Img,Pos,0.24681348
CLIP_RN50,mscoco,Txt-Img,Pos,0.28238812
CLIP_RN50,mscoco,Txt-Img,Pos,0.27804366
CLIP_RN50,mscoco,Txt-Img,Pos,0.2041104
CLIP_RN50,mscoco,Txt-Img,Pos,0.3064889
CLIP_RN50,mscoco,Txt-Img,Pos,0.29202554
CLIP_RN50,mscoco,Txt-Img,Pos,0.27924472
CLIP_RN50,mscoco,Txt-Img,Pos,0.2032356
CLIP_RN50,mscoco,Txt-Img,Pos,0.23151672
CLIP_RN50,mscoco,Txt-Img,Pos,0.2470479
CLIP_RN50,mscoco,Txt-Img,Pos,0.21684657
CLIP_RN50,mscoco,Txt-Img,Pos,0.22963385
CLIP_RN50,mscoco,Txt-Img,Pos,0.26217195
CLIP_RN50,mscoco,Txt-Img,Pos,0.29515702
CLIP_RN50,mscoco,Txt-Img,Pos,0.25963515
CLIP_RN50,mscoco,Txt-Img,Pos,0.23928444
CLIP_RN50,mscoco,Txt-Img,Pos,0.23390639
CLIP_RN50,mscoco,Txt-Img,Pos,0.28839353
CLIP_RN50,mscoco,Txt-Img,Pos,0.20236295
CLIP_RN50,mscoco,Txt-Img,Pos,0.2544083
CLIP_RN50,mscoco,Txt-Img,Pos,0.33457902
CLIP_RN50,mscoco,Txt-Img,Pos,0.29562086
CLIP_RN50,mscoco,Txt-Img,Pos,0.25653547
CLIP_RN50,mscoco,Txt-Img,Pos,0.28406057
CLIP_RN50,mscoco,Txt-Img,Pos,0.24503073
CLIP_RN50,mscoco,Txt-Img,Pos,0.26280412
CLIP_RN50,mscoco,Txt-Img,Pos,0.28592345
CLIP_RN50,mscoco,Txt-Img,Pos,0.27450752
CLIP_RN50,mscoco,Txt-Img,Pos,0.20943175
CLIP_RN50,mscoco,Txt-Img,Pos,0.22389098
CLIP_RN50,mscoco,Txt-Img,Pos,0.24011002
CLIP_RN50,mscoco,Txt-Img,Pos,0.30441952
CLIP_RN50,mscoco,Txt-Img,Pos,0.25090274
CLIP_RN50,mscoco,Txt-Img,Pos,0.2297562
CLIP_RN50,mscoco,Txt-Img,Pos,0.24054943
CLIP_RN50,mscoco,Txt-Img,Pos,0.3004972
CLIP_RN50,mscoco,Txt-Img,Pos,0.24029583
CLIP_RN50,mscoco,Txt-Img,Pos,0.30025858
CLIP_RN50,mscoco,Txt-Img,Pos,0.27309248
CLIP_RN50,mscoco,Txt-Img,Pos,0.23663884
CLIP_RN50,mscoco,Txt-Img,Pos,0.16722734
CLIP_RN50,mscoco,Txt-Img,Pos,0.258923
CLIP_RN50,mscoco,Txt-Img,Pos,0.29551676
CLIP_RN50,mscoco,Txt-Img,Pos,0.27383238
CLIP_RN50,mscoco,Txt-Img,Pos,0.29189423
CLIP_RN50,mscoco,Txt-Img,Pos,0.28021666
CLIP_RN50,mscoco,Txt-Img,Pos,0.26558742
CLIP_RN50,mscoco,Txt-Img,Pos,0.20848444
CLIP_RN50,mscoco,Txt-Img,Pos,0.25468272
CLIP_RN50,mscoco,Txt-Img,Pos,0.24991077
CLIP_RN50,mscoco,Txt-Img,Pos,0.23149467
CLIP_RN50,mscoco,Txt-Img,Pos,0.24274507
CLIP_RN50,mscoco,Txt-Img,Pos,0.20072241
CLIP_RN50,mscoco,Txt-Img,Pos,0.2223699
CLIP_RN50,mscoco,Txt-Img,Pos,0.28797662
CLIP_RN50,mscoco,Txt-Img,Pos,0.2711264
CLIP_RN50,mscoco,Txt-Img,Pos,0.26600483
CLIP_RN50,mscoco,Txt-Img,Pos,0.30790487
CLIP_RN50,mscoco,Txt-Img,Pos,0.2381706
CLIP_RN50,mscoco,Txt-Img,Pos,0.27579045
CLIP_RN50,mscoco,Txt-Img,Pos,0.29721835
CLIP_RN50,mscoco,Txt-Img,Pos,0.24447662
CLIP_RN50,mscoco,Txt-Img,Pos,0.28250837
CLIP_RN50,mscoco,Txt-Img,Pos,0.26240417
CLIP_RN50,mscoco,Txt-Img,Pos,0.25044864
CLIP_RN50,mscoco,Txt-Img,Pos,0.23803005
CLIP_RN50,mscoco,Txt-Img,Pos,0.23380359
CLIP_RN50,mscoco,Txt-Img,Pos,0.25306138
CLIP_RN50,mscoco,Txt-Img,Pos,0.2608333
CLIP_RN50,mscoco,Txt-Img,Pos,0.23280795
CLIP_RN50,mscoco,Txt-Img,Pos,0.2270979
CLIP_RN50,mscoco,Txt-Img,Pos,0.20837657
CLIP_RN50,mscoco,Txt-Img,Pos,0.2574905
CLIP_RN50,mscoco,Txt-Img,Pos,0.20552023
CLIP_RN50,mscoco,Txt-Img,Pos,0.26511747
CLIP_RN50,mscoco,Txt-Img,Pos,0.27571353
CLIP_RN50,mscoco,Txt-Img,Pos,0.27475148
CLIP_RN50,mscoco,Txt-Img,Pos,0.26251557
CLIP_RN50,mscoco,Txt-Img,Pos,0.25225353
CLIP_RN50,mscoco,Txt-Img,Pos,0.26788592
CLIP_RN50,mscoco,Txt-Img,Pos,0.23079601
CLIP_RN50,mscoco,Txt-Img,Pos,0.2641323
CLIP_RN50,mscoco,Txt-Img,Pos,0.2865501
CLIP_RN50,mscoco,Txt-Img,Pos,0.3019538
CLIP_RN50,mscoco,Txt-Img,Pos,0.2410876
CLIP_RN50,mscoco,Txt-Img,Pos,0.23399302
CLIP_RN50,mscoco,Txt-Img,Pos,0.23368004
CLIP_RN50,mscoco,Txt-Img,Pos,0.2733922
CLIP_RN50,mscoco,Txt-Img,Pos,0.18679652
CLIP_RN50,mscoco,Txt-Img,Pos,0.24750519
CLIP_RN50,mscoco,Txt-Img,Pos,0.26257575
CLIP_RN50,mscoco,Txt-Img,Pos,0.26640397
CLIP_RN50,mscoco,Txt-Img,Pos,0.27365407
CLIP_RN50,mscoco,Txt-Img,Pos,0.24049519
CLIP_RN50,mscoco,Txt-Img,Pos,0.22628213
CLIP_RN50,mscoco,Txt-Img,Pos,0.26446176
CLIP_RN50,mscoco,Txt-Img,Pos,0.2872136
CLIP_RN50,mscoco,Txt-Img,Pos,0.24921373
CLIP_RN50,mscoco,Txt-Img,Pos,0.3039057
CLIP_RN50,mscoco,Txt-Img,Pos,0.2321693
CLIP_RN50,mscoco,Txt-Img,Pos,0.27660018
CLIP_RN50,mscoco,Txt-Img,Pos,0.24852322
CLIP_RN50,mscoco,Txt-Img,Pos,0.23698533
CLIP_RN50,mscoco,Txt-Img,Pos,0.24557957
CLIP_RN50,mscoco,Txt-Img,Pos,0.21581566
CLIP_RN50,mscoco,Txt-Img,Pos,0.28402784
CLIP_RN50,mscoco,Txt-Img,Pos,0.27179733
CLIP_RN50,mscoco,Txt-Img,Pos,0.25586823
CLIP_RN50,mscoco,Txt-Img,Pos,0.28433883
CLIP_RN50,mscoco,Txt-Img,Pos,0.24160394
CLIP_RN50,mscoco,Txt-Img,Pos,0.21536478
CLIP_RN50,mscoco,Txt-Img,Pos,0.25790033
CLIP_RN50,mscoco,Txt-Img,Pos,0.21669462
CLIP_RN50,mscoco,Txt-Img,Pos,0.23697329
CLIP_RN50,mscoco,Txt-Img,Pos,0.24354994
CLIP_RN50,mscoco,Txt-Img,Pos,0.23924485
CLIP_RN50,mscoco,Txt-Img,Pos,0.2125368
CLIP_RN50,mscoco,Txt-Img,Pos,0.25016123
CLIP_RN50,mscoco,Txt-Img,Pos,0.2113969
CLIP_RN50,mscoco,Txt-Img,Pos,0.24757951
CLIP_RN50,mscoco,Txt-Img,Pos,0.25984317
CLIP_RN50,mscoco,Txt-Img,Pos,0.26220852
CLIP_RN50,mscoco,Txt-Img,Pos,0.30634898
CLIP_RN50,mscoco,Txt-Img,Pos,0.26225704
CLIP_RN50,mscoco,Txt-Img,Pos,0.2585544
CLIP_RN50,mscoco,Txt-Img,Pos,0.28442413
CLIP_RN50,mscoco,Txt-Img,Pos,0.21921253
CLIP_RN50,mscoco,Txt-Img,Pos,0.26404825
CLIP_RN50,mscoco,Txt-Img,Pos,0.19245474
CLIP_RN50,mscoco,Txt-Img,Pos,0.23942372
CLIP_RN50,mscoco,Txt-Img,Pos,0.32709095
CLIP_RN50,mscoco,Txt-Img,Pos,0.2541168
CLIP_RN50,mscoco,Txt-Img,Pos,0.30501515
CLIP_RN50,mscoco,Txt-Img,Pos,0.23804305
CLIP_RN50,mscoco,Txt-Img,Pos,0.29282433
CLIP_RN50,mscoco,Txt-Img,Pos,0.2677871
CLIP_RN50,mscoco,Txt-Img,Pos,0.29235777
CLIP_RN50,mscoco,Txt-Img,Pos,0.32419282
CLIP_RN50,mscoco,Txt-Img,Pos,0.2233929
CLIP_RN50,mscoco,Txt-Img,Pos,0.2814587
CLIP_RN50,mscoco,Txt-Img,Pos,0.20285109
CLIP_RN50,mscoco,Txt-Img,Pos,0.2220214
CLIP_RN50,mscoco,Txt-Img,Pos,0.26057893
CLIP_RN50,mscoco,Txt-Img,Pos,0.1941483
CLIP_RN50,mscoco,Txt-Img,Pos,0.24864566
CLIP_RN50,mscoco,Txt-Img,Pos,0.28359205
CLIP_RN50,mscoco,Txt-Img,Pos,0.22996138
CLIP_RN50,mscoco,Txt-Img,Pos,0.24817847
CLIP_RN50,mscoco,Txt-Img,Pos,0.2649897
CLIP_RN50,mscoco,Txt-Img,Pos,0.23384516
CLIP_RN50,mscoco,Txt-Img,Pos,0.24605522
CLIP_RN50,mscoco,Txt-Img,Pos,0.24513242
CLIP_RN50,mscoco,Txt-Img,Pos,0.26144576
CLIP_RN50,mscoco,Txt-Img,Pos,0.20748454
CLIP_RN50,mscoco,Txt-Img,Pos,0.24062067
CLIP_RN50,mscoco,Txt-Img,Pos,0.19261748
CLIP_RN50,mscoco,Txt-Img,Pos,0.27490848
CLIP_RN50,mscoco,Txt-Img,Pos,0.2594847
CLIP_RN50,mscoco,Txt-Img,Pos,0.27925533
CLIP_RN50,mscoco,Txt-Img,Pos,0.2857211
CLIP_RN50,mscoco,Txt-Img,Pos,0.23551318
CLIP_RN50,mscoco,Txt-Img,Pos,0.25027764
CLIP_RN50,mscoco,Txt-Img,Pos,0.2955409
CLIP_RN50,mscoco,Txt-Img,Pos,0.27484608
CLIP_RN50,mscoco,Txt-Img,Pos,0.28735742
CLIP_RN50,mscoco,Txt-Img,Pos,0.24394022
CLIP_RN50,mscoco,Txt-Img,Pos,0.22434449
CLIP_RN50,mscoco,Txt-Img,Pos,0.22801676
CLIP_RN50,mscoco,Txt-Img,Pos,0.287597
CLIP_RN50,mscoco,Txt-Img,Pos,0.22171885
CLIP_RN50,mscoco,Txt-Img,Pos,0.21526274
CLIP_RN50,mscoco,Txt-Img,Pos,0.27792487
CLIP_RN50,mscoco,Txt-Img,Pos,0.23625156
CLIP_RN50,mscoco,Txt-Img,Pos,0.23778984
CLIP_RN50,mscoco,Txt-Img,Pos,0.29791668
CLIP_RN50,mscoco,Txt-Img,Pos,0.2593215
CLIP_RN50,mscoco,Txt-Img,Pos,0.21980536
CLIP_RN50,mscoco,Txt-Img,Pos,0.22944207
CLIP_RN50,mscoco,Txt-Img,Pos,0.2588571
CLIP_RN50,mscoco,Txt-Img,Pos,0.15977976
CLIP_RN50,mscoco,Txt-Img,Pos,0.2553975
CLIP_RN50,mscoco,Txt-Img,Pos,0.26011193
CLIP_RN50,mscoco,Txt-Img,Pos,0.30730635
CLIP_RN50,mscoco,Txt-Img,Pos,0.22201788
CLIP_RN50,mscoco,Txt-Img,Pos,0.28116333
CLIP_RN50,mscoco,Txt-Img,Pos,0.2805677
CLIP_RN50,mscoco,Txt-Img,Pos,0.2157176
CLIP_RN50,mscoco,Txt-Img,Pos,0.27179855
CLIP_RN50,mscoco,Txt-Img,Pos,0.28643206
CLIP_RN50,mscoco,Txt-Img,Pos,0.2901366
CLIP_RN50,mscoco,Txt-Img,Pos,0.2824509
CLIP_RN50,mscoco,Txt-Img,Pos,0.23320909
CLIP_RN50,mscoco,Txt-Img,Pos,0.27276766
CLIP_RN50,mscoco,Txt-Img,Pos,0.23958181
CLIP_RN50,mscoco,Txt-Img,Pos,0.26296902
CLIP_RN50,mscoco,Txt-Img,Pos,0.2838629
CLIP_RN50,mscoco,Txt-Img,Pos,0.2841071
CLIP_RN50,mscoco,Txt-Img,Pos,0.22945634
CLIP_RN50,mscoco,Txt-Img,Pos,0.21765424
CLIP_RN50,mscoco,Txt-Img,Pos,0.23377502
CLIP_RN50,mscoco,Txt-Img,Pos,0.24588448
CLIP_RN50,mscoco,Txt-Txt,Neg,0.58354974
CLIP_RN50,mscoco,Txt-Txt,Neg,0.46045882
CLIP_RN50,mscoco,Txt-Txt,Neg,0.41099718
CLIP_RN50,mscoco,Txt-Txt,Neg,0.506432
CLIP_RN50,mscoco,Txt-Txt,Neg,0.49851316
CLIP_RN50,mscoco,Txt-Txt,Neg,0.39451414
CLIP_RN50,mscoco,Txt-Txt,Neg,0.50113213
CLIP_RN50,mscoco,Txt-Txt,Neg,0.33643246
CLIP_RN50,mscoco,Txt-Txt,Neg,0.46492836
CLIP_RN50,mscoco,Txt-Txt,Neg,0.38136277
CLIP_RN50,mscoco,Txt-Txt,Neg,0.550202
CLIP_RN50,mscoco,Txt-Txt,Neg,0.60543334
CLIP_RN50,mscoco,Txt-Txt,Neg,0.47205162
CLIP_RN50,mscoco,Txt-Txt,Neg,0.48166838
CLIP_RN50,mscoco,Txt-Txt,Neg,0.41407356
CLIP_RN50,mscoco,Txt-Txt,Neg,0.27799568
CLIP_RN50,mscoco,Txt-Txt,Neg,0.42018464
CLIP_RN50,mscoco,Txt-Txt,Neg,0.37268382
CLIP_RN50,mscoco,Txt-Txt,Neg,0.45572618
CLIP_RN50,mscoco,Txt-Txt,Neg,0.47925133
CLIP_RN50,mscoco,Txt-Txt,Neg,0.53696716
CLIP_RN50,mscoco,Txt-Txt,Neg,0.28093672
CLIP_RN50,mscoco,Txt-Txt,Neg,0.46191448
CLIP_RN50,mscoco,Txt-Txt,Neg,0.42572907
CLIP_RN50,mscoco,Txt-Txt,Neg,0.4526027
CLIP_RN50,mscoco,Txt-Txt,Neg,0.46527505
CLIP_RN50,mscoco,Txt-Txt,Neg,0.22293411
CLIP_RN50,mscoco,Txt-Txt,Neg,0.51500106
CLIP_RN50,mscoco,Txt-Txt,Neg,0.36636037
CLIP_RN50,mscoco,Txt-Txt,Neg,0.6107932
CLIP_RN50,mscoco,Txt-Txt,Neg,0.37286922
CLIP_RN50,mscoco,Txt-Txt,Neg,0.3707025
CLIP_RN50,mscoco,Txt-Txt,Neg,0.32938895
CLIP_RN50,mscoco,Txt-Txt,Neg,0.3584688
CLIP_RN50,mscoco,Txt-Txt,Neg,0.317705
CLIP_RN50,mscoco,Txt-Txt,Neg,0.43042043
CLIP_RN50,mscoco,Txt-Txt,Neg,0.31088814
CLIP_RN50,mscoco,Txt-Txt,Neg,0.67398375
CLIP_RN50,mscoco,Txt-Txt,Neg,0.3096862
CLIP_RN50,mscoco,Txt-Txt,Neg,0.48139098
CLIP_RN50,mscoco,Txt-Txt,Neg,0.36523008
CLIP_RN50,mscoco,Txt-Txt,Neg,0.60619664
CLIP_RN50,mscoco,Txt-Txt,Neg,0.4989105
CLIP_RN50,mscoco,Txt-Txt,Neg,0.57879496
CLIP_RN50,mscoco,Txt-Txt,Neg,0.46530083
CLIP_RN50,mscoco,Txt-Txt,Neg,0.49722606
CLIP_RN50,mscoco,Txt-Txt,Neg,0.49503535
CLIP_RN50,mscoco,Txt-Txt,Neg,0.53358597
CLIP_RN50,mscoco,Txt-Txt,Neg,0.32519895
CLIP_RN50,mscoco,Txt-Txt,Neg,0.739645
CLIP_RN50,mscoco,Txt-Txt,Neg,0.3261753
CLIP_RN50,mscoco,Txt-Txt,Neg,0.43450975
CLIP_RN50,mscoco,Txt-Txt,Neg,0.33454818
CLIP_RN50,mscoco,Txt-Txt,Neg,0.51251
CLIP_RN50,mscoco,Txt-Txt,Neg,0.50974935
CLIP_RN50,mscoco,Txt-Txt,Neg,0.6204117
CLIP_RN50,mscoco,Txt-Txt,Neg,0.41879022
CLIP_RN50,mscoco,Txt-Txt,Neg,0.5095988
CLIP_RN50,mscoco,Txt-Txt,Neg,0.5281779
CLIP_RN50,mscoco,Txt-Txt,Neg,0.4001544
CLIP_RN50,mscoco,Txt-Txt,Neg,0.40383375
CLIP_RN50,mscoco,Txt-Txt,Neg,0.54426837
CLIP_RN50,mscoco,Txt-Txt,Neg,0.4843306
CLIP_RN50,mscoco,Txt-Txt,Neg,0.5224188
CLIP_RN50,mscoco,Txt-Txt,Neg,0.5575601
CLIP_RN50,mscoco,Txt-Txt,Neg,0.41948438
CLIP_RN50,mscoco,Txt-Txt,Neg,0.5413863
CLIP_RN50,mscoco,Txt-Txt,Neg,0.5750591
CLIP_RN50,mscoco,Txt-Txt,Neg,0.46138737
CLIP_RN50,mscoco,Txt-Txt,Neg,0.438173
CLIP_RN50,mscoco,Txt-Txt,Neg,0.5630974
CLIP_RN50,mscoco,Txt-Txt,Neg,0.4545341
CLIP_RN50,mscoco,Txt-Txt,Neg,0.6028754
CLIP_RN50,mscoco,Txt-Txt,Neg,0.72677773
CLIP_RN50,mscoco,Txt-Txt,Neg,0.51971865
CLIP_RN50,mscoco,Txt-Txt,Neg,0.29413265
CLIP_RN50,mscoco,Txt-Txt,Neg,0.29557213
CLIP_RN50,mscoco,Txt-Txt,Neg,0.599494
CLIP_RN50,mscoco,Txt-Txt,Neg,0.57704866
CLIP_RN50,mscoco,Txt-Txt,Neg,0.5125655
CLIP_RN50,mscoco,Txt-Txt,Neg,0.65687937
CLIP_RN50,mscoco,Txt-Txt,Neg,0.5320997
CLIP_RN50,mscoco,Txt-Txt,Neg,0.40315706
CLIP_RN50,mscoco,Txt-Txt,Neg,0.521752
CLIP_RN50,mscoco,Txt-Txt,Neg,0.26605785
CLIP_RN50,mscoco,Txt-Txt,Neg,0.3276104
CLIP_RN50,mscoco,Txt-Txt,Neg,0.42544952
CLIP_RN50,mscoco,Txt-Txt,Neg,0.5230467
CLIP_RN50,mscoco,Txt-Txt,Neg,0.6674403
CLIP_RN50,mscoco,Txt-Txt,Neg,0.35960832
CLIP_RN50,mscoco,Txt-Txt,Neg,0.38883784
CLIP_RN50,mscoco,Txt-Txt,Neg,0.34036282
CLIP_RN50,mscoco,Txt-Txt,Neg,0.48652348
CLIP_RN50,mscoco,Txt-Txt,Neg,0.53210735
CLIP_RN50,mscoco,Txt-Txt,Neg,0.32644185
CLIP_RN50,mscoco,Txt-Txt,Neg,0.3783757
CLIP_RN50,mscoco,Txt-Txt,Neg,0.49652198
CLIP_RN50,mscoco,Txt-Txt,Neg,0.35408908
CLIP_RN50,mscoco,Txt-Txt,Neg,0.4522905
CLIP_RN50,mscoco,Txt-Txt,Neg,0.4791505
CLIP_RN50,mscoco,Txt-Txt,Neg,0.28481862
CLIP_RN50,mscoco,Txt-Txt,Neg,0.29181796
CLIP_RN50,mscoco,Txt-Txt,Neg,0.20979221
CLIP_RN50,mscoco,Txt-Txt,Neg,0.6099928
CLIP_RN50,mscoco,Txt-Txt,Neg,0.58380294
CLIP_RN50,mscoco,Txt-Txt,Neg,0.597662
CLIP_RN50,mscoco,Txt-Txt,Neg,0.39043814
CLIP_RN50,mscoco,Txt-Txt,Neg,0.57485
CLIP_RN50,mscoco,Txt-Txt,Neg,0.5130228
CLIP_RN50,mscoco,Txt-Txt,Neg,0.66686386
CLIP_RN50,mscoco,Txt-Txt,Neg,0.24327749
CLIP_RN50,mscoco,Txt-Txt,Neg,0.3939684
CLIP_RN50,mscoco,Txt-Txt,Neg,0.3119246
CLIP_RN50,mscoco,Txt-Txt,Neg,0.4384593
CLIP_RN50,mscoco,Txt-Txt,Neg,0.5005825
CLIP_RN50,mscoco,Txt-Txt,Neg,0.45024472
CLIP_RN50,mscoco,Txt-Txt,Neg,0.5791072
CLIP_RN50,mscoco,Txt-Txt,Neg,0.49936622
CLIP_RN50,mscoco,Txt-Txt,Neg,0.46937534
CLIP_RN50,mscoco,Txt-Txt,Neg,0.4408151
CLIP_RN50,mscoco,Txt-Txt,Neg,0.53812736
CLIP_RN50,mscoco,Txt-Txt,Neg,0.4450125
CLIP_RN50,mscoco,Txt-Txt,Neg,0.55984217
CLIP_RN50,mscoco,Txt-Txt,Neg,0.49205065
CLIP_RN50,mscoco,Txt-Txt,Neg,0.5618262
CLIP_RN50,mscoco,Txt-Txt,Neg,0.47591263
CLIP_RN50,mscoco,Txt-Txt,Neg,0.48505926
CLIP_RN50,mscoco,Txt-Txt,Neg,0.46093503
CLIP_RN50,mscoco,Txt-Txt,Neg,0.28053653
CLIP_RN50,mscoco,Txt-Txt,Neg,0.41936302
CLIP_RN50,mscoco,Txt-Txt,Neg,0.5243099
CLIP_RN50,mscoco,Txt-Txt,Neg,0.64280266
CLIP_RN50,mscoco,Txt-Txt,Neg,0.52393126
CLIP_RN50,mscoco,Txt-Txt,Neg,0.4223329
CLIP_RN50,mscoco,Txt-Txt,Neg,0.5541369
CLIP_RN50,mscoco,Txt-Txt,Neg,0.47218347
CLIP_RN50,mscoco,Txt-Txt,Neg,0.51975054
CLIP_RN50,mscoco,Txt-Txt,Neg,0.49142092
CLIP_RN50,mscoco,Txt-Txt,Neg,0.40056792
CLIP_RN50,mscoco,Txt-Txt,Neg,0.47828442
CLIP_RN50,mscoco,Txt-Txt,Neg,0.38348833
CLIP_RN50,mscoco,Txt-Txt,Neg,0.35942265
CLIP_RN50,mscoco,Txt-Txt,Neg,0.28650978
CLIP_RN50,mscoco,Txt-Txt,Neg,0.47578737
CLIP_RN50,mscoco,Txt-Txt,Neg,0.7254986
CLIP_RN50,mscoco,Txt-Txt,Neg,0.37634313
CLIP_RN50,mscoco,Txt-Txt,Neg,0.4747045
CLIP_RN50,mscoco,Txt-Txt,Neg,0.58746713
CLIP_RN50,mscoco,Txt-Txt,Neg,0.3752439
CLIP_RN50,mscoco,Txt-Txt,Neg,0.5800511
CLIP_RN50,mscoco,Txt-Txt,Neg,0.41231272
CLIP_RN50,mscoco,Txt-Txt,Neg,0.5356901
CLIP_RN50,mscoco,Txt-Txt,Neg,0.50563395
CLIP_RN50,mscoco,Txt-Txt,Neg,0.358438
CLIP_RN50,mscoco,Txt-Txt,Neg,0.46062592
CLIP_RN50,mscoco,Txt-Txt,Neg,0.5066799
CLIP_RN50,mscoco,Txt-Txt,Neg,0.34254232
CLIP_RN50,mscoco,Txt-Txt,Neg,0.5370944
CLIP_RN50,mscoco,Txt-Txt,Neg,0.6738634
CLIP_RN50,mscoco,Txt-Txt,Neg,0.4847783
CLIP_RN50,mscoco,Txt-Txt,Neg,0.44914904
CLIP_RN50,mscoco,Txt-Txt,Neg,0.5373996
CLIP_RN50,mscoco,Txt-Txt,Neg,0.57076037
CLIP_RN50,mscoco,Txt-Txt,Neg,0.552035
CLIP_RN50,mscoco,Txt-Txt,Neg,0.4119779
CLIP_RN50,mscoco,Txt-Txt,Neg,0.38106418
CLIP_RN50,mscoco,Txt-Txt,Neg,0.5343304
CLIP_RN50,mscoco,Txt-Txt,Neg,0.52009946
CLIP_RN50,mscoco,Txt-Txt,Neg,0.6380539
CLIP_RN50,mscoco,Txt-Txt,Neg,0.5516314
CLIP_RN50,mscoco,Txt-Txt,Neg,0.7547505
CLIP_RN50,mscoco,Txt-Txt,Neg,0.33758545
CLIP_RN50,mscoco,Txt-Txt,Neg,0.5550325
CLIP_RN50,mscoco,Txt-Txt,Neg,0.5188173
CLIP_RN50,mscoco,Txt-Txt,Neg,0.44468474
CLIP_RN50,mscoco,Txt-Txt,Neg,0.5694935
CLIP_RN50,mscoco,Txt-Txt,Neg,0.49079087
CLIP_RN50,mscoco,Txt-Txt,Neg,0.52344435
CLIP_RN50,mscoco,Txt-Txt,Neg,0.5110496
CLIP_RN50,mscoco,Txt-Txt,Neg,0.5965715
CLIP_RN50,mscoco,Txt-Txt,Neg,0.4760443
CLIP_RN50,mscoco,Txt-Txt,Neg,0.60706437
CLIP_RN50,mscoco,Txt-Txt,Neg,0.64873224
CLIP_RN50,mscoco,Txt-Txt,Neg,0.4249195
CLIP_RN50,mscoco,Txt-Txt,Neg,0.42666677
CLIP_RN50,mscoco,Txt-Txt,Neg,0.5990176
CLIP_RN50,mscoco,Txt-Txt,Neg,0.34983468
CLIP_RN50,mscoco,Txt-Txt,Neg,0.6473659
CLIP_RN50,mscoco,Txt-Txt,Neg,0.3797228
CLIP_RN50,mscoco,Txt-Txt,Neg,0.623367
CLIP_RN50,mscoco,Txt-Txt,Neg,0.56537914
CLIP_RN50,mscoco,Txt-Txt,Neg,0.5980727
CLIP_RN50,mscoco,Txt-Txt,Neg,0.67147917
CLIP_RN50,mscoco,Txt-Txt,Neg,0.33577785
CLIP_RN50,mscoco,Txt-Txt,Neg,0.7026932
CLIP_RN50,mscoco,Txt-Txt,Neg,0.32811093
CLIP_RN50,mscoco,Txt-Txt,Neg,0.49738306
CLIP_RN50,mscoco,Txt-Txt,Neg,0.17483
CLIP_RN50,mscoco,Txt-Txt,Neg,0.5217573
CLIP_RN50,mscoco,Txt-Txt,Neg,0.3667957
CLIP_RN50,mscoco,Txt-Txt,Neg,0.7200526
CLIP_RN50,mscoco,Txt-Txt,Neg,0.26624432
CLIP_RN50,mscoco,Txt-Txt,Neg,0.619135
CLIP_RN50,mscoco,Txt-Txt,Neg,0.56503266
CLIP_RN50,mscoco,Txt-Txt,Neg,0.4781291
CLIP_RN50,mscoco,Txt-Txt,Neg,0.40653834
CLIP_RN50,mscoco,Txt-Txt,Neg,0.5776087
CLIP_RN50,mscoco,Txt-Txt,Neg,0.42992467
CLIP_RN50,mscoco,Txt-Txt,Neg,0.38962036
CLIP_RN50,mscoco,Txt-Txt,Neg,0.52625614
CLIP_RN50,mscoco,Txt-Txt,Neg,0.355452
CLIP_RN50,mscoco,Txt-Txt,Neg,0.45068792
CLIP_RN50,mscoco,Txt-Txt,Neg,0.5537847
CLIP_RN50,mscoco,Txt-Txt,Neg,0.44639304
CLIP_RN50,mscoco,Txt-Txt,Neg,0.503558
CLIP_RN50,mscoco,Txt-Txt,Neg,0.35327616
CLIP_RN50,mscoco,Txt-Txt,Neg,0.5180188
CLIP_RN50,mscoco,Txt-Txt,Neg,0.38249737
CLIP_RN50,mscoco,Txt-Txt,Neg,0.42735013
CLIP_RN50,mscoco,Txt-Txt,Neg,0.39483494
CLIP_RN50,mscoco,Txt-Txt,Neg,0.3666408
CLIP_RN50,mscoco,Txt-Txt,Neg,0.4288207
CLIP_RN50,mscoco,Txt-Txt,Neg,0.41274202
CLIP_RN50,mscoco,Txt-Txt,Neg,0.4211608
CLIP_RN50,mscoco,Txt-Txt,Neg,0.5793944
CLIP_RN50,mscoco,Txt-Txt,Neg,0.4380681
CLIP_RN50,mscoco,Txt-Txt,Neg,0.4321028
CLIP_RN50,mscoco,Txt-Txt,Neg,0.48545268
CLIP_RN50,mscoco,Txt-Txt,Neg,0.6012747
CLIP_RN50,mscoco,Txt-Txt,Neg,0.61418253
CLIP_RN50,mscoco,Txt-Txt,Neg,0.42208847
CLIP_RN50,mscoco,Txt-Txt,Neg,0.48358208
CLIP_RN50,mscoco,Txt-Txt,Neg,0.49892405
CLIP_RN50,mscoco,Txt-Txt,Neg,0.54732585
CLIP_RN50,mscoco,Txt-Txt,Neg,0.24807037
CLIP_RN50,mscoco,Txt-Txt,Neg,0.5916855
CLIP_RN50,mscoco,Txt-Txt,Neg,0.4672285
CLIP_RN50,mscoco,Txt-Txt,Neg,0.48655212
CLIP_RN50,mscoco,Txt-Txt,Neg,0.69970244
CLIP_RN50,mscoco,Txt-Txt,Neg,0.58247787
CLIP_RN50,mscoco,Txt-Txt,Neg,0.581203
CLIP_RN50,mscoco,Txt-Txt,Neg,0.47985315
CLIP_RN50,mscoco,Txt-Txt,Neg,0.5049238
CLIP_RN50,mscoco,Txt-Txt,Neg,0.46779448
CLIP_RN50,mscoco,Txt-Txt,Neg,0.6328418
CLIP_RN50,mscoco,Txt-Txt,Neg,0.40871096
CLIP_RN50,mscoco,Txt-Txt,Neg,0.5636486
CLIP_RN50,mscoco,Txt-Txt,Neg,0.52687895
CLIP_RN50,mscoco,Txt-Txt,Neg,0.37372637
CLIP_RN50,mscoco,Txt-Txt,Neg,0.4169571
CLIP_RN50,mscoco,Txt-Txt,Neg,0.3564512
CLIP_RN50,mscoco,Txt-Txt,Neg,0.5563267
CLIP_RN50,mscoco,Txt-Txt,Neg,0.56403255
CLIP_RN50,mscoco,Txt-Txt,Neg,0.2255233
CLIP_RN50,mscoco,Txt-Txt,Neg,0.300331
CLIP_RN50,mscoco,Txt-Txt,Neg,0.6187186
CLIP_RN50,mscoco,Txt-Txt,Neg,0.45971227
CLIP_RN50,mscoco,Txt-Txt,Neg,0.7872569
CLIP_RN50,mscoco,Txt-Txt,Neg,0.6488371
CLIP_RN50,mscoco,Txt-Txt,Neg,0.49502265
CLIP_RN50,mscoco,Txt-Txt,Neg,0.48439747
CLIP_RN50,mscoco,Txt-Txt,Neg,0.58325857
CLIP_RN50,mscoco,Txt-Txt,Neg,0.45499554
CLIP_RN50,mscoco,Txt-Txt,Neg,0.4103962
CLIP_RN50,mscoco,Txt-Txt,Neg,0.53317636
CLIP_RN50,mscoco,Txt-Txt,Neg,0.5119219
CLIP_RN50,mscoco,Txt-Txt,Neg,0.57602906
CLIP_RN50,mscoco,Txt-Txt,Neg,0.61879826
CLIP_RN50,mscoco,Txt-Txt,Neg,0.37916082
CLIP_RN50,mscoco,Txt-Txt,Neg,0.38066575
CLIP_RN50,mscoco,Txt-Txt,Neg,0.3045901
CLIP_RN50,mscoco,Txt-Txt,Neg,0.5365349
CLIP_RN50,mscoco,Txt-Txt,Neg,0.6335564
CLIP_RN50,mscoco,Txt-Txt,Neg,0.4425647
CLIP_RN50,mscoco,Txt-Txt,Neg,0.5265517
CLIP_RN50,mscoco,Txt-Txt,Neg,0.47863957
CLIP_RN50,mscoco,Txt-Txt,Neg,0.24320939
CLIP_RN50,mscoco,Txt-Txt,Neg,0.41410425
CLIP_RN50,mscoco,Txt-Txt,Neg,0.48201174
CLIP_RN50,mscoco,Txt-Txt,Neg,0.3830983
CLIP_RN50,mscoco,Txt-Txt,Neg,0.39532647
CLIP_RN50,mscoco,Txt-Txt,Neg,0.5112308
CLIP_RN50,mscoco,Txt-Txt,Neg,0.5578961
CLIP_RN50,mscoco,Txt-Txt,Neg,0.59839517
CLIP_RN50,mscoco,Txt-Txt,Neg,0.2912294
CLIP_RN50,mscoco,Txt-Txt,Neg,0.2778136
CLIP_RN50,mscoco,Txt-Txt,Neg,0.3564825
CLIP_RN50,mscoco,Txt-Txt,Neg,0.40618867
CLIP_RN50,mscoco,Txt-Txt,Neg,0.47006252
CLIP_RN50,mscoco,Txt-Txt,Neg,0.5842103
CLIP_RN50,mscoco,Txt-Txt,Neg,0.510858
CLIP_RN50,mscoco,Txt-Txt,Neg,0.5093929
CLIP_RN50,mscoco,Txt-Txt,Neg,0.28978083
CLIP_RN50,mscoco,Txt-Txt,Neg,0.5993928
CLIP_RN50,mscoco,Txt-Txt,Neg,0.34245607
CLIP_RN50,mscoco,Txt-Txt,Neg,0.4880283
CLIP_RN50,mscoco,Txt-Txt,Neg,0.34233066
CLIP_RN50,mscoco,Txt-Txt,Neg,0.5062824
CLIP_RN50,mscoco,Txt-Txt,Neg,0.37069446
CLIP_RN50,mscoco,Txt-Txt,Neg,0.50700223
CLIP_RN50,mscoco,Txt-Txt,Neg,0.6227254
CLIP_RN50,mscoco,Txt-Txt,Neg,0.39052394
CLIP_RN50,mscoco,Txt-Txt,Neg,0.55046815
CLIP_RN50,mscoco,Txt-Txt,Neg,0.49298835
CLIP_RN50,mscoco,Txt-Txt,Neg,0.4529309
CLIP_RN50,mscoco,Txt-Txt,Neg,0.4393795
CLIP_RN50,mscoco,Txt-Txt,Neg,0.36087662
CLIP_RN50,mscoco,Txt-Txt,Neg,0.36494607
CLIP_RN50,mscoco,Txt-Txt,Neg,0.48756716
CLIP_RN50,mscoco,Txt-Txt,Neg,0.36372113
CLIP_RN50,mscoco,Txt-Txt,Neg,0.6219953
CLIP_RN50,mscoco,Txt-Txt,Neg,0.47530875
CLIP_RN50,mscoco,Txt-Txt,Neg,0.47333598
CLIP_RN50,mscoco,Txt-Txt,Neg,0.51001465
CLIP_RN50,mscoco,Txt-Txt,Neg,0.579752
CLIP_RN50,mscoco,Txt-Txt,Neg,0.46182746
CLIP_RN50,mscoco,Txt-Txt,Neg,0.47912318
CLIP_RN50,mscoco,Txt-Txt,Neg,0.26991415
CLIP_RN50,mscoco,Txt-Txt,Neg,0.55775917
CLIP_RN50,mscoco,Txt-Txt,Neg,0.5629099
CLIP_RN50,mscoco,Txt-Txt,Neg,0.5310798
CLIP_RN50,mscoco,Txt-Txt,Neg,0.36725956
CLIP_RN50,mscoco,Txt-Txt,Neg,0.3218947
CLIP_RN50,mscoco,Txt-Txt,Neg,0.3253817
CLIP_RN50,mscoco,Txt-Txt,Neg,0.41001472
CLIP_RN50,mscoco,Txt-Txt,Neg,0.5288461
CLIP_RN50,mscoco,Txt-Txt,Neg,0.38107285
CLIP_RN50,mscoco,Txt-Txt,Neg,0.26180103
CLIP_RN50,mscoco,Txt-Txt,Neg,0.47453958
CLIP_RN50,mscoco,Txt-Txt,Neg,0.5935695
CLIP_RN50,mscoco,Txt-Txt,Neg,0.34842628
CLIP_RN50,mscoco,Txt-Txt,Neg,0.46150556
CLIP_RN50,mscoco,Txt-Txt,Neg,0.654956
CLIP_RN50,mscoco,Txt-Txt,Neg,0.45844978
CLIP_RN50,mscoco,Txt-Txt,Neg,0.3941315
CLIP_RN50,mscoco,Txt-Txt,Neg,0.5201032
CLIP_RN50,mscoco,Txt-Txt,Neg,0.39238065
CLIP_RN50,mscoco,Txt-Txt,Neg,0.31096044
CLIP_RN50,mscoco,Txt-Txt,Neg,0.36730507
CLIP_RN50,mscoco,Txt-Txt,Neg,0.40789708
CLIP_RN50,mscoco,Txt-Txt,Neg,0.46332666
CLIP_RN50,mscoco,Txt-Txt,Neg,0.56453764
CLIP_RN50,mscoco,Txt-Txt,Neg,0.32660758
CLIP_RN50,mscoco,Txt-Txt,Neg,0.3809613
CLIP_RN50,mscoco,Txt-Txt,Neg,0.49592093
CLIP_RN50,mscoco,Txt-Txt,Neg,0.5056524
CLIP_RN50,mscoco,Txt-Txt,Neg,0.5062068
CLIP_RN50,mscoco,Txt-Txt,Neg,0.47925508
CLIP_RN50,mscoco,Txt-Txt,Neg,0.6231705
CLIP_RN50,mscoco,Txt-Txt,Neg,0.47859633
CLIP_RN50,mscoco,Txt-Txt,Neg,0.64307326
CLIP_RN50,mscoco,Txt-Txt,Neg,0.61568
CLIP_RN50,mscoco,Txt-Txt,Neg,0.23067853
CLIP_RN50,mscoco,Txt-Txt,Neg,0.45117626
CLIP_RN50,mscoco,Txt-Txt,Neg,0.6179186
CLIP_RN50,mscoco,Txt-Txt,Neg,0.609109
CLIP_RN50,mscoco,Txt-Txt,Neg,0.6326398
CLIP_RN50,mscoco,Txt-Txt,Neg,0.51662856
CLIP_RN50,mscoco,Txt-Txt,Neg,0.6537991
CLIP_RN50,mscoco,Txt-Txt,Neg,0.5180018
CLIP_RN50,mscoco,Txt-Txt,Neg,0.41963628
CLIP_RN50,mscoco,Txt-Txt,Neg,0.47497585
CLIP_RN50,mscoco,Txt-Txt,Neg,0.36665115
CLIP_RN50,mscoco,Txt-Txt,Neg,0.36617523
CLIP_RN50,mscoco,Txt-Txt,Neg,0.68589467
CLIP_RN50,mscoco,Txt-Txt,Neg,0.33986953
CLIP_RN50,mscoco,Txt-Txt,Neg,0.45682123
CLIP_RN50,mscoco,Txt-Txt,Neg,0.3656717
CLIP_RN50,mscoco,Txt-Txt,Neg,0.4198299
CLIP_RN50,mscoco,Txt-Txt,Neg,0.43729508
CLIP_RN50,mscoco,Txt-Txt,Neg,0.43448645
CLIP_RN50,mscoco,Txt-Txt,Neg,0.49007684
CLIP_RN50,mscoco,Txt-Txt,Neg,0.34955752
CLIP_RN50,mscoco,Txt-Txt,Neg,0.37815452
CLIP_RN50,mscoco,Txt-Txt,Neg,0.35299435
CLIP_RN50,mscoco,Txt-Txt,Neg,0.48834214
CLIP_RN50,mscoco,Txt-Txt,Neg,0.5224525
CLIP_RN50,mscoco,Txt-Txt,Neg,0.5029606
CLIP_RN50,mscoco,Txt-Txt,Neg,0.56062937
CLIP_RN50,mscoco,Txt-Txt,Neg,0.49593836
CLIP_RN50,mscoco,Txt-Txt,Neg,0.29146343
CLIP_RN50,mscoco,Txt-Txt,Neg,0.29819554
CLIP_RN50,mscoco,Txt-Txt,Neg,0.45998746
CLIP_RN50,mscoco,Txt-Txt,Neg,0.46503732
CLIP_RN50,mscoco,Txt-Txt,Neg,0.3829704
CLIP_RN50,mscoco,Txt-Txt,Neg,0.59187955
CLIP_RN50,mscoco,Txt-Txt,Neg,0.43568462
CLIP_RN50,mscoco,Txt-Txt,Neg,0.5732867
CLIP_RN50,mscoco,Txt-Txt,Neg,0.44150582
CLIP_RN50,mscoco,Txt-Txt,Neg,0.45346084
CLIP_RN50,mscoco,Txt-Txt,Neg,0.44110495
CLIP_RN50,mscoco,Txt-Txt,Neg,0.30068082
CLIP_RN50,mscoco,Txt-Txt,Neg,0.5812641
CLIP_RN50,mscoco,Txt-Txt,Neg,0.31386867
CLIP_RN50,mscoco,Txt-Txt,Neg,0.44709945
CLIP_RN50,mscoco,Txt-Txt,Neg,0.30032223
CLIP_RN50,mscoco,Txt-Txt,Neg,0.44699687
CLIP_RN50,mscoco,Txt-Txt,Neg,0.64615536
CLIP_RN50,mscoco,Txt-Txt,Neg,0.46188036
CLIP_RN50,mscoco,Txt-Txt,Neg,0.42926264
CLIP_RN50,mscoco,Txt-Txt,Neg,0.4371348
CLIP_RN50,mscoco,Txt-Txt,Neg,0.55407274
CLIP_RN50,mscoco,Txt-Txt,Neg,0.4394299
CLIP_RN50,mscoco,Txt-Txt,Neg,0.3450451
CLIP_RN50,mscoco,Txt-Txt,Neg,0.2501601
CLIP_RN50,mscoco,Txt-Txt,Neg,0.4477561
CLIP_RN50,mscoco,Txt-Txt,Neg,0.24999683
CLIP_RN50,mscoco,Txt-Txt,Neg,0.30875987
CLIP_RN50,mscoco,Txt-Txt,Neg,0.62535083
CLIP_RN50,mscoco,Txt-Txt,Neg,0.5797251
CLIP_RN50,mscoco,Txt-Txt,Neg,0.3536067
CLIP_RN50,mscoco,Txt-Txt,Neg,0.5625341
CLIP_RN50,mscoco,Txt-Txt,Neg,0.5715906
CLIP_RN50,mscoco,Txt-Txt,Neg,0.6193918
CLIP_RN50,mscoco,Txt-Txt,Neg,0.27160805
CLIP_RN50,mscoco,Txt-Txt,Neg,0.5142019
CLIP_RN50,mscoco,Txt-Txt,Neg,0.3833323
CLIP_RN50,mscoco,Txt-Txt,Neg,0.3230183
CLIP_RN50,mscoco,Txt-Txt,Neg,0.5837397
CLIP_RN50,mscoco,Txt-Txt,Neg,0.50998724
CLIP_RN50,mscoco,Txt-Txt,Neg,0.446214
CLIP_RN50,mscoco,Txt-Txt,Neg,0.4156743
CLIP_RN50,mscoco,Txt-Txt,Neg,0.57043236
CLIP_RN50,mscoco,Txt-Txt,Neg,0.52015495
CLIP_RN50,mscoco,Txt-Txt,Neg,0.4499448
CLIP_RN50,mscoco,Txt-Txt,Neg,0.41129327
CLIP_RN50,mscoco,Txt-Txt,Neg,0.54920816
CLIP_RN50,mscoco,Txt-Txt,Neg,0.5173051
CLIP_RN50,mscoco,Txt-Txt,Neg,0.59209275
CLIP_RN50,mscoco,Txt-Txt,Neg,0.5255919
CLIP_RN50,mscoco,Txt-Txt,Neg,0.45791492
CLIP_RN50,mscoco,Txt-Txt,Neg,0.47962537
CLIP_RN50,mscoco,Txt-Txt,Neg,0.72633487
CLIP_RN50,mscoco,Txt-Txt,Neg,0.52162826
CLIP_RN50,mscoco,Txt-Txt,Neg,0.5428986
CLIP_RN50,mscoco,Txt-Txt,Neg,0.5849654
CLIP_RN50,mscoco,Txt-Txt,Neg,0.5633862
CLIP_RN50,mscoco,Txt-Txt,Neg,0.52602965
CLIP_RN50,mscoco,Txt-Txt,Neg,0.49297
CLIP_RN50,mscoco,Txt-Txt,Neg,0.58571154
CLIP_RN50,mscoco,Txt-Txt,Neg,0.3927042
CLIP_RN50,mscoco,Txt-Txt,Neg,0.2921986
CLIP_RN50,mscoco,Txt-Txt,Neg,0.45631635
CLIP_RN50,mscoco,Txt-Txt,Neg,0.5193219
CLIP_RN50,mscoco,Txt-Txt,Neg,0.2542721
CLIP_RN50,mscoco,Txt-Txt,Neg,0.3053935
CLIP_RN50,mscoco,Txt-Txt,Neg,0.39978674
CLIP_RN50,mscoco,Txt-Txt,Neg,0.5982566
CLIP_RN50,mscoco,Txt-Txt,Neg,0.42356575
CLIP_RN50,mscoco,Txt-Txt,Neg,0.47082782
CLIP_RN50,mscoco,Txt-Txt,Neg,0.36787167
CLIP_RN50,mscoco,Txt-Txt,Neg,0.4820127
CLIP_RN50,mscoco,Txt-Txt,Neg,0.5269989
CLIP_RN50,mscoco,Txt-Txt,Neg,0.60308295
CLIP_RN50,mscoco,Txt-Txt,Neg,0.47384965
CLIP_RN50,mscoco,Txt-Txt,Neg,0.58083063
CLIP_RN50,mscoco,Txt-Txt,Neg,0.201814
CLIP_RN50,mscoco,Txt-Txt,Neg,0.5855348
CLIP_RN50,mscoco,Txt-Txt,Neg,0.5272354
CLIP_RN50,mscoco,Txt-Txt,Neg,0.3887757
CLIP_RN50,mscoco,Txt-Txt,Neg,0.35405567
CLIP_RN50,mscoco,Txt-Txt,Neg,0.51793987
CLIP_RN50,mscoco,Txt-Txt,Neg,0.4315279
CLIP_RN50,mscoco,Txt-Txt,Neg,0.49990278
CLIP_RN50,mscoco,Txt-Txt,Neg,0.58363104
CLIP_RN50,mscoco,Txt-Txt,Neg,0.5350781
CLIP_RN50,mscoco,Txt-Txt,Neg,0.36558712
CLIP_RN50,mscoco,Txt-Txt,Neg,0.44927835
CLIP_RN50,mscoco,Txt-Txt,Neg,0.38674998
CLIP_RN50,mscoco,Txt-Txt,Neg,0.45925647
CLIP_RN50,mscoco,Txt-Txt,Neg,0.5869727
CLIP_RN50,mscoco,Txt-Txt,Neg,0.65156734
CLIP_RN50,mscoco,Txt-Txt,Neg,0.6418033
CLIP_RN50,mscoco,Txt-Txt,Neg,0.5690889
CLIP_RN50,mscoco,Txt-Txt,Neg,0.69029844
CLIP_RN50,mscoco,Txt-Txt,Neg,0.3717939
CLIP_RN50,mscoco,Txt-Txt,Neg,0.49486405
CLIP_RN50,mscoco,Txt-Txt,Neg,0.54454356
CLIP_RN50,mscoco,Txt-Txt,Neg,0.5234318
CLIP_RN50,mscoco,Txt-Txt,Neg,0.45088908
CLIP_RN50,mscoco,Txt-Txt,Neg,0.45775038
CLIP_RN50,mscoco,Txt-Txt,Neg,0.25659785
CLIP_RN50,mscoco,Txt-Txt,Neg,0.3808901
CLIP_RN50,mscoco,Txt-Txt,Neg,0.43942064
CLIP_RN50,mscoco,Txt-Txt,Neg,0.43977848
CLIP_RN50,mscoco,Txt-Txt,Neg,0.32448795
CLIP_RN50,mscoco,Txt-Txt,Neg,0.43420085
CLIP_RN50,mscoco,Txt-Txt,Neg,0.3296545
CLIP_RN50,mscoco,Txt-Txt,Neg,0.32509935
CLIP_RN50,mscoco,Txt-Txt,Neg,0.5524167
CLIP_RN50,mscoco,Txt-Txt,Neg,0.5863785
CLIP_RN50,mscoco,Txt-Txt,Neg,0.21977082
CLIP_RN50,mscoco,Txt-Txt,Neg,0.35217315
CLIP_RN50,mscoco,Txt-Txt,Neg,0.47991073
CLIP_RN50,mscoco,Txt-Txt,Neg,0.61452127
CLIP_RN50,mscoco,Txt-Txt,Neg,0.38186428
CLIP_RN50,mscoco,Txt-Txt,Neg,0.418107
CLIP_RN50,mscoco,Txt-Txt,Neg,0.36472088
CLIP_RN50,mscoco,Txt-Txt,Neg,0.41256157
CLIP_RN50,mscoco,Txt-Txt,Neg,0.41072953
CLIP_RN50,mscoco,Txt-Txt,Neg,0.44859764
CLIP_RN50,mscoco,Txt-Txt,Neg,0.2635676
CLIP_RN50,mscoco,Txt-Txt,Neg,0.38932487
CLIP_RN50,mscoco,Txt-Txt,Neg,0.41438106
CLIP_RN50,mscoco,Txt-Txt,Neg,0.39574364
CLIP_RN50,mscoco,Txt-Txt,Neg,0.5662001
CLIP_RN50,mscoco,Txt-Txt,Neg,0.5066551
CLIP_RN50,mscoco,Txt-Txt,Neg,0.43778378
CLIP_RN50,mscoco,Txt-Txt,Neg,0.67030877
CLIP_RN50,mscoco,Txt-Txt,Neg,0.43900323
CLIP_RN50,mscoco,Txt-Txt,Neg,0.5217138
CLIP_RN50,mscoco,Txt-Txt,Neg,0.37840545
CLIP_RN50,mscoco,Txt-Txt,Neg,0.28125936
CLIP_RN50,mscoco,Txt-Txt,Neg,0.5988369
CLIP_RN50,mscoco,Txt-Txt,Neg,0.4309436
CLIP_RN50,mscoco,Txt-Txt,Neg,0.5162147
CLIP_RN50,mscoco,Txt-Txt,Neg,0.45627493
CLIP_RN50,mscoco,Txt-Txt,Neg,0.41449708
CLIP_RN50,mscoco,Txt-Txt,Neg,0.612036
CLIP_RN50,mscoco,Txt-Txt,Neg,0.6053901
CLIP_RN50,mscoco,Txt-Txt,Neg,0.44414997
CLIP_RN50,mscoco,Txt-Txt,Neg,0.40387675
CLIP_RN50,mscoco,Txt-Txt,Neg,0.5859011
CLIP_RN50,mscoco,Img-Img,Neg,0.34719905
CLIP_RN50,mscoco,Img-Img,Neg,0.3689013
CLIP_RN50,mscoco,Img-Img,Neg,0.35821408
CLIP_RN50,mscoco,Img-Img,Neg,0.35921746
CLIP_RN50,mscoco,Img-Img,Neg,0.34376258
CLIP_RN50,mscoco,Img-Img,Neg,0.39684522
CLIP_RN50,mscoco,Img-Img,Neg,0.452045
CLIP_RN50,mscoco,Img-Img,Neg,0.4656809
CLIP_RN50,mscoco,Img-Img,Neg,0.18839577
CLIP_RN50,mscoco,Img-Img,Neg,0.3205089
CLIP_RN50,mscoco,Img-Img,Neg,0.52680624
CLIP_RN50,mscoco,Img-Img,Neg,0.285529
CLIP_RN50,mscoco,Img-Img,Neg,0.59660226
CLIP_RN50,mscoco,Img-Img,Neg,0.17834969
CLIP_RN50,mscoco,Img-Img,Neg,0.43464464
CLIP_RN50,mscoco,Img-Img,Neg,0.4139077
CLIP_RN50,mscoco,Img-Img,Neg,0.34672984
CLIP_RN50,mscoco,Img-Img,Neg,0.68086815
CLIP_RN50,mscoco,Img-Img,Neg,0.4021224
CLIP_RN50,mscoco,Img-Img,Neg,0.67183465
CLIP_RN50,mscoco,Img-Img,Neg,0.3938774
CLIP_RN50,mscoco,Img-Img,Neg,0.33065793
CLIP_RN50,mscoco,Img-Img,Neg,0.28149304
CLIP_RN50,mscoco,Img-Img,Neg,0.45768654
CLIP_RN50,mscoco,Img-Img,Neg,0.62011707
CLIP_RN50,mscoco,Img-Img,Neg,0.2887401
CLIP_RN50,mscoco,Img-Img,Neg,0.31988764
CLIP_RN50,mscoco,Img-Img,Neg,0.41240674
CLIP_RN50,mscoco,Img-Img,Neg,0.5025264
CLIP_RN50,mscoco,Img-Img,Neg,0.41856474
CLIP_RN50,mscoco,Img-Img,Neg,0.35865155
CLIP_RN50,mscoco,Img-Img,Neg,0.45167372
CLIP_RN50,mscoco,Img-Img,Neg,0.21091825
CLIP_RN50,mscoco,Img-Img,Neg,0.4788915
CLIP_RN50,mscoco,Img-Img,Neg,0.35901773
CLIP_RN50,mscoco,Img-Img,Neg,0.42921302
CLIP_RN50,mscoco,Img-Img,Neg,0.2645882
CLIP_RN50,mscoco,Img-Img,Neg,0.36900723
CLIP_RN50,mscoco,Img-Img,Neg,0.42910114
CLIP_RN50,mscoco,Img-Img,Neg,0.4295946
CLIP_RN50,mscoco,Img-Img,Neg,0.46703672
CLIP_RN50,mscoco,Img-Img,Neg,0.45233312
CLIP_RN50,mscoco,Img-Img,Neg,0.32175848
CLIP_RN50,mscoco,Img-Img,Neg,0.40752548
CLIP_RN50,mscoco,Img-Img,Neg,0.43554184
CLIP_RN50,mscoco,Img-Img,Neg,0.3360527
CLIP_RN50,mscoco,Img-Img,Neg,0.33473375
CLIP_RN50,mscoco,Img-Img,Neg,0.35829434
CLIP_RN50,mscoco,Img-Img,Neg,0.22561818
CLIP_RN50,mscoco,Img-Img,Neg,0.33695674
CLIP_RN50,mscoco,Img-Img,Neg,0.47185102
CLIP_RN50,mscoco,Img-Img,Neg,0.31803912
CLIP_RN50,mscoco,Img-Img,Neg,0.32840443
CLIP_RN50,mscoco,Img-Img,Neg,0.31428513
CLIP_RN50,mscoco,Img-Img,Neg,0.37147725
CLIP_RN50,mscoco,Img-Img,Neg,0.30400512
CLIP_RN50,mscoco,Img-Img,Neg,0.3181521
CLIP_RN50,mscoco,Img-Img,Neg,0.47007063
CLIP_RN50,mscoco,Img-Img,Neg,0.50262684
CLIP_RN50,mscoco,Img-Img,Neg,0.50733376
CLIP_RN50,mscoco,Img-Img,Neg,0.33130422
CLIP_RN50,mscoco,Img-Img,Neg,0.23495263
CLIP_RN50,mscoco,Img-Img,Neg,0.26877463
CLIP_RN50,mscoco,Img-Img,Neg,0.53192693
CLIP_RN50,mscoco,Img-Img,Neg,0.457958
CLIP_RN50,mscoco,Img-Img,Neg,0.14869952
CLIP_RN50,mscoco,Img-Img,Neg,0.55687493
CLIP_RN50,mscoco,Img-Img,Neg,0.39476523
CLIP_RN50,mscoco,Img-Img,Neg,0.184271
CLIP_RN50,mscoco,Img-Img,Neg,0.43938106
CLIP_RN50,mscoco,Img-Img,Neg,0.27236483
CLIP_RN50,mscoco,Img-Img,Neg,0.29861295
CLIP_RN50,mscoco,Img-Img,Neg,0.41423848
CLIP_RN50,mscoco,Img-Img,Neg,0.43902823
CLIP_RN50,mscoco,Img-Img,Neg,0.35593438
CLIP_RN50,mscoco,Img-Img,Neg,0.14905003
CLIP_RN50,mscoco,Img-Img,Neg,0.2958545
CLIP_RN50,mscoco,Img-Img,Neg,0.39651358
CLIP_RN50,mscoco,Img-Img,Neg,0.42942372
CLIP_RN50,mscoco,Img-Img,Neg,0.52980727
CLIP_RN50,mscoco,Img-Img,Neg,0.46136674
CLIP_RN50,mscoco,Img-Img,Neg,0.2920591
CLIP_RN50,mscoco,Img-Img,Neg,0.40601143
CLIP_RN50,mscoco,Img-Img,Neg,0.3714751
CLIP_RN50,mscoco,Img-Img,Neg,0.4802827
CLIP_RN50,mscoco,Img-Img,Neg,0.3527041
CLIP_RN50,mscoco,Img-Img,Neg,0.5651114
CLIP_RN50,mscoco,Img-Img,Neg,0.34698594
CLIP_RN50,mscoco,Img-Img,Neg,0.34620583
CLIP_RN50,mscoco,Img-Img,Neg,0.4485125
CLIP_RN50,mscoco,Img-Img,Neg,0.2915232
CLIP_RN50,mscoco,Img-Img,Neg,0.36141324
CLIP_RN50,mscoco,Img-Img,Neg,0.28948304
CLIP_RN50,mscoco,Img-Img,Neg,0.37567466
CLIP_RN50,mscoco,Img-Img,Neg,0.28361833
CLIP_RN50,mscoco,Img-Img,Neg,0.47800618
CLIP_RN50,mscoco,Img-Img,Neg,0.30938634
CLIP_RN50,mscoco,Img-Img,Neg,0.4170449
CLIP_RN50,mscoco,Img-Img,Neg,0.460722
CLIP_RN50,mscoco,Img-Img,Neg,0.22863339
CLIP_RN50,mscoco,Img-Img,Neg,0.47742194
CLIP_RN50,mscoco,Img-Img,Neg,0.2560698
CLIP_RN50,mscoco,Img-Img,Neg,0.36441752
CLIP_RN50,mscoco,Img-Img,Neg,0.31655556
CLIP_RN50,mscoco,Img-Img,Neg,0.432795
CLIP_RN50,mscoco,Img-Img,Neg,0.35492867
CLIP_RN50,mscoco,Img-Img,Neg,0.4429515
CLIP_RN50,mscoco,Img-Img,Neg,0.2912259
CLIP_RN50,mscoco,Img-Img,Neg,0.41035
CLIP_RN50,mscoco,Img-Img,Neg,0.4029251
CLIP_RN50,mscoco,Img-Img,Neg,0.444869
CLIP_RN50,mscoco,Img-Img,Neg,0.5017096
CLIP_RN50,mscoco,Img-Img,Neg,0.3914731
CLIP_RN50,mscoco,Img-Img,Neg,0.28400743
CLIP_RN50,mscoco,Img-Img,Neg,0.5742745
CLIP_RN50,mscoco,Img-Img,Neg,0.2768178
CLIP_RN50,mscoco,Img-Img,Neg,0.4026811
CLIP_RN50,mscoco,Img-Img,Neg,0.4232965
CLIP_RN50,mscoco,Img-Img,Neg,0.18434365
CLIP_RN50,mscoco,Img-Img,Neg,0.30570766
CLIP_RN50,mscoco,Img-Img,Neg,0.4919564
CLIP_RN50,mscoco,Img-Img,Neg,0.3811543
CLIP_RN50,mscoco,Img-Img,Neg,0.14811234
CLIP_RN50,mscoco,Img-Img,Neg,0.30163765
CLIP_RN50,mscoco,Img-Img,Neg,0.31574512
CLIP_RN50,mscoco,Img-Img,Neg,0.22961828
CLIP_RN50,mscoco,Img-Img,Neg,0.42650238
CLIP_RN50,mscoco,Img-Img,Neg,0.20441458
CLIP_RN50,mscoco,Img-Img,Neg,0.4302315
CLIP_RN50,mscoco,Img-Img,Neg,0.34285328
CLIP_RN50,mscoco,Img-Img,Neg,0.46395993
CLIP_RN50,mscoco,Img-Img,Neg,0.32050452
CLIP_RN50,mscoco,Img-Img,Neg,0.14250304
CLIP_RN50,mscoco,Img-Img,Neg,0.3563776
CLIP_RN50,mscoco,Img-Img,Neg,0.5331576
CLIP_RN50,mscoco,Img-Img,Neg,0.28999838
CLIP_RN50,mscoco,Img-Img,Neg,0.58741426
CLIP_RN50,mscoco,Img-Img,Neg,0.30787197
CLIP_RN50,mscoco,Img-Img,Neg,0.23096548
CLIP_RN50,mscoco,Img-Img,Neg,0.26653615
CLIP_RN50,mscoco,Img-Img,Neg,0.64926565
CLIP_RN50,mscoco,Img-Img,Neg,0.55356544
CLIP_RN50,mscoco,Img-Img,Neg,0.60243464
CLIP_RN50,mscoco,Img-Img,Neg,0.41681767
CLIP_RN50,mscoco,Img-Img,Neg,0.3025982
CLIP_RN50,mscoco,Img-Img,Neg,0.32623485
CLIP_RN50,mscoco,Img-Img,Neg,0.33702567
CLIP_RN50,mscoco,Img-Img,Neg,0.4099912
CLIP_RN50,mscoco,Img-Img,Neg,0.2764374
CLIP_RN50,mscoco,Img-Img,Neg,0.48587793
CLIP_RN50,mscoco,Img-Img,Neg,0.18916276
CLIP_RN50,mscoco,Img-Img,Neg,0.36006513
CLIP_RN50,mscoco,Img-Img,Neg,0.2856854
CLIP_RN50,mscoco,Img-Img,Neg,0.3443491
CLIP_RN50,mscoco,Img-Img,Neg,0.18788105
CLIP_RN50,mscoco,Img-Img,Neg,0.5629791
CLIP_RN50,mscoco,Img-Img,Neg,0.47406295
CLIP_RN50,mscoco,Img-Img,Neg,0.29499134
CLIP_RN50,mscoco,Img-Img,Neg,0.6129853
CLIP_RN50,mscoco,Img-Img,Neg,0.6588365
CLIP_RN50,mscoco,Img-Img,Neg,0.3388654
CLIP_RN50,mscoco,Img-Img,Neg,0.3903488
CLIP_RN50,mscoco,Img-Img,Neg,0.43311575
CLIP_RN50,mscoco,Img-Img,Neg,0.28874978
CLIP_RN50,mscoco,Img-Img,Neg,0.39718246
CLIP_RN50,mscoco,Img-Img,Neg,0.46823162
CLIP_RN50,mscoco,Img-Img,Neg,0.36771718
CLIP_RN50,mscoco,Img-Img,Neg,0.16629134
CLIP_RN50,mscoco,Img-Img,Neg,0.16711307
CLIP_RN50,mscoco,Img-Img,Neg,0.68653464
CLIP_RN50,mscoco,Img-Img,Neg,0.39481342
CLIP_RN50,mscoco,Img-Img,Neg,0.49939948
CLIP_RN50,mscoco,Img-Img,Neg,0.40929645
CLIP_RN50,mscoco,Img-Img,Neg,0.41078374
CLIP_RN50,mscoco,Img-Img,Neg,0.41837904
CLIP_RN50,mscoco,Img-Img,Neg,0.26379836
CLIP_RN50,mscoco,Img-Img,Neg,0.38627097
CLIP_RN50,mscoco,Img-Img,Neg,0.49263817
CLIP_RN50,mscoco,Img-Img,Neg,0.37791455
CLIP_RN50,mscoco,Img-Img,Neg,0.45317566
CLIP_RN50,mscoco,Img-Img,Neg,0.4307284
CLIP_RN50,mscoco,Img-Img,Neg,0.43941993
CLIP_RN50,mscoco,Img-Img,Neg,0.28362113
CLIP_RN50,mscoco,Img-Img,Neg,0.35221878
CLIP_RN50,mscoco,Img-Img,Neg,0.36042425
CLIP_RN50,mscoco,Img-Img,Neg,0.40785155
CLIP_RN50,mscoco,Img-Img,Neg,0.4382398
CLIP_RN50,mscoco,Img-Img,Neg,0.15264088
CLIP_RN50,mscoco,Img-Img,Neg,0.43934464
CLIP_RN50,mscoco,Img-Img,Neg,0.29858762
CLIP_RN50,mscoco,Img-Img,Neg,0.18885396
CLIP_RN50,mscoco,Img-Img,Neg,0.6644852
CLIP_RN50,mscoco,Img-Img,Neg,0.40860006
CLIP_RN50,mscoco,Img-Img,Neg,0.38172862
CLIP_RN50,mscoco,Img-Img,Neg,0.4981474
CLIP_RN50,mscoco,Img-Img,Neg,0.4341556
CLIP_RN50,mscoco,Img-Img,Neg,0.4397439
CLIP_RN50,mscoco,Img-Img,Neg,0.39598492
CLIP_RN50,mscoco,Img-Img,Neg,0.3704349
CLIP_RN50,mscoco,Img-Img,Neg,0.6139451
CLIP_RN50,mscoco,Img-Img,Neg,0.39913696
CLIP_RN50,mscoco,Img-Img,Neg,0.30981472
CLIP_RN50,mscoco,Img-Img,Neg,0.47534537
CLIP_RN50,mscoco,Img-Img,Neg,0.33824387
CLIP_RN50,mscoco,Img-Img,Neg,0.42646468
CLIP_RN50,mscoco,Img-Img,Neg,0.48375285
CLIP_RN50,mscoco,Img-Img,Neg,0.47068524
CLIP_RN50,mscoco,Img-Img,Neg,0.28860575
CLIP_RN50,mscoco,Img-Img,Neg,0.42637855
CLIP_RN50,mscoco,Img-Img,Neg,0.5705199
CLIP_RN50,mscoco,Img-Img,Neg,0.43243998
CLIP_RN50,mscoco,Img-Img,Neg,0.31854543
CLIP_RN50,mscoco,Img-Img,Neg,0.43372187
CLIP_RN50,mscoco,Img-Img,Neg,0.38386583
CLIP_RN50,mscoco,Img-Img,Neg,0.23666166
CLIP_RN50,mscoco,Img-Img,Neg,0.45365024
CLIP_RN50,mscoco,Img-Img,Neg,0.32471725
CLIP_RN50,mscoco,Img-Img,Neg,0.31515536
CLIP_RN50,mscoco,Img-Img,Neg,0.5352381
CLIP_RN50,mscoco,Img-Img,Neg,0.344741
CLIP_RN50,mscoco,Img-Img,Neg,0.27485573
CLIP_RN50,mscoco,Img-Img,Neg,0.32560375
CLIP_RN50,mscoco,Img-Img,Neg,0.55002916
CLIP_RN50,mscoco,Img-Img,Neg,0.31641352
CLIP_RN50,mscoco,Img-Img,Neg,0.4103434
CLIP_RN50,mscoco,Img-Img,Neg,0.44283384
CLIP_RN50,mscoco,Img-Img,Neg,0.6445726
CLIP_RN50,mscoco,Img-Img,Neg,0.34069943
CLIP_RN50,mscoco,Img-Img,Neg,0.29215342
CLIP_RN50,mscoco,Img-Img,Neg,0.44146028
CLIP_RN50,mscoco,Img-Img,Neg,0.36988077
CLIP_RN50,mscoco,Img-Img,Neg,0.24157533
CLIP_RN50,mscoco,Img-Img,Neg,0.29942632
CLIP_RN50,mscoco,Img-Img,Neg,0.48611486
CLIP_RN50,mscoco,Img-Img,Neg,0.21644455
CLIP_RN50,mscoco,Img-Img,Neg,0.23413602
CLIP_RN50,mscoco,Img-Img,Neg,0.25089747
CLIP_RN50,mscoco,Img-Img,Neg,0.4007114
CLIP_RN50,mscoco,Img-Img,Neg,0.5124227
CLIP_RN50,mscoco,Img-Img,Neg,0.36342016
CLIP_RN50,mscoco,Img-Img,Neg,0.31055835
CLIP_RN50,mscoco,Img-Img,Neg,0.45317066
CLIP_RN50,mscoco,Img-Img,Neg,0.3647574
CLIP_RN50,mscoco,Img-Img,Neg,0.47607443
CLIP_RN50,mscoco,Img-Img,Neg,0.68611777
CLIP_RN50,mscoco,Img-Img,Neg,0.36508793
CLIP_RN50,mscoco,Img-Img,Neg,0.47867405
CLIP_RN50,mscoco,Img-Img,Neg,0.28932232
CLIP_RN50,mscoco,Img-Img,Neg,0.26183212
CLIP_RN50,mscoco,Img-Img,Neg,0.3614509
CLIP_RN50,mscoco,Img-Img,Neg,0.20152737
CLIP_RN50,mscoco,Img-Img,Neg,0.52535254
CLIP_RN50,mscoco,Img-Img,Neg,0.43185258
CLIP_RN50,mscoco,Img-Img,Neg,0.27376246
CLIP_RN50,mscoco,Img-Img,Neg,0.46358666
CLIP_RN50,mscoco,Img-Img,Neg,0.43893212
CLIP_RN50,mscoco,Img-Img,Neg,0.1652714
CLIP_RN50,mscoco,Img-Img,Neg,0.5858065
CLIP_RN50,mscoco,Img-Img,Neg,0.44586954
CLIP_RN50,mscoco,Img-Img,Neg,0.4798161
CLIP_RN50,mscoco,Img-Img,Neg,0.44576222
CLIP_RN50,mscoco,Img-Img,Neg,0.25900525
CLIP_RN50,mscoco,Img-Img,Neg,0.32291257
CLIP_RN50,mscoco,Img-Img,Neg,0.48732466
CLIP_RN50,mscoco,Img-Img,Neg,0.4700636
CLIP_RN50,mscoco,Img-Img,Neg,0.36703524
CLIP_RN50,mscoco,Img-Img,Neg,0.260156
CLIP_RN50,mscoco,Img-Img,Neg,0.36385202
CLIP_RN50,mscoco,Img-Img,Neg,0.35850325
CLIP_RN50,mscoco,Img-Img,Neg,0.46172476
CLIP_RN50,mscoco,Img-Img,Neg,0.46287176
CLIP_RN50,mscoco,Img-Img,Neg,0.28836864
CLIP_RN50,mscoco,Img-Img,Neg,0.37345454
CLIP_RN50,mscoco,Img-Img,Neg,0.3051543
CLIP_RN50,mscoco,Img-Img,Neg,0.37246755
CLIP_RN50,mscoco,Img-Img,Neg,0.52222615
CLIP_RN50,mscoco,Img-Img,Neg,0.43275174
CLIP_RN50,mscoco,Img-Img,Neg,0.5501549
CLIP_RN50,mscoco,Img-Img,Neg,0.31823698
CLIP_RN50,mscoco,Img-Img,Neg,0.32480457
CLIP_RN50,mscoco,Img-Img,Neg,0.4131388
CLIP_RN50,mscoco,Img-Img,Neg,0.23017201
CLIP_RN50,mscoco,Img-Img,Neg,0.37072784
CLIP_RN50,mscoco,Img-Img,Neg,0.32971436
CLIP_RN50,mscoco,Img-Img,Neg,0.21563269
CLIP_RN50,mscoco,Img-Img,Neg,0.48959753
CLIP_RN50,mscoco,Img-Img,Neg,0.33922455
CLIP_RN50,mscoco,Img-Img,Neg,0.3209676
CLIP_RN50,mscoco,Img-Img,Neg,0.44219348
CLIP_RN50,mscoco,Img-Img,Neg,0.28731743
CLIP_RN50,mscoco,Img-Img,Neg,0.50087446
CLIP_RN50,mscoco,Img-Img,Neg,0.3622625
CLIP_RN50,mscoco,Img-Img,Neg,0.28142685
CLIP_RN50,mscoco,Img-Img,Neg,0.64178485
CLIP_RN50,mscoco,Img-Img,Neg,0.3765259
CLIP_RN50,mscoco,Img-Img,Neg,0.4465347
CLIP_RN50,mscoco,Img-Img,Neg,0.3045123
CLIP_RN50,mscoco,Img-Img,Neg,0.42125276
CLIP_RN50,mscoco,Img-Img,Neg,0.27420235
CLIP_RN50,mscoco,Img-Img,Neg,0.1548067
CLIP_RN50,mscoco,Img-Img,Neg,0.5122428
CLIP_RN50,mscoco,Img-Img,Neg,0.40662292
CLIP_RN50,mscoco,Img-Img,Neg,0.6230978
CLIP_RN50,mscoco,Img-Img,Neg,0.20411697
CLIP_RN50,mscoco,Img-Img,Neg,0.18078333
CLIP_RN50,mscoco,Img-Img,Neg,0.4451854
CLIP_RN50,mscoco,Img-Img,Neg,0.58174676
CLIP_RN50,mscoco,Img-Img,Neg,0.33994225
CLIP_RN50,mscoco,Img-Img,Neg,0.30790278
CLIP_RN50,mscoco,Img-Img,Neg,0.5092929
CLIP_RN50,mscoco,Img-Img,Neg,0.41569802
CLIP_RN50,mscoco,Img-Img,Neg,0.2966699
CLIP_RN50,mscoco,Img-Img,Neg,0.41920123
CLIP_RN50,mscoco,Img-Img,Neg,0.43403476
CLIP_RN50,mscoco,Img-Img,Neg,0.342576
CLIP_RN50,mscoco,Img-Img,Neg,0.34993055
CLIP_RN50,mscoco,Img-Img,Neg,0.5023462
CLIP_RN50,mscoco,Img-Img,Neg,0.2433337
CLIP_RN50,mscoco,Img-Img,Neg,0.6775929
CLIP_RN50,mscoco,Img-Img,Neg,0.39880517
CLIP_RN50,mscoco,Img-Img,Neg,0.4732167
CLIP_RN50,mscoco,Img-Img,Neg,0.46101347
CLIP_RN50,mscoco,Img-Img,Neg,0.37347314
CLIP_RN50,mscoco,Img-Img,Neg,0.64889735
CLIP_RN50,mscoco,Img-Img,Neg,0.45548424
CLIP_RN50,mscoco,Img-Img,Neg,0.47403118
CLIP_RN50,mscoco,Img-Img,Neg,0.2881028
CLIP_RN50,mscoco,Img-Img,Neg,0.33738482
CLIP_RN50,mscoco,Img-Img,Neg,0.3123995
CLIP_RN50,mscoco,Img-Img,Neg,0.2252697
CLIP_RN50,mscoco,Img-Img,Neg,0.4575495
CLIP_RN50,mscoco,Img-Img,Neg,0.43282437
CLIP_RN50,mscoco,Img-Img,Neg,0.5223132
CLIP_RN50,mscoco,Img-Img,Neg,0.49611363
CLIP_RN50,mscoco,Img-Img,Neg,0.30880752
CLIP_RN50,mscoco,Img-Img,Neg,0.5194655
CLIP_RN50,mscoco,Img-Img,Neg,0.3535765
CLIP_RN50,mscoco,Img-Img,Neg,0.39195463
CLIP_RN50,mscoco,Img-Img,Neg,0.48762435
CLIP_RN50,mscoco,Img-Img,Neg,0.40940452
CLIP_RN50,mscoco,Img-Img,Neg,0.41256434
CLIP_RN50,mscoco,Img-Img,Neg,0.393028
CLIP_RN50,mscoco,Img-Img,Neg,0.70984364
CLIP_RN50,mscoco,Img-Img,Neg,0.3835431
CLIP_RN50,mscoco,Img-Img,Neg,0.44927517
CLIP_RN50,mscoco,Img-Img,Neg,0.1977329
CLIP_RN50,mscoco,Img-Img,Neg,0.27188912
CLIP_RN50,mscoco,Img-Img,Neg,0.23834856
CLIP_RN50,mscoco,Img-Img,Neg,0.41314125
CLIP_RN50,mscoco,Img-Img,Neg,0.49474016
CLIP_RN50,mscoco,Img-Img,Neg,0.24221061
CLIP_RN50,mscoco,Img-Img,Neg,0.462523
CLIP_RN50,mscoco,Img-Img,Neg,0.47922015
CLIP_RN50,mscoco,Img-Img,Neg,0.58276707
CLIP_RN50,mscoco,Img-Img,Neg,0.44224536
CLIP_RN50,mscoco,Img-Img,Neg,0.5186256
CLIP_RN50,mscoco,Img-Img,Neg,0.2626701
CLIP_RN50,mscoco,Img-Img,Neg,0.37100708
CLIP_RN50,mscoco,Img-Img,Neg,0.4404026
CLIP_RN50,mscoco,Img-Img,Neg,0.31556308
CLIP_RN50,mscoco,Img-Img,Neg,0.3596718
CLIP_RN50,mscoco,Img-Img,Neg,0.52180064
CLIP_RN50,mscoco,Img-Img,Neg,0.26240912
CLIP_RN50,mscoco,Img-Img,Neg,0.233362
CLIP_RN50,mscoco,Img-Img,Neg,0.41272795
CLIP_RN50,mscoco,Img-Img,Neg,0.37284786
CLIP_RN50,mscoco,Img-Img,Neg,0.4176524
CLIP_RN50,mscoco,Img-Img,Neg,0.32205337
CLIP_RN50,mscoco,Img-Img,Neg,0.21084319
CLIP_RN50,mscoco,Img-Img,Neg,0.63510144
CLIP_RN50,mscoco,Img-Img,Neg,0.4033775
CLIP_RN50,mscoco,Img-Img,Neg,0.45619482
CLIP_RN50,mscoco,Img-Img,Neg,0.30995363
CLIP_RN50,mscoco,Img-Img,Neg,0.3395999
CLIP_RN50,mscoco,Img-Img,Neg,0.33569863
CLIP_RN50,mscoco,Img-Img,Neg,0.4460684
CLIP_RN50,mscoco,Img-Img,Neg,0.27139968
CLIP_RN50,mscoco,Img-Img,Neg,0.46121854
CLIP_RN50,mscoco,Img-Img,Neg,0.4939434
CLIP_RN50,mscoco,Img-Img,Neg,0.35859734
CLIP_RN50,mscoco,Img-Img,Neg,0.3293169
CLIP_RN50,mscoco,Img-Img,Neg,0.52444386
CLIP_RN50,mscoco,Img-Img,Neg,0.42772126
CLIP_RN50,mscoco,Img-Img,Neg,0.38125134
CLIP_RN50,mscoco,Img-Img,Neg,0.4057052
CLIP_RN50,mscoco,Img-Img,Neg,0.535147
CLIP_RN50,mscoco,Img-Img,Neg,0.22660573
CLIP_RN50,mscoco,Img-Img,Neg,0.33959424
CLIP_RN50,mscoco,Img-Img,Neg,0.2776198
CLIP_RN50,mscoco,Img-Img,Neg,0.3006696
CLIP_RN50,mscoco,Img-Img,Neg,0.47620136
CLIP_RN50,mscoco,Img-Img,Neg,0.32445958
CLIP_RN50,mscoco,Img-Img,Neg,0.28071293
CLIP_RN50,mscoco,Img-Img,Neg,0.38799948
CLIP_RN50,mscoco,Img-Img,Neg,0.43582562
CLIP_RN50,mscoco,Img-Img,Neg,0.28723118
CLIP_RN50,mscoco,Img-Img,Neg,0.46414247
CLIP_RN50,mscoco,Img-Img,Neg,0.35884312
CLIP_RN50,mscoco,Img-Img,Neg,0.4150274
CLIP_RN50,mscoco,Img-Img,Neg,0.3662414
CLIP_RN50,mscoco,Img-Img,Neg,0.5145466
CLIP_RN50,mscoco,Img-Img,Neg,0.38036165
CLIP_RN50,mscoco,Img-Img,Neg,0.40642995
CLIP_RN50,mscoco,Img-Img,Neg,0.32723126
CLIP_RN50,mscoco,Img-Img,Neg,0.24452654
CLIP_RN50,mscoco,Img-Img,Neg,0.41293073
CLIP_RN50,mscoco,Img-Img,Neg,0.30813834
CLIP_RN50,mscoco,Img-Img,Neg,0.5574963
CLIP_RN50,mscoco,Img-Img,Neg,0.4511144
CLIP_RN50,mscoco,Img-Img,Neg,0.45765567
CLIP_RN50,mscoco,Img-Img,Neg,0.4288284
CLIP_RN50,mscoco,Img-Img,Neg,0.17698395
CLIP_RN50,mscoco,Img-Img,Neg,0.49245283
CLIP_RN50,mscoco,Img-Img,Neg,0.29061258
CLIP_RN50,mscoco,Img-Img,Neg,0.4425184
CLIP_RN50,mscoco,Img-Img,Neg,0.12024462
CLIP_RN50,mscoco,Img-Img,Neg,0.3361627
CLIP_RN50,mscoco,Img-Img,Neg,0.27627328
CLIP_RN50,mscoco,Img-Img,Neg,0.5742386
CLIP_RN50,mscoco,Img-Img,Neg,0.36588085
CLIP_RN50,mscoco,Img-Img,Neg,0.3159407
CLIP_RN50,mscoco,Img-Img,Neg,0.2953373
CLIP_RN50,mscoco,Img-Img,Neg,0.35581395
CLIP_RN50,mscoco,Img-Img,Neg,0.40779045
CLIP_RN50,mscoco,Img-Img,Neg,0.35404724
CLIP_RN50,mscoco,Img-Img,Neg,0.28203616
CLIP_RN50,mscoco,Img-Img,Neg,0.521508
CLIP_RN50,mscoco,Img-Img,Neg,0.37530237
CLIP_RN50,mscoco,Img-Img,Neg,0.27184987
CLIP_RN50,mscoco,Img-Img,Neg,0.45862296
CLIP_RN50,mscoco,Img-Img,Neg,0.3747363
CLIP_RN50,mscoco,Img-Img,Neg,0.37977564
CLIP_RN50,mscoco,Img-Img,Neg,0.39239874
CLIP_RN50,mscoco,Img-Img,Neg,0.4818495
CLIP_RN50,mscoco,Img-Img,Neg,0.26236433
CLIP_RN50,mscoco,Img-Img,Neg,0.47161296
CLIP_RN50,mscoco,Img-Img,Neg,0.2858302
CLIP_RN50,mscoco,Img-Img,Neg,0.38329923
CLIP_RN50,mscoco,Img-Img,Neg,0.3317759
CLIP_RN50,mscoco,Img-Img,Neg,0.2556499
CLIP_RN50,mscoco,Img-Img,Neg,0.38664794
CLIP_RN50,mscoco,Img-Img,Neg,0.29141387
CLIP_RN50,mscoco,Img-Img,Neg,0.36557323
CLIP_RN50,mscoco,Img-Img,Neg,0.3498534
CLIP_RN50,mscoco,Img-Img,Neg,0.41589823
CLIP_RN50,mscoco,Img-Img,Neg,0.350942
CLIP_RN50,mscoco,Img-Img,Neg,0.4407431
CLIP_RN50,mscoco,Img-Img,Neg,0.33795577
CLIP_RN50,mscoco,Img-Img,Neg,0.42653066
CLIP_RN50,mscoco,Img-Img,Neg,0.34837937
CLIP_RN50,mscoco,Img-Img,Neg,0.5841362
CLIP_RN50,mscoco,Img-Img,Neg,0.3904032
CLIP_RN50,mscoco,Img-Img,Neg,0.30258656
CLIP_RN50,mscoco,Img-Img,Neg,0.4525959
CLIP_RN50,mscoco,Img-Img,Neg,0.39476147
CLIP_RN50,mscoco,Img-Img,Neg,0.61463964
CLIP_RN50,mscoco,Img-Img,Neg,0.30674866
CLIP_RN50,mscoco,Img-Img,Neg,0.43051043
CLIP_RN50,mscoco,Img-Img,Neg,0.32086864
CLIP_RN50,mscoco,Img-Img,Neg,0.29327285
CLIP_RN50,mscoco,Img-Img,Neg,0.4943948
CLIP_RN50,mscoco,Img-Img,Neg,0.116891235
CLIP_RN50,mscoco,Img-Img,Neg,0.24994262
CLIP_RN50,mscoco,Img-Img,Neg,0.4299323
CLIP_RN50,mscoco,Img-Img,Neg,0.6650255
CLIP_RN50,mscoco,Img-Img,Neg,0.27623692
CLIP_RN50,mscoco,Img-Img,Neg,0.55003977
CLIP_RN50,mscoco,Img-Img,Neg,0.33884734
CLIP_RN50,mscoco,Img-Img,Neg,0.2338911
CLIP_RN50,mscoco,Img-Img,Neg,0.4054428
CLIP_RN50,mscoco,Img-Img,Neg,0.48207176
CLIP_RN50,mscoco,Img-Img,Neg,0.4224602
CLIP_RN50,mscoco,Img-Img,Neg,0.6763545
CLIP_RN50,mscoco,Img-Img,Neg,0.28939536
CLIP_RN50,mscoco,Img-Img,Neg,0.38967955
CLIP_RN50,mscoco,Img-Img,Neg,0.30704996
CLIP_RN50,mscoco,Img-Img,Neg,0.23864014
CLIP_RN50,mscoco,Img-Img,Neg,0.40464184
CLIP_RN50,mscoco,Img-Img,Neg,0.31222945
CLIP_RN50,mscoco,Img-Img,Neg,0.33909205
CLIP_RN50,mscoco,Img-Img,Neg,0.37412074
CLIP_RN50,mscoco,Img-Img,Neg,0.34605846
CLIP_RN50,mscoco,Img-Img,Neg,0.43500715
CLIP_RN50,mscoco,Img-Img,Neg,0.5810119
CLIP_RN50,mscoco,Img-Img,Neg,0.31286457
CLIP_RN50,mscoco,Img-Img,Neg,0.29068196
CLIP_RN50,mscoco,Img-Img,Neg,0.49234006
CLIP_RN50,mscoco,Img-Img,Neg,0.30299214
CLIP_RN50,mscoco,Img-Img,Neg,0.42784882
CLIP_RN50,mscoco,Img-Img,Neg,0.28612733
CLIP_RN50,mscoco,Img-Img,Neg,0.32184368
CLIP_RN50,mscoco,Img-Img,Neg,0.2912764
CLIP_RN50,mscoco,Img-Img,Neg,0.24790525
CLIP_RN50,mscoco,Img-Img,Neg,0.47186735
CLIP_RN50,mscoco,Img-Img,Neg,0.29307196
CLIP_RN50,mscoco,Img-Img,Neg,0.27067277
CLIP_RN50,mscoco,Img-Img,Neg,0.4243699
CLIP_RN50,mscoco,Img-Img,Neg,0.3717382
CLIP_RN50,mscoco,Img-Img,Neg,0.26176828
CLIP_RN50,mscoco,Img-Img,Neg,0.2693946
CLIP_RN50,mscoco,Img-Img,Neg,0.28680676
CLIP_RN50,mscoco,Img-Img,Neg,0.40561777
CLIP_RN50,mscoco,Img-Img,Neg,0.30423412
CLIP_RN50,mscoco,Img-Img,Neg,0.49394974
CLIP_RN50,mscoco,Img-Img,Neg,0.3283442
CLIP_RN50,mscoco,Img-Img,Neg,0.69252056
CLIP_RN50,mscoco,Img-Img,Neg,0.33816835
CLIP_RN50,mscoco,Img-Img,Neg,0.44760263
CLIP_RN50,mscoco,Img-Img,Neg,0.21835893
CLIP_RN50,mscoco,Img-Img,Neg,0.44555408
CLIP_RN50,mscoco,Img-Img,Neg,0.3075271
CLIP_RN50,mscoco,Img-Img,Neg,0.45314598
CLIP_RN50,mscoco,Img-Img,Neg,0.5619831
CLIP_RN50,mscoco,Img-Img,Neg,0.5551426
CLIP_RN50,mscoco,Img-Img,Neg,0.43139118
CLIP_RN50,mscoco,Img-Img,Neg,0.5419007
CLIP_RN50,mscoco,Img-Img,Neg,0.31530237
CLIP_RN50,mscoco,Img-Img,Neg,0.30354634
CLIP_RN50,mscoco,Img-Img,Neg,0.64360416
CLIP_RN50,mscoco,Img-Img,Neg,0.29000264
CLIP_RN50,mscoco,Img-Img,Neg,0.40487063
CLIP_RN50,mscoco,Img-Img,Neg,0.48805332
CLIP_RN50,mscoco,Img-Img,Neg,0.3522973
CLIP_RN50,mscoco,Txt-Img,Neg,0.12996912
CLIP_RN50,mscoco,Txt-Img,Neg,0.017973132
CLIP_RN50,mscoco,Txt-Img,Neg,0.09906258
CLIP_RN50,mscoco,Txt-Img,Neg,0.10197511
CLIP_RN50,mscoco,Txt-Img,Neg,0.04978391
CLIP_RN50,mscoco,Txt-Img,Neg,0.102882706
CLIP_RN50,mscoco,Txt-Img,Neg,0.07197383
CLIP_RN50,mscoco,Txt-Img,Neg,0.08646599
CLIP_RN50,mscoco,Txt-Img,Neg,0.19521925
CLIP_RN50,mscoco,Txt-Img,Neg,0.040274017
CLIP_RN50,mscoco,Txt-Img,Neg,0.0378577
CLIP_RN50,mscoco,Txt-Img,Neg,0.11811727
CLIP_RN50,mscoco,Txt-Img,Neg,0.1352772
CLIP_RN50,mscoco,Txt-Img,Neg,0.089494124
CLIP_RN50,mscoco,Txt-Img,Neg,0.059690185
CLIP_RN50,mscoco,Txt-Img,Neg,0.070683725
CLIP_RN50,mscoco,Txt-Img,Neg,0.09057921
CLIP_RN50,mscoco,Txt-Img,Neg,0.15731254
CLIP_RN50,mscoco,Txt-Img,Neg,0.078330636
CLIP_RN50,mscoco,Txt-Img,Neg,0.06193914
CLIP_RN50,mscoco,Txt-Img,Neg,0.019084705
CLIP_RN50,mscoco,Txt-Img,Neg,0.040355053
CLIP_RN50,mscoco,Txt-Img,Neg,0.09242475
CLIP_RN50,mscoco,Txt-Img,Neg,0.16363962
CLIP_RN50,mscoco,Txt-Img,Neg,0.14304784
CLIP_RN50,mscoco,Txt-Img,Neg,-0.0070060845
CLIP_RN50,mscoco,Txt-Img,Neg,0.1211617
CLIP_RN50,mscoco,Txt-Img,Neg,0.083818406
CLIP_RN50,mscoco,Txt-Img,Neg,0.11589606
CLIP_RN50,mscoco,Txt-Img,Neg,0.08390369
CLIP_RN50,mscoco,Txt-Img,Neg,0.055260453
CLIP_RN50,mscoco,Txt-Img,Neg,0.088007055
CLIP_RN50,mscoco,Txt-Img,Neg,0.054910332
CLIP_RN50,mscoco,Txt-Img,Neg,0.0804372
CLIP_RN50,mscoco,Txt-Img,Neg,0.051428635
CLIP_RN50,mscoco,Txt-Img,Neg,0.16113321
CLIP_RN50,mscoco,Txt-Img,Neg,0.11245271
CLIP_RN50,mscoco,Txt-Img,Neg,0.08277874
CLIP_RN50,mscoco,Txt-Img,Neg,0.12640901
CLIP_RN50,mscoco,Txt-Img,Neg,0.12411037
CLIP_RN50,mscoco,Txt-Img,Neg,0.02664297
CLIP_RN50,mscoco,Txt-Img,Neg,0.08534073
CLIP_RN50,mscoco,Txt-Img,Neg,0.015277913
CLIP_RN50,mscoco,Txt-Img,Neg,0.070235796
CLIP_RN50,mscoco,Txt-Img,Neg,0.0958254
CLIP_RN50,mscoco,Txt-Img,Neg,0.061066248
CLIP_RN50,mscoco,Txt-Img,Neg,0.14867708
CLIP_RN50,mscoco,Txt-Img,Neg,0.090785295
CLIP_RN50,mscoco,Txt-Img,Neg,0.10191597
CLIP_RN50,mscoco,Txt-Img,Neg,0.07260359
CLIP_RN50,mscoco,Txt-Img,Neg,0.1084429
CLIP_RN50,mscoco,Txt-Img,Neg,0.19058967
CLIP_RN50,mscoco,Txt-Img,Neg,0.08119574
CLIP_RN50,mscoco,Txt-Img,Neg,0.18695611
CLIP_RN50,mscoco,Txt-Img,Neg,0.17516664
CLIP_RN50,mscoco,Txt-Img,Neg,0.07038738
CLIP_RN50,mscoco,Txt-Img,Neg,-0.022883968
CLIP_RN50,mscoco,Txt-Img,Neg,0.103984766
CLIP_RN50,mscoco,Txt-Img,Neg,0.08169729
CLIP_RN50,mscoco,Txt-Img,Neg,-0.00063783
CLIP_RN50,mscoco,Txt-Img,Neg,0.063125655
CLIP_RN50,mscoco,Txt-Img,Neg,0.008069276
CLIP_RN50,mscoco,Txt-Img,Neg,0.16911559
CLIP_RN50,mscoco,Txt-Img,Neg,0.19650704
CLIP_RN50,mscoco,Txt-Img,Neg,0.04030248
CLIP_RN50,mscoco,Txt-Img,Neg,0.06795101
CLIP_RN50,mscoco,Txt-Img,Neg,0.11613985
CLIP_RN50,mscoco,Txt-Img,Neg,0.11741527
CLIP_RN50,mscoco,Txt-Img,Neg,0.08740201
CLIP_RN50,mscoco,Txt-Img,Neg,0.09016541
CLIP_RN50,mscoco,Txt-Img,Neg,0.14440344
CLIP_RN50,mscoco,Txt-Img,Neg,0.12107389
CLIP_RN50,mscoco,Txt-Img,Neg,0.062763594
CLIP_RN50,mscoco,Txt-Img,Neg,0.06413969
CLIP_RN50,mscoco,Txt-Img,Neg,0.07610388
CLIP_RN50,mscoco,Txt-Img,Neg,0.14475891
CLIP_RN50,mscoco,Txt-Img,Neg,0.13773368
CLIP_RN50,mscoco,Txt-Img,Neg,0.068650365
CLIP_RN50,mscoco,Txt-Img,Neg,0.16096702
CLIP_RN50,mscoco,Txt-Img,Neg,0.13501169
CLIP_RN50,mscoco,Txt-Img,Neg,0.11567889
CLIP_RN50,mscoco,Txt-Img,Neg,0.06494772
CLIP_RN50,mscoco,Txt-Img,Neg,0.07036736
CLIP_RN50,mscoco,Txt-Img,Neg,0.09121497
CLIP_RN50,mscoco,Txt-Img,Neg,0.1620314
CLIP_RN50,mscoco,Txt-Img,Neg,0.10113134
CLIP_RN50,mscoco,Txt-Img,Neg,0.112442724
CLIP_RN50,mscoco,Txt-Img,Neg,0.09652859
CLIP_RN50,mscoco,Txt-Img,Neg,0.14358155
CLIP_RN50,mscoco,Txt-Img,Neg,0.031015974
CLIP_RN50,mscoco,Txt-Img,Neg,0.04061359
CLIP_RN50,mscoco,Txt-Img,Neg,0.09258156
CLIP_RN50,mscoco,Txt-Img,Neg,0.036724646
CLIP_RN50,mscoco,Txt-Img,Neg,0.13667804
CLIP_RN50,mscoco,Txt-Img,Neg,0.1603153
CLIP_RN50,mscoco,Txt-Img,Neg,0.048051205
CLIP_RN50,mscoco,Txt-Img,Neg,0.08875927
CLIP_RN50,mscoco,Txt-Img,Neg,0.1646558
CLIP_RN50,mscoco,Txt-Img,Neg,0.13562499
CLIP_RN50,mscoco,Txt-Img,Neg,0.09892122
CLIP_RN50,mscoco,Txt-Img,Neg,0.12895893
CLIP_RN50,mscoco,Txt-Img,Neg,0.056056127
CLIP_RN50,mscoco,Txt-Img,Neg,0.087361254
CLIP_RN50,mscoco,Txt-Img,Neg,0.04026168
CLIP_RN50,mscoco,Txt-Img,Neg,0.08244768
CLIP_RN50,mscoco,Txt-Img,Neg,0.10770336
CLIP_RN50,mscoco,Txt-Img,Neg,0.12080222
CLIP_RN50,mscoco,Txt-Img,Neg,0.082049266
CLIP_RN50,mscoco,Txt-Img,Neg,0.09426761
CLIP_RN50,mscoco,Txt-Img,Neg,0.10333624
CLIP_RN50,mscoco,Txt-Img,Neg,0.1483816
CLIP_RN50,mscoco,Txt-Img,Neg,0.07988215
CLIP_RN50,mscoco,Txt-Img,Neg,0.12434129
CLIP_RN50,mscoco,Txt-Img,Neg,0.06088824
CLIP_RN50,mscoco,Txt-Img,Neg,0.10889652
CLIP_RN50,mscoco,Txt-Img,Neg,0.11592794
CLIP_RN50,mscoco,Txt-Img,Neg,0.066693574
CLIP_RN50,mscoco,Txt-Img,Neg,0.14594251
CLIP_RN50,mscoco,Txt-Img,Neg,0.04373473
CLIP_RN50,mscoco,Txt-Img,Neg,0.11914334
CLIP_RN50,mscoco,Txt-Img,Neg,0.08935586
CLIP_RN50,mscoco,Txt-Img,Neg,0.0660681
CLIP_RN50,mscoco,Txt-Img,Neg,0.07220454
CLIP_RN50,mscoco,Txt-Img,Neg,0.10360314
CLIP_RN50,mscoco,Txt-Img,Neg,0.09795652
CLIP_RN50,mscoco,Txt-Img,Neg,0.066632025
CLIP_RN50,mscoco,Txt-Img,Neg,0.054657567
CLIP_RN50,mscoco,Txt-Img,Neg,0.05381732
CLIP_RN50,mscoco,Txt-Img,Neg,0.09739673
CLIP_RN50,mscoco,Txt-Img,Neg,0.06828247
CLIP_RN50,mscoco,Txt-Img,Neg,0.04814264
CLIP_RN50,mscoco,Txt-Img,Neg,0.11316675
CLIP_RN50,mscoco,Txt-Img,Neg,0.07598599
CLIP_RN50,mscoco,Txt-Img,Neg,0.14312063
CLIP_RN50,mscoco,Txt-Img,Neg,0.12770568
CLIP_RN50,mscoco,Txt-Img,Neg,0.09279031
CLIP_RN50,mscoco,Txt-Img,Neg,-0.015873894
CLIP_RN50,mscoco,Txt-Img,Neg,0.035546515
CLIP_RN50,mscoco,Txt-Img,Neg,0.06323763
CLIP_RN50,mscoco,Txt-Img,Neg,0.09937596
CLIP_RN50,mscoco,Txt-Img,Neg,0.025815068
CLIP_RN50,mscoco,Txt-Img,Neg,0.11901207
CLIP_RN50,mscoco,Txt-Img,Neg,0.1084761
CLIP_RN50,mscoco,Txt-Img,Neg,0.06461468
CLIP_RN50,mscoco,Txt-Img,Neg,0.13986263
CLIP_RN50,mscoco,Txt-Img,Neg,0.14389938
CLIP_RN50,mscoco,Txt-Img,Neg,0.118309416
CLIP_RN50,mscoco,Txt-Img,Neg,0.07422715
CLIP_RN50,mscoco,Txt-Img,Neg,0.06984283
CLIP_RN50,mscoco,Txt-Img,Neg,0.108707465
CLIP_RN50,mscoco,Txt-Img,Neg,0.15386812
CLIP_RN50,mscoco,Txt-Img,Neg,0.07935902
CLIP_RN50,mscoco,Txt-Img,Neg,0.08418372
CLIP_RN50,mscoco,Txt-Img,Neg,0.06444776
CLIP_RN50,mscoco,Txt-Img,Neg,0.120284036
CLIP_RN50,mscoco,Txt-Img,Neg,0.16015017
CLIP_RN50,mscoco,Txt-Img,Neg,0.11078009
CLIP_RN50,mscoco,Txt-Img,Neg,0.090967245
CLIP_RN50,mscoco,Txt-Img,Neg,0.13555637
CLIP_RN50,mscoco,Txt-Img,Neg,0.19175635
CLIP_RN50,mscoco,Txt-Img,Neg,0.048577204
CLIP_RN50,mscoco,Txt-Img,Neg,0.08576349
CLIP_RN50,mscoco,Txt-Img,Neg,0.055372134
CLIP_RN50,mscoco,Txt-Img,Neg,0.053841244
CLIP_RN50,mscoco,Txt-Img,Neg,0.11266785
CLIP_RN50,mscoco,Txt-Img,Neg,0.021848504
CLIP_RN50,mscoco,Txt-Img,Neg,0.14974676
CLIP_RN50,mscoco,Txt-Img,Neg,0.12974252
CLIP_RN50,mscoco,Txt-Img,Neg,0.026794598
CLIP_RN50,mscoco,Txt-Img,Neg,0.09367216
CLIP_RN50,mscoco,Txt-Img,Neg,0.056677625
CLIP_RN50,mscoco,Txt-Img,Neg,0.11824538
CLIP_RN50,mscoco,Txt-Img,Neg,0.050287046
CLIP_RN50,mscoco,Txt-Img,Neg,0.056072973
CLIP_RN50,mscoco,Txt-Img,Neg,0.15107718
CLIP_RN50,mscoco,Txt-Img,Neg,0.061847225
CLIP_RN50,mscoco,Txt-Img,Neg,0.07085178
CLIP_RN50,mscoco,Txt-Img,Neg,0.1558166
CLIP_RN50,mscoco,Txt-Img,Neg,0.047951
CLIP_RN50,mscoco,Txt-Img,Neg,0.11780256
CLIP_RN50,mscoco,Txt-Img,Neg,0.09392603
CLIP_RN50,mscoco,Txt-Img,Neg,0.124658324
CLIP_RN50,mscoco,Txt-Img,Neg,0.16838226
CLIP_RN50,mscoco,Txt-Img,Neg,0.08718991
CLIP_RN50,mscoco,Txt-Img,Neg,0.1490321
CLIP_RN50,mscoco,Txt-Img,Neg,0.13005848
CLIP_RN50,mscoco,Txt-Img,Neg,0.07452753
CLIP_RN50,mscoco,Txt-Img,Neg,0.032733515
CLIP_RN50,mscoco,Txt-Img,Neg,0.18009691
CLIP_RN50,mscoco,Txt-Img,Neg,0.045052685
CLIP_RN50,mscoco,Txt-Img,Neg,0.07249714
CLIP_RN50,mscoco,Txt-Img,Neg,0.105771646
CLIP_RN50,mscoco,Txt-Img,Neg,0.039439432
CLIP_RN50,mscoco,Txt-Img,Neg,0.11261055
CLIP_RN50,mscoco,Txt-Img,Neg,0.10417195
CLIP_RN50,mscoco,Txt-Img,Neg,0.11677528
CLIP_RN50,mscoco,Txt-Img,Neg,0.12432885
CLIP_RN50,mscoco,Txt-Img,Neg,0.17367193
CLIP_RN50,mscoco,Txt-Img,Neg,0.13663056
CLIP_RN50,mscoco,Txt-Img,Neg,0.032177202
CLIP_RN50,mscoco,Txt-Img,Neg,0.050423857
CLIP_RN50,mscoco,Txt-Img,Neg,0.095887154
CLIP_RN50,mscoco,Txt-Img,Neg,0.05823789
CLIP_RN50,mscoco,Txt-Img,Neg,0.03915154
CLIP_RN50,mscoco,Txt-Img,Neg,0.100854635
CLIP_RN50,mscoco,Txt-Img,Neg,0.074742034
CLIP_RN50,mscoco,Txt-Img,Neg,0.06730509
CLIP_RN50,mscoco,Txt-Img,Neg,0.13721259
CLIP_RN50,mscoco,Txt-Img,Neg,0.10680235
CLIP_RN50,mscoco,Txt-Img,Neg,0.07954156
CLIP_RN50,mscoco,Txt-Img,Neg,0.17136943
CLIP_RN50,mscoco,Txt-Img,Neg,0.15234761
CLIP_RN50,mscoco,Txt-Img,Neg,0.111205816
CLIP_RN50,mscoco,Txt-Img,Neg,0.078765005
CLIP_RN50,mscoco,Txt-Img,Neg,0.049430396
CLIP_RN50,mscoco,Txt-Img,Neg,0.14092043
CLIP_RN50,mscoco,Txt-Img,Neg,0.04581274
CLIP_RN50,mscoco,Txt-Img,Neg,0.07873684
CLIP_RN50,mscoco,Txt-Img,Neg,0.13884985
CLIP_RN50,mscoco,Txt-Img,Neg,0.09367144
CLIP_RN50,mscoco,Txt-Img,Neg,0.17752492
CLIP_RN50,mscoco,Txt-Img,Neg,0.12093009
CLIP_RN50,mscoco,Txt-Img,Neg,0.12833959
CLIP_RN50,mscoco,Txt-Img,Neg,0.1087946
CLIP_RN50,mscoco,Txt-Img,Neg,0.10556847
CLIP_RN50,mscoco,Txt-Img,Neg,0.1384955
CLIP_RN50,mscoco,Txt-Img,Neg,0.1111877
CLIP_RN50,mscoco,Txt-Img,Neg,0.13371469
CLIP_RN50,mscoco,Txt-Img,Neg,0.13290866
CLIP_RN50,mscoco,Txt-Img,Neg,0.10985759
CLIP_RN50,mscoco,Txt-Img,Neg,0.06585696
CLIP_RN50,mscoco,Txt-Img,Neg,0.05189842
CLIP_RN50,mscoco,Txt-Img,Neg,0.12218719
CLIP_RN50,mscoco,Txt-Img,Neg,0.04811048
CLIP_RN50,mscoco,Txt-Img,Neg,0.09964164
CLIP_RN50,mscoco,Txt-Img,Neg,0.078066014
CLIP_RN50,mscoco,Txt-Img,Neg,0.08480637
CLIP_RN50,mscoco,Txt-Img,Neg,0.014252277
CLIP_RN50,mscoco,Txt-Img,Neg,0.13740319
CLIP_RN50,mscoco,Txt-Img,Neg,0.04804738
CLIP_RN50,mscoco,Txt-Img,Neg,0.09030935
CLIP_RN50,mscoco,Txt-Img,Neg,0.093526095
CLIP_RN50,mscoco,Txt-Img,Neg,0.08989504
CLIP_RN50,mscoco,Txt-Img,Neg,0.123531215
CLIP_RN50,mscoco,Txt-Img,Neg,0.09038467
CLIP_RN50,mscoco,Txt-Img,Neg,0.030171128
CLIP_RN50,mscoco,Txt-Img,Neg,0.06577654
CLIP_RN50,mscoco,Txt-Img,Neg,0.06368304
CLIP_RN50,mscoco,Txt-Img,Neg,0.08389264
CLIP_RN50,mscoco,Txt-Img,Neg,0.094686255
CLIP_RN50,mscoco,Txt-Img,Neg,0.092956
CLIP_RN50,mscoco,Txt-Img,Neg,0.15346386
CLIP_RN50,mscoco,Txt-Img,Neg,0.10102397
CLIP_RN50,mscoco,Txt-Img,Neg,0.09230474
CLIP_RN50,mscoco,Txt-Img,Neg,0.10437286
CLIP_RN50,mscoco,Txt-Img,Neg,0.04985621
CLIP_RN50,mscoco,Txt-Img,Neg,0.18091625
CLIP_RN50,mscoco,Txt-Img,Neg,0.12007103
CLIP_RN50,mscoco,Txt-Img,Neg,0.105471924
CLIP_RN50,mscoco,Txt-Img,Neg,0.099690825
CLIP_RN50,mscoco,Txt-Img,Neg,0.06878712
CLIP_RN50,mscoco,Txt-Img,Neg,0.15016721
CLIP_RN50,mscoco,Txt-Img,Neg,0.12105847
CLIP_RN50,mscoco,Txt-Img,Neg,0.13350171
CLIP_RN50,mscoco,Txt-Img,Neg,0.12901638
CLIP_RN50,mscoco,Txt-Img,Neg,0.14555712
CLIP_RN50,mscoco,Txt-Img,Neg,0.14317064
CLIP_RN50,mscoco,Txt-Img,Neg,0.09039452
CLIP_RN50,mscoco,Txt-Img,Neg,0.050037533
CLIP_RN50,mscoco,Txt-Img,Neg,0.08660457
CLIP_RN50,mscoco,Txt-Img,Neg,0.12791221
CLIP_RN50,mscoco,Txt-Img,Neg,0.110258505
CLIP_RN50,mscoco,Txt-Img,Neg,0.05258955
CLIP_RN50,mscoco,Txt-Img,Neg,0.14211169
CLIP_RN50,mscoco,Txt-Img,Neg,0.08498833
CLIP_RN50,mscoco,Txt-Img,Neg,0.06070205
CLIP_RN50,mscoco,Txt-Img,Neg,0.0010935739
CLIP_RN50,mscoco,Txt-Img,Neg,0.12105206
CLIP_RN50,mscoco,Txt-Img,Neg,0.103093006
CLIP_RN50,mscoco,Txt-Img,Neg,0.094021395
CLIP_RN50,mscoco,Txt-Img,Neg,0.13686255
CLIP_RN50,mscoco,Txt-Img,Neg,0.14867035
CLIP_RN50,mscoco,Txt-Img,Neg,0.09463283
CLIP_RN50,mscoco,Txt-Img,Neg,0.12834407
CLIP_RN50,mscoco,Txt-Img,Neg,0.054561052
CLIP_RN50,mscoco,Txt-Img,Neg,0.063737534
CLIP_RN50,mscoco,Txt-Img,Neg,0.12956451
CLIP_RN50,mscoco,Txt-Img,Neg,0.09595026
CLIP_RN50,mscoco,Txt-Img,Neg,0.06858825
CLIP_RN50,mscoco,Txt-Img,Neg,0.10373917
CLIP_RN50,mscoco,Txt-Img,Neg,0.14928338
CLIP_RN50,mscoco,Txt-Img,Neg,0.1467273
CLIP_RN50,mscoco,Txt-Img,Neg,0.09939396
CLIP_RN50,mscoco,Txt-Img,Neg,0.12153149
CLIP_RN50,mscoco,Txt-Img,Neg,0.088327825
CLIP_RN50,mscoco,Txt-Img,Neg,0.11916648
CLIP_RN50,mscoco,Txt-Img,Neg,0.05337981
CLIP_RN50,mscoco,Txt-Img,Neg,0.05172981
CLIP_RN50,mscoco,Txt-Img,Neg,0.10784604
CLIP_RN50,mscoco,Txt-Img,Neg,0.06904366
CLIP_RN50,mscoco,Txt-Img,Neg,0.07879093
CLIP_RN50,mscoco,Txt-Img,Neg,0.112758964
CLIP_RN50,mscoco,Txt-Img,Neg,0.14074622
CLIP_RN50,mscoco,Txt-Img,Neg,0.11044162
CLIP_RN50,mscoco,Txt-Img,Neg,0.1301254
CLIP_RN50,mscoco,Txt-Img,Neg,0.12706034
CLIP_RN50,mscoco,Txt-Img,Neg,0.10213787
CLIP_RN50,mscoco,Txt-Img,Neg,0.14146645
CLIP_RN50,mscoco,Txt-Img,Neg,0.15330836
CLIP_RN50,mscoco,Txt-Img,Neg,0.019941814
CLIP_RN50,mscoco,Txt-Img,Neg,0.089770585
CLIP_RN50,mscoco,Txt-Img,Neg,0.07511234
CLIP_RN50,mscoco,Txt-Img,Neg,0.1530754
CLIP_RN50,mscoco,Txt-Img,Neg,0.046300236
CLIP_RN50,mscoco,Txt-Img,Neg,0.1516823
CLIP_RN50,mscoco,Txt-Img,Neg,0.072904676
CLIP_RN50,mscoco,Txt-Img,Neg,0.07473984
CLIP_RN50,mscoco,Txt-Img,Neg,0.08253864
CLIP_RN50,mscoco,Txt-Img,Neg,0.11544291
CLIP_RN50,mscoco,Txt-Img,Neg,0.11470587
CLIP_RN50,mscoco,Txt-Img,Neg,0.11405191
CLIP_RN50,mscoco,Txt-Img,Neg,0.071444534
CLIP_RN50,mscoco,Txt-Img,Neg,0.060528487
CLIP_RN50,mscoco,Txt-Img,Neg,0.16037543
CLIP_RN50,mscoco,Txt-Img,Neg,0.13544491
CLIP_RN50,mscoco,Txt-Img,Neg,0.05856178
CLIP_RN50,mscoco,Txt-Img,Neg,0.120096505
CLIP_RN50,mscoco,Txt-Img,Neg,0.111207634
CLIP_RN50,mscoco,Txt-Img,Neg,0.16856343
CLIP_RN50,mscoco,Txt-Img,Neg,0.08381629
CLIP_RN50,mscoco,Txt-Img,Neg,0.09682852
CLIP_RN50,mscoco,Txt-Img,Neg,0.11009675
CLIP_RN50,mscoco,Txt-Img,Neg,0.069218636
CLIP_RN50,mscoco,Txt-Img,Neg,0.07015289
CLIP_RN50,mscoco,Txt-Img,Neg,0.06180692
CLIP_RN50,mscoco,Txt-Img,Neg,0.105565965
CLIP_RN50,mscoco,Txt-Img,Neg,0.113045104
CLIP_RN50,mscoco,Txt-Img,Neg,0.06449277
CLIP_RN50,mscoco,Txt-Img,Neg,0.11494339
CLIP_RN50,mscoco,Txt-Img,Neg,0.044455096
CLIP_RN50,mscoco,Txt-Img,Neg,0.06386734
CLIP_RN50,mscoco,Txt-Img,Neg,0.08120484
CLIP_RN50,mscoco,Txt-Img,Neg,0.09198578
CLIP_RN50,mscoco,Txt-Img,Neg,0.12686104
CLIP_RN50,mscoco,Txt-Img,Neg,0.081909455
CLIP_RN50,mscoco,Txt-Img,Neg,0.11049215
CLIP_RN50,mscoco,Txt-Img,Neg,0.031416696
CLIP_RN50,mscoco,Txt-Img,Neg,0.062724404
CLIP_RN50,mscoco,Txt-Img,Neg,0.09594401
CLIP_RN50,mscoco,Txt-Img,Neg,0.044536192
CLIP_RN50,mscoco,Txt-Img,Neg,0.091425695
CLIP_RN50,mscoco,Txt-Img,Neg,0.16093044
CLIP_RN50,mscoco,Txt-Img,Neg,0.105658494
CLIP_RN50,mscoco,Txt-Img,Neg,0.04985194
CLIP_RN50,mscoco,Txt-Img,Neg,0.17112055
CLIP_RN50,mscoco,Txt-Img,Neg,0.1451653
CLIP_RN50,mscoco,Txt-Img,Neg,0.03654004
CLIP_RN50,mscoco,Txt-Img,Neg,0.051233277
CLIP_RN50,mscoco,Txt-Img,Neg,0.19031136
CLIP_RN50,mscoco,Txt-Img,Neg,0.099870816
CLIP_RN50,mscoco,Txt-Img,Neg,0.13185206
CLIP_RN50,mscoco,Txt-Img,Neg,0.15310326
CLIP_RN50,mscoco,Txt-Img,Neg,0.0031191902
CLIP_RN50,mscoco,Txt-Img,Neg,0.12356686
CLIP_RN50,mscoco,Txt-Img,Neg,0.060274493
CLIP_RN50,mscoco,Txt-Img,Neg,0.12896709
CLIP_RN50,mscoco,Txt-Img,Neg,0.051219527
CLIP_RN50,mscoco,Txt-Img,Neg,0.12232584
CLIP_RN50,mscoco,Txt-Img,Neg,0.11308138
CLIP_RN50,mscoco,Txt-Img,Neg,0.048849523
CLIP_RN50,mscoco,Txt-Img,Neg,0.11468532
CLIP_RN50,mscoco,Txt-Img,Neg,0.06319153
CLIP_RN50,mscoco,Txt-Img,Neg,0.12733777
CLIP_RN50,mscoco,Txt-Img,Neg,0.16156045
CLIP_RN50,mscoco,Txt-Img,Neg,0.11991252
CLIP_RN50,mscoco,Txt-Img,Neg,0.11590719
CLIP_RN50,mscoco,Txt-Img,Neg,0.12128804
CLIP_RN50,mscoco,Txt-Img,Neg,0.15254012
CLIP_RN50,mscoco,Txt-Img,Neg,0.14197527
CLIP_RN50,mscoco,Txt-Img,Neg,0.11559426
CLIP_RN50,mscoco,Txt-Img,Neg,0.16104898
CLIP_RN50,mscoco,Txt-Img,Neg,0.10440742
CLIP_RN50,mscoco,Txt-Img,Neg,0.1212078
CLIP_RN50,mscoco,Txt-Img,Neg,0.06693643
CLIP_RN50,mscoco,Txt-Img,Neg,0.09323295
CLIP_RN50,mscoco,Txt-Img,Neg,0.07222923
CLIP_RN50,mscoco,Txt-Img,Neg,0.06737787
CLIP_RN50,mscoco,Txt-Img,Neg,0.10692827
CLIP_RN50,mscoco,Txt-Img,Neg,0.12079473
CLIP_RN50,mscoco,Txt-Img,Neg,0.09893997
CLIP_RN50,mscoco,Txt-Img,Neg,0.084448524
CLIP_RN50,mscoco,Txt-Img,Neg,0.12638015
CLIP_RN50,mscoco,Txt-Img,Neg,0.10293704
CLIP_RN50,mscoco,Txt-Img,Neg,0.0872765
CLIP_RN50,mscoco,Txt-Img,Neg,0.046050884
CLIP_RN50,mscoco,Txt-Img,Neg,0.10736636
CLIP_RN50,mscoco,Txt-Img,Neg,0.11110984
CLIP_RN50,mscoco,Txt-Img,Neg,0.08902528
CLIP_RN50,mscoco,Txt-Img,Neg,0.12951678
CLIP_RN50,mscoco,Txt-Img,Neg,0.11334055
CLIP_RN50,mscoco,Txt-Img,Neg,0.1109413
CLIP_RN50,mscoco,Txt-Img,Neg,0.11707988
CLIP_RN50,mscoco,Txt-Img,Neg,0.07869118
CLIP_RN50,mscoco,Txt-Img,Neg,0.10850393
CLIP_RN50,mscoco,Txt-Img,Neg,0.12397683
CLIP_RN50,mscoco,Txt-Img,Neg,0.05107402
CLIP_RN50,mscoco,Txt-Img,Neg,0.1508811
CLIP_RN50,mscoco,Txt-Img,Neg,0.03232118
CLIP_RN50,mscoco,Txt-Img,Neg,0.13663888
CLIP_RN50,mscoco,Txt-Img,Neg,0.10558917
CLIP_RN50,mscoco,Txt-Img,Neg,0.12778999
CLIP_RN50,mscoco,Txt-Img,Neg,0.12905419
CLIP_RN50,mscoco,Txt-Img,Neg,0.04593429
CLIP_RN50,mscoco,Txt-Img,Neg,0.066841185
CLIP_RN50,mscoco,Txt-Img,Neg,0.10083687
CLIP_RN50,mscoco,Txt-Img,Neg,0.08925441
CLIP_RN50,mscoco,Txt-Img,Neg,0.12270651
CLIP_RN50,mscoco,Txt-Img,Neg,0.093643576
CLIP_RN50,mscoco,Txt-Img,Neg,0.11825459
CLIP_RN50,mscoco,Txt-Img,Neg,0.0471102
CLIP_RN50,mscoco,Txt-Img,Neg,0.051503055
CLIP_RN50,mscoco,Txt-Img,Neg,0.106193624
CLIP_RN50,mscoco,Txt-Img,Neg,0.14658545
CLIP_RN50,mscoco,Txt-Img,Neg,0.07467041
CLIP_RN50,mscoco,Txt-Img,Neg,0.017572949
CLIP_RN50,mscoco,Txt-Img,Neg,0.092057385
CLIP_RN50,mscoco,Txt-Img,Neg,0.08229218
CLIP_RN50,mscoco,Txt-Img,Neg,0.2139149
CLIP_RN50,mscoco,Txt-Img,Neg,0.09514243
CLIP_RN50,mscoco,Txt-Img,Neg,0.08899247
CLIP_RN50,mscoco,Txt-Img,Neg,0.15023273
CLIP_RN50,mscoco,Txt-Img,Neg,0.080371544
CLIP_RN50,mscoco,Txt-Img,Neg,0.058047086
CLIP_RN50,mscoco,Txt-Img,Neg,0.10097204
CLIP_RN50,mscoco,Txt-Img,Neg,0.062743135
CLIP_RN50,mscoco,Txt-Img,Neg,0.060171407
CLIP_RN50,mscoco,Txt-Img,Neg,0.11316988
CLIP_RN50,mscoco,Txt-Img,Neg,0.16588417
CLIP_RN50,mscoco,Txt-Img,Neg,0.06576735
CLIP_RN50,mscoco,Txt-Img,Neg,0.08802226
CLIP_RN50,mscoco,Txt-Img,Neg,0.08423985
CLIP_RN50,mscoco,Txt-Img,Neg,0.16686265
CLIP_RN50,mscoco,Txt-Img,Neg,0.09145401
CLIP_RN50,mscoco,Txt-Img,Neg,0.09175315
CLIP_RN50,mscoco,Txt-Img,Neg,0.093486294
CLIP_RN50,mscoco,Txt-Img,Neg,0.033042364
CLIP_RN50,mscoco,Txt-Img,Neg,0.12934238
CLIP_RN50,mscoco,Txt-Img,Neg,0.10369378
CLIP_RN50,mscoco,Txt-Img,Neg,0.053415034
CLIP_RN50,mscoco,Txt-Img,Neg,0.07066414
CLIP_RN50,mscoco,Txt-Img,Neg,0.07660139
CLIP_RN50,mscoco,Txt-Img,Neg,0.06936879
CLIP_RN50,mscoco,Txt-Img,Neg,0.081727594
CLIP_RN50,mscoco,Txt-Img,Neg,-0.01316838
CLIP_RN50,mscoco,Txt-Img,Neg,0.119351864
CLIP_RN50,mscoco,Txt-Img,Neg,0.10907851
CLIP_RN50,mscoco,Txt-Img,Neg,0.11791387
CLIP_RN50,mscoco,Txt-Img,Neg,0.068770014
CLIP_RN50,mscoco,Txt-Img,Neg,0.034937914
CLIP_RN50,mscoco,Txt-Img,Neg,0.050813112
CLIP_RN50,mscoco,Txt-Img,Neg,0.1504891
CLIP_RN50,mscoco,Txt-Img,Neg,0.04398154
CLIP_RN50,mscoco,Txt-Img,Neg,0.1400586
CLIP_RN50,mscoco,Txt-Img,Neg,0.06467588
CLIP_RN50,mscoco,Txt-Img,Neg,0.08944057
CLIP_RN50,mscoco,Txt-Img,Neg,0.099038765
CLIP_RN50,mscoco,Txt-Img,Neg,0.04859568
CLIP_RN50,mscoco,Txt-Img,Neg,0.14873973
CLIP_RN50,mscoco,Txt-Img,Neg,0.08537113
CLIP_RN50,mscoco,Txt-Img,Neg,0.11419836
CLIP_RN50,mscoco,Txt-Img,Neg,0.09153835
CLIP_RN50,mscoco,Txt-Img,Neg,0.08145767
CLIP_RN50,mscoco,Txt-Img,Neg,0.06409304
CLIP_RN50,mscoco,Txt-Img,Neg,0.15276237
CLIP_RN50,mscoco,Txt-Img,Neg,0.11441705
CLIP_RN50,mscoco,Txt-Img,Neg,0.16399367
CLIP_RN50,mscoco,Txt-Img,Neg,0.07583919
CLIP_RN50,mscoco,Txt-Img,Neg,0.065660775
CLIP_RN50,mscoco,Txt-Img,Neg,0.101488575
CLIP_RN50,mscoco,Txt-Img,Neg,0.09265571
CLIP_RN50,mscoco,Txt-Img,Neg,0.12794392
CLIP_RN50,mscoco,Txt-Img,Neg,0.14661649
CLIP_RN50,mscoco,Txt-Img,Neg,0.028753769
CLIP_RN50,mscoco,Txt-Img,Neg,0.1097288
CLIP_RN50,mscoco,Txt-Img,Neg,0.06550552
CLIP_RN50,mscoco,Txt-Img,Neg,0.07254889
CLIP_RN50,mscoco,Txt-Img,Neg,0.07380895
CLIP_RN50,mscoco,Txt-Img,Neg,0.052297976
CLIP_RN50,mscoco,Txt-Img,Neg,0.10359892
CLIP_RN50,mscoco,Txt-Img,Neg,0.0726503
CLIP_RN50,mscoco,Txt-Img,Neg,0.13580877
CLIP_RN50,mscoco,Txt-Img,Neg,0.10344843
CLIP_RN50,mscoco,Txt-Img,Neg,0.097621195
CLIP_RN50,mscoco,Txt-Img,Neg,0.14743985
CLIP_RN50,mscoco,Txt-Img,Neg,0.077155925
CLIP_RN50,mscoco,Txt-Img,Neg,0.25825742
CLIP_RN50,mscoco,Txt-Img,Neg,0.05499711
CLIP_RN50,mscoco,Txt-Img,Neg,0.1245215
CLIP_RN50,mscoco,Txt-Img,Neg,0.07925728
CLIP_RN50,mscoco,Txt-Img,Neg,0.13982216
CLIP_RN50,mscoco,Txt-Img,Neg,0.075215355
CLIP_RN50,mscoco,Txt-Img,Neg,0.025555193
CLIP_RN50,mscoco,Txt-Img,Neg,0.085461006
CLIP_RN50,mscoco,Txt-Img,Neg,0.05594931
CLIP_RN50,mscoco,Txt-Img,Neg,0.037143044
CLIP_RN50,mscoco,Txt-Img,Neg,0.11811015
CLIP_RN50,mscoco,Txt-Img,Neg,0.086978875
CLIP_RN50,mscoco,Txt-Img,Neg,0.15842915
CLIP_RN50,mscoco,Txt-Img,Neg,0.07118939
CLIP_RN50,mscoco,Txt-Img,Neg,0.12783992
CLIP_RN50,mscoco,Txt-Img,Neg,0.13699755
CLIP_RN50,mscoco,Txt-Img,Neg,0.084007606
CLIP_RN50,mscoco,Txt-Img,Neg,0.107085526
CLIP_RN50,mscoco,Txt-Img,Neg,0.104923435
CLIP_RN50,mscoco,Txt-Img,Neg,0.10883185
CLIP_RN50,mscoco,Txt-Img,Neg,0.04998687
CLIP_RN50,mscoco,Txt-Img,Neg,0.15433945
CLIP_RN50,mscoco,Txt-Img,Neg,0.10623836
CLIP_RN50,mscoco,Txt-Img,Neg,0.038171753
CLIP_RN50,mscoco,Txt-Img,Neg,0.15318966
CLIP_RN50,mscoco,Txt-Img,Neg,0.057181135
CLIP_RN50,mscoco,Txt-Img,Neg,0.06684144
CLIP_RN50,mscoco,Txt-Img,Neg,0.13175422
