Model,Dataset,Pair Modality,Pair Type,Cosine Similarity
FLAVA,mscoco,Txt-Txt,Pos,0.761433
FLAVA,mscoco,Txt-Txt,Pos,0.69737136
FLAVA,mscoco,Txt-Txt,Pos,0.8339062
FLAVA,mscoco,Txt-Txt,Pos,0.84105873
FLAVA,mscoco,Txt-Txt,Pos,0.8528205
FLAVA,mscoco,Txt-Txt,Pos,0.67478675
FLAVA,mscoco,Txt-Txt,Pos,0.7845926
FLAVA,mscoco,Txt-Txt,Pos,0.67819995
FLAVA,mscoco,Txt-Txt,Pos,0.6590307
FLAVA,mscoco,Txt-Txt,Pos,0.5605327
FLAVA,mscoco,Txt-Txt,Pos,0.93641984
FLAVA,mscoco,Txt-Txt,Pos,0.81951284
FLAVA,mscoco,Txt-Txt,Pos,0.8218347
FLAVA,mscoco,Txt-Txt,Pos,0.71494436
FLAVA,mscoco,Txt-Txt,Pos,0.7820416
FLAVA,mscoco,Txt-Txt,Pos,0.8202294
FLAVA,mscoco,Txt-Txt,Pos,0.7488044
FLAVA,mscoco,Txt-Txt,Pos,0.8528723
FLAVA,mscoco,Txt-Txt,Pos,0.3595766
FLAVA,mscoco,Txt-Txt,Pos,0.6708201
FLAVA,mscoco,Txt-Txt,Pos,0.5684048
FLAVA,mscoco,Txt-Txt,Pos,0.70171875
FLAVA,mscoco,Txt-Txt,Pos,0.7801957
FLAVA,mscoco,Txt-Txt,Pos,0.72323185
FLAVA,mscoco,Txt-Txt,Pos,0.8832134
FLAVA,mscoco,Txt-Txt,Pos,0.71117306
FLAVA,mscoco,Txt-Txt,Pos,0.7279734
FLAVA,mscoco,Txt-Txt,Pos,0.6550948
FLAVA,mscoco,Txt-Txt,Pos,0.8998927
FLAVA,mscoco,Txt-Txt,Pos,0.6190964
FLAVA,mscoco,Txt-Txt,Pos,0.6531382
FLAVA,mscoco,Txt-Txt,Pos,0.82325494
FLAVA,mscoco,Txt-Txt,Pos,0.77424085
FLAVA,mscoco,Txt-Txt,Pos,0.6800523
FLAVA,mscoco,Txt-Txt,Pos,0.68391466
FLAVA,mscoco,Txt-Txt,Pos,0.67066896
FLAVA,mscoco,Txt-Txt,Pos,0.49802417
FLAVA,mscoco,Txt-Txt,Pos,0.5289532
FLAVA,mscoco,Txt-Txt,Pos,0.740281
FLAVA,mscoco,Txt-Txt,Pos,0.38488448
FLAVA,mscoco,Txt-Txt,Pos,0.57631564
FLAVA,mscoco,Txt-Txt,Pos,0.36357206
FLAVA,mscoco,Txt-Txt,Pos,0.7501648
FLAVA,mscoco,Txt-Txt,Pos,0.85876536
FLAVA,mscoco,Txt-Txt,Pos,0.75868785
FLAVA,mscoco,Txt-Txt,Pos,0.7417489
FLAVA,mscoco,Txt-Txt,Pos,0.8303766
FLAVA,mscoco,Txt-Txt,Pos,0.79918677
FLAVA,mscoco,Txt-Txt,Pos,0.93269694
FLAVA,mscoco,Txt-Txt,Pos,0.8717154
FLAVA,mscoco,Txt-Txt,Pos,0.7239709
FLAVA,mscoco,Txt-Txt,Pos,0.64850897
FLAVA,mscoco,Txt-Txt,Pos,0.85939085
FLAVA,mscoco,Txt-Txt,Pos,0.72594535
FLAVA,mscoco,Txt-Txt,Pos,0.8707882
FLAVA,mscoco,Txt-Txt,Pos,0.8033019
FLAVA,mscoco,Txt-Txt,Pos,0.734617
FLAVA,mscoco,Txt-Txt,Pos,0.7072095
FLAVA,mscoco,Txt-Txt,Pos,0.86505485
FLAVA,mscoco,Txt-Txt,Pos,0.8094636
FLAVA,mscoco,Txt-Txt,Pos,0.5849863
FLAVA,mscoco,Txt-Txt,Pos,0.77823323
FLAVA,mscoco,Txt-Txt,Pos,0.610466
FLAVA,mscoco,Txt-Txt,Pos,0.888616
FLAVA,mscoco,Txt-Txt,Pos,0.9015031
FLAVA,mscoco,Txt-Txt,Pos,0.70715165
FLAVA,mscoco,Txt-Txt,Pos,0.6532855
FLAVA,mscoco,Txt-Txt,Pos,0.6658588
FLAVA,mscoco,Txt-Txt,Pos,0.6481344
FLAVA,mscoco,Txt-Txt,Pos,0.80373263
FLAVA,mscoco,Txt-Txt,Pos,0.7619683
FLAVA,mscoco,Txt-Txt,Pos,0.55518866
FLAVA,mscoco,Txt-Txt,Pos,0.5030294
FLAVA,mscoco,Txt-Txt,Pos,0.9117985
FLAVA,mscoco,Txt-Txt,Pos,0.6846944
FLAVA,mscoco,Txt-Txt,Pos,0.9489634
FLAVA,mscoco,Txt-Txt,Pos,0.6570083
FLAVA,mscoco,Txt-Txt,Pos,0.6607654
FLAVA,mscoco,Txt-Txt,Pos,0.7367586
FLAVA,mscoco,Txt-Txt,Pos,0.46667337
FLAVA,mscoco,Txt-Txt,Pos,0.673861
FLAVA,mscoco,Txt-Txt,Pos,0.81045556
FLAVA,mscoco,Txt-Txt,Pos,0.89554566
FLAVA,mscoco,Txt-Txt,Pos,0.8760303
FLAVA,mscoco,Txt-Txt,Pos,0.78714645
FLAVA,mscoco,Txt-Txt,Pos,0.7320028
FLAVA,mscoco,Txt-Txt,Pos,0.6077839
FLAVA,mscoco,Txt-Txt,Pos,0.4894572
FLAVA,mscoco,Txt-Txt,Pos,0.6307181
FLAVA,mscoco,Txt-Txt,Pos,0.74049616
FLAVA,mscoco,Txt-Txt,Pos,0.85281825
FLAVA,mscoco,Txt-Txt,Pos,0.55705094
FLAVA,mscoco,Txt-Txt,Pos,0.78907347
FLAVA,mscoco,Txt-Txt,Pos,0.73289835
FLAVA,mscoco,Txt-Txt,Pos,0.7977923
FLAVA,mscoco,Txt-Txt,Pos,0.9466449
FLAVA,mscoco,Txt-Txt,Pos,0.46785015
FLAVA,mscoco,Txt-Txt,Pos,0.74396044
FLAVA,mscoco,Txt-Txt,Pos,0.6061473
FLAVA,mscoco,Txt-Txt,Pos,0.7487742
FLAVA,mscoco,Txt-Txt,Pos,0.80247426
FLAVA,mscoco,Txt-Txt,Pos,0.8394606
FLAVA,mscoco,Txt-Txt,Pos,0.88138163
FLAVA,mscoco,Txt-Txt,Pos,0.88548315
FLAVA,mscoco,Txt-Txt,Pos,0.8404254
FLAVA,mscoco,Txt-Txt,Pos,0.7994952
FLAVA,mscoco,Txt-Txt,Pos,0.715461
FLAVA,mscoco,Txt-Txt,Pos,0.7671502
FLAVA,mscoco,Txt-Txt,Pos,0.72304213
FLAVA,mscoco,Txt-Txt,Pos,0.53037477
FLAVA,mscoco,Txt-Txt,Pos,0.67251146
FLAVA,mscoco,Txt-Txt,Pos,0.96172917
FLAVA,mscoco,Txt-Txt,Pos,0.64966506
FLAVA,mscoco,Txt-Txt,Pos,0.48275006
FLAVA,mscoco,Txt-Txt,Pos,0.7462837
FLAVA,mscoco,Txt-Txt,Pos,0.70014286
FLAVA,mscoco,Txt-Txt,Pos,0.7543996
FLAVA,mscoco,Txt-Txt,Pos,0.69134
FLAVA,mscoco,Txt-Txt,Pos,0.79359245
FLAVA,mscoco,Txt-Txt,Pos,0.65301156
FLAVA,mscoco,Txt-Txt,Pos,0.58846855
FLAVA,mscoco,Txt-Txt,Pos,0.8218278
FLAVA,mscoco,Txt-Txt,Pos,0.7768666
FLAVA,mscoco,Txt-Txt,Pos,0.816185
FLAVA,mscoco,Txt-Txt,Pos,0.6789118
FLAVA,mscoco,Txt-Txt,Pos,0.76528406
FLAVA,mscoco,Txt-Txt,Pos,0.58236533
FLAVA,mscoco,Txt-Txt,Pos,0.5702863
FLAVA,mscoco,Txt-Txt,Pos,0.8930664
FLAVA,mscoco,Txt-Txt,Pos,0.87393916
FLAVA,mscoco,Txt-Txt,Pos,0.5841583
FLAVA,mscoco,Txt-Txt,Pos,0.30741382
FLAVA,mscoco,Txt-Txt,Pos,0.94768673
FLAVA,mscoco,Txt-Txt,Pos,0.7062743
FLAVA,mscoco,Txt-Txt,Pos,0.6560328
FLAVA,mscoco,Txt-Txt,Pos,0.7684269
FLAVA,mscoco,Txt-Txt,Pos,0.7136332
FLAVA,mscoco,Txt-Txt,Pos,0.8172981
FLAVA,mscoco,Txt-Txt,Pos,0.8062359
FLAVA,mscoco,Txt-Txt,Pos,0.5528977
FLAVA,mscoco,Txt-Txt,Pos,0.6639994
FLAVA,mscoco,Txt-Txt,Pos,0.8538704
FLAVA,mscoco,Txt-Txt,Pos,0.7623257
FLAVA,mscoco,Txt-Txt,Pos,0.7437758
FLAVA,mscoco,Txt-Txt,Pos,0.86267686
FLAVA,mscoco,Txt-Txt,Pos,0.65342283
FLAVA,mscoco,Txt-Txt,Pos,0.6154115
FLAVA,mscoco,Txt-Txt,Pos,0.747206
FLAVA,mscoco,Txt-Txt,Pos,0.7307809
FLAVA,mscoco,Txt-Txt,Pos,0.6524928
FLAVA,mscoco,Txt-Txt,Pos,0.644067
FLAVA,mscoco,Txt-Txt,Pos,0.64104354
FLAVA,mscoco,Txt-Txt,Pos,0.8268578
FLAVA,mscoco,Txt-Txt,Pos,0.9439693
FLAVA,mscoco,Txt-Txt,Pos,0.8506144
FLAVA,mscoco,Txt-Txt,Pos,0.5622175
FLAVA,mscoco,Txt-Txt,Pos,0.76103646
FLAVA,mscoco,Txt-Txt,Pos,0.66213274
FLAVA,mscoco,Txt-Txt,Pos,0.91130733
FLAVA,mscoco,Txt-Txt,Pos,0.7443226
FLAVA,mscoco,Txt-Txt,Pos,0.63966054
FLAVA,mscoco,Txt-Txt,Pos,0.6279117
FLAVA,mscoco,Txt-Txt,Pos,0.5472632
FLAVA,mscoco,Txt-Txt,Pos,0.71066844
FLAVA,mscoco,Txt-Txt,Pos,0.6753505
FLAVA,mscoco,Txt-Txt,Pos,0.7494419
FLAVA,mscoco,Txt-Txt,Pos,0.7778191
FLAVA,mscoco,Txt-Txt,Pos,0.7217002
FLAVA,mscoco,Txt-Txt,Pos,0.5323044
FLAVA,mscoco,Txt-Txt,Pos,0.5817765
FLAVA,mscoco,Txt-Txt,Pos,0.8326166
FLAVA,mscoco,Txt-Txt,Pos,0.68703246
FLAVA,mscoco,Txt-Txt,Pos,0.6323885
FLAVA,mscoco,Txt-Txt,Pos,0.7541106
FLAVA,mscoco,Txt-Txt,Pos,0.6925405
FLAVA,mscoco,Txt-Txt,Pos,0.77117527
FLAVA,mscoco,Txt-Txt,Pos,0.86882114
FLAVA,mscoco,Txt-Txt,Pos,0.5969552
FLAVA,mscoco,Txt-Txt,Pos,0.581905
FLAVA,mscoco,Txt-Txt,Pos,0.5032239
FLAVA,mscoco,Txt-Txt,Pos,0.37698784
FLAVA,mscoco,Txt-Txt,Pos,0.61418253
FLAVA,mscoco,Txt-Txt,Pos,0.5866575
FLAVA,mscoco,Txt-Txt,Pos,0.7024745
FLAVA,mscoco,Txt-Txt,Pos,0.7984214
FLAVA,mscoco,Txt-Txt,Pos,0.5012966
FLAVA,mscoco,Txt-Txt,Pos,0.75028765
FLAVA,mscoco,Txt-Txt,Pos,0.752163
FLAVA,mscoco,Txt-Txt,Pos,0.87946725
FLAVA,mscoco,Txt-Txt,Pos,0.4628478
FLAVA,mscoco,Txt-Txt,Pos,0.39938068
FLAVA,mscoco,Txt-Txt,Pos,0.65385294
FLAVA,mscoco,Txt-Txt,Pos,0.6369562
FLAVA,mscoco,Txt-Txt,Pos,0.5137483
FLAVA,mscoco,Txt-Txt,Pos,0.6717781
FLAVA,mscoco,Txt-Txt,Pos,0.8929043
FLAVA,mscoco,Txt-Txt,Pos,0.5336529
FLAVA,mscoco,Txt-Txt,Pos,0.7830668
FLAVA,mscoco,Txt-Txt,Pos,0.50784457
FLAVA,mscoco,Txt-Txt,Pos,0.7578777
FLAVA,mscoco,Txt-Txt,Pos,0.69061553
FLAVA,mscoco,Txt-Txt,Pos,0.63482314
FLAVA,mscoco,Txt-Txt,Pos,0.73383707
FLAVA,mscoco,Txt-Txt,Pos,0.71475697
FLAVA,mscoco,Txt-Txt,Pos,0.58062696
FLAVA,mscoco,Txt-Txt,Pos,0.48384058
FLAVA,mscoco,Txt-Txt,Pos,0.7724905
FLAVA,mscoco,Txt-Txt,Pos,0.7518337
FLAVA,mscoco,Txt-Txt,Pos,0.81988394
FLAVA,mscoco,Txt-Txt,Pos,0.66859365
FLAVA,mscoco,Txt-Txt,Pos,0.40280098
FLAVA,mscoco,Txt-Txt,Pos,0.60214067
FLAVA,mscoco,Txt-Txt,Pos,0.5705496
FLAVA,mscoco,Txt-Txt,Pos,0.7002775
FLAVA,mscoco,Txt-Txt,Pos,0.6643044
FLAVA,mscoco,Txt-Txt,Pos,0.7343977
FLAVA,mscoco,Txt-Txt,Pos,0.5690042
FLAVA,mscoco,Txt-Txt,Pos,0.8753404
FLAVA,mscoco,Txt-Txt,Pos,0.69373775
FLAVA,mscoco,Txt-Txt,Pos,0.7879313
FLAVA,mscoco,Txt-Txt,Pos,0.7021766
FLAVA,mscoco,Txt-Txt,Pos,0.70547783
FLAVA,mscoco,Txt-Txt,Pos,0.89476585
FLAVA,mscoco,Txt-Txt,Pos,0.7022033
FLAVA,mscoco,Txt-Txt,Pos,0.5866343
FLAVA,mscoco,Txt-Txt,Pos,0.57560396
FLAVA,mscoco,Txt-Txt,Pos,0.39926606
FLAVA,mscoco,Txt-Txt,Pos,0.7161476
FLAVA,mscoco,Txt-Txt,Pos,0.53335
FLAVA,mscoco,Txt-Txt,Pos,0.47612983
FLAVA,mscoco,Txt-Txt,Pos,0.6214901
FLAVA,mscoco,Txt-Txt,Pos,0.7885215
FLAVA,mscoco,Txt-Txt,Pos,0.83979905
FLAVA,mscoco,Txt-Txt,Pos,0.60078204
FLAVA,mscoco,Txt-Txt,Pos,0.80949706
FLAVA,mscoco,Txt-Txt,Pos,0.7324168
FLAVA,mscoco,Txt-Txt,Pos,0.7373158
FLAVA,mscoco,Txt-Txt,Pos,0.7453818
FLAVA,mscoco,Txt-Txt,Pos,0.75812113
FLAVA,mscoco,Txt-Txt,Pos,0.7239075
FLAVA,mscoco,Txt-Txt,Pos,0.66214854
FLAVA,mscoco,Txt-Txt,Pos,0.3902145
FLAVA,mscoco,Txt-Txt,Pos,0.68406767
FLAVA,mscoco,Txt-Txt,Pos,0.8644446
FLAVA,mscoco,Txt-Txt,Pos,0.7348296
FLAVA,mscoco,Txt-Txt,Pos,0.7608966
FLAVA,mscoco,Txt-Txt,Pos,0.6669614
FLAVA,mscoco,Txt-Txt,Pos,0.85680735
FLAVA,mscoco,Txt-Txt,Pos,0.72418344
FLAVA,mscoco,Txt-Txt,Pos,0.83339584
FLAVA,mscoco,Txt-Txt,Pos,0.79646796
FLAVA,mscoco,Txt-Txt,Pos,0.82245696
FLAVA,mscoco,Txt-Txt,Pos,0.81263006
FLAVA,mscoco,Txt-Txt,Pos,0.6619573
FLAVA,mscoco,Txt-Txt,Pos,0.5384195
FLAVA,mscoco,Txt-Txt,Pos,0.55759525
FLAVA,mscoco,Txt-Txt,Pos,0.76360536
FLAVA,mscoco,Txt-Txt,Pos,0.9684061
FLAVA,mscoco,Txt-Txt,Pos,0.70248574
FLAVA,mscoco,Txt-Txt,Pos,0.7354679
FLAVA,mscoco,Txt-Txt,Pos,0.73472494
FLAVA,mscoco,Txt-Txt,Pos,0.8390101
FLAVA,mscoco,Txt-Txt,Pos,0.80816495
FLAVA,mscoco,Txt-Txt,Pos,0.76077056
FLAVA,mscoco,Txt-Txt,Pos,0.71441376
FLAVA,mscoco,Txt-Txt,Pos,0.7141249
FLAVA,mscoco,Txt-Txt,Pos,0.9579543
FLAVA,mscoco,Txt-Txt,Pos,0.6202835
FLAVA,mscoco,Txt-Txt,Pos,0.80594146
FLAVA,mscoco,Txt-Txt,Pos,0.7176875
FLAVA,mscoco,Txt-Txt,Pos,0.54043835
FLAVA,mscoco,Txt-Txt,Pos,0.50738406
FLAVA,mscoco,Txt-Txt,Pos,0.6855241
FLAVA,mscoco,Txt-Txt,Pos,0.77006006
FLAVA,mscoco,Txt-Txt,Pos,0.56313145
FLAVA,mscoco,Txt-Txt,Pos,0.48959237
FLAVA,mscoco,Txt-Txt,Pos,0.6111621
FLAVA,mscoco,Txt-Txt,Pos,0.62575746
FLAVA,mscoco,Txt-Txt,Pos,0.88404435
FLAVA,mscoco,Txt-Txt,Pos,0.8495289
FLAVA,mscoco,Txt-Txt,Pos,0.8226395
FLAVA,mscoco,Txt-Txt,Pos,0.71781105
FLAVA,mscoco,Txt-Txt,Pos,0.61272013
FLAVA,mscoco,Txt-Txt,Pos,0.87267673
FLAVA,mscoco,Txt-Txt,Pos,0.89751005
FLAVA,mscoco,Txt-Txt,Pos,0.52430224
FLAVA,mscoco,Txt-Txt,Pos,0.8516928
FLAVA,mscoco,Txt-Txt,Pos,0.77324915
FLAVA,mscoco,Txt-Txt,Pos,0.6577101
FLAVA,mscoco,Txt-Txt,Pos,0.6515845
FLAVA,mscoco,Txt-Txt,Pos,0.90506923
FLAVA,mscoco,Txt-Txt,Pos,0.81695724
FLAVA,mscoco,Txt-Txt,Pos,0.27052805
FLAVA,mscoco,Txt-Txt,Pos,0.596148
FLAVA,mscoco,Txt-Txt,Pos,0.76802814
FLAVA,mscoco,Txt-Txt,Pos,0.79186606
FLAVA,mscoco,Txt-Txt,Pos,0.709851
FLAVA,mscoco,Txt-Txt,Pos,0.44102374
FLAVA,mscoco,Txt-Txt,Pos,0.59436154
FLAVA,mscoco,Txt-Txt,Pos,0.49812555
FLAVA,mscoco,Txt-Txt,Pos,0.6751954
FLAVA,mscoco,Txt-Txt,Pos,0.8974314
FLAVA,mscoco,Txt-Txt,Pos,0.5134264
FLAVA,mscoco,Txt-Txt,Pos,0.88381773
FLAVA,mscoco,Txt-Txt,Pos,0.49480903
FLAVA,mscoco,Txt-Txt,Pos,0.73550594
FLAVA,mscoco,Txt-Txt,Pos,0.61153567
FLAVA,mscoco,Txt-Txt,Pos,0.5472644
FLAVA,mscoco,Txt-Txt,Pos,0.77082485
FLAVA,mscoco,Txt-Txt,Pos,0.72558236
FLAVA,mscoco,Txt-Txt,Pos,0.7351455
FLAVA,mscoco,Txt-Txt,Pos,0.86064696
FLAVA,mscoco,Txt-Txt,Pos,0.62106663
FLAVA,mscoco,Txt-Txt,Pos,0.68894243
FLAVA,mscoco,Txt-Txt,Pos,0.8088484
FLAVA,mscoco,Txt-Txt,Pos,0.69403005
FLAVA,mscoco,Txt-Txt,Pos,0.7203868
FLAVA,mscoco,Txt-Txt,Pos,0.54564565
FLAVA,mscoco,Txt-Txt,Pos,0.67823344
FLAVA,mscoco,Txt-Txt,Pos,0.8436736
FLAVA,mscoco,Txt-Txt,Pos,0.590662
FLAVA,mscoco,Txt-Txt,Pos,0.8604332
FLAVA,mscoco,Txt-Txt,Pos,0.86814284
FLAVA,mscoco,Txt-Txt,Pos,0.72635055
FLAVA,mscoco,Txt-Txt,Pos,0.6437211
FLAVA,mscoco,Txt-Txt,Pos,0.6484395
FLAVA,mscoco,Txt-Txt,Pos,0.66873276
FLAVA,mscoco,Txt-Txt,Pos,0.6129043
FLAVA,mscoco,Txt-Txt,Pos,0.804048
FLAVA,mscoco,Txt-Txt,Pos,0.61526644
FLAVA,mscoco,Txt-Txt,Pos,0.6388937
FLAVA,mscoco,Txt-Txt,Pos,0.63087136
FLAVA,mscoco,Txt-Txt,Pos,0.48122138
FLAVA,mscoco,Txt-Txt,Pos,0.63409853
FLAVA,mscoco,Txt-Txt,Pos,0.8342196
FLAVA,mscoco,Txt-Txt,Pos,0.48658368
FLAVA,mscoco,Txt-Txt,Pos,0.80034614
FLAVA,mscoco,Txt-Txt,Pos,0.8064126
FLAVA,mscoco,Txt-Txt,Pos,0.35739326
FLAVA,mscoco,Txt-Txt,Pos,0.6226796
FLAVA,mscoco,Txt-Txt,Pos,0.28379306
FLAVA,mscoco,Txt-Txt,Pos,0.8287986
FLAVA,mscoco,Txt-Txt,Pos,0.6117326
FLAVA,mscoco,Txt-Txt,Pos,0.6267779
FLAVA,mscoco,Txt-Txt,Pos,0.66657317
FLAVA,mscoco,Txt-Txt,Pos,0.8829008
FLAVA,mscoco,Txt-Txt,Pos,0.6213587
FLAVA,mscoco,Txt-Txt,Pos,0.8171319
FLAVA,mscoco,Txt-Txt,Pos,0.67848426
FLAVA,mscoco,Txt-Txt,Pos,0.7317405
FLAVA,mscoco,Txt-Txt,Pos,0.7010922
FLAVA,mscoco,Txt-Txt,Pos,0.55851847
FLAVA,mscoco,Txt-Txt,Pos,0.78620386
FLAVA,mscoco,Txt-Txt,Pos,0.8451299
FLAVA,mscoco,Txt-Txt,Pos,0.73676556
FLAVA,mscoco,Txt-Txt,Pos,0.6742131
FLAVA,mscoco,Txt-Txt,Pos,0.8273263
FLAVA,mscoco,Txt-Txt,Pos,0.52732444
FLAVA,mscoco,Txt-Txt,Pos,0.81828696
FLAVA,mscoco,Txt-Txt,Pos,0.6934762
FLAVA,mscoco,Txt-Txt,Pos,0.7762146
FLAVA,mscoco,Txt-Txt,Pos,0.6777358
FLAVA,mscoco,Txt-Txt,Pos,0.72378755
FLAVA,mscoco,Txt-Txt,Pos,0.8274852
FLAVA,mscoco,Txt-Txt,Pos,0.6313304
FLAVA,mscoco,Txt-Txt,Pos,0.83101034
FLAVA,mscoco,Txt-Txt,Pos,0.6447307
FLAVA,mscoco,Txt-Txt,Pos,0.6435025
FLAVA,mscoco,Txt-Txt,Pos,0.5384941
FLAVA,mscoco,Txt-Txt,Pos,0.64082575
FLAVA,mscoco,Txt-Txt,Pos,0.59725106
FLAVA,mscoco,Txt-Txt,Pos,0.52904254
FLAVA,mscoco,Txt-Txt,Pos,0.5948251
FLAVA,mscoco,Txt-Txt,Pos,0.62335294
FLAVA,mscoco,Txt-Txt,Pos,0.6286019
FLAVA,mscoco,Txt-Txt,Pos,0.7844001
FLAVA,mscoco,Txt-Txt,Pos,0.8032436
FLAVA,mscoco,Txt-Txt,Pos,0.56726056
FLAVA,mscoco,Txt-Txt,Pos,0.61701256
FLAVA,mscoco,Txt-Txt,Pos,0.7006551
FLAVA,mscoco,Txt-Txt,Pos,0.6043327
FLAVA,mscoco,Txt-Txt,Pos,0.841308
FLAVA,mscoco,Txt-Txt,Pos,0.8096423
FLAVA,mscoco,Txt-Txt,Pos,0.7664603
FLAVA,mscoco,Txt-Txt,Pos,0.56583107
FLAVA,mscoco,Txt-Txt,Pos,0.6221679
FLAVA,mscoco,Txt-Txt,Pos,0.56467813
FLAVA,mscoco,Txt-Txt,Pos,0.6130146
FLAVA,mscoco,Txt-Txt,Pos,0.6534278
FLAVA,mscoco,Txt-Txt,Pos,0.69397473
FLAVA,mscoco,Txt-Txt,Pos,0.58292073
FLAVA,mscoco,Txt-Txt,Pos,0.8746095
FLAVA,mscoco,Txt-Txt,Pos,0.6134239
FLAVA,mscoco,Txt-Txt,Pos,0.67984664
FLAVA,mscoco,Txt-Txt,Pos,0.69730055
FLAVA,mscoco,Txt-Txt,Pos,0.8090832
FLAVA,mscoco,Txt-Txt,Pos,0.6857543
FLAVA,mscoco,Txt-Txt,Pos,0.5040904
FLAVA,mscoco,Txt-Txt,Pos,0.715541
FLAVA,mscoco,Txt-Txt,Pos,0.8218633
FLAVA,mscoco,Txt-Txt,Pos,0.7547568
FLAVA,mscoco,Txt-Txt,Pos,0.6391134
FLAVA,mscoco,Txt-Txt,Pos,0.79016304
FLAVA,mscoco,Txt-Txt,Pos,0.74931544
FLAVA,mscoco,Txt-Txt,Pos,0.63502616
FLAVA,mscoco,Txt-Txt,Pos,0.50044286
FLAVA,mscoco,Txt-Txt,Pos,0.5476301
FLAVA,mscoco,Txt-Txt,Pos,0.5813957
FLAVA,mscoco,Txt-Txt,Pos,0.5163581
FLAVA,mscoco,Txt-Txt,Pos,0.59796435
FLAVA,mscoco,Txt-Txt,Pos,0.8417171
FLAVA,mscoco,Txt-Txt,Pos,0.6688361
FLAVA,mscoco,Txt-Txt,Pos,0.7544354
FLAVA,mscoco,Txt-Txt,Pos,0.71111846
FLAVA,mscoco,Txt-Txt,Pos,0.7977148
FLAVA,mscoco,Txt-Txt,Pos,0.53000265
FLAVA,mscoco,Txt-Txt,Pos,0.83350915
FLAVA,mscoco,Txt-Txt,Pos,0.5178967
FLAVA,mscoco,Txt-Txt,Pos,0.5597868
FLAVA,mscoco,Txt-Txt,Pos,0.7555646
FLAVA,mscoco,Txt-Txt,Pos,0.76322734
FLAVA,mscoco,Txt-Txt,Pos,0.5658971
FLAVA,mscoco,Txt-Txt,Pos,0.84298825
FLAVA,mscoco,Txt-Txt,Pos,0.540216
FLAVA,mscoco,Txt-Txt,Pos,0.7361402
FLAVA,mscoco,Txt-Txt,Pos,0.8241918
FLAVA,mscoco,Txt-Txt,Pos,0.5109478
FLAVA,mscoco,Txt-Txt,Pos,0.7439853
FLAVA,mscoco,Txt-Txt,Pos,0.8067208
FLAVA,mscoco,Txt-Txt,Pos,0.671518
FLAVA,mscoco,Txt-Txt,Pos,0.5898026
FLAVA,mscoco,Txt-Txt,Pos,0.6228332
FLAVA,mscoco,Txt-Txt,Pos,0.64971805
FLAVA,mscoco,Txt-Txt,Pos,0.5664231
FLAVA,mscoco,Txt-Txt,Pos,0.7254736
FLAVA,mscoco,Txt-Txt,Pos,0.55935764
FLAVA,mscoco,Txt-Txt,Pos,0.73125315
FLAVA,mscoco,Txt-Txt,Pos,0.60097504
FLAVA,mscoco,Txt-Txt,Pos,0.94130963
FLAVA,mscoco,Txt-Txt,Pos,0.7036056
FLAVA,mscoco,Txt-Txt,Pos,0.6736944
FLAVA,mscoco,Txt-Txt,Pos,0.7304205
FLAVA,mscoco,Txt-Txt,Pos,0.1710275
FLAVA,mscoco,Txt-Txt,Pos,0.8212031
FLAVA,mscoco,Txt-Txt,Pos,0.8697839
FLAVA,mscoco,Txt-Txt,Pos,0.7810027
FLAVA,mscoco,Txt-Txt,Pos,0.711804
FLAVA,mscoco,Txt-Txt,Pos,0.7093208
FLAVA,mscoco,Txt-Txt,Pos,0.37438482
FLAVA,mscoco,Txt-Txt,Pos,0.7547533
FLAVA,mscoco,Txt-Txt,Pos,0.5909133
FLAVA,mscoco,Txt-Txt,Pos,0.83502984
FLAVA,mscoco,Txt-Txt,Pos,0.65196866
FLAVA,mscoco,Txt-Txt,Pos,0.74883854
FLAVA,mscoco,Txt-Txt,Pos,0.41502512
FLAVA,mscoco,Txt-Txt,Pos,0.66706336
FLAVA,mscoco,Txt-Txt,Pos,0.58639514
FLAVA,mscoco,Txt-Txt,Pos,0.7134911
FLAVA,mscoco,Txt-Txt,Pos,0.5752127
FLAVA,mscoco,Txt-Txt,Pos,0.5151715
FLAVA,mscoco,Txt-Txt,Pos,0.74598706
FLAVA,mscoco,Txt-Txt,Pos,0.3182447
FLAVA,mscoco,Txt-Txt,Pos,0.36957297
FLAVA,mscoco,Txt-Txt,Pos,0.39502135
FLAVA,mscoco,Txt-Txt,Pos,0.58247834
FLAVA,mscoco,Txt-Txt,Pos,0.6226194
FLAVA,mscoco,Txt-Txt,Pos,0.7427595
FLAVA,mscoco,Txt-Txt,Pos,0.5571948
FLAVA,mscoco,Txt-Txt,Pos,0.7683805
FLAVA,mscoco,Txt-Txt,Pos,0.7963753
FLAVA,mscoco,Txt-Txt,Pos,0.76132923
FLAVA,mscoco,Txt-Txt,Pos,0.869433
FLAVA,mscoco,Txt-Txt,Pos,0.6498356
FLAVA,mscoco,Txt-Txt,Pos,0.69627774
FLAVA,mscoco,Txt-Txt,Pos,0.6308596
FLAVA,mscoco,Txt-Txt,Pos,0.7085341
FLAVA,mscoco,Txt-Txt,Pos,0.71060264
FLAVA,mscoco,Txt-Txt,Pos,0.7721311
FLAVA,mscoco,Txt-Txt,Pos,0.7854525
FLAVA,mscoco,Txt-Txt,Pos,0.647589
FLAVA,mscoco,Txt-Txt,Pos,0.79316723
FLAVA,mscoco,Txt-Txt,Pos,0.9548526
FLAVA,mscoco,Txt-Txt,Pos,0.55766726
FLAVA,mscoco,Txt-Txt,Pos,0.76917267
FLAVA,mscoco,Txt-Txt,Pos,0.8534732
FLAVA,mscoco,Txt-Txt,Pos,0.5916246
FLAVA,mscoco,Txt-Txt,Pos,0.69071156
FLAVA,mscoco,Txt-Txt,Pos,0.8244787
FLAVA,mscoco,Txt-Txt,Pos,0.79651725
FLAVA,mscoco,Txt-Txt,Pos,0.4936929
FLAVA,mscoco,Txt-Txt,Pos,0.89203686
FLAVA,mscoco,Txt-Txt,Pos,0.62311584
FLAVA,mscoco,Txt-Txt,Pos,0.7029463
FLAVA,mscoco,Txt-Txt,Pos,0.60531193
FLAVA,mscoco,Txt-Txt,Pos,0.61371255
FLAVA,mscoco,Txt-Txt,Pos,0.7202208
FLAVA,mscoco,Txt-Txt,Pos,0.56475854
FLAVA,mscoco,Txt-Txt,Pos,0.59016246
FLAVA,mscoco,Txt-Txt,Pos,0.69716835
FLAVA,mscoco,Txt-Txt,Pos,0.58581066
FLAVA,mscoco,Txt-Txt,Pos,0.6697091
FLAVA,mscoco,Txt-Txt,Pos,0.648302
FLAVA,mscoco,Txt-Txt,Pos,0.7804941
FLAVA,mscoco,Txt-Txt,Pos,0.7667813
FLAVA,mscoco,Txt-Txt,Pos,0.8424161
FLAVA,mscoco,Txt-Txt,Pos,0.4357857
FLAVA,mscoco,Txt-Txt,Pos,0.66685784
FLAVA,mscoco,Txt-Txt,Pos,0.62873906
FLAVA,mscoco,Txt-Txt,Pos,0.77014416
FLAVA,mscoco,Txt-Txt,Pos,0.62691706
FLAVA,mscoco,Txt-Txt,Pos,0.45367548
FLAVA,mscoco,Txt-Txt,Pos,0.5614158
FLAVA,mscoco,Txt-Txt,Pos,0.89061546
FLAVA,mscoco,Txt-Txt,Pos,0.815102
FLAVA,mscoco,Txt-Txt,Pos,0.7026393
FLAVA,mscoco,Txt-Txt,Pos,0.6485262
FLAVA,mscoco,Txt-Txt,Pos,0.74902105
FLAVA,mscoco,Txt-Txt,Pos,0.7382338
FLAVA,mscoco,Txt-Txt,Pos,0.82546943
FLAVA,mscoco,Txt-Txt,Pos,0.7822515
FLAVA,mscoco,Txt-Txt,Pos,0.6593137
FLAVA,mscoco,Img-Img,Pos,0.6273544
FLAVA,mscoco,Img-Img,Pos,0.61863625
FLAVA,mscoco,Img-Img,Pos,0.59506786
FLAVA,mscoco,Img-Img,Pos,0.5119203
FLAVA,mscoco,Img-Img,Pos,0.6460873
FLAVA,mscoco,Img-Img,Pos,0.43656683
FLAVA,mscoco,Img-Img,Pos,0.50622106
FLAVA,mscoco,Img-Img,Pos,0.58814734
FLAVA,mscoco,Img-Img,Pos,0.46657592
FLAVA,mscoco,Img-Img,Pos,0.27558503
FLAVA,mscoco,Img-Img,Pos,0.6645291
FLAVA,mscoco,Img-Img,Pos,0.25538915
FLAVA,mscoco,Img-Img,Pos,0.44567713
FLAVA,mscoco,Img-Img,Pos,0.32990462
FLAVA,mscoco,Img-Img,Pos,0.4726759
FLAVA,mscoco,Img-Img,Pos,0.61753374
FLAVA,mscoco,Img-Img,Pos,0.27453753
FLAVA,mscoco,Img-Img,Pos,0.44014436
FLAVA,mscoco,Img-Img,Pos,0.21532151
FLAVA,mscoco,Img-Img,Pos,0.6729983
FLAVA,mscoco,Img-Img,Pos,0.41653126
FLAVA,mscoco,Img-Img,Pos,0.50102186
FLAVA,mscoco,Img-Img,Pos,0.32407156
FLAVA,mscoco,Img-Img,Pos,0.5328082
FLAVA,mscoco,Img-Img,Pos,0.7041
FLAVA,mscoco,Img-Img,Pos,0.43549457
FLAVA,mscoco,Img-Img,Pos,0.28221387
FLAVA,mscoco,Img-Img,Pos,0.21098569
FLAVA,mscoco,Img-Img,Pos,0.22222257
FLAVA,mscoco,Img-Img,Pos,0.5126587
FLAVA,mscoco,Img-Img,Pos,0.3756366
FLAVA,mscoco,Img-Img,Pos,0.72252727
FLAVA,mscoco,Img-Img,Pos,0.50401545
FLAVA,mscoco,Img-Img,Pos,0.44530684
FLAVA,mscoco,Img-Img,Pos,0.5209571
FLAVA,mscoco,Img-Img,Pos,0.46646047
FLAVA,mscoco,Img-Img,Pos,0.40777868
FLAVA,mscoco,Img-Img,Pos,0.15184423
FLAVA,mscoco,Img-Img,Pos,0.49177718
FLAVA,mscoco,Img-Img,Pos,0.24586272
FLAVA,mscoco,Img-Img,Pos,0.4263702
FLAVA,mscoco,Img-Img,Pos,0.32592812
FLAVA,mscoco,Img-Img,Pos,0.30598316
FLAVA,mscoco,Img-Img,Pos,0.4591977
FLAVA,mscoco,Img-Img,Pos,0.5750632
FLAVA,mscoco,Img-Img,Pos,0.45010707
FLAVA,mscoco,Img-Img,Pos,0.7247803
FLAVA,mscoco,Img-Img,Pos,0.5770398
FLAVA,mscoco,Img-Img,Pos,0.42310965
FLAVA,mscoco,Img-Img,Pos,0.32748353
FLAVA,mscoco,Img-Img,Pos,0.6809616
FLAVA,mscoco,Img-Img,Pos,0.24881983
FLAVA,mscoco,Img-Img,Pos,0.40504205
FLAVA,mscoco,Img-Img,Pos,0.408505
FLAVA,mscoco,Img-Img,Pos,0.5724906
FLAVA,mscoco,Img-Img,Pos,0.41289312
FLAVA,mscoco,Img-Img,Pos,0.6367998
FLAVA,mscoco,Img-Img,Pos,0.47332162
FLAVA,mscoco,Img-Img,Pos,0.43083537
FLAVA,mscoco,Img-Img,Pos,0.605597
FLAVA,mscoco,Img-Img,Pos,0.47542334
FLAVA,mscoco,Img-Img,Pos,0.44147065
FLAVA,mscoco,Img-Img,Pos,0.5033584
FLAVA,mscoco,Img-Img,Pos,0.6201642
FLAVA,mscoco,Img-Img,Pos,0.61971194
FLAVA,mscoco,Img-Img,Pos,0.23011106
FLAVA,mscoco,Img-Img,Pos,0.03222496
FLAVA,mscoco,Img-Img,Pos,0.34653556
FLAVA,mscoco,Img-Img,Pos,0.32323486
FLAVA,mscoco,Img-Img,Pos,0.54939586
FLAVA,mscoco,Img-Img,Pos,0.23622471
FLAVA,mscoco,Img-Img,Pos,0.39816833
FLAVA,mscoco,Img-Img,Pos,0.19175339
FLAVA,mscoco,Img-Img,Pos,0.5096674
FLAVA,mscoco,Img-Img,Pos,0.41917688
FLAVA,mscoco,Img-Img,Pos,0.636465
FLAVA,mscoco,Img-Img,Pos,0.3352124
FLAVA,mscoco,Img-Img,Pos,0.46576077
FLAVA,mscoco,Img-Img,Pos,0.4955628
FLAVA,mscoco,Img-Img,Pos,0.17600343
FLAVA,mscoco,Img-Img,Pos,0.30844772
FLAVA,mscoco,Img-Img,Pos,0.6673964
FLAVA,mscoco,Img-Img,Pos,0.39461714
FLAVA,mscoco,Img-Img,Pos,0.58744293
FLAVA,mscoco,Img-Img,Pos,0.6101023
FLAVA,mscoco,Img-Img,Pos,0.40864766
FLAVA,mscoco,Img-Img,Pos,0.15182447
FLAVA,mscoco,Img-Img,Pos,0.3594562
FLAVA,mscoco,Img-Img,Pos,0.3568163
FLAVA,mscoco,Img-Img,Pos,0.5049853
FLAVA,mscoco,Img-Img,Pos,0.55749977
FLAVA,mscoco,Img-Img,Pos,0.22234079
FLAVA,mscoco,Img-Img,Pos,0.2971267
FLAVA,mscoco,Img-Img,Pos,0.38534757
FLAVA,mscoco,Img-Img,Pos,0.6010138
FLAVA,mscoco,Img-Img,Pos,0.42267868
FLAVA,mscoco,Img-Img,Pos,0.36955953
FLAVA,mscoco,Img-Img,Pos,0.31221998
FLAVA,mscoco,Img-Img,Pos,0.39429057
FLAVA,mscoco,Img-Img,Pos,0.38929728
FLAVA,mscoco,Img-Img,Pos,0.4820601
FLAVA,mscoco,Img-Img,Pos,0.6472103
FLAVA,mscoco,Img-Img,Pos,0.59552264
FLAVA,mscoco,Img-Img,Pos,0.64102805
FLAVA,mscoco,Img-Img,Pos,0.37342358
FLAVA,mscoco,Img-Img,Pos,0.5448061
FLAVA,mscoco,Img-Img,Pos,0.53676313
FLAVA,mscoco,Img-Img,Pos,0.7077769
FLAVA,mscoco,Img-Img,Pos,0.5561274
FLAVA,mscoco,Img-Img,Pos,0.12255072
FLAVA,mscoco,Img-Img,Pos,0.22614919
FLAVA,mscoco,Img-Img,Pos,0.5089638
FLAVA,mscoco,Img-Img,Pos,0.26941407
FLAVA,mscoco,Img-Img,Pos,0.50277454
FLAVA,mscoco,Img-Img,Pos,0.37140155
FLAVA,mscoco,Img-Img,Pos,0.35680103
FLAVA,mscoco,Img-Img,Pos,0.50058186
FLAVA,mscoco,Img-Img,Pos,0.37823096
FLAVA,mscoco,Img-Img,Pos,0.6460544
FLAVA,mscoco,Img-Img,Pos,0.3958215
FLAVA,mscoco,Img-Img,Pos,0.4188038
FLAVA,mscoco,Img-Img,Pos,0.5860863
FLAVA,mscoco,Img-Img,Pos,0.43396384
FLAVA,mscoco,Img-Img,Pos,0.7221664
FLAVA,mscoco,Img-Img,Pos,0.37700588
FLAVA,mscoco,Img-Img,Pos,0.46946377
FLAVA,mscoco,Img-Img,Pos,0.44128847
FLAVA,mscoco,Img-Img,Pos,0.38689703
FLAVA,mscoco,Img-Img,Pos,0.71337056
FLAVA,mscoco,Img-Img,Pos,0.6442243
FLAVA,mscoco,Img-Img,Pos,0.4175485
FLAVA,mscoco,Img-Img,Pos,0.38048798
FLAVA,mscoco,Img-Img,Pos,0.8165348
FLAVA,mscoco,Img-Img,Pos,0.2743307
FLAVA,mscoco,Img-Img,Pos,0.2920943
FLAVA,mscoco,Img-Img,Pos,0.5111681
FLAVA,mscoco,Img-Img,Pos,0.423455
FLAVA,mscoco,Img-Img,Pos,0.25965092
FLAVA,mscoco,Img-Img,Pos,0.5379397
FLAVA,mscoco,Img-Img,Pos,0.16371673
FLAVA,mscoco,Img-Img,Pos,0.33301347
FLAVA,mscoco,Img-Img,Pos,0.5669998
FLAVA,mscoco,Img-Img,Pos,0.61141014
FLAVA,mscoco,Img-Img,Pos,0.47882232
FLAVA,mscoco,Img-Img,Pos,0.7211735
FLAVA,mscoco,Img-Img,Pos,0.23449406
FLAVA,mscoco,Img-Img,Pos,0.39807522
FLAVA,mscoco,Img-Img,Pos,0.60560524
FLAVA,mscoco,Img-Img,Pos,0.5084156
FLAVA,mscoco,Img-Img,Pos,0.20022655
FLAVA,mscoco,Img-Img,Pos,0.67185974
FLAVA,mscoco,Img-Img,Pos,0.53167725
FLAVA,mscoco,Img-Img,Pos,0.5135137
FLAVA,mscoco,Img-Img,Pos,0.64141285
FLAVA,mscoco,Img-Img,Pos,0.6450784
FLAVA,mscoco,Img-Img,Pos,0.2826851
FLAVA,mscoco,Img-Img,Pos,0.21371603
FLAVA,mscoco,Img-Img,Pos,0.48455673
FLAVA,mscoco,Img-Img,Pos,0.8730305
FLAVA,mscoco,Img-Img,Pos,0.46674663
FLAVA,mscoco,Img-Img,Pos,0.42819095
FLAVA,mscoco,Img-Img,Pos,0.37274796
FLAVA,mscoco,Img-Img,Pos,0.2435509
FLAVA,mscoco,Img-Img,Pos,0.35439754
FLAVA,mscoco,Img-Img,Pos,0.49619648
FLAVA,mscoco,Img-Img,Pos,0.4106124
FLAVA,mscoco,Img-Img,Pos,0.44516355
FLAVA,mscoco,Img-Img,Pos,0.29997647
FLAVA,mscoco,Img-Img,Pos,0.09747173
FLAVA,mscoco,Img-Img,Pos,0.56229055
FLAVA,mscoco,Img-Img,Pos,0.5924029
FLAVA,mscoco,Img-Img,Pos,0.41108614
FLAVA,mscoco,Img-Img,Pos,0.12354946
FLAVA,mscoco,Img-Img,Pos,0.49097285
FLAVA,mscoco,Img-Img,Pos,0.2566414
FLAVA,mscoco,Img-Img,Pos,0.6885609
FLAVA,mscoco,Img-Img,Pos,0.60981
FLAVA,mscoco,Img-Img,Pos,0.36364204
FLAVA,mscoco,Img-Img,Pos,0.4047462
FLAVA,mscoco,Img-Img,Pos,0.09186242
FLAVA,mscoco,Img-Img,Pos,0.3521408
FLAVA,mscoco,Img-Img,Pos,0.5081315
FLAVA,mscoco,Img-Img,Pos,0.6068088
FLAVA,mscoco,Img-Img,Pos,0.44460744
FLAVA,mscoco,Img-Img,Pos,0.29801834
FLAVA,mscoco,Img-Img,Pos,0.22974257
FLAVA,mscoco,Img-Img,Pos,0.32120204
FLAVA,mscoco,Img-Img,Pos,0.43234742
FLAVA,mscoco,Img-Img,Pos,0.5146802
FLAVA,mscoco,Img-Img,Pos,0.1725917
FLAVA,mscoco,Img-Img,Pos,0.31267
FLAVA,mscoco,Img-Img,Pos,0.33996052
FLAVA,mscoco,Img-Img,Pos,0.18498972
FLAVA,mscoco,Img-Img,Pos,0.3465926
FLAVA,mscoco,Img-Img,Pos,0.4370971
FLAVA,mscoco,Img-Img,Pos,0.6121196
FLAVA,mscoco,Img-Img,Pos,0.5307931
FLAVA,mscoco,Img-Img,Pos,0.3093646
FLAVA,mscoco,Img-Img,Pos,0.16918933
FLAVA,mscoco,Img-Img,Pos,0.3409988
FLAVA,mscoco,Img-Img,Pos,0.4134109
FLAVA,mscoco,Img-Img,Pos,0.21923721
FLAVA,mscoco,Img-Img,Pos,0.49905744
FLAVA,mscoco,Img-Img,Pos,0.4135223
FLAVA,mscoco,Img-Img,Pos,0.4071598
FLAVA,mscoco,Img-Img,Pos,0.3773322
FLAVA,mscoco,Img-Img,Pos,0.33493245
FLAVA,mscoco,Img-Img,Pos,0.58342266
FLAVA,mscoco,Img-Img,Pos,0.3915217
FLAVA,mscoco,Img-Img,Pos,0.4905345
FLAVA,mscoco,Img-Img,Pos,0.3151122
FLAVA,mscoco,Img-Img,Pos,0.5436108
FLAVA,mscoco,Img-Img,Pos,0.2655118
FLAVA,mscoco,Img-Img,Pos,0.52919674
FLAVA,mscoco,Img-Img,Pos,0.48777425
FLAVA,mscoco,Img-Img,Pos,0.38404587
FLAVA,mscoco,Img-Img,Pos,0.24703678
FLAVA,mscoco,Img-Img,Pos,0.6922823
FLAVA,mscoco,Img-Img,Pos,0.48552957
FLAVA,mscoco,Img-Img,Pos,0.3086393
FLAVA,mscoco,Img-Img,Pos,0.45617145
FLAVA,mscoco,Img-Img,Pos,0.46867618
FLAVA,mscoco,Img-Img,Pos,0.56678575
FLAVA,mscoco,Img-Img,Pos,0.36852562
FLAVA,mscoco,Img-Img,Pos,0.39773268
FLAVA,mscoco,Img-Img,Pos,0.15841508
FLAVA,mscoco,Img-Img,Pos,0.28949744
FLAVA,mscoco,Img-Img,Pos,0.4821363
FLAVA,mscoco,Img-Img,Pos,0.3364669
FLAVA,mscoco,Img-Img,Pos,0.3895814
FLAVA,mscoco,Img-Img,Pos,0.36707163
FLAVA,mscoco,Img-Img,Pos,0.44220346
FLAVA,mscoco,Img-Img,Pos,0.829592
FLAVA,mscoco,Img-Img,Pos,0.6552353
FLAVA,mscoco,Img-Img,Pos,0.53229773
FLAVA,mscoco,Img-Img,Pos,0.35876256
FLAVA,mscoco,Img-Img,Pos,0.44488227
FLAVA,mscoco,Img-Img,Pos,0.4705114
FLAVA,mscoco,Img-Img,Pos,0.49544102
FLAVA,mscoco,Img-Img,Pos,0.38544238
FLAVA,mscoco,Img-Img,Pos,0.4363709
FLAVA,mscoco,Img-Img,Pos,0.094239764
FLAVA,mscoco,Img-Img,Pos,0.37431931
FLAVA,mscoco,Img-Img,Pos,0.6359652
FLAVA,mscoco,Img-Img,Pos,0.27486557
FLAVA,mscoco,Img-Img,Pos,0.5820917
FLAVA,mscoco,Img-Img,Pos,0.46698463
FLAVA,mscoco,Img-Img,Pos,0.7537048
FLAVA,mscoco,Img-Img,Pos,0.38301274
FLAVA,mscoco,Img-Img,Pos,0.4885888
FLAVA,mscoco,Img-Img,Pos,0.43827182
FLAVA,mscoco,Img-Img,Pos,0.62973744
FLAVA,mscoco,Img-Img,Pos,0.44830763
FLAVA,mscoco,Img-Img,Pos,0.31585896
FLAVA,mscoco,Img-Img,Pos,0.37642488
FLAVA,mscoco,Img-Img,Pos,0.55550325
FLAVA,mscoco,Img-Img,Pos,0.2700132
FLAVA,mscoco,Img-Img,Pos,0.70819867
FLAVA,mscoco,Img-Img,Pos,0.19462875
FLAVA,mscoco,Img-Img,Pos,0.34394008
FLAVA,mscoco,Img-Img,Pos,0.6146114
FLAVA,mscoco,Img-Img,Pos,0.49016324
FLAVA,mscoco,Img-Img,Pos,0.7211609
FLAVA,mscoco,Img-Img,Pos,0.35063854
FLAVA,mscoco,Img-Img,Pos,0.5651424
FLAVA,mscoco,Img-Img,Pos,0.3203456
FLAVA,mscoco,Img-Img,Pos,0.643881
FLAVA,mscoco,Img-Img,Pos,0.13675246
FLAVA,mscoco,Img-Img,Pos,0.43331623
FLAVA,mscoco,Img-Img,Pos,0.34310895
FLAVA,mscoco,Img-Img,Pos,0.56606793
FLAVA,mscoco,Img-Img,Pos,0.36802846
FLAVA,mscoco,Img-Img,Pos,0.43745142
FLAVA,mscoco,Img-Img,Pos,0.29318893
FLAVA,mscoco,Img-Img,Pos,0.24996239
FLAVA,mscoco,Img-Img,Pos,0.41163462
FLAVA,mscoco,Img-Img,Pos,0.29139823
FLAVA,mscoco,Img-Img,Pos,0.25809556
FLAVA,mscoco,Img-Img,Pos,0.5039711
FLAVA,mscoco,Img-Img,Pos,0.45312923
FLAVA,mscoco,Img-Img,Pos,0.5345576
FLAVA,mscoco,Img-Img,Pos,0.5106026
FLAVA,mscoco,Img-Img,Pos,0.56091726
FLAVA,mscoco,Img-Img,Pos,0.5324696
FLAVA,mscoco,Img-Img,Pos,0.4408094
FLAVA,mscoco,Img-Img,Pos,0.50442094
FLAVA,mscoco,Img-Img,Pos,0.5547687
FLAVA,mscoco,Img-Img,Pos,0.5496559
FLAVA,mscoco,Img-Img,Pos,0.5067886
FLAVA,mscoco,Img-Img,Pos,0.6555277
FLAVA,mscoco,Img-Img,Pos,0.8305896
FLAVA,mscoco,Img-Img,Pos,0.60730386
FLAVA,mscoco,Img-Img,Pos,0.1100221
FLAVA,mscoco,Img-Img,Pos,0.36518124
FLAVA,mscoco,Img-Img,Pos,0.580436
FLAVA,mscoco,Img-Img,Pos,0.39790496
FLAVA,mscoco,Img-Img,Pos,0.53607893
FLAVA,mscoco,Img-Img,Pos,0.30373362
FLAVA,mscoco,Img-Img,Pos,0.28269762
FLAVA,mscoco,Img-Img,Pos,0.19683826
FLAVA,mscoco,Img-Img,Pos,0.5864178
FLAVA,mscoco,Img-Img,Pos,0.47376114
FLAVA,mscoco,Img-Img,Pos,0.28765443
FLAVA,mscoco,Img-Img,Pos,0.47678676
FLAVA,mscoco,Img-Img,Pos,0.39816546
FLAVA,mscoco,Img-Img,Pos,0.43743148
FLAVA,mscoco,Img-Img,Pos,0.22042817
FLAVA,mscoco,Img-Img,Pos,0.07992998
FLAVA,mscoco,Img-Img,Pos,0.48251307
FLAVA,mscoco,Img-Img,Pos,0.33471596
FLAVA,mscoco,Img-Img,Pos,0.4763558
FLAVA,mscoco,Img-Img,Pos,0.5054679
FLAVA,mscoco,Img-Img,Pos,0.18410277
FLAVA,mscoco,Img-Img,Pos,0.3397798
FLAVA,mscoco,Img-Img,Pos,0.5202694
FLAVA,mscoco,Img-Img,Pos,0.53371215
FLAVA,mscoco,Img-Img,Pos,0.46109685
FLAVA,mscoco,Img-Img,Pos,0.1915075
FLAVA,mscoco,Img-Img,Pos,0.64609325
FLAVA,mscoco,Img-Img,Pos,0.39619547
FLAVA,mscoco,Img-Img,Pos,0.4675138
FLAVA,mscoco,Img-Img,Pos,0.53585875
FLAVA,mscoco,Img-Img,Pos,0.8150976
FLAVA,mscoco,Img-Img,Pos,0.55429363
FLAVA,mscoco,Img-Img,Pos,0.6800902
FLAVA,mscoco,Img-Img,Pos,0.369903
FLAVA,mscoco,Img-Img,Pos,0.483787
FLAVA,mscoco,Img-Img,Pos,0.3717032
FLAVA,mscoco,Img-Img,Pos,0.6907366
FLAVA,mscoco,Img-Img,Pos,0.40126866
FLAVA,mscoco,Img-Img,Pos,0.3506633
FLAVA,mscoco,Img-Img,Pos,0.3849795
FLAVA,mscoco,Img-Img,Pos,0.3711661
FLAVA,mscoco,Img-Img,Pos,0.47963804
FLAVA,mscoco,Img-Img,Pos,0.45187888
FLAVA,mscoco,Img-Img,Pos,0.46064857
FLAVA,mscoco,Img-Img,Pos,0.38316357
FLAVA,mscoco,Img-Img,Pos,0.6446811
FLAVA,mscoco,Img-Img,Pos,0.24795309
FLAVA,mscoco,Img-Img,Pos,0.10075295
FLAVA,mscoco,Img-Img,Pos,0.12698708
FLAVA,mscoco,Img-Img,Pos,0.55777466
FLAVA,mscoco,Img-Img,Pos,0.370332
FLAVA,mscoco,Img-Img,Pos,0.44884294
FLAVA,mscoco,Img-Img,Pos,0.41735896
FLAVA,mscoco,Img-Img,Pos,0.5883929
FLAVA,mscoco,Img-Img,Pos,0.42130405
FLAVA,mscoco,Img-Img,Pos,0.45034295
FLAVA,mscoco,Img-Img,Pos,0.117057815
FLAVA,mscoco,Img-Img,Pos,0.60660315
FLAVA,mscoco,Img-Img,Pos,0.18981743
FLAVA,mscoco,Img-Img,Pos,0.22501996
FLAVA,mscoco,Img-Img,Pos,0.41210335
FLAVA,mscoco,Img-Img,Pos,0.52646357
FLAVA,mscoco,Img-Img,Pos,0.36028597
FLAVA,mscoco,Img-Img,Pos,0.53324103
FLAVA,mscoco,Img-Img,Pos,0.6143923
FLAVA,mscoco,Img-Img,Pos,0.3653277
FLAVA,mscoco,Img-Img,Pos,0.6287144
FLAVA,mscoco,Img-Img,Pos,0.24688977
FLAVA,mscoco,Img-Img,Pos,0.5291866
FLAVA,mscoco,Img-Img,Pos,0.19554219
FLAVA,mscoco,Img-Img,Pos,0.6092927
FLAVA,mscoco,Img-Img,Pos,0.8044004
FLAVA,mscoco,Img-Img,Pos,0.24390276
FLAVA,mscoco,Img-Img,Pos,0.5071348
FLAVA,mscoco,Img-Img,Pos,0.25009412
FLAVA,mscoco,Img-Img,Pos,0.2099356
FLAVA,mscoco,Img-Img,Pos,0.35469183
FLAVA,mscoco,Img-Img,Pos,0.15931737
FLAVA,mscoco,Img-Img,Pos,0.48201346
FLAVA,mscoco,Img-Img,Pos,0.3466444
FLAVA,mscoco,Img-Img,Pos,0.28924638
FLAVA,mscoco,Img-Img,Pos,0.33430547
FLAVA,mscoco,Img-Img,Pos,0.3704353
FLAVA,mscoco,Img-Img,Pos,0.43027315
FLAVA,mscoco,Img-Img,Pos,0.5867686
FLAVA,mscoco,Img-Img,Pos,0.34019625
FLAVA,mscoco,Img-Img,Pos,0.22063404
FLAVA,mscoco,Img-Img,Pos,0.37837726
FLAVA,mscoco,Img-Img,Pos,0.09619162
FLAVA,mscoco,Img-Img,Pos,0.3884474
FLAVA,mscoco,Img-Img,Pos,0.3950508
FLAVA,mscoco,Img-Img,Pos,0.46126908
FLAVA,mscoco,Img-Img,Pos,0.2903307
FLAVA,mscoco,Img-Img,Pos,0.39373013
FLAVA,mscoco,Img-Img,Pos,0.2559074
FLAVA,mscoco,Img-Img,Pos,0.39075267
FLAVA,mscoco,Img-Img,Pos,0.26309106
FLAVA,mscoco,Img-Img,Pos,0.39282492
FLAVA,mscoco,Img-Img,Pos,0.07671271
FLAVA,mscoco,Img-Img,Pos,0.5648166
FLAVA,mscoco,Img-Img,Pos,0.18376693
FLAVA,mscoco,Img-Img,Pos,0.23724091
FLAVA,mscoco,Img-Img,Pos,0.45005107
FLAVA,mscoco,Img-Img,Pos,0.7085046
FLAVA,mscoco,Img-Img,Pos,0.3912549
FLAVA,mscoco,Img-Img,Pos,0.29962432
FLAVA,mscoco,Img-Img,Pos,0.37447503
FLAVA,mscoco,Img-Img,Pos,0.5516383
FLAVA,mscoco,Img-Img,Pos,0.65557444
FLAVA,mscoco,Img-Img,Pos,0.41981244
FLAVA,mscoco,Img-Img,Pos,0.3315804
FLAVA,mscoco,Img-Img,Pos,0.42512184
FLAVA,mscoco,Img-Img,Pos,0.10294388
FLAVA,mscoco,Img-Img,Pos,0.076322645
FLAVA,mscoco,Img-Img,Pos,0.30095825
FLAVA,mscoco,Img-Img,Pos,0.39879465
FLAVA,mscoco,Img-Img,Pos,0.1912363
FLAVA,mscoco,Img-Img,Pos,0.18435043
FLAVA,mscoco,Img-Img,Pos,0.65043545
FLAVA,mscoco,Img-Img,Pos,0.5987282
FLAVA,mscoco,Img-Img,Pos,0.6047723
FLAVA,mscoco,Img-Img,Pos,0.42261815
FLAVA,mscoco,Img-Img,Pos,0.49175996
FLAVA,mscoco,Img-Img,Pos,0.20806655
FLAVA,mscoco,Img-Img,Pos,0.63414365
FLAVA,mscoco,Img-Img,Pos,0.4942512
FLAVA,mscoco,Img-Img,Pos,0.22844353
FLAVA,mscoco,Img-Img,Pos,0.48799944
FLAVA,mscoco,Img-Img,Pos,0.32730645
FLAVA,mscoco,Img-Img,Pos,0.18620047
FLAVA,mscoco,Img-Img,Pos,0.6954267
FLAVA,mscoco,Img-Img,Pos,0.27240866
FLAVA,mscoco,Img-Img,Pos,0.25314152
FLAVA,mscoco,Img-Img,Pos,0.5788159
FLAVA,mscoco,Img-Img,Pos,0.17098767
FLAVA,mscoco,Img-Img,Pos,0.25879633
FLAVA,mscoco,Img-Img,Pos,0.50772095
FLAVA,mscoco,Img-Img,Pos,0.51403236
FLAVA,mscoco,Img-Img,Pos,0.33656824
FLAVA,mscoco,Img-Img,Pos,0.53336126
FLAVA,mscoco,Img-Img,Pos,0.31373483
FLAVA,mscoco,Img-Img,Pos,0.3278985
FLAVA,mscoco,Img-Img,Pos,0.5628252
FLAVA,mscoco,Img-Img,Pos,0.2581586
FLAVA,mscoco,Img-Img,Pos,0.43132466
FLAVA,mscoco,Img-Img,Pos,0.30414325
FLAVA,mscoco,Img-Img,Pos,0.7545427
FLAVA,mscoco,Img-Img,Pos,0.35298967
FLAVA,mscoco,Img-Img,Pos,0.36091262
FLAVA,mscoco,Img-Img,Pos,0.51384485
FLAVA,mscoco,Img-Img,Pos,0.136614
FLAVA,mscoco,Img-Img,Pos,0.5302799
FLAVA,mscoco,Img-Img,Pos,0.5124456
FLAVA,mscoco,Img-Img,Pos,0.21482854
FLAVA,mscoco,Img-Img,Pos,0.47248793
FLAVA,mscoco,Img-Img,Pos,0.2886497
FLAVA,mscoco,Img-Img,Pos,0.48992217
FLAVA,mscoco,Img-Img,Pos,0.17944235
FLAVA,mscoco,Img-Img,Pos,0.41457993
FLAVA,mscoco,Img-Img,Pos,0.6738727
FLAVA,mscoco,Img-Img,Pos,0.30717432
FLAVA,mscoco,Img-Img,Pos,0.50839335
FLAVA,mscoco,Img-Img,Pos,0.3760013
FLAVA,mscoco,Img-Img,Pos,0.13104191
FLAVA,mscoco,Img-Img,Pos,0.2360143
FLAVA,mscoco,Img-Img,Pos,0.3366562
FLAVA,mscoco,Img-Img,Pos,0.24131098
FLAVA,mscoco,Img-Img,Pos,0.39938867
FLAVA,mscoco,Img-Img,Pos,0.3200552
FLAVA,mscoco,Img-Img,Pos,0.29516548
FLAVA,mscoco,Img-Img,Pos,0.21931148
FLAVA,mscoco,Img-Img,Pos,0.48442802
FLAVA,mscoco,Img-Img,Pos,0.4301523
FLAVA,mscoco,Img-Img,Pos,0.45569935
FLAVA,mscoco,Img-Img,Pos,0.64798826
FLAVA,mscoco,Img-Img,Pos,0.38753587
FLAVA,mscoco,Img-Img,Pos,0.55175674
FLAVA,mscoco,Img-Img,Pos,0.58094466
FLAVA,mscoco,Img-Img,Pos,0.2988732
FLAVA,mscoco,Img-Img,Pos,0.81463647
FLAVA,mscoco,Img-Img,Pos,0.3861852
FLAVA,mscoco,Img-Img,Pos,0.27166992
FLAVA,mscoco,Img-Img,Pos,0.3268041
FLAVA,mscoco,Img-Img,Pos,0.4562875
FLAVA,mscoco,Img-Img,Pos,0.33370072
FLAVA,mscoco,Img-Img,Pos,0.4395216
FLAVA,mscoco,Img-Img,Pos,0.5490444
FLAVA,mscoco,Img-Img,Pos,0.2634256
FLAVA,mscoco,Img-Img,Pos,0.5817448
FLAVA,mscoco,Img-Img,Pos,0.7926611
FLAVA,mscoco,Img-Img,Pos,0.6552508
FLAVA,mscoco,Img-Img,Pos,0.47839183
FLAVA,mscoco,Img-Img,Pos,0.6720159
FLAVA,mscoco,Img-Img,Pos,0.30266914
FLAVA,mscoco,Img-Img,Pos,0.642038
FLAVA,mscoco,Img-Img,Pos,0.38440263
FLAVA,mscoco,Img-Img,Pos,0.42270225
FLAVA,mscoco,Img-Img,Pos,0.36260533
FLAVA,mscoco,Img-Img,Pos,0.9373226
FLAVA,mscoco,Img-Img,Pos,0.38537997
FLAVA,mscoco,Img-Img,Pos,0.51173747
FLAVA,mscoco,Img-Img,Pos,0.29986838
FLAVA,mscoco,Img-Img,Pos,0.41096646
FLAVA,mscoco,Img-Img,Pos,0.4578153
FLAVA,mscoco,Img-Img,Pos,0.36559185
FLAVA,mscoco,Img-Img,Pos,0.3387379
FLAVA,mscoco,Img-Img,Pos,0.20891964
FLAVA,mscoco,Img-Img,Pos,0.3142891
FLAVA,mscoco,Img-Img,Pos,0.4598087
FLAVA,mscoco,Img-Img,Pos,0.1347326
FLAVA,mscoco,Img-Img,Pos,0.48387602
FLAVA,mscoco,Img-Img,Pos,0.55979824
FLAVA,mscoco,Img-Img,Pos,0.37549922
FLAVA,mscoco,Img-Img,Pos,0.20337912
FLAVA,mscoco,Img-Img,Pos,0.35547978
FLAVA,mscoco,Img-Img,Pos,0.3828134
FLAVA,mscoco,Img-Img,Pos,0.64903945
FLAVA,mscoco,Img-Img,Pos,0.42523432
FLAVA,mscoco,Img-Img,Pos,0.08579467
FLAVA,mscoco,Img-Img,Pos,0.15508595
FLAVA,mscoco,Img-Img,Pos,0.7919384
FLAVA,mscoco,Img-Img,Pos,0.5173283
FLAVA,mscoco,Img-Img,Pos,0.61187536
FLAVA,mscoco,Img-Img,Pos,0.2691002
FLAVA,mscoco,Img-Img,Pos,0.31098098
FLAVA,mscoco,Img-Img,Pos,0.36869967
FLAVA,mscoco,Img-Img,Pos,0.46527508
FLAVA,mscoco,Img-Img,Pos,0.57124126
FLAVA,mscoco,Img-Img,Pos,0.31988868
FLAVA,mscoco,Txt-Img,Pos,0.2996845
FLAVA,mscoco,Txt-Img,Pos,0.25560585
FLAVA,mscoco,Txt-Img,Pos,0.30472475
FLAVA,mscoco,Txt-Img,Pos,0.34696037
FLAVA,mscoco,Txt-Img,Pos,0.30514687
FLAVA,mscoco,Txt-Img,Pos,0.31033376
FLAVA,mscoco,Txt-Img,Pos,0.25275105
FLAVA,mscoco,Txt-Img,Pos,0.36844313
FLAVA,mscoco,Txt-Img,Pos,0.33850747
FLAVA,mscoco,Txt-Img,Pos,0.27076033
FLAVA,mscoco,Txt-Img,Pos,0.3206898
FLAVA,mscoco,Txt-Img,Pos,0.27732116
FLAVA,mscoco,Txt-Img,Pos,0.36139637
FLAVA,mscoco,Txt-Img,Pos,0.33756596
FLAVA,mscoco,Txt-Img,Pos,0.35166818
FLAVA,mscoco,Txt-Img,Pos,0.33338138
FLAVA,mscoco,Txt-Img,Pos,0.31733817
FLAVA,mscoco,Txt-Img,Pos,0.33973962
FLAVA,mscoco,Txt-Img,Pos,0.23554796
FLAVA,mscoco,Txt-Img,Pos,0.2849875
FLAVA,mscoco,Txt-Img,Pos,0.27924228
FLAVA,mscoco,Txt-Img,Pos,0.34470195
FLAVA,mscoco,Txt-Img,Pos,0.26468796
FLAVA,mscoco,Txt-Img,Pos,0.32624114
FLAVA,mscoco,Txt-Img,Pos,0.40301797
FLAVA,mscoco,Txt-Img,Pos,0.32494622
FLAVA,mscoco,Txt-Img,Pos,0.37078786
FLAVA,mscoco,Txt-Img,Pos,0.28228605
FLAVA,mscoco,Txt-Img,Pos,0.29848015
FLAVA,mscoco,Txt-Img,Pos,0.34475398
FLAVA,mscoco,Txt-Img,Pos,0.3201002
FLAVA,mscoco,Txt-Img,Pos,0.3024522
FLAVA,mscoco,Txt-Img,Pos,0.29152602
FLAVA,mscoco,Txt-Img,Pos,0.17212686
FLAVA,mscoco,Txt-Img,Pos,0.3093298
FLAVA,mscoco,Txt-Img,Pos,0.263426
FLAVA,mscoco,Txt-Img,Pos,0.36827725
FLAVA,mscoco,Txt-Img,Pos,0.31433988
FLAVA,mscoco,Txt-Img,Pos,0.33356434
FLAVA,mscoco,Txt-Img,Pos,0.30157173
FLAVA,mscoco,Txt-Img,Pos,0.30524957
FLAVA,mscoco,Txt-Img,Pos,0.25797844
FLAVA,mscoco,Txt-Img,Pos,0.37100333
FLAVA,mscoco,Txt-Img,Pos,0.31786036
FLAVA,mscoco,Txt-Img,Pos,0.28649542
FLAVA,mscoco,Txt-Img,Pos,0.2388894
FLAVA,mscoco,Txt-Img,Pos,0.30719596
FLAVA,mscoco,Txt-Img,Pos,0.31070605
FLAVA,mscoco,Txt-Img,Pos,0.27239186
FLAVA,mscoco,Txt-Img,Pos,0.25973433
FLAVA,mscoco,Txt-Img,Pos,0.33202925
FLAVA,mscoco,Txt-Img,Pos,0.33706808
FLAVA,mscoco,Txt-Img,Pos,0.37650204
FLAVA,mscoco,Txt-Img,Pos,0.29438418
FLAVA,mscoco,Txt-Img,Pos,0.40517843
FLAVA,mscoco,Txt-Img,Pos,0.29969102
FLAVA,mscoco,Txt-Img,Pos,0.28179884
FLAVA,mscoco,Txt-Img,Pos,0.28724456
FLAVA,mscoco,Txt-Img,Pos,0.23822635
FLAVA,mscoco,Txt-Img,Pos,0.37291074
FLAVA,mscoco,Txt-Img,Pos,0.27754632
FLAVA,mscoco,Txt-Img,Pos,0.33037746
FLAVA,mscoco,Txt-Img,Pos,0.3693429
FLAVA,mscoco,Txt-Img,Pos,0.26687577
FLAVA,mscoco,Txt-Img,Pos,0.33157355
FLAVA,mscoco,Txt-Img,Pos,0.28854793
FLAVA,mscoco,Txt-Img,Pos,0.2470344
FLAVA,mscoco,Txt-Img,Pos,0.28729808
FLAVA,mscoco,Txt-Img,Pos,0.38997126
FLAVA,mscoco,Txt-Img,Pos,0.34271297
FLAVA,mscoco,Txt-Img,Pos,0.33349138
FLAVA,mscoco,Txt-Img,Pos,0.13703191
FLAVA,mscoco,Txt-Img,Pos,0.29630595
FLAVA,mscoco,Txt-Img,Pos,0.31515145
FLAVA,mscoco,Txt-Img,Pos,0.31123853
FLAVA,mscoco,Txt-Img,Pos,0.33938497
FLAVA,mscoco,Txt-Img,Pos,0.32240877
FLAVA,mscoco,Txt-Img,Pos,0.31656587
FLAVA,mscoco,Txt-Img,Pos,0.33754608
FLAVA,mscoco,Txt-Img,Pos,0.3542698
FLAVA,mscoco,Txt-Img,Pos,0.36301893
FLAVA,mscoco,Txt-Img,Pos,0.3043641
FLAVA,mscoco,Txt-Img,Pos,0.28203112
FLAVA,mscoco,Txt-Img,Pos,0.28702688
FLAVA,mscoco,Txt-Img,Pos,0.2698824
FLAVA,mscoco,Txt-Img,Pos,0.2949134
FLAVA,mscoco,Txt-Img,Pos,0.25280583
FLAVA,mscoco,Txt-Img,Pos,0.346936
FLAVA,mscoco,Txt-Img,Pos,0.34212872
FLAVA,mscoco,Txt-Img,Pos,0.3465678
FLAVA,mscoco,Txt-Img,Pos,0.34247312
FLAVA,mscoco,Txt-Img,Pos,0.2546221
FLAVA,mscoco,Txt-Img,Pos,0.3298369
FLAVA,mscoco,Txt-Img,Pos,0.23618409
FLAVA,mscoco,Txt-Img,Pos,0.317248
FLAVA,mscoco,Txt-Img,Pos,0.23603058
FLAVA,mscoco,Txt-Img,Pos,0.24356838
FLAVA,mscoco,Txt-Img,Pos,0.3475652
FLAVA,mscoco,Txt-Img,Pos,0.49566382
FLAVA,mscoco,Txt-Img,Pos,0.37937772
FLAVA,mscoco,Txt-Img,Pos,0.29458314
FLAVA,mscoco,Txt-Img,Pos,0.2823199
FLAVA,mscoco,Txt-Img,Pos,0.2868823
FLAVA,mscoco,Txt-Img,Pos,0.34180036
FLAVA,mscoco,Txt-Img,Pos,0.3536743
FLAVA,mscoco,Txt-Img,Pos,0.40172732
FLAVA,mscoco,Txt-Img,Pos,0.3456907
FLAVA,mscoco,Txt-Img,Pos,0.33873343
FLAVA,mscoco,Txt-Img,Pos,0.27022943
FLAVA,mscoco,Txt-Img,Pos,0.26109576
FLAVA,mscoco,Txt-Img,Pos,0.2597507
FLAVA,mscoco,Txt-Img,Pos,0.30591017
FLAVA,mscoco,Txt-Img,Pos,0.31512868
FLAVA,mscoco,Txt-Img,Pos,0.26379544
FLAVA,mscoco,Txt-Img,Pos,0.31935722
FLAVA,mscoco,Txt-Img,Pos,0.32716486
FLAVA,mscoco,Txt-Img,Pos,0.32628495
FLAVA,mscoco,Txt-Img,Pos,0.36642146
FLAVA,mscoco,Txt-Img,Pos,0.26044273
FLAVA,mscoco,Txt-Img,Pos,0.30018288
FLAVA,mscoco,Txt-Img,Pos,0.325832
FLAVA,mscoco,Txt-Img,Pos,0.3615372
FLAVA,mscoco,Txt-Img,Pos,0.32617718
FLAVA,mscoco,Txt-Img,Pos,0.34373337
FLAVA,mscoco,Txt-Img,Pos,0.33845
FLAVA,mscoco,Txt-Img,Pos,0.2766426
FLAVA,mscoco,Txt-Img,Pos,0.28907835
FLAVA,mscoco,Txt-Img,Pos,0.253016
FLAVA,mscoco,Txt-Img,Pos,0.3806994
FLAVA,mscoco,Txt-Img,Pos,0.38090408
FLAVA,mscoco,Txt-Img,Pos,0.44129333
FLAVA,mscoco,Txt-Img,Pos,0.30823037
FLAVA,mscoco,Txt-Img,Pos,0.33815342
FLAVA,mscoco,Txt-Img,Pos,0.33445185
FLAVA,mscoco,Txt-Img,Pos,0.21316083
FLAVA,mscoco,Txt-Img,Pos,0.2931037
FLAVA,mscoco,Txt-Img,Pos,0.2866452
FLAVA,mscoco,Txt-Img,Pos,0.32680947
FLAVA,mscoco,Txt-Img,Pos,0.3027714
FLAVA,mscoco,Txt-Img,Pos,0.37910998
FLAVA,mscoco,Txt-Img,Pos,0.34015137
FLAVA,mscoco,Txt-Img,Pos,0.36814356
FLAVA,mscoco,Txt-Img,Pos,0.30258107
FLAVA,mscoco,Txt-Img,Pos,0.34211496
FLAVA,mscoco,Txt-Img,Pos,0.331133
FLAVA,mscoco,Txt-Img,Pos,0.30451044
FLAVA,mscoco,Txt-Img,Pos,0.3032118
FLAVA,mscoco,Txt-Img,Pos,0.40270954
FLAVA,mscoco,Txt-Img,Pos,0.38323855
FLAVA,mscoco,Txt-Img,Pos,0.3836261
FLAVA,mscoco,Txt-Img,Pos,0.2764086
FLAVA,mscoco,Txt-Img,Pos,0.36621433
FLAVA,mscoco,Txt-Img,Pos,0.34974414
FLAVA,mscoco,Txt-Img,Pos,0.3003366
FLAVA,mscoco,Txt-Img,Pos,0.29884207
FLAVA,mscoco,Txt-Img,Pos,0.2854624
FLAVA,mscoco,Txt-Img,Pos,0.31226075
FLAVA,mscoco,Txt-Img,Pos,0.37021777
FLAVA,mscoco,Txt-Img,Pos,0.32822686
FLAVA,mscoco,Txt-Img,Pos,0.27668566
FLAVA,mscoco,Txt-Img,Pos,0.353227
FLAVA,mscoco,Txt-Img,Pos,0.30448416
FLAVA,mscoco,Txt-Img,Pos,0.3354755
FLAVA,mscoco,Txt-Img,Pos,0.33673826
FLAVA,mscoco,Txt-Img,Pos,0.23622546
FLAVA,mscoco,Txt-Img,Pos,0.31125063
FLAVA,mscoco,Txt-Img,Pos,0.28212237
FLAVA,mscoco,Txt-Img,Pos,0.34248453
FLAVA,mscoco,Txt-Img,Pos,0.2534449
FLAVA,mscoco,Txt-Img,Pos,0.37986955
FLAVA,mscoco,Txt-Img,Pos,0.35491753
FLAVA,mscoco,Txt-Img,Pos,0.41208375
FLAVA,mscoco,Txt-Img,Pos,0.26690108
FLAVA,mscoco,Txt-Img,Pos,0.27925622
FLAVA,mscoco,Txt-Img,Pos,0.31605047
FLAVA,mscoco,Txt-Img,Pos,0.35709518
FLAVA,mscoco,Txt-Img,Pos,0.30999553
FLAVA,mscoco,Txt-Img,Pos,0.1741806
FLAVA,mscoco,Txt-Img,Pos,0.39733315
FLAVA,mscoco,Txt-Img,Pos,0.28142464
FLAVA,mscoco,Txt-Img,Pos,0.33208457
FLAVA,mscoco,Txt-Img,Pos,0.371831
FLAVA,mscoco,Txt-Img,Pos,0.23044562
FLAVA,mscoco,Txt-Img,Pos,0.3182674
FLAVA,mscoco,Txt-Img,Pos,0.32677245
FLAVA,mscoco,Txt-Img,Pos,0.33299512
FLAVA,mscoco,Txt-Img,Pos,0.37899756
FLAVA,mscoco,Txt-Img,Pos,0.26195127
FLAVA,mscoco,Txt-Img,Pos,0.34513432
FLAVA,mscoco,Txt-Img,Pos,0.28996345
FLAVA,mscoco,Txt-Img,Pos,0.30152172
FLAVA,mscoco,Txt-Img,Pos,0.36487168
FLAVA,mscoco,Txt-Img,Pos,0.26748934
FLAVA,mscoco,Txt-Img,Pos,0.32658708
FLAVA,mscoco,Txt-Img,Pos,0.32574248
FLAVA,mscoco,Txt-Img,Pos,0.27191532
FLAVA,mscoco,Txt-Img,Pos,0.2989203
FLAVA,mscoco,Txt-Img,Pos,0.30654302
FLAVA,mscoco,Txt-Img,Pos,0.30974656
FLAVA,mscoco,Txt-Img,Pos,0.2660361
FLAVA,mscoco,Txt-Img,Pos,0.27251616
FLAVA,mscoco,Txt-Img,Pos,0.3181971
FLAVA,mscoco,Txt-Img,Pos,0.28857553
FLAVA,mscoco,Txt-Img,Pos,0.34122723
FLAVA,mscoco,Txt-Img,Pos,0.34887442
FLAVA,mscoco,Txt-Img,Pos,0.34182966
FLAVA,mscoco,Txt-Img,Pos,0.33313268
FLAVA,mscoco,Txt-Img,Pos,0.318355
FLAVA,mscoco,Txt-Img,Pos,0.2054325
FLAVA,mscoco,Txt-Img,Pos,0.36477178
FLAVA,mscoco,Txt-Img,Pos,0.27121165
FLAVA,mscoco,Txt-Img,Pos,0.37535006
FLAVA,mscoco,Txt-Img,Pos,0.3291735
FLAVA,mscoco,Txt-Img,Pos,0.32137287
FLAVA,mscoco,Txt-Img,Pos,0.3311801
FLAVA,mscoco,Txt-Img,Pos,0.3710987
FLAVA,mscoco,Txt-Img,Pos,0.33653212
FLAVA,mscoco,Txt-Img,Pos,0.32843643
FLAVA,mscoco,Txt-Img,Pos,0.4148418
FLAVA,mscoco,Txt-Img,Pos,0.33061266
FLAVA,mscoco,Txt-Img,Pos,0.32467926
FLAVA,mscoco,Txt-Img,Pos,0.40275538
FLAVA,mscoco,Txt-Img,Pos,0.32086587
FLAVA,mscoco,Txt-Img,Pos,0.29140264
FLAVA,mscoco,Txt-Img,Pos,0.27295792
FLAVA,mscoco,Txt-Img,Pos,0.34739846
FLAVA,mscoco,Txt-Img,Pos,0.2846164
FLAVA,mscoco,Txt-Img,Pos,0.34469965
FLAVA,mscoco,Txt-Img,Pos,0.36916766
FLAVA,mscoco,Txt-Img,Pos,0.32641238
FLAVA,mscoco,Txt-Img,Pos,0.3150401
FLAVA,mscoco,Txt-Img,Pos,0.34566224
FLAVA,mscoco,Txt-Img,Pos,0.29621097
FLAVA,mscoco,Txt-Img,Pos,0.34330398
FLAVA,mscoco,Txt-Img,Pos,0.3763073
FLAVA,mscoco,Txt-Img,Pos,0.3753041
FLAVA,mscoco,Txt-Img,Pos,0.28530446
FLAVA,mscoco,Txt-Img,Pos,0.34039426
FLAVA,mscoco,Txt-Img,Pos,0.25963843
FLAVA,mscoco,Txt-Img,Pos,0.27360043
FLAVA,mscoco,Txt-Img,Pos,0.3795752
FLAVA,mscoco,Txt-Img,Pos,0.3605206
FLAVA,mscoco,Txt-Img,Pos,0.37725538
FLAVA,mscoco,Txt-Img,Pos,0.28432053
FLAVA,mscoco,Txt-Img,Pos,0.20359664
FLAVA,mscoco,Txt-Img,Pos,0.37003195
FLAVA,mscoco,Txt-Img,Pos,0.28960958
FLAVA,mscoco,Txt-Img,Pos,0.3033752
FLAVA,mscoco,Txt-Img,Pos,0.32770652
FLAVA,mscoco,Txt-Img,Pos,0.28782904
FLAVA,mscoco,Txt-Img,Pos,0.29866138
FLAVA,mscoco,Txt-Img,Pos,0.36315334
FLAVA,mscoco,Txt-Img,Pos,0.40336883
FLAVA,mscoco,Txt-Img,Pos,0.26328176
FLAVA,mscoco,Txt-Img,Pos,0.34149078
FLAVA,mscoco,Txt-Img,Pos,0.30951405
FLAVA,mscoco,Txt-Img,Pos,0.3274951
FLAVA,mscoco,Txt-Img,Pos,0.33651465
FLAVA,mscoco,Txt-Img,Pos,0.2756741
FLAVA,mscoco,Txt-Img,Pos,0.3107128
FLAVA,mscoco,Txt-Img,Pos,0.3249036
FLAVA,mscoco,Txt-Img,Pos,0.3272053
FLAVA,mscoco,Txt-Img,Pos,0.31995672
FLAVA,mscoco,Txt-Img,Pos,0.32129818
FLAVA,mscoco,Txt-Img,Pos,0.3016938
FLAVA,mscoco,Txt-Img,Pos,0.33028227
FLAVA,mscoco,Txt-Img,Pos,0.295296
FLAVA,mscoco,Txt-Img,Pos,0.31213835
FLAVA,mscoco,Txt-Img,Pos,0.32909644
FLAVA,mscoco,Txt-Img,Pos,0.32699597
FLAVA,mscoco,Txt-Img,Pos,0.30993193
FLAVA,mscoco,Txt-Img,Pos,0.33900273
FLAVA,mscoco,Txt-Img,Pos,0.26113462
FLAVA,mscoco,Txt-Img,Pos,0.35314217
FLAVA,mscoco,Txt-Img,Pos,0.3768493
FLAVA,mscoco,Txt-Img,Pos,0.17601123
FLAVA,mscoco,Txt-Img,Pos,0.36123553
FLAVA,mscoco,Txt-Img,Pos,0.27720508
FLAVA,mscoco,Txt-Img,Pos,0.30281547
FLAVA,mscoco,Txt-Img,Pos,0.2873
FLAVA,mscoco,Txt-Img,Pos,0.3373729
FLAVA,mscoco,Txt-Img,Pos,0.29934555
FLAVA,mscoco,Txt-Img,Pos,0.3289185
FLAVA,mscoco,Txt-Img,Pos,0.23572913
FLAVA,mscoco,Txt-Img,Pos,0.31964517
FLAVA,mscoco,Txt-Img,Pos,0.22420505
FLAVA,mscoco,Txt-Img,Pos,0.30234396
FLAVA,mscoco,Txt-Img,Pos,0.33760667
FLAVA,mscoco,Txt-Img,Pos,0.35791552
FLAVA,mscoco,Txt-Img,Pos,0.29931948
FLAVA,mscoco,Txt-Img,Pos,0.30458426
FLAVA,mscoco,Txt-Img,Pos,0.29292786
FLAVA,mscoco,Txt-Img,Pos,0.313164
FLAVA,mscoco,Txt-Img,Pos,0.2979269
FLAVA,mscoco,Txt-Img,Pos,0.32696366
FLAVA,mscoco,Txt-Img,Pos,0.36087358
FLAVA,mscoco,Txt-Img,Pos,0.27722698
FLAVA,mscoco,Txt-Img,Pos,0.31592864
FLAVA,mscoco,Txt-Img,Pos,0.34597057
FLAVA,mscoco,Txt-Img,Pos,0.3139549
FLAVA,mscoco,Txt-Img,Pos,0.31891447
FLAVA,mscoco,Txt-Img,Pos,0.29126874
FLAVA,mscoco,Txt-Img,Pos,0.33776212
FLAVA,mscoco,Txt-Img,Pos,0.33833274
FLAVA,mscoco,Txt-Img,Pos,0.29951137
FLAVA,mscoco,Txt-Img,Pos,0.31928378
FLAVA,mscoco,Txt-Img,Pos,0.30115893
FLAVA,mscoco,Txt-Img,Pos,0.2738517
FLAVA,mscoco,Txt-Img,Pos,0.30164832
FLAVA,mscoco,Txt-Img,Pos,0.23189108
FLAVA,mscoco,Txt-Img,Pos,0.37236252
FLAVA,mscoco,Txt-Img,Pos,0.30455217
FLAVA,mscoco,Txt-Img,Pos,0.3948998
FLAVA,mscoco,Txt-Img,Pos,0.18343353
FLAVA,mscoco,Txt-Img,Pos,0.3157487
FLAVA,mscoco,Txt-Img,Pos,0.33992308
FLAVA,mscoco,Txt-Img,Pos,0.34984982
FLAVA,mscoco,Txt-Img,Pos,0.3733459
FLAVA,mscoco,Txt-Img,Pos,0.3526313
FLAVA,mscoco,Txt-Img,Pos,0.3446592
FLAVA,mscoco,Txt-Img,Pos,0.2582207
FLAVA,mscoco,Txt-Img,Pos,0.33577463
FLAVA,mscoco,Txt-Img,Pos,0.3492607
FLAVA,mscoco,Txt-Img,Pos,0.3140974
FLAVA,mscoco,Txt-Img,Pos,0.41303307
FLAVA,mscoco,Txt-Img,Pos,0.28204307
FLAVA,mscoco,Txt-Img,Pos,0.3317198
FLAVA,mscoco,Txt-Img,Pos,0.41458398
FLAVA,mscoco,Txt-Img,Pos,0.34301358
FLAVA,mscoco,Txt-Img,Pos,0.26518688
FLAVA,mscoco,Txt-Img,Pos,0.29633033
FLAVA,mscoco,Txt-Img,Pos,0.3316871
FLAVA,mscoco,Txt-Img,Pos,0.4071375
FLAVA,mscoco,Txt-Img,Pos,0.3724097
FLAVA,mscoco,Txt-Img,Pos,0.37218463
FLAVA,mscoco,Txt-Img,Pos,0.40287718
FLAVA,mscoco,Txt-Img,Pos,0.35660255
FLAVA,mscoco,Txt-Img,Pos,0.32064503
FLAVA,mscoco,Txt-Img,Pos,0.3331141
FLAVA,mscoco,Txt-Img,Pos,0.2965892
FLAVA,mscoco,Txt-Img,Pos,0.34324917
FLAVA,mscoco,Txt-Img,Pos,0.3220713
FLAVA,mscoco,Txt-Img,Pos,0.3637302
FLAVA,mscoco,Txt-Img,Pos,0.2838273
FLAVA,mscoco,Txt-Img,Pos,0.31955665
FLAVA,mscoco,Txt-Img,Pos,0.38710105
FLAVA,mscoco,Txt-Img,Pos,0.40358144
FLAVA,mscoco,Txt-Img,Pos,0.28998855
FLAVA,mscoco,Txt-Img,Pos,0.33874398
FLAVA,mscoco,Txt-Img,Pos,0.41376823
FLAVA,mscoco,Txt-Img,Pos,0.22007999
FLAVA,mscoco,Txt-Img,Pos,0.22863548
FLAVA,mscoco,Txt-Img,Pos,0.32256293
FLAVA,mscoco,Txt-Img,Pos,0.3752816
FLAVA,mscoco,Txt-Img,Pos,0.31512547
FLAVA,mscoco,Txt-Img,Pos,0.27508074
FLAVA,mscoco,Txt-Img,Pos,0.35106495
FLAVA,mscoco,Txt-Img,Pos,0.34049243
FLAVA,mscoco,Txt-Img,Pos,0.27663678
FLAVA,mscoco,Txt-Img,Pos,0.31782603
FLAVA,mscoco,Txt-Img,Pos,0.31093422
FLAVA,mscoco,Txt-Img,Pos,0.27420658
FLAVA,mscoco,Txt-Img,Pos,0.18554422
FLAVA,mscoco,Txt-Img,Pos,0.3231858
FLAVA,mscoco,Txt-Img,Pos,0.4263148
FLAVA,mscoco,Txt-Img,Pos,0.31066465
FLAVA,mscoco,Txt-Img,Pos,0.2932297
FLAVA,mscoco,Txt-Img,Pos,0.32634997
FLAVA,mscoco,Txt-Img,Pos,0.34258443
FLAVA,mscoco,Txt-Img,Pos,0.35344726
FLAVA,mscoco,Txt-Img,Pos,0.32402396
FLAVA,mscoco,Txt-Img,Pos,0.4271277
FLAVA,mscoco,Txt-Img,Pos,0.28686965
FLAVA,mscoco,Txt-Img,Pos,0.25075614
FLAVA,mscoco,Txt-Img,Pos,0.3354469
FLAVA,mscoco,Txt-Img,Pos,0.25441414
FLAVA,mscoco,Txt-Img,Pos,0.3116786
FLAVA,mscoco,Txt-Img,Pos,0.33344215
FLAVA,mscoco,Txt-Img,Pos,0.38465738
FLAVA,mscoco,Txt-Img,Pos,0.31793946
FLAVA,mscoco,Txt-Img,Pos,0.2934825
FLAVA,mscoco,Txt-Img,Pos,0.32983267
FLAVA,mscoco,Txt-Img,Pos,0.26842007
FLAVA,mscoco,Txt-Img,Pos,0.36619133
FLAVA,mscoco,Txt-Img,Pos,0.3000717
FLAVA,mscoco,Txt-Img,Pos,0.26881462
FLAVA,mscoco,Txt-Img,Pos,0.32279074
FLAVA,mscoco,Txt-Img,Pos,0.28477535
FLAVA,mscoco,Txt-Img,Pos,0.32843104
FLAVA,mscoco,Txt-Img,Pos,0.34936392
FLAVA,mscoco,Txt-Img,Pos,0.31631988
FLAVA,mscoco,Txt-Img,Pos,0.32584617
FLAVA,mscoco,Txt-Img,Pos,0.25246656
FLAVA,mscoco,Txt-Img,Pos,0.32099444
FLAVA,mscoco,Txt-Img,Pos,0.28825542
FLAVA,mscoco,Txt-Img,Pos,0.33000094
FLAVA,mscoco,Txt-Img,Pos,0.3055367
FLAVA,mscoco,Txt-Img,Pos,0.3114924
FLAVA,mscoco,Txt-Img,Pos,0.3022879
FLAVA,mscoco,Txt-Img,Pos,0.41206855
FLAVA,mscoco,Txt-Img,Pos,0.36026633
FLAVA,mscoco,Txt-Img,Pos,0.18673627
FLAVA,mscoco,Txt-Img,Pos,0.31220788
FLAVA,mscoco,Txt-Img,Pos,0.29767433
FLAVA,mscoco,Txt-Img,Pos,0.3910074
FLAVA,mscoco,Txt-Img,Pos,0.2874315
FLAVA,mscoco,Txt-Img,Pos,0.27014714
FLAVA,mscoco,Txt-Img,Pos,0.32195753
FLAVA,mscoco,Txt-Img,Pos,0.40403384
FLAVA,mscoco,Txt-Img,Pos,0.35564893
FLAVA,mscoco,Txt-Img,Pos,0.2946705
FLAVA,mscoco,Txt-Img,Pos,0.35123944
FLAVA,mscoco,Txt-Img,Pos,0.3062108
FLAVA,mscoco,Txt-Img,Pos,0.2610113
FLAVA,mscoco,Txt-Img,Pos,0.24145955
FLAVA,mscoco,Txt-Img,Pos,0.28279877
FLAVA,mscoco,Txt-Img,Pos,0.30569333
FLAVA,mscoco,Txt-Img,Pos,0.30664673
FLAVA,mscoco,Txt-Img,Pos,0.28723478
FLAVA,mscoco,Txt-Img,Pos,0.33717805
FLAVA,mscoco,Txt-Img,Pos,0.30400184
FLAVA,mscoco,Txt-Img,Pos,0.350985
FLAVA,mscoco,Txt-Img,Pos,0.41142982
FLAVA,mscoco,Txt-Img,Pos,0.28938973
FLAVA,mscoco,Txt-Img,Pos,0.33600742
FLAVA,mscoco,Txt-Img,Pos,0.19958636
FLAVA,mscoco,Txt-Img,Pos,0.3637118
FLAVA,mscoco,Txt-Img,Pos,0.30842733
FLAVA,mscoco,Txt-Img,Pos,0.32138854
FLAVA,mscoco,Txt-Img,Pos,0.36361635
FLAVA,mscoco,Txt-Img,Pos,0.3245873
FLAVA,mscoco,Txt-Img,Pos,0.3508814
FLAVA,mscoco,Txt-Img,Pos,0.33095488
FLAVA,mscoco,Txt-Img,Pos,0.39291698
FLAVA,mscoco,Txt-Img,Pos,0.29612458
FLAVA,mscoco,Txt-Img,Pos,0.35011312
FLAVA,mscoco,Txt-Img,Pos,0.33475584
FLAVA,mscoco,Txt-Img,Pos,0.18932885
FLAVA,mscoco,Txt-Img,Pos,0.31635612
FLAVA,mscoco,Txt-Img,Pos,0.28694814
FLAVA,mscoco,Txt-Img,Pos,0.34625497
FLAVA,mscoco,Txt-Img,Pos,0.3239922
FLAVA,mscoco,Txt-Img,Pos,0.50375783
FLAVA,mscoco,Txt-Img,Pos,0.3632866
FLAVA,mscoco,Txt-Img,Pos,0.3453515
FLAVA,mscoco,Txt-Img,Pos,0.2817524
FLAVA,mscoco,Txt-Img,Pos,0.32149863
FLAVA,mscoco,Txt-Img,Pos,0.3337528
FLAVA,mscoco,Txt-Img,Pos,0.31235525
FLAVA,mscoco,Txt-Img,Pos,0.3214007
FLAVA,mscoco,Txt-Img,Pos,0.32637805
FLAVA,mscoco,Txt-Img,Pos,0.35311493
FLAVA,mscoco,Txt-Img,Pos,0.33065444
FLAVA,mscoco,Txt-Img,Pos,0.29936212
FLAVA,mscoco,Txt-Img,Pos,0.28495783
FLAVA,mscoco,Txt-Img,Pos,0.338799
FLAVA,mscoco,Txt-Img,Pos,0.3579079
FLAVA,mscoco,Txt-Img,Pos,0.35140717
FLAVA,mscoco,Txt-Img,Pos,0.3590507
FLAVA,mscoco,Txt-Img,Pos,0.28409427
FLAVA,mscoco,Txt-Img,Pos,0.29021376
FLAVA,mscoco,Txt-Img,Pos,0.20185855
FLAVA,mscoco,Txt-Img,Pos,0.27143294
FLAVA,mscoco,Txt-Img,Pos,0.41412497
FLAVA,mscoco,Txt-Img,Pos,0.35316336
FLAVA,mscoco,Txt-Img,Pos,0.28948593
FLAVA,mscoco,Txt-Img,Pos,0.32919228
FLAVA,mscoco,Txt-Img,Pos,0.4460799
FLAVA,mscoco,Txt-Img,Pos,0.28737137
FLAVA,mscoco,Txt-Img,Pos,0.36960635
FLAVA,mscoco,Txt-Img,Pos,0.33319497
FLAVA,mscoco,Txt-Img,Pos,0.33545882
FLAVA,mscoco,Txt-Img,Pos,0.31224778
FLAVA,mscoco,Txt-Img,Pos,0.31965137
FLAVA,mscoco,Txt-Img,Pos,0.31892145
FLAVA,mscoco,Txt-Img,Pos,0.30353764
FLAVA,mscoco,Txt-Img,Pos,0.258725
FLAVA,mscoco,Txt-Img,Pos,0.33467495
FLAVA,mscoco,Txt-Img,Pos,0.3388677
FLAVA,mscoco,Txt-Img,Pos,0.295739
FLAVA,mscoco,Txt-Img,Pos,0.36511782
FLAVA,mscoco,Txt-Img,Pos,0.26109865
FLAVA,mscoco,Txt-Img,Pos,0.32786524
FLAVA,mscoco,Txt-Img,Pos,0.3783977
FLAVA,mscoco,Txt-Img,Pos,0.3280353
FLAVA,mscoco,Txt-Img,Pos,0.3588559
FLAVA,mscoco,Txt-Img,Pos,0.3038442
FLAVA,mscoco,Txt-Img,Pos,0.31058115
FLAVA,mscoco,Txt-Img,Pos,0.32327282
FLAVA,mscoco,Txt-Img,Pos,0.39559445
FLAVA,mscoco,Txt-Img,Pos,0.30597746
FLAVA,mscoco,Txt-Img,Pos,0.3654722
FLAVA,mscoco,Txt-Img,Pos,0.32822734
FLAVA,mscoco,Txt-Img,Pos,0.32558933
FLAVA,mscoco,Txt-Img,Pos,0.2639882
FLAVA,mscoco,Txt-Img,Pos,0.3712794
FLAVA,mscoco,Txt-Img,Pos,0.3162668
FLAVA,mscoco,Txt-Img,Pos,0.3074003
FLAVA,mscoco,Txt-Img,Pos,0.27010697
FLAVA,mscoco,Txt-Img,Pos,0.35286584
FLAVA,mscoco,Txt-Img,Pos,0.3155587
FLAVA,mscoco,Txt-Img,Pos,0.32033223
FLAVA,mscoco,Txt-Img,Pos,0.29455408
FLAVA,mscoco,Txt-Img,Pos,0.42437226
FLAVA,mscoco,Txt-Img,Pos,0.31493825
FLAVA,mscoco,Txt-Img,Pos,0.4064189
FLAVA,mscoco,Txt-Img,Pos,0.33789444
FLAVA,mscoco,Txt-Img,Pos,0.3176171
FLAVA,mscoco,Txt-Img,Pos,0.2916644
FLAVA,mscoco,Txt-Img,Pos,0.3828405
FLAVA,mscoco,Txt-Img,Pos,0.37382954
FLAVA,mscoco,Txt-Img,Pos,0.3210233
FLAVA,mscoco,Txt-Img,Pos,0.31422615
FLAVA,mscoco,Txt-Img,Pos,0.43187875
FLAVA,mscoco,Txt-Img,Pos,0.34963286
FLAVA,mscoco,Txt-Img,Pos,0.35442942
FLAVA,mscoco,Txt-Img,Pos,0.3417439
FLAVA,mscoco,Txt-Img,Pos,0.30743033
FLAVA,mscoco,Txt-Img,Pos,0.30831295
FLAVA,mscoco,Txt-Img,Pos,0.36308986
FLAVA,mscoco,Txt-Img,Pos,0.32991445
FLAVA,mscoco,Txt-Txt,Neg,0.59437835
FLAVA,mscoco,Txt-Txt,Neg,0.5820101
FLAVA,mscoco,Txt-Txt,Neg,0.5333025
FLAVA,mscoco,Txt-Txt,Neg,0.49660432
FLAVA,mscoco,Txt-Txt,Neg,0.4208554
FLAVA,mscoco,Txt-Txt,Neg,0.58272797
FLAVA,mscoco,Txt-Txt,Neg,0.56746334
FLAVA,mscoco,Txt-Txt,Neg,0.43751296
FLAVA,mscoco,Txt-Txt,Neg,0.5404445
FLAVA,mscoco,Txt-Txt,Neg,0.62604564
FLAVA,mscoco,Txt-Txt,Neg,0.50058377
FLAVA,mscoco,Txt-Txt,Neg,0.5696915
FLAVA,mscoco,Txt-Txt,Neg,0.56959826
FLAVA,mscoco,Txt-Txt,Neg,0.5324675
FLAVA,mscoco,Txt-Txt,Neg,0.34881857
FLAVA,mscoco,Txt-Txt,Neg,0.5515634
FLAVA,mscoco,Txt-Txt,Neg,0.42912412
FLAVA,mscoco,Txt-Txt,Neg,0.5087856
FLAVA,mscoco,Txt-Txt,Neg,0.62219197
FLAVA,mscoco,Txt-Txt,Neg,0.6364066
FLAVA,mscoco,Txt-Txt,Neg,0.472963
FLAVA,mscoco,Txt-Txt,Neg,0.58625686
FLAVA,mscoco,Txt-Txt,Neg,0.58417815
FLAVA,mscoco,Txt-Txt,Neg,0.547158
FLAVA,mscoco,Txt-Txt,Neg,0.38109347
FLAVA,mscoco,Txt-Txt,Neg,0.5145467
FLAVA,mscoco,Txt-Txt,Neg,0.502049
FLAVA,mscoco,Txt-Txt,Neg,0.65236413
FLAVA,mscoco,Txt-Txt,Neg,0.5822307
FLAVA,mscoco,Txt-Txt,Neg,0.5768547
FLAVA,mscoco,Txt-Txt,Neg,0.37279004
FLAVA,mscoco,Txt-Txt,Neg,0.40011677
FLAVA,mscoco,Txt-Txt,Neg,0.64589906
FLAVA,mscoco,Txt-Txt,Neg,0.6278371
FLAVA,mscoco,Txt-Txt,Neg,0.6483366
FLAVA,mscoco,Txt-Txt,Neg,0.5204209
FLAVA,mscoco,Txt-Txt,Neg,0.5485276
FLAVA,mscoco,Txt-Txt,Neg,0.4603091
FLAVA,mscoco,Txt-Txt,Neg,0.7237168
FLAVA,mscoco,Txt-Txt,Neg,0.5588303
FLAVA,mscoco,Txt-Txt,Neg,0.4986052
FLAVA,mscoco,Txt-Txt,Neg,0.5777685
FLAVA,mscoco,Txt-Txt,Neg,0.49897152
FLAVA,mscoco,Txt-Txt,Neg,0.63853395
FLAVA,mscoco,Txt-Txt,Neg,0.29878345
FLAVA,mscoco,Txt-Txt,Neg,0.50617373
FLAVA,mscoco,Txt-Txt,Neg,0.3495256
FLAVA,mscoco,Txt-Txt,Neg,0.48640978
FLAVA,mscoco,Txt-Txt,Neg,0.69391155
FLAVA,mscoco,Txt-Txt,Neg,0.51372194
FLAVA,mscoco,Txt-Txt,Neg,0.39231873
FLAVA,mscoco,Txt-Txt,Neg,0.35783672
FLAVA,mscoco,Txt-Txt,Neg,0.6563635
FLAVA,mscoco,Txt-Txt,Neg,0.5037898
FLAVA,mscoco,Txt-Txt,Neg,0.4952235
FLAVA,mscoco,Txt-Txt,Neg,0.37607262
FLAVA,mscoco,Txt-Txt,Neg,0.6287291
FLAVA,mscoco,Txt-Txt,Neg,0.4458855
FLAVA,mscoco,Txt-Txt,Neg,0.5195598
FLAVA,mscoco,Txt-Txt,Neg,0.59784687
FLAVA,mscoco,Txt-Txt,Neg,0.7140645
FLAVA,mscoco,Txt-Txt,Neg,0.54102075
FLAVA,mscoco,Txt-Txt,Neg,0.5688383
FLAVA,mscoco,Txt-Txt,Neg,0.7063104
FLAVA,mscoco,Txt-Txt,Neg,0.5845901
FLAVA,mscoco,Txt-Txt,Neg,0.44472504
FLAVA,mscoco,Txt-Txt,Neg,0.82308036
FLAVA,mscoco,Txt-Txt,Neg,0.6892498
FLAVA,mscoco,Txt-Txt,Neg,0.57066315
FLAVA,mscoco,Txt-Txt,Neg,0.58457124
FLAVA,mscoco,Txt-Txt,Neg,0.6394782
FLAVA,mscoco,Txt-Txt,Neg,0.7251657
FLAVA,mscoco,Txt-Txt,Neg,0.44616804
FLAVA,mscoco,Txt-Txt,Neg,0.44066194
FLAVA,mscoco,Txt-Txt,Neg,0.43606058
FLAVA,mscoco,Txt-Txt,Neg,0.5523876
FLAVA,mscoco,Txt-Txt,Neg,0.47689655
FLAVA,mscoco,Txt-Txt,Neg,0.562541
FLAVA,mscoco,Txt-Txt,Neg,0.6610527
FLAVA,mscoco,Txt-Txt,Neg,0.5545824
FLAVA,mscoco,Txt-Txt,Neg,0.39953116
FLAVA,mscoco,Txt-Txt,Neg,0.5569179
FLAVA,mscoco,Txt-Txt,Neg,0.43820724
FLAVA,mscoco,Txt-Txt,Neg,0.50488496
FLAVA,mscoco,Txt-Txt,Neg,0.29821974
FLAVA,mscoco,Txt-Txt,Neg,0.5067779
FLAVA,mscoco,Txt-Txt,Neg,0.47637913
FLAVA,mscoco,Txt-Txt,Neg,0.6818736
FLAVA,mscoco,Txt-Txt,Neg,0.4384923
FLAVA,mscoco,Txt-Txt,Neg,0.5114539
FLAVA,mscoco,Txt-Txt,Neg,0.5035053
FLAVA,mscoco,Txt-Txt,Neg,0.56928974
FLAVA,mscoco,Txt-Txt,Neg,0.47938645
FLAVA,mscoco,Txt-Txt,Neg,0.5524906
FLAVA,mscoco,Txt-Txt,Neg,0.55385417
FLAVA,mscoco,Txt-Txt,Neg,0.56114477
FLAVA,mscoco,Txt-Txt,Neg,0.5863551
FLAVA,mscoco,Txt-Txt,Neg,0.36942217
FLAVA,mscoco,Txt-Txt,Neg,0.50034875
FLAVA,mscoco,Txt-Txt,Neg,0.5956142
FLAVA,mscoco,Txt-Txt,Neg,0.35560176
FLAVA,mscoco,Txt-Txt,Neg,0.23852775
FLAVA,mscoco,Txt-Txt,Neg,0.55867
FLAVA,mscoco,Txt-Txt,Neg,0.5587307
FLAVA,mscoco,Txt-Txt,Neg,0.61459637
FLAVA,mscoco,Txt-Txt,Neg,0.3851824
FLAVA,mscoco,Txt-Txt,Neg,0.51661605
FLAVA,mscoco,Txt-Txt,Neg,0.6148561
FLAVA,mscoco,Txt-Txt,Neg,0.4089932
FLAVA,mscoco,Txt-Txt,Neg,0.69380385
FLAVA,mscoco,Txt-Txt,Neg,0.4426602
FLAVA,mscoco,Txt-Txt,Neg,0.41977587
FLAVA,mscoco,Txt-Txt,Neg,0.3569699
FLAVA,mscoco,Txt-Txt,Neg,0.59887266
FLAVA,mscoco,Txt-Txt,Neg,0.5364603
FLAVA,mscoco,Txt-Txt,Neg,0.64012134
FLAVA,mscoco,Txt-Txt,Neg,0.63073474
FLAVA,mscoco,Txt-Txt,Neg,0.569716
FLAVA,mscoco,Txt-Txt,Neg,0.47212195
FLAVA,mscoco,Txt-Txt,Neg,0.4261772
FLAVA,mscoco,Txt-Txt,Neg,0.4184243
FLAVA,mscoco,Txt-Txt,Neg,0.48420975
FLAVA,mscoco,Txt-Txt,Neg,0.5716109
FLAVA,mscoco,Txt-Txt,Neg,0.57611614
FLAVA,mscoco,Txt-Txt,Neg,0.5322297
FLAVA,mscoco,Txt-Txt,Neg,0.53981
FLAVA,mscoco,Txt-Txt,Neg,0.52453256
FLAVA,mscoco,Txt-Txt,Neg,0.5495606
FLAVA,mscoco,Txt-Txt,Neg,0.65479314
FLAVA,mscoco,Txt-Txt,Neg,0.60532427
FLAVA,mscoco,Txt-Txt,Neg,0.7053784
FLAVA,mscoco,Txt-Txt,Neg,0.54790395
FLAVA,mscoco,Txt-Txt,Neg,0.43085772
FLAVA,mscoco,Txt-Txt,Neg,0.5491872
FLAVA,mscoco,Txt-Txt,Neg,0.47981238
FLAVA,mscoco,Txt-Txt,Neg,0.5226205
FLAVA,mscoco,Txt-Txt,Neg,0.6139388
FLAVA,mscoco,Txt-Txt,Neg,0.4802367
FLAVA,mscoco,Txt-Txt,Neg,0.63863194
FLAVA,mscoco,Txt-Txt,Neg,0.45625228
FLAVA,mscoco,Txt-Txt,Neg,0.36309817
FLAVA,mscoco,Txt-Txt,Neg,0.59604657
FLAVA,mscoco,Txt-Txt,Neg,0.4679958
FLAVA,mscoco,Txt-Txt,Neg,0.39375532
FLAVA,mscoco,Txt-Txt,Neg,0.7041639
FLAVA,mscoco,Txt-Txt,Neg,0.58238244
FLAVA,mscoco,Txt-Txt,Neg,0.61812556
FLAVA,mscoco,Txt-Txt,Neg,0.48295873
FLAVA,mscoco,Txt-Txt,Neg,0.6139094
FLAVA,mscoco,Txt-Txt,Neg,0.4117061
FLAVA,mscoco,Txt-Txt,Neg,0.599306
FLAVA,mscoco,Txt-Txt,Neg,0.5763474
FLAVA,mscoco,Txt-Txt,Neg,0.61474895
FLAVA,mscoco,Txt-Txt,Neg,0.51951957
FLAVA,mscoco,Txt-Txt,Neg,0.68509966
FLAVA,mscoco,Txt-Txt,Neg,0.49623874
FLAVA,mscoco,Txt-Txt,Neg,0.72176707
FLAVA,mscoco,Txt-Txt,Neg,0.6215155
FLAVA,mscoco,Txt-Txt,Neg,0.4716556
FLAVA,mscoco,Txt-Txt,Neg,0.6675768
FLAVA,mscoco,Txt-Txt,Neg,0.57348657
FLAVA,mscoco,Txt-Txt,Neg,0.41250283
FLAVA,mscoco,Txt-Txt,Neg,0.59990865
FLAVA,mscoco,Txt-Txt,Neg,0.4811294
FLAVA,mscoco,Txt-Txt,Neg,0.5952496
FLAVA,mscoco,Txt-Txt,Neg,0.43224055
FLAVA,mscoco,Txt-Txt,Neg,0.7460337
FLAVA,mscoco,Txt-Txt,Neg,0.64163643
FLAVA,mscoco,Txt-Txt,Neg,0.22108883
FLAVA,mscoco,Txt-Txt,Neg,0.45281184
FLAVA,mscoco,Txt-Txt,Neg,0.46231648
FLAVA,mscoco,Txt-Txt,Neg,0.5896195
FLAVA,mscoco,Txt-Txt,Neg,0.67152196
FLAVA,mscoco,Txt-Txt,Neg,0.34176996
FLAVA,mscoco,Txt-Txt,Neg,0.48808032
FLAVA,mscoco,Txt-Txt,Neg,0.6214412
FLAVA,mscoco,Txt-Txt,Neg,0.51299214
FLAVA,mscoco,Txt-Txt,Neg,0.5280545
FLAVA,mscoco,Txt-Txt,Neg,0.5039102
FLAVA,mscoco,Txt-Txt,Neg,0.6316855
FLAVA,mscoco,Txt-Txt,Neg,0.58643067
FLAVA,mscoco,Txt-Txt,Neg,0.5655573
FLAVA,mscoco,Txt-Txt,Neg,0.6275213
FLAVA,mscoco,Txt-Txt,Neg,0.53838444
FLAVA,mscoco,Txt-Txt,Neg,0.50530905
FLAVA,mscoco,Txt-Txt,Neg,0.6868774
FLAVA,mscoco,Txt-Txt,Neg,0.47603053
FLAVA,mscoco,Txt-Txt,Neg,0.5833745
FLAVA,mscoco,Txt-Txt,Neg,0.3783179
FLAVA,mscoco,Txt-Txt,Neg,0.50200987
FLAVA,mscoco,Txt-Txt,Neg,0.60107994
FLAVA,mscoco,Txt-Txt,Neg,0.5997752
FLAVA,mscoco,Txt-Txt,Neg,0.5157949
FLAVA,mscoco,Txt-Txt,Neg,0.5942277
FLAVA,mscoco,Txt-Txt,Neg,0.51074165
FLAVA,mscoco,Txt-Txt,Neg,0.6719004
FLAVA,mscoco,Txt-Txt,Neg,0.58258796
FLAVA,mscoco,Txt-Txt,Neg,0.47949246
FLAVA,mscoco,Txt-Txt,Neg,0.3816297
FLAVA,mscoco,Txt-Txt,Neg,0.63860023
FLAVA,mscoco,Txt-Txt,Neg,0.48889205
FLAVA,mscoco,Txt-Txt,Neg,0.56318206
FLAVA,mscoco,Txt-Txt,Neg,0.49027133
FLAVA,mscoco,Txt-Txt,Neg,0.5877861
FLAVA,mscoco,Txt-Txt,Neg,0.28917354
FLAVA,mscoco,Txt-Txt,Neg,0.66008455
FLAVA,mscoco,Txt-Txt,Neg,0.61818415
FLAVA,mscoco,Txt-Txt,Neg,0.49374062
FLAVA,mscoco,Txt-Txt,Neg,0.379748
FLAVA,mscoco,Txt-Txt,Neg,0.543421
FLAVA,mscoco,Txt-Txt,Neg,0.48929825
FLAVA,mscoco,Txt-Txt,Neg,0.65715814
FLAVA,mscoco,Txt-Txt,Neg,0.5276697
FLAVA,mscoco,Txt-Txt,Neg,0.2952379
FLAVA,mscoco,Txt-Txt,Neg,0.38412723
FLAVA,mscoco,Txt-Txt,Neg,0.64631116
FLAVA,mscoco,Txt-Txt,Neg,0.58399975
FLAVA,mscoco,Txt-Txt,Neg,0.57408535
FLAVA,mscoco,Txt-Txt,Neg,0.6619602
FLAVA,mscoco,Txt-Txt,Neg,0.4053505
FLAVA,mscoco,Txt-Txt,Neg,0.8541614
FLAVA,mscoco,Txt-Txt,Neg,0.6444612
FLAVA,mscoco,Txt-Txt,Neg,0.5005848
FLAVA,mscoco,Txt-Txt,Neg,0.5919971
FLAVA,mscoco,Txt-Txt,Neg,0.22476335
FLAVA,mscoco,Txt-Txt,Neg,0.4823032
FLAVA,mscoco,Txt-Txt,Neg,0.53500116
FLAVA,mscoco,Txt-Txt,Neg,0.4930132
FLAVA,mscoco,Txt-Txt,Neg,0.49899626
FLAVA,mscoco,Txt-Txt,Neg,0.7088804
FLAVA,mscoco,Txt-Txt,Neg,0.5812434
FLAVA,mscoco,Txt-Txt,Neg,0.64212775
FLAVA,mscoco,Txt-Txt,Neg,0.5294856
FLAVA,mscoco,Txt-Txt,Neg,0.6002798
FLAVA,mscoco,Txt-Txt,Neg,0.41833055
FLAVA,mscoco,Txt-Txt,Neg,0.6345792
FLAVA,mscoco,Txt-Txt,Neg,0.5971625
FLAVA,mscoco,Txt-Txt,Neg,0.7040697
FLAVA,mscoco,Txt-Txt,Neg,0.6088603
FLAVA,mscoco,Txt-Txt,Neg,0.779878
FLAVA,mscoco,Txt-Txt,Neg,0.5075214
FLAVA,mscoco,Txt-Txt,Neg,0.39304325
FLAVA,mscoco,Txt-Txt,Neg,0.37652862
FLAVA,mscoco,Txt-Txt,Neg,0.59502894
FLAVA,mscoco,Txt-Txt,Neg,0.35716236
FLAVA,mscoco,Txt-Txt,Neg,0.7861848
FLAVA,mscoco,Txt-Txt,Neg,0.40834627
FLAVA,mscoco,Txt-Txt,Neg,0.5139877
FLAVA,mscoco,Txt-Txt,Neg,0.66027385
FLAVA,mscoco,Txt-Txt,Neg,0.5212927
FLAVA,mscoco,Txt-Txt,Neg,0.42864755
FLAVA,mscoco,Txt-Txt,Neg,0.4317382
FLAVA,mscoco,Txt-Txt,Neg,0.48430505
FLAVA,mscoco,Txt-Txt,Neg,0.35417524
FLAVA,mscoco,Txt-Txt,Neg,0.6441331
FLAVA,mscoco,Txt-Txt,Neg,0.42598176
FLAVA,mscoco,Txt-Txt,Neg,0.44872254
FLAVA,mscoco,Txt-Txt,Neg,0.640868
FLAVA,mscoco,Txt-Txt,Neg,0.4351477
FLAVA,mscoco,Txt-Txt,Neg,0.6561975
FLAVA,mscoco,Txt-Txt,Neg,0.6374048
FLAVA,mscoco,Txt-Txt,Neg,0.6321308
FLAVA,mscoco,Txt-Txt,Neg,0.55054337
FLAVA,mscoco,Txt-Txt,Neg,0.53915113
FLAVA,mscoco,Txt-Txt,Neg,0.43746522
FLAVA,mscoco,Txt-Txt,Neg,0.5971601
FLAVA,mscoco,Txt-Txt,Neg,0.5797628
FLAVA,mscoco,Txt-Txt,Neg,0.64008677
FLAVA,mscoco,Txt-Txt,Neg,0.6519143
FLAVA,mscoco,Txt-Txt,Neg,0.42313665
FLAVA,mscoco,Txt-Txt,Neg,0.49485838
FLAVA,mscoco,Txt-Txt,Neg,0.62964076
FLAVA,mscoco,Txt-Txt,Neg,0.60055536
FLAVA,mscoco,Txt-Txt,Neg,0.31888753
FLAVA,mscoco,Txt-Txt,Neg,0.6263721
FLAVA,mscoco,Txt-Txt,Neg,0.45612454
FLAVA,mscoco,Txt-Txt,Neg,0.6401047
FLAVA,mscoco,Txt-Txt,Neg,0.461574
FLAVA,mscoco,Txt-Txt,Neg,0.74721277
FLAVA,mscoco,Txt-Txt,Neg,0.6215893
FLAVA,mscoco,Txt-Txt,Neg,0.60824645
FLAVA,mscoco,Txt-Txt,Neg,0.72385126
FLAVA,mscoco,Txt-Txt,Neg,0.51784736
FLAVA,mscoco,Txt-Txt,Neg,0.4733743
FLAVA,mscoco,Txt-Txt,Neg,0.3565797
FLAVA,mscoco,Txt-Txt,Neg,0.4996131
FLAVA,mscoco,Txt-Txt,Neg,0.499987
FLAVA,mscoco,Txt-Txt,Neg,0.50161713
FLAVA,mscoco,Txt-Txt,Neg,0.59559333
FLAVA,mscoco,Txt-Txt,Neg,0.43004268
FLAVA,mscoco,Txt-Txt,Neg,0.7104079
FLAVA,mscoco,Txt-Txt,Neg,0.34280682
FLAVA,mscoco,Txt-Txt,Neg,0.5056706
FLAVA,mscoco,Txt-Txt,Neg,0.27167568
FLAVA,mscoco,Txt-Txt,Neg,0.58477885
FLAVA,mscoco,Txt-Txt,Neg,0.64495003
FLAVA,mscoco,Txt-Txt,Neg,0.5707993
FLAVA,mscoco,Txt-Txt,Neg,0.5263514
FLAVA,mscoco,Txt-Txt,Neg,0.4414006
FLAVA,mscoco,Txt-Txt,Neg,0.40963906
FLAVA,mscoco,Txt-Txt,Neg,0.62203556
FLAVA,mscoco,Txt-Txt,Neg,0.56151855
FLAVA,mscoco,Txt-Txt,Neg,0.62259495
FLAVA,mscoco,Txt-Txt,Neg,0.49582627
FLAVA,mscoco,Txt-Txt,Neg,0.72213155
FLAVA,mscoco,Txt-Txt,Neg,0.600258
FLAVA,mscoco,Txt-Txt,Neg,0.5190749
FLAVA,mscoco,Txt-Txt,Neg,0.54145765
FLAVA,mscoco,Txt-Txt,Neg,0.49363944
FLAVA,mscoco,Txt-Txt,Neg,0.57005274
FLAVA,mscoco,Txt-Txt,Neg,0.5344148
FLAVA,mscoco,Txt-Txt,Neg,0.46227643
FLAVA,mscoco,Txt-Txt,Neg,0.51368517
FLAVA,mscoco,Txt-Txt,Neg,0.565302
FLAVA,mscoco,Txt-Txt,Neg,0.68765426
FLAVA,mscoco,Txt-Txt,Neg,0.44373447
FLAVA,mscoco,Txt-Txt,Neg,0.64494854
FLAVA,mscoco,Txt-Txt,Neg,0.4824878
FLAVA,mscoco,Txt-Txt,Neg,0.59154433
FLAVA,mscoco,Txt-Txt,Neg,0.56589293
FLAVA,mscoco,Txt-Txt,Neg,0.48483735
FLAVA,mscoco,Txt-Txt,Neg,0.53759027
FLAVA,mscoco,Txt-Txt,Neg,0.4054747
FLAVA,mscoco,Txt-Txt,Neg,0.44536054
FLAVA,mscoco,Txt-Txt,Neg,0.49701497
FLAVA,mscoco,Txt-Txt,Neg,0.70940584
FLAVA,mscoco,Txt-Txt,Neg,0.5842346
FLAVA,mscoco,Txt-Txt,Neg,0.5944333
FLAVA,mscoco,Txt-Txt,Neg,0.6147232
FLAVA,mscoco,Txt-Txt,Neg,0.61038625
FLAVA,mscoco,Txt-Txt,Neg,0.4339233
FLAVA,mscoco,Txt-Txt,Neg,0.40920752
FLAVA,mscoco,Txt-Txt,Neg,0.6421192
FLAVA,mscoco,Txt-Txt,Neg,0.56492364
FLAVA,mscoco,Txt-Txt,Neg,0.69319963
FLAVA,mscoco,Txt-Txt,Neg,0.5513162
FLAVA,mscoco,Txt-Txt,Neg,0.6797034
FLAVA,mscoco,Txt-Txt,Neg,0.5721659
FLAVA,mscoco,Txt-Txt,Neg,0.48752272
FLAVA,mscoco,Txt-Txt,Neg,0.5756047
FLAVA,mscoco,Txt-Txt,Neg,0.73311955
FLAVA,mscoco,Txt-Txt,Neg,0.56367123
FLAVA,mscoco,Txt-Txt,Neg,0.57926154
FLAVA,mscoco,Txt-Txt,Neg,0.6611125
FLAVA,mscoco,Txt-Txt,Neg,0.6074271
FLAVA,mscoco,Txt-Txt,Neg,0.5584533
FLAVA,mscoco,Txt-Txt,Neg,0.37383592
FLAVA,mscoco,Txt-Txt,Neg,0.4641078
FLAVA,mscoco,Txt-Txt,Neg,0.36508545
FLAVA,mscoco,Txt-Txt,Neg,0.43058562
FLAVA,mscoco,Txt-Txt,Neg,0.54234266
FLAVA,mscoco,Txt-Txt,Neg,0.51883173
FLAVA,mscoco,Txt-Txt,Neg,0.21915703
FLAVA,mscoco,Txt-Txt,Neg,0.5331296
FLAVA,mscoco,Txt-Txt,Neg,0.4387578
FLAVA,mscoco,Txt-Txt,Neg,0.63690895
FLAVA,mscoco,Txt-Txt,Neg,0.5805755
FLAVA,mscoco,Txt-Txt,Neg,0.7217893
FLAVA,mscoco,Txt-Txt,Neg,0.50213265
FLAVA,mscoco,Txt-Txt,Neg,0.5377251
FLAVA,mscoco,Txt-Txt,Neg,0.63413525
FLAVA,mscoco,Txt-Txt,Neg,0.5336943
FLAVA,mscoco,Txt-Txt,Neg,0.5774657
FLAVA,mscoco,Txt-Txt,Neg,0.43869555
FLAVA,mscoco,Txt-Txt,Neg,0.61486673
FLAVA,mscoco,Txt-Txt,Neg,0.5756977
FLAVA,mscoco,Txt-Txt,Neg,0.47214
FLAVA,mscoco,Txt-Txt,Neg,0.533309
FLAVA,mscoco,Txt-Txt,Neg,0.732467
FLAVA,mscoco,Txt-Txt,Neg,0.5841799
FLAVA,mscoco,Txt-Txt,Neg,0.4739592
FLAVA,mscoco,Txt-Txt,Neg,0.47054046
FLAVA,mscoco,Txt-Txt,Neg,0.52157474
FLAVA,mscoco,Txt-Txt,Neg,0.5355153
FLAVA,mscoco,Txt-Txt,Neg,0.3076246
FLAVA,mscoco,Txt-Txt,Neg,0.4145626
FLAVA,mscoco,Txt-Txt,Neg,0.596613
FLAVA,mscoco,Txt-Txt,Neg,0.6294316
FLAVA,mscoco,Txt-Txt,Neg,0.61686486
FLAVA,mscoco,Txt-Txt,Neg,0.6430158
FLAVA,mscoco,Txt-Txt,Neg,0.47990698
FLAVA,mscoco,Txt-Txt,Neg,0.57708514
FLAVA,mscoco,Txt-Txt,Neg,0.6107521
FLAVA,mscoco,Txt-Txt,Neg,0.57638824
FLAVA,mscoco,Txt-Txt,Neg,0.6427698
FLAVA,mscoco,Txt-Txt,Neg,0.48464188
FLAVA,mscoco,Txt-Txt,Neg,0.61291176
FLAVA,mscoco,Txt-Txt,Neg,0.64566934
FLAVA,mscoco,Txt-Txt,Neg,0.5125621
FLAVA,mscoco,Txt-Txt,Neg,0.32385516
FLAVA,mscoco,Txt-Txt,Neg,0.45620018
FLAVA,mscoco,Txt-Txt,Neg,0.6826998
FLAVA,mscoco,Txt-Txt,Neg,0.4950026
FLAVA,mscoco,Txt-Txt,Neg,0.42355716
FLAVA,mscoco,Txt-Txt,Neg,0.41329208
FLAVA,mscoco,Txt-Txt,Neg,0.5530201
FLAVA,mscoco,Txt-Txt,Neg,0.3309013
FLAVA,mscoco,Txt-Txt,Neg,0.54724234
FLAVA,mscoco,Txt-Txt,Neg,0.6010942
FLAVA,mscoco,Txt-Txt,Neg,0.47718996
FLAVA,mscoco,Txt-Txt,Neg,0.50704855
FLAVA,mscoco,Txt-Txt,Neg,0.4692548
FLAVA,mscoco,Txt-Txt,Neg,0.47752944
FLAVA,mscoco,Txt-Txt,Neg,0.38346222
FLAVA,mscoco,Txt-Txt,Neg,0.46976656
FLAVA,mscoco,Txt-Txt,Neg,0.5904582
FLAVA,mscoco,Txt-Txt,Neg,0.47984117
FLAVA,mscoco,Txt-Txt,Neg,0.5595486
FLAVA,mscoco,Txt-Txt,Neg,0.43814406
FLAVA,mscoco,Txt-Txt,Neg,0.413738
FLAVA,mscoco,Txt-Txt,Neg,0.5916709
FLAVA,mscoco,Txt-Txt,Neg,0.6499847
FLAVA,mscoco,Txt-Txt,Neg,0.5400125
FLAVA,mscoco,Txt-Txt,Neg,0.33704895
FLAVA,mscoco,Txt-Txt,Neg,0.5220227
FLAVA,mscoco,Txt-Txt,Neg,0.4554397
FLAVA,mscoco,Txt-Txt,Neg,0.3645244
FLAVA,mscoco,Txt-Txt,Neg,0.46865696
FLAVA,mscoco,Txt-Txt,Neg,0.53330445
FLAVA,mscoco,Txt-Txt,Neg,0.37365156
FLAVA,mscoco,Txt-Txt,Neg,0.48696882
FLAVA,mscoco,Txt-Txt,Neg,0.34412658
FLAVA,mscoco,Txt-Txt,Neg,0.42499626
FLAVA,mscoco,Txt-Txt,Neg,0.2226562
FLAVA,mscoco,Txt-Txt,Neg,0.45410836
FLAVA,mscoco,Txt-Txt,Neg,0.49939364
FLAVA,mscoco,Txt-Txt,Neg,0.5975069
FLAVA,mscoco,Txt-Txt,Neg,0.32649824
FLAVA,mscoco,Txt-Txt,Neg,0.5659593
FLAVA,mscoco,Txt-Txt,Neg,0.34546092
FLAVA,mscoco,Txt-Txt,Neg,0.32397994
FLAVA,mscoco,Txt-Txt,Neg,0.62927777
FLAVA,mscoco,Txt-Txt,Neg,0.4802771
FLAVA,mscoco,Txt-Txt,Neg,0.4151871
FLAVA,mscoco,Txt-Txt,Neg,0.50412035
FLAVA,mscoco,Txt-Txt,Neg,0.34316248
FLAVA,mscoco,Txt-Txt,Neg,0.59437644
FLAVA,mscoco,Txt-Txt,Neg,0.49098873
FLAVA,mscoco,Txt-Txt,Neg,0.58456624
FLAVA,mscoco,Txt-Txt,Neg,0.55226636
FLAVA,mscoco,Txt-Txt,Neg,0.35010397
FLAVA,mscoco,Txt-Txt,Neg,0.252197
FLAVA,mscoco,Txt-Txt,Neg,0.64311135
FLAVA,mscoco,Txt-Txt,Neg,0.58555704
FLAVA,mscoco,Txt-Txt,Neg,0.5668566
FLAVA,mscoco,Txt-Txt,Neg,0.48845556
FLAVA,mscoco,Txt-Txt,Neg,0.5730731
FLAVA,mscoco,Txt-Txt,Neg,0.5108462
FLAVA,mscoco,Txt-Txt,Neg,0.41903135
FLAVA,mscoco,Txt-Txt,Neg,0.5788052
FLAVA,mscoco,Txt-Txt,Neg,0.36600447
FLAVA,mscoco,Txt-Txt,Neg,0.45588505
FLAVA,mscoco,Txt-Txt,Neg,0.5185103
FLAVA,mscoco,Txt-Txt,Neg,0.5486634
FLAVA,mscoco,Txt-Txt,Neg,0.30487257
FLAVA,mscoco,Txt-Txt,Neg,0.46084794
FLAVA,mscoco,Txt-Txt,Neg,0.5422073
FLAVA,mscoco,Txt-Txt,Neg,0.45209414
FLAVA,mscoco,Txt-Txt,Neg,0.55041134
FLAVA,mscoco,Txt-Txt,Neg,0.5375368
FLAVA,mscoco,Txt-Txt,Neg,0.5216745
FLAVA,mscoco,Txt-Txt,Neg,0.16294825
FLAVA,mscoco,Txt-Txt,Neg,0.49358162
FLAVA,mscoco,Txt-Txt,Neg,0.75830626
FLAVA,mscoco,Txt-Txt,Neg,0.49135125
FLAVA,mscoco,Txt-Txt,Neg,0.6416569
FLAVA,mscoco,Txt-Txt,Neg,0.7491499
FLAVA,mscoco,Txt-Txt,Neg,0.5582903
FLAVA,mscoco,Txt-Txt,Neg,0.6062285
FLAVA,mscoco,Txt-Txt,Neg,0.510708
FLAVA,mscoco,Txt-Txt,Neg,0.5464783
FLAVA,mscoco,Txt-Txt,Neg,0.6250734
FLAVA,mscoco,Txt-Txt,Neg,0.6727207
FLAVA,mscoco,Txt-Txt,Neg,0.44439483
FLAVA,mscoco,Txt-Txt,Neg,0.35230064
FLAVA,mscoco,Txt-Txt,Neg,0.44137236
FLAVA,mscoco,Txt-Txt,Neg,0.50347775
FLAVA,mscoco,Txt-Txt,Neg,0.3526194
FLAVA,mscoco,Txt-Txt,Neg,0.53901637
FLAVA,mscoco,Txt-Txt,Neg,0.6036668
FLAVA,mscoco,Txt-Txt,Neg,0.29068416
FLAVA,mscoco,Txt-Txt,Neg,0.46041647
FLAVA,mscoco,Txt-Txt,Neg,0.3606275
FLAVA,mscoco,Txt-Txt,Neg,0.5848366
FLAVA,mscoco,Txt-Txt,Neg,0.584048
FLAVA,mscoco,Txt-Txt,Neg,0.6097219
FLAVA,mscoco,Txt-Txt,Neg,0.6252334
FLAVA,mscoco,Txt-Txt,Neg,0.5876571
FLAVA,mscoco,Txt-Txt,Neg,0.512755
FLAVA,mscoco,Txt-Txt,Neg,0.62639177
FLAVA,mscoco,Txt-Txt,Neg,0.50807667
FLAVA,mscoco,Txt-Txt,Neg,0.7002295
FLAVA,mscoco,Txt-Txt,Neg,0.5691526
FLAVA,mscoco,Txt-Txt,Neg,0.53259337
FLAVA,mscoco,Txt-Txt,Neg,0.55715257
FLAVA,mscoco,Txt-Txt,Neg,0.61370796
FLAVA,mscoco,Txt-Txt,Neg,0.4985062
FLAVA,mscoco,Txt-Txt,Neg,0.5014868
FLAVA,mscoco,Txt-Txt,Neg,0.560124
FLAVA,mscoco,Txt-Txt,Neg,0.67931336
FLAVA,mscoco,Txt-Txt,Neg,0.5767358
FLAVA,mscoco,Txt-Txt,Neg,0.5114058
FLAVA,mscoco,Txt-Txt,Neg,0.55843025
FLAVA,mscoco,Txt-Txt,Neg,0.631024
FLAVA,mscoco,Txt-Txt,Neg,0.53613526
FLAVA,mscoco,Txt-Txt,Neg,0.36194068
FLAVA,mscoco,Txt-Txt,Neg,0.5565962
FLAVA,mscoco,Txt-Txt,Neg,0.5494584
FLAVA,mscoco,Txt-Txt,Neg,0.6784586
FLAVA,mscoco,Txt-Txt,Neg,0.5128074
FLAVA,mscoco,Txt-Txt,Neg,0.57192063
FLAVA,mscoco,Txt-Txt,Neg,0.45480648
FLAVA,mscoco,Txt-Txt,Neg,0.4568966
FLAVA,mscoco,Txt-Txt,Neg,0.57163686
FLAVA,mscoco,Txt-Txt,Neg,0.4877021
FLAVA,mscoco,Txt-Txt,Neg,0.55158705
FLAVA,mscoco,Txt-Txt,Neg,0.7536587
FLAVA,mscoco,Txt-Txt,Neg,0.55256647
FLAVA,mscoco,Txt-Txt,Neg,0.52213526
FLAVA,mscoco,Txt-Txt,Neg,0.46647885
FLAVA,mscoco,Txt-Txt,Neg,0.29372478
FLAVA,mscoco,Img-Img,Neg,0.318021
FLAVA,mscoco,Img-Img,Neg,0.09769438
FLAVA,mscoco,Img-Img,Neg,0.26288995
FLAVA,mscoco,Img-Img,Neg,0.12902665
FLAVA,mscoco,Img-Img,Neg,0.26834422
FLAVA,mscoco,Img-Img,Neg,0.20362379
FLAVA,mscoco,Img-Img,Neg,0.28363767
FLAVA,mscoco,Img-Img,Neg,0.25214222
FLAVA,mscoco,Img-Img,Neg,0.17863755
FLAVA,mscoco,Img-Img,Neg,0.13308673
FLAVA,mscoco,Img-Img,Neg,0.1835978
FLAVA,mscoco,Img-Img,Neg,0.28163785
FLAVA,mscoco,Img-Img,Neg,0.22569618
FLAVA,mscoco,Img-Img,Neg,0.18299171
FLAVA,mscoco,Img-Img,Neg,0.12354207
FLAVA,mscoco,Img-Img,Neg,0.31019795
FLAVA,mscoco,Img-Img,Neg,0.12226653
FLAVA,mscoco,Img-Img,Neg,0.1847952
FLAVA,mscoco,Img-Img,Neg,0.15322228
FLAVA,mscoco,Img-Img,Neg,0.24920735
FLAVA,mscoco,Img-Img,Neg,0.115948915
FLAVA,mscoco,Img-Img,Neg,-0.015762119
FLAVA,mscoco,Img-Img,Neg,0.09278522
FLAVA,mscoco,Img-Img,Neg,0.23561274
FLAVA,mscoco,Img-Img,Neg,0.1882961
FLAVA,mscoco,Img-Img,Neg,0.3481018
FLAVA,mscoco,Img-Img,Neg,0.12395235
FLAVA,mscoco,Img-Img,Neg,0.2301568
FLAVA,mscoco,Img-Img,Neg,0.18968081
FLAVA,mscoco,Img-Img,Neg,0.19376317
FLAVA,mscoco,Img-Img,Neg,0.04428222
FLAVA,mscoco,Img-Img,Neg,0.12428757
FLAVA,mscoco,Img-Img,Neg,0.079540685
FLAVA,mscoco,Img-Img,Neg,0.1896751
FLAVA,mscoco,Img-Img,Neg,0.1454483
FLAVA,mscoco,Img-Img,Neg,0.068199
FLAVA,mscoco,Img-Img,Neg,0.11478233
FLAVA,mscoco,Img-Img,Neg,0.22587755
FLAVA,mscoco,Img-Img,Neg,0.33477414
FLAVA,mscoco,Img-Img,Neg,0.11038554
FLAVA,mscoco,Img-Img,Neg,0.16670752
FLAVA,mscoco,Img-Img,Neg,0.12809157
FLAVA,mscoco,Img-Img,Neg,0.056889668
FLAVA,mscoco,Img-Img,Neg,0.23480248
FLAVA,mscoco,Img-Img,Neg,0.15858698
FLAVA,mscoco,Img-Img,Neg,0.16626719
FLAVA,mscoco,Img-Img,Neg,0.39813477
FLAVA,mscoco,Img-Img,Neg,0.22403094
FLAVA,mscoco,Img-Img,Neg,0.24316496
FLAVA,mscoco,Img-Img,Neg,0.16109583
FLAVA,mscoco,Img-Img,Neg,0.100199744
FLAVA,mscoco,Img-Img,Neg,0.14850742
FLAVA,mscoco,Img-Img,Neg,0.15016638
FLAVA,mscoco,Img-Img,Neg,0.07862323
FLAVA,mscoco,Img-Img,Neg,0.30106997
FLAVA,mscoco,Img-Img,Neg,0.20500612
FLAVA,mscoco,Img-Img,Neg,0.28467923
FLAVA,mscoco,Img-Img,Neg,0.123455256
FLAVA,mscoco,Img-Img,Neg,0.26946723
FLAVA,mscoco,Img-Img,Neg,0.11231511
FLAVA,mscoco,Img-Img,Neg,0.23113286
FLAVA,mscoco,Img-Img,Neg,0.14507301
FLAVA,mscoco,Img-Img,Neg,0.182369
FLAVA,mscoco,Img-Img,Neg,0.3758877
FLAVA,mscoco,Img-Img,Neg,0.12752068
FLAVA,mscoco,Img-Img,Neg,0.12831004
FLAVA,mscoco,Img-Img,Neg,0.18135446
FLAVA,mscoco,Img-Img,Neg,0.39157704
FLAVA,mscoco,Img-Img,Neg,0.42662066
FLAVA,mscoco,Img-Img,Neg,0.20586032
FLAVA,mscoco,Img-Img,Neg,0.27345112
FLAVA,mscoco,Img-Img,Neg,0.26008874
FLAVA,mscoco,Img-Img,Neg,0.18372759
FLAVA,mscoco,Img-Img,Neg,0.29492426
FLAVA,mscoco,Img-Img,Neg,0.085548066
FLAVA,mscoco,Img-Img,Neg,0.23460072
FLAVA,mscoco,Img-Img,Neg,0.23085432
FLAVA,mscoco,Img-Img,Neg,0.4499694
FLAVA,mscoco,Img-Img,Neg,0.30326408
FLAVA,mscoco,Img-Img,Neg,0.16136518
FLAVA,mscoco,Img-Img,Neg,0.14779936
FLAVA,mscoco,Img-Img,Neg,0.48059672
FLAVA,mscoco,Img-Img,Neg,0.21580279
FLAVA,mscoco,Img-Img,Neg,0.086593315
FLAVA,mscoco,Img-Img,Neg,0.063137
FLAVA,mscoco,Img-Img,Neg,0.09685752
FLAVA,mscoco,Img-Img,Neg,0.21388957
FLAVA,mscoco,Img-Img,Neg,0.07903882
FLAVA,mscoco,Img-Img,Neg,0.25773144
FLAVA,mscoco,Img-Img,Neg,0.095316246
FLAVA,mscoco,Img-Img,Neg,0.15675798
FLAVA,mscoco,Img-Img,Neg,0.2544216
FLAVA,mscoco,Img-Img,Neg,0.22096467
FLAVA,mscoco,Img-Img,Neg,0.07790493
FLAVA,mscoco,Img-Img,Neg,0.15071279
FLAVA,mscoco,Img-Img,Neg,0.15037128
FLAVA,mscoco,Img-Img,Neg,0.16359851
FLAVA,mscoco,Img-Img,Neg,0.0745516
FLAVA,mscoco,Img-Img,Neg,0.13248019
FLAVA,mscoco,Img-Img,Neg,0.14805579
FLAVA,mscoco,Img-Img,Neg,0.15703344
FLAVA,mscoco,Img-Img,Neg,0.1599213
FLAVA,mscoco,Img-Img,Neg,0.21814361
FLAVA,mscoco,Img-Img,Neg,0.20616114
FLAVA,mscoco,Img-Img,Neg,0.19934583
FLAVA,mscoco,Img-Img,Neg,0.07811403
FLAVA,mscoco,Img-Img,Neg,0.058227472
FLAVA,mscoco,Img-Img,Neg,0.1935237
FLAVA,mscoco,Img-Img,Neg,0.2008649
FLAVA,mscoco,Img-Img,Neg,0.15277335
FLAVA,mscoco,Img-Img,Neg,0.19999912
FLAVA,mscoco,Img-Img,Neg,0.15108551
FLAVA,mscoco,Img-Img,Neg,0.28644362
FLAVA,mscoco,Img-Img,Neg,0.07050851
FLAVA,mscoco,Img-Img,Neg,0.104302265
FLAVA,mscoco,Img-Img,Neg,0.27165604
FLAVA,mscoco,Img-Img,Neg,0.15160316
FLAVA,mscoco,Img-Img,Neg,0.21107844
FLAVA,mscoco,Img-Img,Neg,0.23287213
FLAVA,mscoco,Img-Img,Neg,0.17012452
FLAVA,mscoco,Img-Img,Neg,0.1470236
FLAVA,mscoco,Img-Img,Neg,0.4060048
FLAVA,mscoco,Img-Img,Neg,0.24790835
FLAVA,mscoco,Img-Img,Neg,0.18138176
FLAVA,mscoco,Img-Img,Neg,0.3604049
FLAVA,mscoco,Img-Img,Neg,0.099913776
FLAVA,mscoco,Img-Img,Neg,0.20341778
FLAVA,mscoco,Img-Img,Neg,0.19672686
FLAVA,mscoco,Img-Img,Neg,0.14832143
FLAVA,mscoco,Img-Img,Neg,-0.0018218001
FLAVA,mscoco,Img-Img,Neg,0.4118186
FLAVA,mscoco,Img-Img,Neg,0.034404866
FLAVA,mscoco,Img-Img,Neg,0.18752816
FLAVA,mscoco,Img-Img,Neg,0.13901666
FLAVA,mscoco,Img-Img,Neg,0.15228066
FLAVA,mscoco,Img-Img,Neg,0.07580713
FLAVA,mscoco,Img-Img,Neg,-0.04506051
FLAVA,mscoco,Img-Img,Neg,0.1786904
FLAVA,mscoco,Img-Img,Neg,0.054718107
FLAVA,mscoco,Img-Img,Neg,0.18500939
FLAVA,mscoco,Img-Img,Neg,0.14750211
FLAVA,mscoco,Img-Img,Neg,0.192352
FLAVA,mscoco,Img-Img,Neg,0.054351334
FLAVA,mscoco,Img-Img,Neg,0.14785394
FLAVA,mscoco,Img-Img,Neg,0.18839234
FLAVA,mscoco,Img-Img,Neg,0.2724592
FLAVA,mscoco,Img-Img,Neg,0.28558242
FLAVA,mscoco,Img-Img,Neg,0.1287317
FLAVA,mscoco,Img-Img,Neg,0.1545176
FLAVA,mscoco,Img-Img,Neg,0.2533119
FLAVA,mscoco,Img-Img,Neg,0.1783921
FLAVA,mscoco,Img-Img,Neg,0.16668569
FLAVA,mscoco,Img-Img,Neg,0.13051516
FLAVA,mscoco,Img-Img,Neg,0.24752077
FLAVA,mscoco,Img-Img,Neg,0.10698196
FLAVA,mscoco,Img-Img,Neg,0.18349957
FLAVA,mscoco,Img-Img,Neg,0.03606133
FLAVA,mscoco,Img-Img,Neg,0.12893245
FLAVA,mscoco,Img-Img,Neg,0.11255492
FLAVA,mscoco,Img-Img,Neg,0.16533862
FLAVA,mscoco,Img-Img,Neg,0.043518424
FLAVA,mscoco,Img-Img,Neg,0.45828038
FLAVA,mscoco,Img-Img,Neg,0.07852672
FLAVA,mscoco,Img-Img,Neg,0.14168322
FLAVA,mscoco,Img-Img,Neg,0.15567373
FLAVA,mscoco,Img-Img,Neg,0.0816383
FLAVA,mscoco,Img-Img,Neg,0.2789163
FLAVA,mscoco,Img-Img,Neg,0.26614156
FLAVA,mscoco,Img-Img,Neg,0.34508836
FLAVA,mscoco,Img-Img,Neg,0.16037484
FLAVA,mscoco,Img-Img,Neg,0.20104843
FLAVA,mscoco,Img-Img,Neg,0.19513914
FLAVA,mscoco,Img-Img,Neg,0.17427438
FLAVA,mscoco,Img-Img,Neg,0.03679234
FLAVA,mscoco,Img-Img,Neg,0.05210696
FLAVA,mscoco,Img-Img,Neg,0.16825998
FLAVA,mscoco,Img-Img,Neg,0.21880825
FLAVA,mscoco,Img-Img,Neg,0.31237596
FLAVA,mscoco,Img-Img,Neg,0.10706557
FLAVA,mscoco,Img-Img,Neg,0.027048562
FLAVA,mscoco,Img-Img,Neg,0.13855647
FLAVA,mscoco,Img-Img,Neg,0.048755966
FLAVA,mscoco,Img-Img,Neg,0.19737858
FLAVA,mscoco,Img-Img,Neg,0.07647331
FLAVA,mscoco,Img-Img,Neg,0.26301208
FLAVA,mscoco,Img-Img,Neg,0.25060225
FLAVA,mscoco,Img-Img,Neg,0.18913388
FLAVA,mscoco,Img-Img,Neg,0.15478103
FLAVA,mscoco,Img-Img,Neg,0.24784419
FLAVA,mscoco,Img-Img,Neg,0.27935678
FLAVA,mscoco,Img-Img,Neg,0.22032322
FLAVA,mscoco,Img-Img,Neg,0.23172921
FLAVA,mscoco,Img-Img,Neg,0.0656684
FLAVA,mscoco,Img-Img,Neg,0.15738381
FLAVA,mscoco,Img-Img,Neg,0.06475491
FLAVA,mscoco,Img-Img,Neg,0.20750187
FLAVA,mscoco,Img-Img,Neg,0.078232564
FLAVA,mscoco,Img-Img,Neg,0.0058095977
FLAVA,mscoco,Img-Img,Neg,0.21686871
FLAVA,mscoco,Img-Img,Neg,0.21888468
FLAVA,mscoco,Img-Img,Neg,0.44960326
FLAVA,mscoco,Img-Img,Neg,0.13337442
FLAVA,mscoco,Img-Img,Neg,0.18737432
FLAVA,mscoco,Img-Img,Neg,0.17698433
FLAVA,mscoco,Img-Img,Neg,0.09286015
FLAVA,mscoco,Img-Img,Neg,0.20433757
FLAVA,mscoco,Img-Img,Neg,0.3573962
FLAVA,mscoco,Img-Img,Neg,0.093992695
FLAVA,mscoco,Img-Img,Neg,0.11158809
FLAVA,mscoco,Img-Img,Neg,0.23321867
FLAVA,mscoco,Img-Img,Neg,0.23713014
FLAVA,mscoco,Img-Img,Neg,0.07360008
FLAVA,mscoco,Img-Img,Neg,0.197198
FLAVA,mscoco,Img-Img,Neg,0.11757159
FLAVA,mscoco,Img-Img,Neg,0.25405744
FLAVA,mscoco,Img-Img,Neg,0.20658891
FLAVA,mscoco,Img-Img,Neg,0.24798393
FLAVA,mscoco,Img-Img,Neg,0.17419046
FLAVA,mscoco,Img-Img,Neg,0.14750458
FLAVA,mscoco,Img-Img,Neg,0.09570663
FLAVA,mscoco,Img-Img,Neg,0.13021228
FLAVA,mscoco,Img-Img,Neg,0.15652533
FLAVA,mscoco,Img-Img,Neg,0.08205263
FLAVA,mscoco,Img-Img,Neg,0.20415056
FLAVA,mscoco,Img-Img,Neg,0.117099464
FLAVA,mscoco,Img-Img,Neg,0.104946196
FLAVA,mscoco,Img-Img,Neg,0.21127623
FLAVA,mscoco,Img-Img,Neg,0.26981822
FLAVA,mscoco,Img-Img,Neg,0.096698195
FLAVA,mscoco,Img-Img,Neg,0.15732613
FLAVA,mscoco,Img-Img,Neg,0.1041999
FLAVA,mscoco,Img-Img,Neg,0.31155428
FLAVA,mscoco,Img-Img,Neg,0.20071855
FLAVA,mscoco,Img-Img,Neg,0.20930353
FLAVA,mscoco,Img-Img,Neg,0.25959685
FLAVA,mscoco,Img-Img,Neg,0.1556759
FLAVA,mscoco,Img-Img,Neg,0.11553236
FLAVA,mscoco,Img-Img,Neg,0.2878636
FLAVA,mscoco,Img-Img,Neg,0.07334398
FLAVA,mscoco,Img-Img,Neg,0.13340974
FLAVA,mscoco,Img-Img,Neg,0.36220753
FLAVA,mscoco,Img-Img,Neg,0.4025962
FLAVA,mscoco,Img-Img,Neg,0.28871712
FLAVA,mscoco,Img-Img,Neg,0.066771686
FLAVA,mscoco,Img-Img,Neg,0.18772939
FLAVA,mscoco,Img-Img,Neg,0.27669463
FLAVA,mscoco,Img-Img,Neg,0.19103986
FLAVA,mscoco,Img-Img,Neg,0.23679847
FLAVA,mscoco,Img-Img,Neg,0.092010245
FLAVA,mscoco,Img-Img,Neg,0.13421924
FLAVA,mscoco,Img-Img,Neg,0.012019953
FLAVA,mscoco,Img-Img,Neg,0.074169606
FLAVA,mscoco,Img-Img,Neg,0.060209066
FLAVA,mscoco,Img-Img,Neg,0.20594579
FLAVA,mscoco,Img-Img,Neg,0.1989004
FLAVA,mscoco,Img-Img,Neg,0.21021779
FLAVA,mscoco,Img-Img,Neg,0.23209678
FLAVA,mscoco,Img-Img,Neg,0.34968776
FLAVA,mscoco,Img-Img,Neg,0.04660863
FLAVA,mscoco,Img-Img,Neg,0.17736343
FLAVA,mscoco,Img-Img,Neg,0.2042335
FLAVA,mscoco,Img-Img,Neg,0.06185374
FLAVA,mscoco,Img-Img,Neg,0.25932783
FLAVA,mscoco,Img-Img,Neg,0.09152667
FLAVA,mscoco,Img-Img,Neg,0.09283464
FLAVA,mscoco,Img-Img,Neg,0.24999428
FLAVA,mscoco,Img-Img,Neg,0.23395914
FLAVA,mscoco,Img-Img,Neg,0.0964477
FLAVA,mscoco,Img-Img,Neg,0.2920681
FLAVA,mscoco,Img-Img,Neg,0.18629897
FLAVA,mscoco,Img-Img,Neg,0.17132813
FLAVA,mscoco,Img-Img,Neg,0.19337216
FLAVA,mscoco,Img-Img,Neg,0.16277838
FLAVA,mscoco,Img-Img,Neg,0.17439973
FLAVA,mscoco,Img-Img,Neg,0.16223466
FLAVA,mscoco,Img-Img,Neg,0.20704375
FLAVA,mscoco,Img-Img,Neg,0.06555931
FLAVA,mscoco,Img-Img,Neg,0.04422376
FLAVA,mscoco,Img-Img,Neg,0.059069432
FLAVA,mscoco,Img-Img,Neg,0.15313707
FLAVA,mscoco,Img-Img,Neg,0.13583194
FLAVA,mscoco,Img-Img,Neg,0.08829282
FLAVA,mscoco,Img-Img,Neg,0.07960222
FLAVA,mscoco,Img-Img,Neg,0.18968025
FLAVA,mscoco,Img-Img,Neg,0.25151905
FLAVA,mscoco,Img-Img,Neg,0.04311478
FLAVA,mscoco,Img-Img,Neg,0.07163687
FLAVA,mscoco,Img-Img,Neg,0.2532224
FLAVA,mscoco,Img-Img,Neg,0.100141555
FLAVA,mscoco,Img-Img,Neg,0.19129872
FLAVA,mscoco,Img-Img,Neg,0.11091253
FLAVA,mscoco,Img-Img,Neg,0.095621094
FLAVA,mscoco,Img-Img,Neg,0.15319525
FLAVA,mscoco,Img-Img,Neg,0.24216533
FLAVA,mscoco,Img-Img,Neg,0.07811645
FLAVA,mscoco,Img-Img,Neg,0.12801754
FLAVA,mscoco,Img-Img,Neg,0.14819549
FLAVA,mscoco,Img-Img,Neg,0.09427543
FLAVA,mscoco,Img-Img,Neg,0.196376
FLAVA,mscoco,Img-Img,Neg,0.0821915
FLAVA,mscoco,Img-Img,Neg,0.13488114
FLAVA,mscoco,Img-Img,Neg,0.16385216
FLAVA,mscoco,Img-Img,Neg,0.17816105
FLAVA,mscoco,Img-Img,Neg,0.118871
FLAVA,mscoco,Img-Img,Neg,0.3274523
FLAVA,mscoco,Img-Img,Neg,0.11867735
FLAVA,mscoco,Img-Img,Neg,0.23721321
FLAVA,mscoco,Img-Img,Neg,0.28526428
FLAVA,mscoco,Img-Img,Neg,0.062066372
FLAVA,mscoco,Img-Img,Neg,0.11431176
FLAVA,mscoco,Img-Img,Neg,0.18138114
FLAVA,mscoco,Img-Img,Neg,0.26676336
FLAVA,mscoco,Img-Img,Neg,0.15494034
FLAVA,mscoco,Img-Img,Neg,0.12671554
FLAVA,mscoco,Img-Img,Neg,0.07255353
FLAVA,mscoco,Img-Img,Neg,0.16448723
FLAVA,mscoco,Img-Img,Neg,0.18723133
FLAVA,mscoco,Img-Img,Neg,0.098446205
FLAVA,mscoco,Img-Img,Neg,0.24517646
FLAVA,mscoco,Img-Img,Neg,0.3161695
FLAVA,mscoco,Img-Img,Neg,0.26243377
FLAVA,mscoco,Img-Img,Neg,0.11679809
FLAVA,mscoco,Img-Img,Neg,0.29781944
FLAVA,mscoco,Img-Img,Neg,0.13172978
FLAVA,mscoco,Img-Img,Neg,0.08241575
FLAVA,mscoco,Img-Img,Neg,0.48940033
FLAVA,mscoco,Img-Img,Neg,0.19632798
FLAVA,mscoco,Img-Img,Neg,0.14187373
FLAVA,mscoco,Img-Img,Neg,0.15662874
FLAVA,mscoco,Img-Img,Neg,0.17131004
FLAVA,mscoco,Img-Img,Neg,0.15933774
FLAVA,mscoco,Img-Img,Neg,0.20915306
FLAVA,mscoco,Img-Img,Neg,0.109119505
FLAVA,mscoco,Img-Img,Neg,0.22759065
FLAVA,mscoco,Img-Img,Neg,0.271883
FLAVA,mscoco,Img-Img,Neg,0.14988163
FLAVA,mscoco,Img-Img,Neg,0.13167393
FLAVA,mscoco,Img-Img,Neg,0.26746556
FLAVA,mscoco,Img-Img,Neg,0.11246914
FLAVA,mscoco,Img-Img,Neg,0.1854479
FLAVA,mscoco,Img-Img,Neg,0.09374586
FLAVA,mscoco,Img-Img,Neg,0.033097073
FLAVA,mscoco,Img-Img,Neg,0.20473307
FLAVA,mscoco,Img-Img,Neg,0.11516744
FLAVA,mscoco,Img-Img,Neg,0.16558805
FLAVA,mscoco,Img-Img,Neg,0.19945595
FLAVA,mscoco,Img-Img,Neg,0.2750525
FLAVA,mscoco,Img-Img,Neg,0.4317961
FLAVA,mscoco,Img-Img,Neg,0.06406473
FLAVA,mscoco,Img-Img,Neg,0.14318247
FLAVA,mscoco,Img-Img,Neg,0.28682232
FLAVA,mscoco,Img-Img,Neg,0.15682012
FLAVA,mscoco,Img-Img,Neg,0.08978151
FLAVA,mscoco,Img-Img,Neg,0.1928426
FLAVA,mscoco,Img-Img,Neg,0.2127315
FLAVA,mscoco,Img-Img,Neg,0.23652536
FLAVA,mscoco,Img-Img,Neg,0.19672963
FLAVA,mscoco,Img-Img,Neg,0.11093775
FLAVA,mscoco,Img-Img,Neg,0.13767163
FLAVA,mscoco,Img-Img,Neg,0.11272256
FLAVA,mscoco,Img-Img,Neg,0.11398033
FLAVA,mscoco,Img-Img,Neg,0.06925728
FLAVA,mscoco,Img-Img,Neg,0.13432296
FLAVA,mscoco,Img-Img,Neg,0.57648444
FLAVA,mscoco,Img-Img,Neg,0.13840331
FLAVA,mscoco,Img-Img,Neg,0.122938894
FLAVA,mscoco,Img-Img,Neg,0.16780427
FLAVA,mscoco,Img-Img,Neg,0.058841884
FLAVA,mscoco,Img-Img,Neg,0.29622734
FLAVA,mscoco,Img-Img,Neg,0.107594386
FLAVA,mscoco,Img-Img,Neg,0.141108
FLAVA,mscoco,Img-Img,Neg,0.2774092
FLAVA,mscoco,Img-Img,Neg,0.10524632
FLAVA,mscoco,Img-Img,Neg,0.30842805
FLAVA,mscoco,Img-Img,Neg,0.4746278
FLAVA,mscoco,Img-Img,Neg,0.12183504
FLAVA,mscoco,Img-Img,Neg,0.25857508
FLAVA,mscoco,Img-Img,Neg,0.14780375
FLAVA,mscoco,Img-Img,Neg,0.20760307
FLAVA,mscoco,Img-Img,Neg,0.12820475
FLAVA,mscoco,Img-Img,Neg,0.15285152
FLAVA,mscoco,Img-Img,Neg,0.38442126
FLAVA,mscoco,Img-Img,Neg,0.17734101
FLAVA,mscoco,Img-Img,Neg,0.16099429
FLAVA,mscoco,Img-Img,Neg,0.18045717
FLAVA,mscoco,Img-Img,Neg,0.2783522
FLAVA,mscoco,Img-Img,Neg,0.23901126
FLAVA,mscoco,Img-Img,Neg,0.41044167
FLAVA,mscoco,Img-Img,Neg,0.058157384
FLAVA,mscoco,Img-Img,Neg,0.3093316
FLAVA,mscoco,Img-Img,Neg,0.24347335
FLAVA,mscoco,Img-Img,Neg,0.13150176
FLAVA,mscoco,Img-Img,Neg,0.23636934
FLAVA,mscoco,Img-Img,Neg,0.18068877
FLAVA,mscoco,Img-Img,Neg,0.1618127
FLAVA,mscoco,Img-Img,Neg,0.07722651
FLAVA,mscoco,Img-Img,Neg,0.100667685
FLAVA,mscoco,Img-Img,Neg,0.17166904
FLAVA,mscoco,Img-Img,Neg,0.16051283
FLAVA,mscoco,Img-Img,Neg,0.20187601
FLAVA,mscoco,Img-Img,Neg,0.2921541
FLAVA,mscoco,Img-Img,Neg,0.142211
FLAVA,mscoco,Img-Img,Neg,0.1169285
FLAVA,mscoco,Img-Img,Neg,0.14967486
FLAVA,mscoco,Img-Img,Neg,0.18769404
FLAVA,mscoco,Img-Img,Neg,0.32452494
FLAVA,mscoco,Img-Img,Neg,0.2000944
FLAVA,mscoco,Img-Img,Neg,0.17480728
FLAVA,mscoco,Img-Img,Neg,0.28833795
FLAVA,mscoco,Img-Img,Neg,0.07132013
FLAVA,mscoco,Img-Img,Neg,0.17711543
FLAVA,mscoco,Img-Img,Neg,0.19548467
FLAVA,mscoco,Img-Img,Neg,0.1700283
FLAVA,mscoco,Img-Img,Neg,0.030040001
FLAVA,mscoco,Img-Img,Neg,0.20051403
FLAVA,mscoco,Img-Img,Neg,0.25001562
FLAVA,mscoco,Img-Img,Neg,0.012370663
FLAVA,mscoco,Img-Img,Neg,0.12478989
FLAVA,mscoco,Img-Img,Neg,0.12510835
FLAVA,mscoco,Img-Img,Neg,0.3110239
FLAVA,mscoco,Img-Img,Neg,0.17330283
FLAVA,mscoco,Img-Img,Neg,0.1174811
FLAVA,mscoco,Img-Img,Neg,0.10669859
FLAVA,mscoco,Img-Img,Neg,0.26529646
FLAVA,mscoco,Img-Img,Neg,0.16941291
FLAVA,mscoco,Img-Img,Neg,0.18478304
FLAVA,mscoco,Img-Img,Neg,0.0957555
FLAVA,mscoco,Img-Img,Neg,0.28197014
FLAVA,mscoco,Img-Img,Neg,0.15776768
FLAVA,mscoco,Img-Img,Neg,0.15091555
FLAVA,mscoco,Img-Img,Neg,0.26747838
FLAVA,mscoco,Img-Img,Neg,0.09423955
FLAVA,mscoco,Img-Img,Neg,0.1333099
FLAVA,mscoco,Img-Img,Neg,0.11402572
FLAVA,mscoco,Img-Img,Neg,0.10973408
FLAVA,mscoco,Img-Img,Neg,0.0512586
FLAVA,mscoco,Img-Img,Neg,0.19816662
FLAVA,mscoco,Img-Img,Neg,0.27786356
FLAVA,mscoco,Img-Img,Neg,0.16328764
FLAVA,mscoco,Img-Img,Neg,0.08378613
FLAVA,mscoco,Img-Img,Neg,0.12398423
FLAVA,mscoco,Img-Img,Neg,0.2860256
FLAVA,mscoco,Img-Img,Neg,0.24208164
FLAVA,mscoco,Img-Img,Neg,0.38992923
FLAVA,mscoco,Img-Img,Neg,0.11361332
FLAVA,mscoco,Img-Img,Neg,0.065090366
FLAVA,mscoco,Img-Img,Neg,0.31791064
FLAVA,mscoco,Img-Img,Neg,0.28001487
FLAVA,mscoco,Img-Img,Neg,0.22923894
FLAVA,mscoco,Img-Img,Neg,0.20260896
FLAVA,mscoco,Img-Img,Neg,0.15510815
FLAVA,mscoco,Img-Img,Neg,0.17094778
FLAVA,mscoco,Img-Img,Neg,0.19223756
FLAVA,mscoco,Img-Img,Neg,0.112114124
FLAVA,mscoco,Img-Img,Neg,0.17141479
FLAVA,mscoco,Img-Img,Neg,0.34180033
FLAVA,mscoco,Img-Img,Neg,0.31103572
FLAVA,mscoco,Img-Img,Neg,0.22775951
FLAVA,mscoco,Img-Img,Neg,0.24673766
FLAVA,mscoco,Img-Img,Neg,0.2547573
FLAVA,mscoco,Img-Img,Neg,0.1783537
FLAVA,mscoco,Img-Img,Neg,0.15802461
FLAVA,mscoco,Img-Img,Neg,0.20606904
FLAVA,mscoco,Img-Img,Neg,0.14578114
FLAVA,mscoco,Img-Img,Neg,0.20092568
FLAVA,mscoco,Img-Img,Neg,0.3777775
FLAVA,mscoco,Img-Img,Neg,0.07420063
FLAVA,mscoco,Img-Img,Neg,0.28296784
FLAVA,mscoco,Img-Img,Neg,0.33192185
FLAVA,mscoco,Img-Img,Neg,0.21799089
FLAVA,mscoco,Img-Img,Neg,0.4225455
FLAVA,mscoco,Img-Img,Neg,0.28066784
FLAVA,mscoco,Img-Img,Neg,0.17414953
FLAVA,mscoco,Img-Img,Neg,0.099623635
FLAVA,mscoco,Img-Img,Neg,0.18880299
FLAVA,mscoco,Img-Img,Neg,0.3219785
FLAVA,mscoco,Img-Img,Neg,0.20863093
FLAVA,mscoco,Img-Img,Neg,0.19405372
FLAVA,mscoco,Img-Img,Neg,0.27218863
FLAVA,mscoco,Img-Img,Neg,0.19124365
FLAVA,mscoco,Img-Img,Neg,0.219351
FLAVA,mscoco,Img-Img,Neg,0.13190314
FLAVA,mscoco,Img-Img,Neg,0.1161266
FLAVA,mscoco,Img-Img,Neg,0.12114729
FLAVA,mscoco,Img-Img,Neg,0.24121307
FLAVA,mscoco,Img-Img,Neg,0.044966437
FLAVA,mscoco,Img-Img,Neg,0.20727205
FLAVA,mscoco,Img-Img,Neg,0.40954334
FLAVA,mscoco,Img-Img,Neg,0.13620573
FLAVA,mscoco,Img-Img,Neg,0.14903112
FLAVA,mscoco,Img-Img,Neg,0.19234988
FLAVA,mscoco,Img-Img,Neg,0.416732
FLAVA,mscoco,Img-Img,Neg,0.19923395
FLAVA,mscoco,Img-Img,Neg,0.2749089
FLAVA,mscoco,Img-Img,Neg,0.21200544
FLAVA,mscoco,Img-Img,Neg,-0.038804144
FLAVA,mscoco,Img-Img,Neg,0.21448603
FLAVA,mscoco,Img-Img,Neg,0.09737052
FLAVA,mscoco,Img-Img,Neg,0.18808347
FLAVA,mscoco,Img-Img,Neg,0.1826973
FLAVA,mscoco,Img-Img,Neg,0.29730028
FLAVA,mscoco,Img-Img,Neg,0.03986989
FLAVA,mscoco,Img-Img,Neg,0.1312906
FLAVA,mscoco,Img-Img,Neg,0.20535144
FLAVA,mscoco,Img-Img,Neg,0.35228378
FLAVA,mscoco,Img-Img,Neg,0.19935843
FLAVA,mscoco,Img-Img,Neg,0.17437957
FLAVA,mscoco,Img-Img,Neg,0.22510481
FLAVA,mscoco,Img-Img,Neg,0.26753485
FLAVA,mscoco,Img-Img,Neg,0.22277553
FLAVA,mscoco,Img-Img,Neg,0.08312513
FLAVA,mscoco,Img-Img,Neg,0.08323777
FLAVA,mscoco,Img-Img,Neg,0.16722392
FLAVA,mscoco,Img-Img,Neg,0.19960465
FLAVA,mscoco,Img-Img,Neg,0.26268527
FLAVA,mscoco,Img-Img,Neg,0.26051286
FLAVA,mscoco,Img-Img,Neg,0.18039918
FLAVA,mscoco,Img-Img,Neg,0.12058493
FLAVA,mscoco,Img-Img,Neg,0.16639188
FLAVA,mscoco,Img-Img,Neg,0.1676425
FLAVA,mscoco,Img-Img,Neg,0.053890377
FLAVA,mscoco,Txt-Img,Neg,0.055185974
FLAVA,mscoco,Txt-Img,Neg,0.06986013
FLAVA,mscoco,Txt-Img,Neg,-0.004681447
FLAVA,mscoco,Txt-Img,Neg,0.013235963
FLAVA,mscoco,Txt-Img,Neg,0.045826636
FLAVA,mscoco,Txt-Img,Neg,0.114431836
FLAVA,mscoco,Txt-Img,Neg,-0.065828465
FLAVA,mscoco,Txt-Img,Neg,0.08996153
FLAVA,mscoco,Txt-Img,Neg,-0.008344026
FLAVA,mscoco,Txt-Img,Neg,0.064247616
FLAVA,mscoco,Txt-Img,Neg,-0.0134686595
FLAVA,mscoco,Txt-Img,Neg,0.09430584
FLAVA,mscoco,Txt-Img,Neg,-0.01625146
FLAVA,mscoco,Txt-Img,Neg,-0.122015
FLAVA,mscoco,Txt-Img,Neg,-0.0358245
FLAVA,mscoco,Txt-Img,Neg,-0.0075441464
FLAVA,mscoco,Txt-Img,Neg,0.08287952
FLAVA,mscoco,Txt-Img,Neg,0.03462089
FLAVA,mscoco,Txt-Img,Neg,0.08899224
FLAVA,mscoco,Txt-Img,Neg,0.012360625
FLAVA,mscoco,Txt-Img,Neg,-0.068306625
FLAVA,mscoco,Txt-Img,Neg,0.021048767
FLAVA,mscoco,Txt-Img,Neg,0.10078083
FLAVA,mscoco,Txt-Img,Neg,-0.037370484
FLAVA,mscoco,Txt-Img,Neg,0.103512794
FLAVA,mscoco,Txt-Img,Neg,-0.018624047
FLAVA,mscoco,Txt-Img,Neg,-0.0042818133
FLAVA,mscoco,Txt-Img,Neg,0.08596652
FLAVA,mscoco,Txt-Img,Neg,0.059993204
FLAVA,mscoco,Txt-Img,Neg,0.18721949
FLAVA,mscoco,Txt-Img,Neg,0.04515385
FLAVA,mscoco,Txt-Img,Neg,-0.068670854
FLAVA,mscoco,Txt-Img,Neg,0.03386323
FLAVA,mscoco,Txt-Img,Neg,0.0790832
FLAVA,mscoco,Txt-Img,Neg,-0.063642286
FLAVA,mscoco,Txt-Img,Neg,0.020744765
FLAVA,mscoco,Txt-Img,Neg,-0.019944966
FLAVA,mscoco,Txt-Img,Neg,-0.11493231
FLAVA,mscoco,Txt-Img,Neg,0.030394206
FLAVA,mscoco,Txt-Img,Neg,0.07257047
FLAVA,mscoco,Txt-Img,Neg,0.25745395
FLAVA,mscoco,Txt-Img,Neg,0.0131383
FLAVA,mscoco,Txt-Img,Neg,0.12067106
FLAVA,mscoco,Txt-Img,Neg,-0.07152042
FLAVA,mscoco,Txt-Img,Neg,-0.21218312
FLAVA,mscoco,Txt-Img,Neg,0.053621236
FLAVA,mscoco,Txt-Img,Neg,0.08680668
FLAVA,mscoco,Txt-Img,Neg,0.042804975
FLAVA,mscoco,Txt-Img,Neg,0.027293421
FLAVA,mscoco,Txt-Img,Neg,0.0158374
FLAVA,mscoco,Txt-Img,Neg,0.03589436
FLAVA,mscoco,Txt-Img,Neg,0.036053315
FLAVA,mscoco,Txt-Img,Neg,-0.013083878
FLAVA,mscoco,Txt-Img,Neg,0.032709733
FLAVA,mscoco,Txt-Img,Neg,-0.03352883
FLAVA,mscoco,Txt-Img,Neg,-0.09837947
FLAVA,mscoco,Txt-Img,Neg,-0.040822864
FLAVA,mscoco,Txt-Img,Neg,0.17792907
FLAVA,mscoco,Txt-Img,Neg,0.01796797
FLAVA,mscoco,Txt-Img,Neg,0.000813175
FLAVA,mscoco,Txt-Img,Neg,-0.05275757
FLAVA,mscoco,Txt-Img,Neg,0.15315032
FLAVA,mscoco,Txt-Img,Neg,-0.121872626
FLAVA,mscoco,Txt-Img,Neg,0.0073395986
FLAVA,mscoco,Txt-Img,Neg,0.11141017
FLAVA,mscoco,Txt-Img,Neg,0.0100844465
FLAVA,mscoco,Txt-Img,Neg,0.15198697
FLAVA,mscoco,Txt-Img,Neg,0.012380292
FLAVA,mscoco,Txt-Img,Neg,0.11054623
FLAVA,mscoco,Txt-Img,Neg,0.033717982
FLAVA,mscoco,Txt-Img,Neg,0.112473264
FLAVA,mscoco,Txt-Img,Neg,-0.03007671
FLAVA,mscoco,Txt-Img,Neg,0.03003755
FLAVA,mscoco,Txt-Img,Neg,-0.026436996
FLAVA,mscoco,Txt-Img,Neg,-0.07679546
FLAVA,mscoco,Txt-Img,Neg,-0.015398361
FLAVA,mscoco,Txt-Img,Neg,0.048546053
FLAVA,mscoco,Txt-Img,Neg,0.10398495
FLAVA,mscoco,Txt-Img,Neg,-0.126174
FLAVA,mscoco,Txt-Img,Neg,-0.108650826
FLAVA,mscoco,Txt-Img,Neg,-6.5082684e-05
FLAVA,mscoco,Txt-Img,Neg,0.011570688
FLAVA,mscoco,Txt-Img,Neg,0.04957331
FLAVA,mscoco,Txt-Img,Neg,0.15630159
FLAVA,mscoco,Txt-Img,Neg,-0.13030156
FLAVA,mscoco,Txt-Img,Neg,0.11061946
FLAVA,mscoco,Txt-Img,Neg,-0.062250946
FLAVA,mscoco,Txt-Img,Neg,-0.021285444
FLAVA,mscoco,Txt-Img,Neg,0.0039118463
FLAVA,mscoco,Txt-Img,Neg,0.055218585
FLAVA,mscoco,Txt-Img,Neg,0.048399553
FLAVA,mscoco,Txt-Img,Neg,0.105078526
FLAVA,mscoco,Txt-Img,Neg,0.12889531
FLAVA,mscoco,Txt-Img,Neg,0.0026270691
FLAVA,mscoco,Txt-Img,Neg,0.043853
FLAVA,mscoco,Txt-Img,Neg,-0.07072294
FLAVA,mscoco,Txt-Img,Neg,0.21506652
FLAVA,mscoco,Txt-Img,Neg,0.03493973
FLAVA,mscoco,Txt-Img,Neg,0.13822952
FLAVA,mscoco,Txt-Img,Neg,-0.08473016
FLAVA,mscoco,Txt-Img,Neg,0.004636572
FLAVA,mscoco,Txt-Img,Neg,0.047031812
FLAVA,mscoco,Txt-Img,Neg,0.08494365
FLAVA,mscoco,Txt-Img,Neg,-0.029133826
FLAVA,mscoco,Txt-Img,Neg,-0.14668693
FLAVA,mscoco,Txt-Img,Neg,0.13617513
FLAVA,mscoco,Txt-Img,Neg,-0.05734146
FLAVA,mscoco,Txt-Img,Neg,0.108054176
FLAVA,mscoco,Txt-Img,Neg,-0.06429387
FLAVA,mscoco,Txt-Img,Neg,-0.085605875
FLAVA,mscoco,Txt-Img,Neg,-0.052155938
FLAVA,mscoco,Txt-Img,Neg,0.08213334
FLAVA,mscoco,Txt-Img,Neg,-0.0003454918
FLAVA,mscoco,Txt-Img,Neg,0.06790545
FLAVA,mscoco,Txt-Img,Neg,0.08394702
FLAVA,mscoco,Txt-Img,Neg,0.0933807
FLAVA,mscoco,Txt-Img,Neg,0.116004325
FLAVA,mscoco,Txt-Img,Neg,0.17531204
FLAVA,mscoco,Txt-Img,Neg,0.03148289
FLAVA,mscoco,Txt-Img,Neg,0.056740362
FLAVA,mscoco,Txt-Img,Neg,-0.051167473
FLAVA,mscoco,Txt-Img,Neg,0.06298414
FLAVA,mscoco,Txt-Img,Neg,0.00074603804
FLAVA,mscoco,Txt-Img,Neg,0.057613667
FLAVA,mscoco,Txt-Img,Neg,-0.013384616
FLAVA,mscoco,Txt-Img,Neg,-0.032706205
FLAVA,mscoco,Txt-Img,Neg,-0.018374236
FLAVA,mscoco,Txt-Img,Neg,0.122934155
FLAVA,mscoco,Txt-Img,Neg,0.07990242
FLAVA,mscoco,Txt-Img,Neg,0.025459258
FLAVA,mscoco,Txt-Img,Neg,0.002948462
FLAVA,mscoco,Txt-Img,Neg,-0.014539082
FLAVA,mscoco,Txt-Img,Neg,0.07678216
FLAVA,mscoco,Txt-Img,Neg,-0.06114
FLAVA,mscoco,Txt-Img,Neg,0.075059265
FLAVA,mscoco,Txt-Img,Neg,-0.0050340146
FLAVA,mscoco,Txt-Img,Neg,0.108201444
FLAVA,mscoco,Txt-Img,Neg,0.051027257
FLAVA,mscoco,Txt-Img,Neg,0.045294512
FLAVA,mscoco,Txt-Img,Neg,0.02986513
FLAVA,mscoco,Txt-Img,Neg,-0.05222228
FLAVA,mscoco,Txt-Img,Neg,0.061644826
FLAVA,mscoco,Txt-Img,Neg,0.110232286
FLAVA,mscoco,Txt-Img,Neg,0.043390628
FLAVA,mscoco,Txt-Img,Neg,0.058797337
FLAVA,mscoco,Txt-Img,Neg,-0.11526801
FLAVA,mscoco,Txt-Img,Neg,0.1349131
FLAVA,mscoco,Txt-Img,Neg,0.004243486
FLAVA,mscoco,Txt-Img,Neg,0.04786877
FLAVA,mscoco,Txt-Img,Neg,0.03403558
FLAVA,mscoco,Txt-Img,Neg,-0.029460995
FLAVA,mscoco,Txt-Img,Neg,-0.0137804495
FLAVA,mscoco,Txt-Img,Neg,0.09594271
FLAVA,mscoco,Txt-Img,Neg,-0.011393034
FLAVA,mscoco,Txt-Img,Neg,-0.049229417
FLAVA,mscoco,Txt-Img,Neg,0.060180694
FLAVA,mscoco,Txt-Img,Neg,0.03481994
FLAVA,mscoco,Txt-Img,Neg,0.019616643
FLAVA,mscoco,Txt-Img,Neg,0.02786396
FLAVA,mscoco,Txt-Img,Neg,0.10827551
FLAVA,mscoco,Txt-Img,Neg,-0.003920976
FLAVA,mscoco,Txt-Img,Neg,0.2509461
FLAVA,mscoco,Txt-Img,Neg,-0.023885235
FLAVA,mscoco,Txt-Img,Neg,0.039229922
FLAVA,mscoco,Txt-Img,Neg,0.044257574
FLAVA,mscoco,Txt-Img,Neg,-0.1380342
FLAVA,mscoco,Txt-Img,Neg,0.000875026
FLAVA,mscoco,Txt-Img,Neg,0.07442542
FLAVA,mscoco,Txt-Img,Neg,0.08957064
FLAVA,mscoco,Txt-Img,Neg,0.14291103
FLAVA,mscoco,Txt-Img,Neg,0.064067855
FLAVA,mscoco,Txt-Img,Neg,-0.015349269
FLAVA,mscoco,Txt-Img,Neg,0.061323255
FLAVA,mscoco,Txt-Img,Neg,0.010799831
FLAVA,mscoco,Txt-Img,Neg,-0.0055193813
FLAVA,mscoco,Txt-Img,Neg,0.033001054
FLAVA,mscoco,Txt-Img,Neg,-0.009934751
FLAVA,mscoco,Txt-Img,Neg,0.24061668
FLAVA,mscoco,Txt-Img,Neg,0.123865515
FLAVA,mscoco,Txt-Img,Neg,0.11342839
FLAVA,mscoco,Txt-Img,Neg,0.09237535
FLAVA,mscoco,Txt-Img,Neg,-0.07617293
FLAVA,mscoco,Txt-Img,Neg,-0.0014521818
FLAVA,mscoco,Txt-Img,Neg,-0.058015093
FLAVA,mscoco,Txt-Img,Neg,0.100286715
FLAVA,mscoco,Txt-Img,Neg,-0.013870344
FLAVA,mscoco,Txt-Img,Neg,0.025309276
FLAVA,mscoco,Txt-Img,Neg,0.14888626
FLAVA,mscoco,Txt-Img,Neg,0.15027466
FLAVA,mscoco,Txt-Img,Neg,0.032027427
FLAVA,mscoco,Txt-Img,Neg,0.0053242724
FLAVA,mscoco,Txt-Img,Neg,0.11226864
FLAVA,mscoco,Txt-Img,Neg,0.10683845
FLAVA,mscoco,Txt-Img,Neg,0.022632062
FLAVA,mscoco,Txt-Img,Neg,0.043866202
FLAVA,mscoco,Txt-Img,Neg,0.041811436
FLAVA,mscoco,Txt-Img,Neg,0.07914376
FLAVA,mscoco,Txt-Img,Neg,-0.016414326
FLAVA,mscoco,Txt-Img,Neg,-0.11156149
FLAVA,mscoco,Txt-Img,Neg,0.04799788
FLAVA,mscoco,Txt-Img,Neg,0.061691683
FLAVA,mscoco,Txt-Img,Neg,-0.016978297
FLAVA,mscoco,Txt-Img,Neg,0.014235098
FLAVA,mscoco,Txt-Img,Neg,0.017176384
FLAVA,mscoco,Txt-Img,Neg,0.020606985
FLAVA,mscoco,Txt-Img,Neg,0.07373981
FLAVA,mscoco,Txt-Img,Neg,0.043591753
FLAVA,mscoco,Txt-Img,Neg,-0.0010886888
FLAVA,mscoco,Txt-Img,Neg,0.09547974
FLAVA,mscoco,Txt-Img,Neg,-0.06798321
FLAVA,mscoco,Txt-Img,Neg,-0.036564022
FLAVA,mscoco,Txt-Img,Neg,-0.092505716
FLAVA,mscoco,Txt-Img,Neg,0.06406432
FLAVA,mscoco,Txt-Img,Neg,0.033263206
FLAVA,mscoco,Txt-Img,Neg,-0.04892741
FLAVA,mscoco,Txt-Img,Neg,-0.017465588
FLAVA,mscoco,Txt-Img,Neg,0.021027798
FLAVA,mscoco,Txt-Img,Neg,0.051248275
FLAVA,mscoco,Txt-Img,Neg,0.15706289
FLAVA,mscoco,Txt-Img,Neg,0.030082395
FLAVA,mscoco,Txt-Img,Neg,0.04422087
FLAVA,mscoco,Txt-Img,Neg,0.04502172
FLAVA,mscoco,Txt-Img,Neg,0.17386128
FLAVA,mscoco,Txt-Img,Neg,0.015008915
FLAVA,mscoco,Txt-Img,Neg,0.030558214
FLAVA,mscoco,Txt-Img,Neg,0.030285262
FLAVA,mscoco,Txt-Img,Neg,0.0075749718
FLAVA,mscoco,Txt-Img,Neg,0.110188216
FLAVA,mscoco,Txt-Img,Neg,0.15235308
FLAVA,mscoco,Txt-Img,Neg,0.03895999
FLAVA,mscoco,Txt-Img,Neg,-0.009650739
FLAVA,mscoco,Txt-Img,Neg,0.070292845
FLAVA,mscoco,Txt-Img,Neg,0.23076499
FLAVA,mscoco,Txt-Img,Neg,0.1042739
FLAVA,mscoco,Txt-Img,Neg,0.025482472
FLAVA,mscoco,Txt-Img,Neg,-0.012902501
FLAVA,mscoco,Txt-Img,Neg,0.08403158
FLAVA,mscoco,Txt-Img,Neg,0.023326213
FLAVA,mscoco,Txt-Img,Neg,0.036460176
FLAVA,mscoco,Txt-Img,Neg,0.06561321
FLAVA,mscoco,Txt-Img,Neg,0.092406854
FLAVA,mscoco,Txt-Img,Neg,-0.02221456
FLAVA,mscoco,Txt-Img,Neg,0.07753672
FLAVA,mscoco,Txt-Img,Neg,-0.021328487
FLAVA,mscoco,Txt-Img,Neg,0.011077489
FLAVA,mscoco,Txt-Img,Neg,0.022071779
FLAVA,mscoco,Txt-Img,Neg,0.0009802277
FLAVA,mscoco,Txt-Img,Neg,0.1091907
FLAVA,mscoco,Txt-Img,Neg,-0.007346766
FLAVA,mscoco,Txt-Img,Neg,-0.09531975
FLAVA,mscoco,Txt-Img,Neg,-0.008859005
FLAVA,mscoco,Txt-Img,Neg,0.014362743
FLAVA,mscoco,Txt-Img,Neg,0.07750766
FLAVA,mscoco,Txt-Img,Neg,-0.03617553
FLAVA,mscoco,Txt-Img,Neg,-0.058375984
FLAVA,mscoco,Txt-Img,Neg,0.080157846
FLAVA,mscoco,Txt-Img,Neg,0.043447956
FLAVA,mscoco,Txt-Img,Neg,-0.072349906
FLAVA,mscoco,Txt-Img,Neg,-0.040189177
FLAVA,mscoco,Txt-Img,Neg,0.112747304
FLAVA,mscoco,Txt-Img,Neg,-0.060934905
FLAVA,mscoco,Txt-Img,Neg,0.060112294
FLAVA,mscoco,Txt-Img,Neg,-0.09061879
FLAVA,mscoco,Txt-Img,Neg,0.043775305
FLAVA,mscoco,Txt-Img,Neg,0.03928393
FLAVA,mscoco,Txt-Img,Neg,0.07732786
FLAVA,mscoco,Txt-Img,Neg,0.07657491
FLAVA,mscoco,Txt-Img,Neg,0.09672764
FLAVA,mscoco,Txt-Img,Neg,0.031490877
FLAVA,mscoco,Txt-Img,Neg,0.07607442
FLAVA,mscoco,Txt-Img,Neg,0.1665501
FLAVA,mscoco,Txt-Img,Neg,-0.00791319
FLAVA,mscoco,Txt-Img,Neg,0.0070979735
FLAVA,mscoco,Txt-Img,Neg,0.113997445
FLAVA,mscoco,Txt-Img,Neg,-0.007355108
FLAVA,mscoco,Txt-Img,Neg,0.04285209
FLAVA,mscoco,Txt-Img,Neg,0.023305528
FLAVA,mscoco,Txt-Img,Neg,0.070163146
FLAVA,mscoco,Txt-Img,Neg,0.047777444
FLAVA,mscoco,Txt-Img,Neg,0.0016014534
FLAVA,mscoco,Txt-Img,Neg,0.10051215
FLAVA,mscoco,Txt-Img,Neg,-0.034875516
FLAVA,mscoco,Txt-Img,Neg,-0.0005931719
FLAVA,mscoco,Txt-Img,Neg,0.009825215
FLAVA,mscoco,Txt-Img,Neg,-0.11196446
FLAVA,mscoco,Txt-Img,Neg,-0.020688754
FLAVA,mscoco,Txt-Img,Neg,0.14446262
FLAVA,mscoco,Txt-Img,Neg,0.08846614
FLAVA,mscoco,Txt-Img,Neg,-0.08004162
FLAVA,mscoco,Txt-Img,Neg,0.061110284
FLAVA,mscoco,Txt-Img,Neg,0.093237646
FLAVA,mscoco,Txt-Img,Neg,0.05561124
FLAVA,mscoco,Txt-Img,Neg,0.012623629
FLAVA,mscoco,Txt-Img,Neg,-0.06605008
FLAVA,mscoco,Txt-Img,Neg,-0.05190629
FLAVA,mscoco,Txt-Img,Neg,0.09555517
FLAVA,mscoco,Txt-Img,Neg,-0.12840822
FLAVA,mscoco,Txt-Img,Neg,0.08822183
FLAVA,mscoco,Txt-Img,Neg,0.20299196
FLAVA,mscoco,Txt-Img,Neg,-0.07466717
FLAVA,mscoco,Txt-Img,Neg,-0.016614575
FLAVA,mscoco,Txt-Img,Neg,0.06681295
FLAVA,mscoco,Txt-Img,Neg,0.086472765
FLAVA,mscoco,Txt-Img,Neg,0.15245652
FLAVA,mscoco,Txt-Img,Neg,0.0009531956
FLAVA,mscoco,Txt-Img,Neg,0.011514405
FLAVA,mscoco,Txt-Img,Neg,0.05580011
FLAVA,mscoco,Txt-Img,Neg,0.054734185
FLAVA,mscoco,Txt-Img,Neg,-0.096562654
FLAVA,mscoco,Txt-Img,Neg,0.09246065
FLAVA,mscoco,Txt-Img,Neg,-0.02174018
FLAVA,mscoco,Txt-Img,Neg,0.0061278087
FLAVA,mscoco,Txt-Img,Neg,-0.051699888
FLAVA,mscoco,Txt-Img,Neg,0.0516954
FLAVA,mscoco,Txt-Img,Neg,0.10499732
FLAVA,mscoco,Txt-Img,Neg,-0.10149637
FLAVA,mscoco,Txt-Img,Neg,0.039244592
FLAVA,mscoco,Txt-Img,Neg,0.0035369725
FLAVA,mscoco,Txt-Img,Neg,0.035496574
FLAVA,mscoco,Txt-Img,Neg,0.11646266
FLAVA,mscoco,Txt-Img,Neg,-0.0070834598
FLAVA,mscoco,Txt-Img,Neg,-0.053233854
FLAVA,mscoco,Txt-Img,Neg,-0.029142046
FLAVA,mscoco,Txt-Img,Neg,0.059451357
FLAVA,mscoco,Txt-Img,Neg,-0.038211092
FLAVA,mscoco,Txt-Img,Neg,0.10108836
FLAVA,mscoco,Txt-Img,Neg,0.027480436
FLAVA,mscoco,Txt-Img,Neg,0.027141768
FLAVA,mscoco,Txt-Img,Neg,-0.03213269
FLAVA,mscoco,Txt-Img,Neg,-0.030014426
FLAVA,mscoco,Txt-Img,Neg,-0.042060494
FLAVA,mscoco,Txt-Img,Neg,0.02212477
FLAVA,mscoco,Txt-Img,Neg,-0.062291976
FLAVA,mscoco,Txt-Img,Neg,0.038682822
FLAVA,mscoco,Txt-Img,Neg,-0.07750423
FLAVA,mscoco,Txt-Img,Neg,0.09312881
FLAVA,mscoco,Txt-Img,Neg,0.003175553
FLAVA,mscoco,Txt-Img,Neg,-0.010215184
FLAVA,mscoco,Txt-Img,Neg,-0.08158081
FLAVA,mscoco,Txt-Img,Neg,0.06851264
FLAVA,mscoco,Txt-Img,Neg,-0.0411112
FLAVA,mscoco,Txt-Img,Neg,0.10764026
FLAVA,mscoco,Txt-Img,Neg,-0.007465519
FLAVA,mscoco,Txt-Img,Neg,0.108002484
FLAVA,mscoco,Txt-Img,Neg,0.039274164
FLAVA,mscoco,Txt-Img,Neg,0.02396788
FLAVA,mscoco,Txt-Img,Neg,-0.025789758
FLAVA,mscoco,Txt-Img,Neg,0.084438354
FLAVA,mscoco,Txt-Img,Neg,-0.054568715
FLAVA,mscoco,Txt-Img,Neg,0.013848865
FLAVA,mscoco,Txt-Img,Neg,-0.027726363
FLAVA,mscoco,Txt-Img,Neg,0.0138241025
FLAVA,mscoco,Txt-Img,Neg,-0.0202966
FLAVA,mscoco,Txt-Img,Neg,0.15083486
FLAVA,mscoco,Txt-Img,Neg,0.0777694
FLAVA,mscoco,Txt-Img,Neg,0.021837179
FLAVA,mscoco,Txt-Img,Neg,-0.020966146
FLAVA,mscoco,Txt-Img,Neg,-0.029231533
FLAVA,mscoco,Txt-Img,Neg,0.04261165
FLAVA,mscoco,Txt-Img,Neg,0.14817071
FLAVA,mscoco,Txt-Img,Neg,0.08251414
FLAVA,mscoco,Txt-Img,Neg,0.078728534
FLAVA,mscoco,Txt-Img,Neg,0.035480615
FLAVA,mscoco,Txt-Img,Neg,0.11102356
FLAVA,mscoco,Txt-Img,Neg,-0.010113379
FLAVA,mscoco,Txt-Img,Neg,-0.03278022
FLAVA,mscoco,Txt-Img,Neg,0.013026176
FLAVA,mscoco,Txt-Img,Neg,0.050821055
FLAVA,mscoco,Txt-Img,Neg,0.07942836
FLAVA,mscoco,Txt-Img,Neg,0.102514714
FLAVA,mscoco,Txt-Img,Neg,-0.08529226
FLAVA,mscoco,Txt-Img,Neg,0.08325085
FLAVA,mscoco,Txt-Img,Neg,-0.15906271
FLAVA,mscoco,Txt-Img,Neg,-0.015184762
FLAVA,mscoco,Txt-Img,Neg,0.030581957
FLAVA,mscoco,Txt-Img,Neg,-0.011234759
FLAVA,mscoco,Txt-Img,Neg,0.031319674
FLAVA,mscoco,Txt-Img,Neg,-0.035985775
FLAVA,mscoco,Txt-Img,Neg,0.05408592
FLAVA,mscoco,Txt-Img,Neg,-0.017139923
FLAVA,mscoco,Txt-Img,Neg,0.10064411
FLAVA,mscoco,Txt-Img,Neg,0.1528205
FLAVA,mscoco,Txt-Img,Neg,-0.029728344
FLAVA,mscoco,Txt-Img,Neg,-0.024794064
FLAVA,mscoco,Txt-Img,Neg,0.05982172
FLAVA,mscoco,Txt-Img,Neg,0.10754892
FLAVA,mscoco,Txt-Img,Neg,-0.012591242
FLAVA,mscoco,Txt-Img,Neg,-0.04096885
FLAVA,mscoco,Txt-Img,Neg,0.12970886
FLAVA,mscoco,Txt-Img,Neg,0.054881606
FLAVA,mscoco,Txt-Img,Neg,0.08862926
FLAVA,mscoco,Txt-Img,Neg,-0.073203444
FLAVA,mscoco,Txt-Img,Neg,-0.07312171
FLAVA,mscoco,Txt-Img,Neg,-0.041728303
FLAVA,mscoco,Txt-Img,Neg,0.040042184
FLAVA,mscoco,Txt-Img,Neg,0.084501214
FLAVA,mscoco,Txt-Img,Neg,0.16433845
FLAVA,mscoco,Txt-Img,Neg,0.06748603
FLAVA,mscoco,Txt-Img,Neg,0.0021866588
FLAVA,mscoco,Txt-Img,Neg,-0.0490255
FLAVA,mscoco,Txt-Img,Neg,0.028979
FLAVA,mscoco,Txt-Img,Neg,-0.02520843
FLAVA,mscoco,Txt-Img,Neg,-0.05243645
FLAVA,mscoco,Txt-Img,Neg,0.04343686
FLAVA,mscoco,Txt-Img,Neg,0.052695658
FLAVA,mscoco,Txt-Img,Neg,-0.03641636
FLAVA,mscoco,Txt-Img,Neg,-0.10055548
FLAVA,mscoco,Txt-Img,Neg,0.0175067
FLAVA,mscoco,Txt-Img,Neg,0.057911165
FLAVA,mscoco,Txt-Img,Neg,0.030430052
FLAVA,mscoco,Txt-Img,Neg,0.11435041
FLAVA,mscoco,Txt-Img,Neg,-0.06100298
FLAVA,mscoco,Txt-Img,Neg,0.05056757
FLAVA,mscoco,Txt-Img,Neg,0.041812535
FLAVA,mscoco,Txt-Img,Neg,0.05160013
FLAVA,mscoco,Txt-Img,Neg,-0.000870008
FLAVA,mscoco,Txt-Img,Neg,-0.06736815
FLAVA,mscoco,Txt-Img,Neg,-0.020685766
FLAVA,mscoco,Txt-Img,Neg,0.039819762
FLAVA,mscoco,Txt-Img,Neg,0.016743796
FLAVA,mscoco,Txt-Img,Neg,-0.06801914
FLAVA,mscoco,Txt-Img,Neg,-0.023555363
FLAVA,mscoco,Txt-Img,Neg,0.059521258
FLAVA,mscoco,Txt-Img,Neg,-0.025388196
FLAVA,mscoco,Txt-Img,Neg,0.1235712
FLAVA,mscoco,Txt-Img,Neg,-0.036958113
FLAVA,mscoco,Txt-Img,Neg,0.15677418
FLAVA,mscoco,Txt-Img,Neg,0.022103947
FLAVA,mscoco,Txt-Img,Neg,0.1059112
FLAVA,mscoco,Txt-Img,Neg,0.22951537
FLAVA,mscoco,Txt-Img,Neg,0.03702057
FLAVA,mscoco,Txt-Img,Neg,-0.06490913
FLAVA,mscoco,Txt-Img,Neg,0.09412411
FLAVA,mscoco,Txt-Img,Neg,0.07221334
FLAVA,mscoco,Txt-Img,Neg,0.00010787696
FLAVA,mscoco,Txt-Img,Neg,0.064390935
FLAVA,mscoco,Txt-Img,Neg,0.011559049
FLAVA,mscoco,Txt-Img,Neg,0.06387562
FLAVA,mscoco,Txt-Img,Neg,-0.004056247
FLAVA,mscoco,Txt-Img,Neg,0.031501934
FLAVA,mscoco,Txt-Img,Neg,-0.044305637
FLAVA,mscoco,Txt-Img,Neg,-0.0064518787
FLAVA,mscoco,Txt-Img,Neg,0.12596942
FLAVA,mscoco,Txt-Img,Neg,0.06052151
FLAVA,mscoco,Txt-Img,Neg,0.021526191
FLAVA,mscoco,Txt-Img,Neg,-0.038222823
FLAVA,mscoco,Txt-Img,Neg,0.049487453
FLAVA,mscoco,Txt-Img,Neg,0.039043278
FLAVA,mscoco,Txt-Img,Neg,0.15660729
FLAVA,mscoco,Txt-Img,Neg,0.0047488064
FLAVA,mscoco,Txt-Img,Neg,0.0019985808
FLAVA,mscoco,Txt-Img,Neg,0.034389388
FLAVA,mscoco,Txt-Img,Neg,0.028523674
FLAVA,mscoco,Txt-Img,Neg,0.0021814927
FLAVA,mscoco,Txt-Img,Neg,0.0823399
FLAVA,mscoco,Txt-Img,Neg,-0.018631956
FLAVA,mscoco,Txt-Img,Neg,0.006188629
FLAVA,mscoco,Txt-Img,Neg,-0.036267046
FLAVA,mscoco,Txt-Img,Neg,0.06023836
FLAVA,mscoco,Txt-Img,Neg,0.04845466
FLAVA,mscoco,Txt-Img,Neg,0.067815885
FLAVA,mscoco,Txt-Img,Neg,-0.14516114
FLAVA,mscoco,Txt-Img,Neg,-0.0234576
FLAVA,mscoco,Txt-Img,Neg,0.04439936
FLAVA,mscoco,Txt-Img,Neg,0.13115513
FLAVA,mscoco,Txt-Img,Neg,-0.02481056
FLAVA,mscoco,Txt-Img,Neg,-0.037817184
FLAVA,mscoco,Txt-Img,Neg,0.010118192
FLAVA,mscoco,Txt-Img,Neg,-0.054184556
FLAVA,mscoco,Txt-Img,Neg,-0.05913157
FLAVA,mscoco,Txt-Img,Neg,0.103552654
FLAVA,mscoco,Txt-Img,Neg,-0.068770304
FLAVA,mscoco,Txt-Img,Neg,-0.031745244
FLAVA,mscoco,Txt-Img,Neg,0.02355323
FLAVA,mscoco,Txt-Img,Neg,-0.014533045
FLAVA,mscoco,Txt-Img,Neg,0.0608411
FLAVA,mscoco,Txt-Img,Neg,0.10564846
FLAVA,mscoco,Txt-Img,Neg,0.037350647
FLAVA,mscoco,Txt-Img,Neg,-0.032959294
FLAVA,mscoco,Txt-Img,Neg,-0.05925161
FLAVA,mscoco,Txt-Img,Neg,0.057025492
FLAVA,mscoco,Txt-Img,Neg,0.015983172
FLAVA,mscoco,Txt-Img,Neg,-0.050822966
FLAVA,mscoco,Txt-Img,Neg,0.047523916
FLAVA,mscoco,Txt-Img,Neg,-0.0036783158
FLAVA,mscoco,Txt-Img,Neg,-0.06254199
FLAVA,mscoco,Txt-Img,Neg,-0.03264189
FLAVA,mscoco,Txt-Img,Neg,-0.01647106
FLAVA,mscoco,Txt-Img,Neg,0.079250544
FLAVA,mscoco,Txt-Img,Neg,0.067108236
FLAVA,mscoco,Txt-Img,Neg,-0.0033313285
FLAVA,mscoco,Txt-Img,Neg,-0.108051464
FLAVA,mscoco,Txt-Img,Neg,0.007993417
FLAVA,mscoco,Txt-Img,Neg,0.032636162
FLAVA,mscoco,Txt-Img,Neg,0.24365616
FLAVA,mscoco,Txt-Img,Neg,0.036789566
FLAVA,mscoco,Txt-Img,Neg,0.05497903
FLAVA,mscoco,Txt-Img,Neg,-0.050499976
FLAVA,mscoco,Txt-Img,Neg,-0.022018576
FLAVA,mscoco,Txt-Img,Neg,0.014049432
FLAVA,mscoco,Txt-Img,Neg,0.099532515
FLAVA,mscoco,Txt-Img,Neg,-0.089510575
FLAVA,mscoco,Txt-Img,Neg,-0.10659145
FLAVA,mscoco,Txt-Img,Neg,-0.044706214
FLAVA,mscoco,Txt-Img,Neg,0.14211124
FLAVA,mscoco,Txt-Img,Neg,-0.00017018523
FLAVA,mscoco,Txt-Img,Neg,0.022860829
FLAVA,mscoco,Txt-Img,Neg,0.026156694
FLAVA,mscoco,Txt-Img,Neg,0.033499293
FLAVA,mscoco,Txt-Img,Neg,0.0016375063
FLAVA,mscoco,Txt-Img,Neg,0.1953123
FLAVA,mscoco,Txt-Img,Neg,0.014156532
FLAVA,mscoco,Txt-Img,Neg,0.054180335
FLAVA,mscoco,Txt-Img,Neg,0.01293494
FLAVA,mscoco,Txt-Img,Neg,0.07154182
FLAVA,mscoco,Txt-Img,Neg,-0.01124675
FLAVA,mscoco,Txt-Img,Neg,0.11613051
FLAVA,mscoco,Txt-Img,Neg,0.1277518
FLAVA,mscoco,Txt-Img,Neg,-0.035559017
FLAVA,mscoco,Txt-Img,Neg,-0.07889578
FLAVA,mscoco,Txt-Img,Neg,-0.059967093
