1001896054,"John Deere tractors cruises down a street , while the driver wears easy to see clothing .",866,tractor
1011572216,A beautiful bride walking on a sidewalk with her new husband .,982,"groom, bridegroom"
101669240,A person wearing skis looking at framed pictures set up in the snow .,795,ski
102998070,Three old men are watching another man prepare fish .,544,Dutch oven
1030985833,A black dog and a brown dog are jumping up to catch a red toy .,208,Labrador retriever
103953336,Person crossing a bridge in dim light .,839,suspension bridge
1056873310,Two dogs run towards each other on a rocky area with water in the background .,225,malinois
105806535,"A man holding a yellow ball , soaking in a wooden tub .",876,"tub, vat"
106027774,A man asleep in a car that 's driving .,785,"seat belt, seatbelt"
1061467336,Firefighters at a scene with a firetruck that has it 's lights on .,555,"fire engine, fire truck"
106490881,A boy in his blue swim shorts at the beach .,842,"swimming trunks, bathing trunks"
106514190,A skier is overlooking a snow-covered mountain .,970,alp
1065831604,A bunch of people in racing gear and helmets racing bicycles around a corner on wet pavement .,444,"bicycle-built-for-two, tandem bicycle, tandem"
107318069,A crowd watching air balloons at night .,417,balloon
1073444492,"Man talking on a phone , surrounded by books in an office .",454,"bookshop, bookstore, bookstall"
1087539207,The children played on the four wheeler in the field .,621,"lawn mower, mower"
108898978,Two people wearing yellow jackets crosscountry skiing .,795,ski
108957912,People walk across a street as utility workers fix a light .,920,"traffic light, traffic signal, stoplight"
109202756,A woman rides a horse near a frozen lake in the winter time .,339,sorrel
109202801,Two draft horses pull a cart through the snow .,603,"horse cart, horse-cart"
1092437557,Woman is enjoying herself being outdoors biking in a forrest preserve .,671,"mountain bike, all-terrain bike, off-roader"
109544260,Young boy sitting down outside and blowing bubbles .,971,bubble
1095476286,a boy plays in the fountains .,562,fountain
1095580424,The dog is running out of the tunnel on a dog obedience course .,264,"Cardigan, Cardigan Welsh corgi"
1096395242,A little boy in orange shorts playing with a toy .,971,bubble
109656696,A little girl balances on a gymnastics beam .,416,"balance beam, beam"
109738763,A snowmobile rider flies through the air on his or her machine in front of tall pine trees .,802,snowmobile
109738916,People pose with helmets and goggles on while riding snowmobiles .,802,snowmobile
1099434461,A man is cooking a square pancake : he lifts it with his fingers and a spatula to check to see if it is done .,813,spatula
1100214449,A happy boy is jumping in front OD city fountain .,562,fountain
1101291373,A bald man in flip-flops sits on a green bench and talks on a cellphone .,703,park bench
110201971,Three men seated on an elephant in a small village .,385,"Indian elephant, Elephas maximus"
1104133405,A boy carrying a soccer ball .,805,soccer ball
1105959054,An artist paints clouds onto a canvas .,696,paintbrush
110647073,Men are constructing a wall in the desert .,428,"barrow, garden cart, lawn cart, wheelbarrow"
1107246521,A black dog playing fetch with a ball of rope .,205,flat-coated retriever
1107507919,A woman in a red shirt plays a cello .,486,"cello, violoncello"
110802332,A hockey goalie is trying to prevent a goal from the opposing team .,746,"puck, hockey puck"
111061041,Two men in a tennis court in a city are standing on either side of the net talking to each other .,489,chainlink fence
111537217,The young man with the white t-shirt and jeans is rappeling up the rock wall .,972,"cliff, drop, drop-off"
111766423,A black and white bird standing on a hand .,19,chickadee
111796099,A game of tennis is shown with one of the female players about to hit the ball .,752,"racket, racquet"
1118168796,A man looks through a large camera-like device in a field near a camper and some parked vehicles .,872,tripod
1130295306,A boy wearing a rugby shirt standing next to a body of water .,975,"lakeside, lakeshore"
1130369873,A brown dog swims through water outdoors with a tennis ball in its mouth .,211,"vizsla, Hungarian pointer"
1130401779,Two brown dogs in the water .,211,"vizsla, Hungarian pointer"
1131889107,A women 's roller derby team taking a break .,615,knee pad
1141718391,Woman and man walking across wooden rope bridge with a caution sign beside it .,839,suspension bridge
1141739219,A girl climbing down from the side of a bright blue truck while others watch .,569,"garbage truck, dustcart"
114410209,A young man standing in front of a red freight car holding a camera and taking a photo .,565,freight car
1146490295,A man in a white shirt is talking with two men and two women sitting on a bench .,433,"bathing cap, swimming cap"
1147391743,Several African women sit in front of a hut .,830,stretcher
1148238960,People on bicycles waiting at an intersection .,880,"unicycle, monocycle"
1149097018,An infant lays on a bed with it 's mouth open .,443,bib
1149179852,A shirtless man escorts a horse pulling a carriage along a paved road .,603,"horse cart, horse-cart"
1154080132,Three young boys are fishing at a lake .,758,reel
116002648,A young child is sleeping on a man 's coat on the floor .,797,sleeping bag
1160841776,people enjoying a sunny day at the beach,978,"seashore, coast, seacoast, sea-coast"
1162606352,Two girls with pots show off their cooking .,822,steel drum
1164765687,A man in a red shirt is giving toys to a small dog .,201,"silky terrier, Sydney silky"
1167908324,A man stands next to three video machines .,800,"slot, one-armed bandit"
1176580356,A big dog catches a ball on his nose,191,"Airedale, Airedale terrier"
118647903,"Two soccer players , one in red , the other in white , racing towards a soccer ball .",805,soccer ball
118668756,A little boy kicking a rubber ball .,805,soccer ball
1187435567,A small brown and black dog playing with a toy,201,"silky terrier, Sydney silky"
1188199432,Five little kids are taking a ride in some type of amusement park .,417,balloon
1193116658,A girl rides a unicycle with a child who rides a scooter .,880,"unicycle, monocycle"
1199847613,Men and women wearing white swim caps giving each other piggyback rides .,433,"bathing cap, swimming cap"
1215804065,Someone parasailing with a green parachute that has a face on the top of it,701,"parachute, chute"
121800200,Many people are climbing the mountain surrounded by pretty green trees .,972,"cliff, drop, drop-off"
1222322358,A child looking back on a fast moving swing .,843,swing
122301379,Two men with a chainsaw fell trees in a leafless forest .,491,"chain saw, chainsaw"
122958692,"Tennis player uses backhand in a match , possibly a doubles match .",752,"racket, racquet"
1230594535,"A young woman in jeans stands on a window ledge , cleaning a window .",608,"jean, blue jean, denim"
1231348815,Displaying a big smile and a thumbs up this man is holding up a carriage .,612,"jinrikisha, ricksha, rickshaw"
1234206849,Two women donning hats adorned with flowers pose for a picture .,808,sombrero
123728333,A smiling elderly man is creating pottery .,739,potter's wheel
1238849490,a crowd gathers around a lady with an acoustic guitar who is performing,879,umbrella
12393802,"A man at work , butchering a cow .",467,"butcher shop, meat market"
12424190,A man sleeps in a hammock next to water and a boat .,797,sleeping bag
1244140539,A small dog shakes its head on a white shag carpet .,201,"silky terrier, Sydney silky"
124881487,A man rides his dirt bike down a rocky trail .,671,"mountain bike, all-terrain bike, off-roader"
1248953128,Young girl in blue dress stepping over a soccer ball .,805,soccer ball
1250181412,Six people ride mountain bikes through a jungle environment .,671,"mountain bike, all-terrain bike, off-roader"
1252210354,"A young man , with billowy red-hair , lines up his shot of the 9 ball on a pool table .",736,"pool table, billiard table, snooker table"
125272627,A group of women having drinks in at a table in a cafe bookstore .,624,library
125319704,Person standing beside bike in stream .,671,"mountain bike, all-terrain bike, off-roader"
125635185,"Three children are playing outdoors , two of them on a metal barrel swing .",843,swing
1262077938,A woman with a handbag is sitting on a wooden bench .,703,park bench
126762293,A male gymnast leaps over a stack of wooden platforms .,416,"balance beam, beam"
1269470943,Boy is lying face down in the grass with his foot on a football .,522,croquet ball
1271210445,A birthday celebration taking place for a girl who has reached age 5 .,470,"candle, taper, wax light"
128391889,Kids play a game of ball with paddles at the water 's edge at the beach .,842,"swimming trunks, bathing trunks"
128396110,A man wearing a black helmet and a girl wearing a pink helmet are cycling together .,671,"mountain bike, all-terrain bike, off-roader"
1287073593,"Five sled dogs are pulling a person on a sled , through the snow .",537,"dogsled, dog sled, dog sleigh"
1287982439,A dog runs through the water as he looks up at the sky with his mouth open .,209,Chesapeake Bay retriever
1295476404,A smiling woman playing the harp .,594,harp
129846884,A young boy pulls a car toy up a hill .,621,"lawn mower, mower"
129860826,"Outside a building , a uniformed security guard looks at the camera from behind a fence .",515,"cowboy hat, ten-gallon hat"
1303644819,A blond woman with an orange shirt is making music on a stool .,401,"accordion, piano accordion, squeeze box"
131090759,This image with chairs is very blurry .,603,"horse cart, horse-cart"
131254736,Two men are standing beside the train tracks .,820,steam locomotive
1316505120,"Four men , two of them with guitars , perform on a stage while several people with their hands in the air watch .",819,stage
131840964,A boy is standing on a sidewalk with his bike .,880,"unicycle, monocycle"
131890223,A diver underwater having fun with a sea turtle .,983,scuba diver
132421833,"One man , cleaning a small office with a portable vacuum cleaner .",882,"vacuum, vacuum cleaner"
132966111,A lot of people are on the street holding balloons .,645,maypole
1329832826,"People stand on a street corner at dusk , with a pharmacy in the background .",498,"cinema, movie theater, movie theatre, movie house, picture palace"
133087820,A person is sitting outside of a bookstore and reading .,454,"bookshop, bookstore, bookstall"
133189853,A man with a shaved head is kissing another man on the cheek .,457,"bow tie, bow-tie, bowtie"
133243755,Many kids in white shirts are walking through a neighborhood .,617,"lab coat, laboratory coat"
1332815795,A little girl is swinging in a baby swing on the playground .,843,swing
1335519498,A toddler girl swings in a yellow child 's swing .,843,swing
133868556,This picture is of a young girl practicing gymnastics in a gym .,416,"balance beam, beam"
1341787777,"Brown dog on grass , drinking water spray from left side of frame .",211,"vizsla, Hungarian pointer"
134206,Baseball players are playing on a field in a stadium filled with people .,981,"ballplayer, baseball player"
1346051107,A man plays saxophone next to a yellow fire hydrant .,776,"sax, saxophone"
1346095724,A man with a red and black shirt sells fish .,467,"butcher shop, meat market"
1347001782,People strolling casually across a bridge .,839,suspension bridge
135235570,A man is being thrown a Frisbee in front of a monument and flags .,557,"flagpole, flagstaff"
1352398363,A boy is covered with marker .,842,"swimming trunks, bathing trunks"
1352410176,A blond girl is stepping on vertical logs in the sand .,460,"breakwater, groin, groyne, mole, bulwark, seawall, jetty"
1354131040,A gut wearing a plaid shirt with a mustache selling fish at a market .,118,"Dungeness crab, Cancer magister"
1355450069,A man is climbing up a wall,972,"cliff, drop, drop-off"
135911244,Two officers in uniform chatting in a golf cart .,515,"cowboy hat, ten-gallon hat"
135916133,"A man wearing a yellow shirt is riding a large riding lawn mower , which is spraying cut grass behind him ; pine trees are visible in the background .",621,"lawn mower, mower"
1362276354,A girl with animal earmuffs is making big bubbles .,971,bubble
136552115,A man jumping on his bmx with another bmxer watching .,671,"mountain bike, all-terrain bike, off-roader"
1365896144,A woman in blue and purple clothing playing pool .,736,"pool table, billiard table, snooker table"
136644343,A small boy in a horizontal tire swing .,843,swing
136644885,A woman wearing a white shirt and jeans crosses a rope bridge in a wooded area .,839,suspension bridge
136679463,A man is performing for a crowd on a tall unicycle .,880,"unicycle, monocycle"
1370293802,A chef with glasses cooks french bread in a giant oven .,766,rotisserie
138043357,A man is playing the banjo at a concert .,420,banjo
138235288,A blond woman with glasses shops at an outdoor market .,910,wooden spoon
1383840121,A brown dog laying on a blue cover .,211,"vizsla, Hungarian pointer"
13880312,Woman standing at a graduation event .,667,mortarboard
1389156021,Three young girls are taking part in martial arts .,430,basketball
1389651420,The small boy is excited he will be riding a go-cart .,573,go-kart
1393707375,Two women with dark hair play chess at a table while standing .,611,jigsaw puzzle
139539078,"One man in a uniform standing inside a school bus with the backdoor open , while another man sits on top of the boss wearing a similar uniform .",779,school bus
139719522,Two men working on a small engine on a dirt road .,491,"chain saw, chainsaw"
1397923690,A skier wearing a black backpack is making his way down a hill .,795,ski
1398606571,Girl with innertube in water,801,snorkel
1398766312,"A person is sitting behind a old , black Singer sewing machine with a note taped to their dress .",786,sewing machine
140407961,A man is pouring out the contents of his wheelbarrow .,428,"barrow, garden cart, lawn cart, wheelbarrow"
140732943,A man with long hair and a beanie is posing with a guitar .,402,acoustic guitar
141213544,Two women are standing in a store with a baby in a blue stroller .,788,"shoe shop, shoe-shop, shoe store"
141734985,Two kids with helmets on sitting outside while one looks down and the other straight ahead .,518,crash helmet
1417637704,Two children with brown hair in a trunk of a car .,785,"seat belt, seatbelt"
1418266617,A black and white dog jumps over a pole while splashing water around .,217,"English springer, English springer spaniel"
1424237335,Two smiling little blond girls in pink pants swing from a metal bar .,602,"horizontal bar, high bar"
1425013325,Two dogs are playing with each other on a beach by the ocean .,237,miniature pinscher
1429546659,A white dog with a branch in his mouth and a black dog .,176,"Saluki, gazelle hound"
143149186,A middle-aged man working in construction on CAT brand machinery .,561,forklift
1432196901,"Two female beach volleyball players , facing each other , prepare to strike the ball .",890,volleyball
1432411014,a man is admiring art .,611,jigsaw puzzle
1433088025,The man in the yellow pants is raising his arms .,842,"swimming trunks, bathing trunks"
1434155791,A parade drummer playing for the crowd .,541,"drum, membranophone, tympan"
1436661786,A man in a taxi waiting to go .,468,"cab, hack, taxi, taxicab"
1436832881,A red PlNe is flying by the queen Elisabeth 2 shooting out red smoke .,628,"liner, ocean liner"
143688283,A man with a white shirt and helmet is climbing a mountain .,775,sarong
1437408671,A man and a woman get married in a wedding ceremony .,982,"groom, bridegroom"
1443030135,A girl is playing in a house between a window and a stack of shelves .,655,"miniskirt, mini"
1445123245,Yorkshire Terrier plays with multicolor centipede toy .,201,"silky terrier, Sydney silky"
1453423744,A man drives a blue forklift through a crowd .,561,forklift
1454439103,A catcher and a pitcher of the same team talk on the pitcher 's mound .,981,"ballplayer, baseball player"
145721498,The kayaker braces himself as he goes down the river .,693,"paddle, boat paddle"
1457762320,Men in athletic clothing stand near bicycles .,671,"mountain bike, all-terrain bike, off-roader"
1459250022,A band of cellos and violins playing in front of a crowd at The Market Gallery .,486,"cello, violoncello"
1461329041,Two women riding tricycles .,870,"tricycle, trike, velocipede"
1463732807,A young boy makes a meditational pose on a swing .,843,swing
146577645,Man kayaking through rough waters .,693,"paddle, boat paddle"
146577646,Man in a kayak swimming in rough waters .,693,"paddle, boat paddle"
1466307485,A person in a safety vest pushing a truck .,609,"jeep, landrover"
1466307489,Three man in hi viz jackets are pulling attempting to pull a trapped four wheel drive car from a ditch .,609,"jeep, landrover"
1468103286,A New York Yankee holds up a bat .,981,"ballplayer, baseball player"
1468741099,A street performer 's drum beats gain many onlookers .,541,"drum, membranophone, tympan"
1472053993,A skier going down the snowy hill .,795,ski
1472882567,Four crosscountry skiers climb uphill .,795,ski
1473080948,A man kayaking through rapids .,693,"paddle, boat paddle"
1473618073,A boy on a green plastic swing .,843,swing
1478268555,A man wearing no shirt climbs a steep cliff .,972,"cliff, drop, drop-off"
1479857177,The scuba diver is underwater .,983,scuba diver
14799369,A young man is starting a barbecue while drinking beer in a wooded area .,544,Dutch oven
1480712062,A person in a scuba suit holds a very small lobster .,983,scuba diver
1481728325,A band of teenagers is performing .,486,"cello, violoncello"
14868339,Janitorial crew at a metro station,840,"swab, swob, mop"
1491192153,The adult is helping the child into the swing .,843,swing
149588792,"A man in black , on a city sidewalk , plays the accordion .",401,"accordion, piano accordion, squeeze box"
150387174,The man waeribng a helmet is riding a dirt bike over rocks .,671,"mountain bike, all-terrain bike, off-roader"
1505686764,a man in red shorts is walking along rocks by a river carrying a stick .,842,"swimming trunks, bathing trunks"
150582765,Woman with red curly hair taking pictures outside .,447,"binoculars, field glasses, opera glasses"
1508269285,The dog stands in the water next to the grass .,210,German short-haired pointer
151021636,Pastry chefs are lined up sorting pastries .,415,"bakery, bakeshop, bakehouse"
1510447859,A man dressed in red and white plays a banjo while others look on .,420,banjo
1519172943,A silversmith working with hot metal .,862,torch
152029243,A young man is in a stream with his dirt bike .,671,"mountain bike, all-terrain bike, off-roader"
1525153022,A black dog is running through the shallow edge of a large body of water .,236,"Doberman, Doberman pinscher"
1526325728,The large gray colored dog is jumping on the beach .,178,Weimaraner
153598671,Mother with two children is hanging laundry .,887,vestment
1536774449,Large crowd of people gathered together .,819,stage
153809771,Male musician playing an accordion wearing a leather jacket and hat on a boardwalk or pier .,401,"accordion, piano accordion, squeeze box"
1552065993,A dog is running in a field .,172,whippet
155215518,Young female child swinging in a swing with a sippy cup .,843,swing
155221027,Two people parachutes into a field .,701,"parachute, chute"
1554713437,A gray dog walks on top of a fallen tree in the woods .,178,Weimaraner
1557838421,There are two dogs playing with each other .,172,whippet
1558872760,A man stooping and holding a violin outside .,889,"violin, fiddle"
1559295897,Man with long-sleeve black shirt and blue pants fishes from a bank .,758,reel
1560281711,Kid standing and looking determined in the playground,843,swing
1561658940,Girl wearing pink pants smiles in baby swing,843,swing
156204899,"Two men are underwater with SCUBA gear , sitting together on the bottom of a pool .",983,scuba diver
1562478333,The man is setting up a tent on the shore near the ocean .,672,mountain tent
1562478713,A man sits on the beach outside his tent and makes something to eat .,672,mountain tent
156642718,A little girl sitting on the floor holding a guitar handles .,741,"prayer rug, prayer mat"
156967462,Two gray dogs and a black dog playing in a pond under an overpass .,223,schipperke
157139628,A man is spraying a fluid from a long hose at the beach .,977,"sandbar, sand bar"
157308126,Arm-strokes from swimmers who are racing in the pool .,433,"bathing cap, swimming cap"
157397733,A large group of people in red soldier jackets are standing in lines outside .,439,"bearskin, busby, shako"
157747588,A group of people are standing around a water fountain getting wet .,562,fountain
157875980,A man in a top hat is playing the accordion on the side of a city street .,401,"accordion, piano accordion, squeeze box"
1579798212,a child is laying in a bubble bath holding a yellow scrubbing brush up to his mouth as if singing into a microphone .,929,"ice lolly, lolly, lollipop, popsicle"
1580359117,A guy in the kitchen points to his new pasta creation,411,apron
1584315962,A man holds a flag next to a snowbound campsite .,672,mountain tent
15859665,A child playing on a plastic horse .,870,"tricycle, trike, velocipede"
1590016063,Several young women walking along a beautiful hallway,884,vault
1595300147,An man in a blue shirt sits atop a horse drawn cart filled with hay .,603,"horse cart, horse-cart"
15965185,Group of men sitting at a table turn to have their picture taken .,762,"restaurant, eating house, eating place, eatery"
1597319381,Boys soccer teams playing a game .,805,soccer ball
1598809111,There are people shopping in a store .,778,"scale, weighing machine"
1601783524,Women sitting on a bench waiting for her laundry,897,"washer, automatic washer, washing machine"
160500826,"One woman walking across the street , another on sidewalk .",523,crutch
161347959,a woman plays guitar on the beach .,402,acoustic guitar
1614698671,A man is working in a shop with donuts .,415,"bakery, bakeshop, bakehouse"
161669933,A motorcycle driver swerves to the left .,518,crash helmet
16396193,Two men are cooking outside in a field with trees in the background .,544,Dutch oven
164428441,A man is helping a small child get on a train .,547,electric locomotive
165764051,"A boy in a green baseball jersey with yellow lettering , lunges forward , his baseball mitt open and ready to receive the approaching baseball .",429,baseball
1659358141,A brown dog walks in the grass with its tongue hanging out .,178,Weimaraner
166174352,"Three women in pink dresses , standing on grass , are holding flowers on a sunny day .",982,"groom, bridegroom"
166321294,A motorcyclist on a red speed bike leans into a sharp turn .,518,crash helmet
16639719,Some people are gathered around a fire .,862,torch
166433861,A motorcyclist on the street .,518,crash helmet
16653104,Man uses inflatable toy to play a lawn game .,522,croquet ball
166654939,Race cars are racing each other on a dirt racetrack and the green one is in the lead .,751,"racer, race car, racing car"
167001809,A firefighter sprays water onto a gigantic pile or burning ash that includes flames and dark smoke .,980,volcano
167285940,A man with an angry expression is drinking a large glass of beer .,441,beer glass
1673433891,A grinning man is just about to drill a hole into a pumpkin lying on a table .,740,power drill
1679732375,Two men sitting on a bench between two trees overlooking an Autumn landscape .,703,park bench
1680126311,A child is hitting a soccer ball with their chest .,805,soccer ball
1682079482,A toddler in a pink shirt in a bucket swing .,843,swing
1683695914,A group of people are sitting at a table eating .,762,"restaurant, eating house, eating place, eatery"
1691038839,Two fully geared children participate in ice hockey .,746,"puck, hockey puck"
1703971772,Two girls on tricycles are riding around a concrete area that resembles part of a maze .,870,"tricycle, trike, velocipede"
170525554,Man taking a picture in a crowd of people .,447,"binoculars, field glasses, opera glasses"
170737141,A woman pushing two children are walking beside a large train .,820,steam locomotive
171822522,A boy kicking a soccer ball and other kids waiting in line .,805,soccer ball
173020287,"A man stands with his arm up in the air , holding a stick , while a dog jumps up .",225,malinois
174056037,A baby is sitting on a floor and holding a vacuum cleaner hose .,882,"vacuum, vacuum cleaner"
1752454466,This dog is done running down the yellow board .,217,"English springer, English springer spaniel"
1771490732,Uniformed children playing soccer,805,soccer ball
1772859261,A dog swims .,195,"Boston bull, Boston terrier"
177351658,A man with a microphone reads from a piece of paper as he stands in front of two men holding tubas .,566,"French horn, horn"
179122558,A Scottish bagpipe group is standing in a circle in their attire .,439,"bearskin, busby, shako"
179486571,Man in an orange shirt with tattoos walking two large poodles .,267,standard poodle
1797436026,Three hockey players struggle with the puck in front of the goal .,746,"puck, hockey puck"
1799188614,A young boy is walking towards a seagull on the shoreline of a beach .,842,"swimming trunks, bathing trunks"
1799271536,A brown and black dog runs down a sandy beach .,172,whippet
180094434,three kids playing around a fountain,562,fountain
1801697440,A man in white shit uses laptop nest to a large monument .,873,triumphal arch
1801874841,A brown dog is staring closely at a sleeping brown and white dog .,201,"silky terrier, Sydney silky"
1805628702,A man in a purple getting his haircut with a giant blow dryer faced towards him .,589,"hand blower, blow dryer, blow drier, hair dryer, hair drier"
18056405,"Man sitting on a bench , reading a book .",879,umbrella
1807169176,A group of people sit around a blazing fire at night .,862,torch
1810651611,A little girl in a dress with pink flowers swings on a red-seated swing .,843,swing
1813266419,A child in a striped shirt gleefully plays among some water fountains .,562,fountain
181343499,People sitting on the steps and walking in front of a yellow building with white columns .,880,"unicycle, monocycle"
1814372530,"Four young men , one fully dressed and seated , and three in black swim trunks - two standing , one seated - are on a pier with brightly painted railings .",842,"swimming trunks, bathing trunks"
181876171,A man in glasses wearing a military style cap and a jacket with medals is waving his right hand and sits in front of another waving man in military dress .,652,military uniform
182013889,A man driving down the street in an old fashioned fire engine waves at onlookers during a parade .,661,Model T
182246705,"A child , carrying a closed blue umbrella , is walking with another child who is under a yellow umbrella , on a muddy path .",879,umbrella
1844580277,"A baseball player with "" Tulowitzki "" on the back of his shirt is catching a ball thrown by a man in a black jacket .",981,"ballplayer, baseball player"
1847245312,A man is talking too a girl on a baseball field .,981,"ballplayer, baseball player"
185368429,Two boys in black swimming trunks are holding another boy by his arms and legs on a beach .,842,"swimming trunks, bathing trunks"
186348874,A group of bicyclists riding down a path in an off road race .,671,"mountain bike, all-terrain bike, off-roader"
1865794069,A little boy is playing soccer at a field .,805,soccer ball
186758532,A young boy jumping up and down holding a fishing net .,842,"swimming trunks, bathing trunks"
187347143,Children are canoeing on a beautiful lake .,472,canoe
1874497944,Two men in blue uniforms and green workman vest .,768,rugby ball
1874530310,Three men in same colored vests are in the outdoors .,830,stretcher
1875237930,"Three women are playing volleyball , the woman in blue has hit the ball over the net .",890,volleyball
1877161207,Two women are sitting in ditches of dirt with two buckets and a purse close by .,463,"bucket, pail"
189400451,A crowd of people are walking past an old archway .,873,triumphal arch
1897067588,A woman in a green shirt is welding .,726,"plane, carpenter's plane, woodworking plane"
19023618,A man in a light green shirt is riding in a light green street cleaning type vehicle .,561,forklift
190638179,Man standing on a dirt hill next to a black jeep .,609,"jeep, landrover"
191652362,"Two women , wearing hats , sunglasses , and gloves , wave goodbye .",457,"bow tie, bow-tie, bowtie"
1925086298,A woman helping another woman out with a website on a computer .,624,library
192786590,A bride and groom stand outside a building .,982,"groom, bridegroom"
1928789813,People are gathered around tables in a restaurant .,762,"restaurant, eating house, eating place, eatery"
193082928,A pitcher from a Houston baseball team is mid-throw .,981,"ballplayer, baseball player"
1931690777,Four boys in swim trunks jump into a swimming pool .,842,"swimming trunks, bathing trunks"
193596775,A red-haired woman talking on the phone while petting a brown and tan dog .,214,Gordon setter
1945930488,A guy wearing a green tank top and sunglasses talks into a microphone .,650,"microphone, mike"
194704310,Construction workers in hard hats building a house .,634,"lumbermill, sawmill"
1947255786,Four children hover over a recipe for soup in a cooking competition .,918,"crossword puzzle, crossword"
195137262,A group of five people having lunch at a picnic table in a park .,412,"ashcan, trash can, garbage can, wastebin, ash bin, ash-bin, ashbin, dustbin, trash barrel, trash bin"
1956944011,"The child in white is on the monkey bars , while the one in brown stands below .",602,"horizontal bar, high bar"
1965278563,A golden haired dog is lying in a boat that is traveling on a lake .,472,canoe
197107117,A mountain climber looks down from the summit,649,"megalith, megalithic structure"
197142902,A man and woman blow bubbles .,971,bubble
197310292,A dark-skinned man wearing a white smock and cutting up meat .,467,"butcher shop, meat market"
1977827746,A young boy and girl sit in a wagon eating corndogs .,843,swing
199413509,A little old woman peaks out from behind the blue doorway and three pairs of plastic sandals .,539,"doormat, welcome mat"
19986766,A graduating student in robes speaks to a professor .,400,"academic gown, academic robe, judge's robe"
2003663004,Greenbay football player is being handed a towel on the field .,560,football helmet
200771289,The backs of two men wearing backpacks near some tents .,465,bulletproof vest
200778628,A boy in purple shorts in playing with a soccer ball in front of a picnic table .,805,soccer ball
202029988,Five colorful hot air balloons are grounded and people are repairing them .,417,balloon
2021602343,A young boy shows off his basketball skills,430,basketball
2021613437,A boy wearing a Steve Nash shirt dribbles a basketball on an indoor court .,430,basketball
202174343,A person in a pink shirt and a blue helmet climbing a rock wall .,972,"cliff, drop, drop-off"
2022338217,A person in black parachutes down to the ground with the american flag,701,"parachute, chute"
2022443431,Someone is parachuting down and almost touching the ground .,701,"parachute, chute"
2023529314,Man enjoying life while skydiving,701,"parachute, chute"
20249851,A young boy sleeps in his car seat .,785,"seat belt, seatbelt"
2032982693,The dark streets are wet .,920,"traffic light, traffic signal, stoplight"
2036080069,Two women are standing close to each other wearing dark uniforms and white hats .,652,military uniform
2039457436,A woman in a cowboy outfit climbs over a wire fence with onlookers from a porch behind her .,515,"cowboy hat, ten-gallon hat"
2040122955,"A man wearing a dark jacket looks into a mirror while rubbing shaving cream on his chin and cheek , as another man looks on from the background .",965,burrito
2044172209,A pharmacist wearing a white lab coat is filling prescriptions .,617,"lab coat, laboratory coat"
2045023435,A brown dog reaches for a tennis ball .,178,Weimaraner
2045127186,A girl plays in the snow by making a snow angel .,795,ski
2047030603,A man with glasses and black coat pushing a cart full of bags on a travelator .,728,plastic bag
2052953131,A person wearing a red jacket climbs a snowy hill .,795,ski
2053006423,Shirtless man on high cliff with back to camera .,972,"cliff, drop, drop-off"
2053733930,"Ski equipment , left alone on snowy ski slope .",802,snowmobile
205404905,Workmen digging a trench .,830,stretcher
2056041678,The person is in the snowy mountains .,970,alp
2057262566,"A man in a white button down shirt standing in a family kitchen is using a fork and knife to cut the leg off of a cooked turkey , as the hand of another person holds the turkey still .",766,rotisserie
2057305043,The purple parachutes floats off the cliff toward the gray ocean below .,701,"parachute, chute"
2058091220,a man parachutes into the desert .,701,"parachute, chute"
2058124718,two brown dogs play .,178,Weimaraner
206051614,Man leaning on desk listening to someone on phone .,528,"dial telephone, dial phone"
2061144717,A man and child stand at the bottom of an outdoor staircase near benches .,646,"maze, labyrinth"
2064792226,Two people ridding a colorfully decorated bicycle .,880,"unicycle, monocycle"
2066691122,A man with glasses vacuuming his lawn .,621,"lawn mower, mower"
2066986243,A man in a white jacket is checking the blood pressure of a lady .,823,stethoscope
2068465241,A little girl in a blue and pink outfit is walking on a balance beam with the aid of woman standing to her left .,416,"balance beam, beam"
2072040759,Three black men and a black woman relax around a fallen tree .,775,sarong
207225205,A woman laughing in her colorful outfit .,614,kimono
2074557615,A group of motorcycle riders gather on a street .,670,"motor scooter, scooter"
2076208076,Two women cross the street together .,655,"miniskirt, mini"
208053776,a group of people sit behind a chain-link fence .,489,chainlink fence
20805896,A young man with a beard and a young man with glasses lying in an oversized chair together with a comforter over them .,797,sleeping bag
2082663150,A man in glasses holds up his dog .,259,Pomeranian
2085255128,A boy high in the air above the dirt and water near the red rock cliffs .,972,"cliff, drop, drop-off"
2085557551,a girl in a tan shirt holding up a fork and knife in one hand and a pot in the other,813,spatula
2086534745,A man in a yellow boat paddling down rough waters .,693,"paddle, boat paddle"
2087423271,A man sitting down in a bar with a woman behind him resting her arm on his shoulder and holding her drink .,441,beer glass
2087954558,Religious leader is being escorted to his thrown .,439,"bearskin, busby, shako"
2088052469,"Two men in costumes with fake carrot noses , top hats , sunglasses and white fur coats that contain white electrical lights .",552,"feather boa, boa"
208820195,"Man performing , playing an instrument for a crowd .",566,"French horn, horn"
2090723611,one dog standing in some grass with his tongue hanging out and a tan dog in the background,261,keeshond
2090997177,A small black dog running across the sand .,199,"Scotch terrier, Scottish terrier, Scottie"
2092480356,A cat watches as a man in a long-sleeved shirt and boxer shorts carves a pumpkin .,607,jack-o'-lantern
2095078658,The German Shepherd is running through the white snow .,235,"German shepherd, German shepherd dog, German police dog, alsatian"
2095949968,A toddler peeking into a front loader dryer .,897,"washer, automatic washer, washing machine"
2096485764,A man sitting in a barber shop .,424,barbershop
2096630557,"Two black guys , that are on rival teams playing basketball .",430,basketball
2096771662,Two men look out as one is holding binoculars .,447,"binoculars, field glasses, opera glasses"
20977655,Five men stand in a line in front of a red curtain .,854,"theater curtain, theatre curtain"
209803062,A female tennis player stands in a ready position .,752,"racket, racquet"
2098174172,A hiker is standing in before the mountain holding two walking sticks .,970,alp
210126070,A boy without a shirt on is jumping in the air almost upside down .,842,"swimming trunks, bathing trunks"
2102030040,A woman skier smiles for the camera while on a snowy slope .,795,ski
210625425,"A blue Jeep drive into deep , muddy water .",609,"jeep, landrover"
2113694192,A little boy all bundled up in a blue and red snowsuit sitting on pile of snow next to a shovel .,792,shovel
2114739371,"Brown and tan dog , mouth open with tongue hanging out , running in the grass .",235,"German shepherd, German shepherd dog, German police dog, alsatian"
211640856,People walking around a forklift .,561,forklift
2117004715,A little girl peers out from a woven basket .,843,swing
2117596127,Pigeon staring at a woman in black boots sitting on a park bench reading a paper .,703,park bench
2119206841,A woman is helping a baby stand up .,697,"pajama, pyjama, pj's, jammies"
2119660490,The dog is laying on its back near a green ball .,211,"vizsla, Hungarian pointer"
21214696,Two young men in a boat heading away from a larger boat with a single man on it .,814,speedboat
2123838998,People playing instruments on the street while dressed as Santa Claus .,401,"accordion, piano accordion, squeeze box"
2127566743,A band performing in front of a group of fans .,819,stage
2127570593,The guy in the striped shirt is pointing .,819,stage
2128327566,A band playing for a small crowd .,819,stage
213344147,Several people are hanging out on a pier at low tide on a cloudy day .,718,pier
2135502491,Large St Bernard dog wearing red collar galloping through the snow .,247,"Saint Bernard, St Bernard"
213973239,A young girl is holding a chicken .,7,cock
2142526754,Family in a living area playing a board game .,611,jigsaw puzzle
214417276,A woman in a bridal dress is being walked in with a man in a skirt .,982,"groom, bridegroom"
2147876139,Some women are putting candles on a cake made of Marshmallow Peeps .,470,"candle, taper, wax light"
2148695079,Two white dogs walk through a huge bank of mountain snow .,257,Great Pyrenees
21514026,A lady in a long black dress is standing in a room with tables and chairs holding her arms behind her back .,762,"restaurant, eating house, eating place, eatery"
215529821,Woman standing at an ATM in a casino .,480,"cash machine, cash dispenser, automated teller machine, automatic teller machine, automated teller, automatic teller, ATM"
215529847,A woman in a white shirt with brown hair and glasses views the screen of an arcade game as she holds her hand near her face .,800,"slot, one-armed bandit"
2156331904,Two soccer players walk on the soccer field .,981,"ballplayer, baseball player"
215876547,A man sits in the back of a boat that is grounded on the shore of a large body of water .,472,canoe
215978818,Three children are playing in a water fountain .,562,fountain
216308314,Two men riding scooters through an office .,523,crutch
2169788484,Two people are sitting fishing on striped beach chairs in a body of water .,758,reel
217013833,A little girl is looking through the window .,905,window shade
2170187328,There is a kid jumping off a diving board into a pool .,842,"swimming trunks, bathing trunks"
2171891283,Two dogs walking through nature .,242,boxer
2172493537,Three children are playing at a sprinkler park .,562,fountain
2173312932,A brown dog is in the middle of a line of dogs chasing a dirty tennis ball over dirt .,184,Irish terrier
217388728,"A dirt biker soars above green trees with a blue , slightly cloudy sky in the background .",671,"mountain bike, all-terrain bike, off-roader"
2175980524,Little boy in his bathing suit tentatively preparing to step in the rocky-lined stream .,842,"swimming trunks, bathing trunks"
2176229181,"A large crowd of people sit in chairs , on the ground , and in bleachers in an auditorium .",819,stage
2178306830,A S.C.U.B.A. diver swims in deep blue water .,983,scuba diver
2180886307,a dog swimming through the water,2,"great white shark, white shark, man-eater, man-eating shark, Carcharodon carcharias"
2182575588,"A few people , mostly girls , sit around a table at a very fancy event as they get their pictures taken .",762,"restaurant, eating house, eating place, eatery"
2183468990,a nice newlywed couple .,982,"groom, bridegroom"
2183967273,A small dog laying on a stuffed animal in front of a TV,201,"silky terrier, Sydney silky"
2185734339,"A young girl dressed in a purple leotard , practicing on a gymnastics balance beam .",416,"balance beam, beam"
2187904131,Some skiers at a resort .,795,ski
2190137367,A man tries to get a toy away from a small dog .,201,"silky terrier, Sydney silky"
2191598990,Two girls are sleeping on a floor mat in an apartment or house .,797,sleeping bag
2192131110,A person swinging on a swing,843,swing
2192411521,A bearded man wearing a bandanna is pointing his finger whilst riding a bicycle .,880,"unicycle, monocycle"
2194450229,A female tennis player on a blue court prepares to hit the ball .,752,"racket, racquet"
2194466679,A woman in a pink outfit is about to serve a tennis ball .,752,"racket, racquet"
2194797921,The girl in the brown shirt is hanging onto a blue pole .,890,volleyball
2194806429,"Two girls on a tandem bicycle , looking at wall art .",444,"bicycle-built-for-two, tandem bicycle, tandem"
2195256068,A woman with a white dress is playing tennis .,752,"racket, racquet"
2197587684,A woman in blue shorts and white shirt holds a tennis racket on a blue tennis court .,752,"racket, racquet"
2198484810,A dog runs through an obstacle course .,211,"vizsla, Hungarian pointer"
2199932695,A small child wearing the colors of the American flag is shoveling snow from the front steps .,792,shovel
2200901777,A girl with a Gonzaga sweatshirt and red beads smiles .,841,sweatshirt
2201122447,Three photographers with their cameras and tripods set up indoors in a high-traffic area .,872,tripod
2201480583,Seven adult sit around a barbecue laden with food .,544,Dutch oven
2202443907,A woman in jeans looks through a telescope situated in front of a body of water .,872,tripod
2202625355,People swimming and jumping into a lake .,842,"swimming trunks, bathing trunks"
2203398833,An apparently elderly person is sweeping a slate patio while wearing a straw wide-bimmed hat and light-blue baggy clothing .,523,crutch
2204545235,A child with extra large goggles getting out of a pool .,434,bath towel
2205328215,A woman is riding a bicycle through a forest .,671,"mountain bike, all-terrain bike, off-roader"
2205915732,A man in an apron smiles by a table .,411,apron
2205958052,A kid sitting in a window of a yellow taxi,468,"cab, hack, taxi, taxicab"
2206284983,A man stands on his canoe as he guides his boat down the mountain ringing waterway .,693,"paddle, boat paddle"
220631119,A woman spikes a volleyball as the opposing player tries to block the ball .,890,volleyball
2208250764,An African American child runs after a basketball while in game with opponents .,430,basketball
2208652989,A policeman on a white horse are patrolling the streets of the city .,603,"horse cart, horse-cart"
2209496328,A white dog swims through the water with a red toy .,208,Labrador retriever
2210059361,Four people in sunhats are sitting and talking together on the sand of the ocean shore .,977,"sandbar, sand bar"
2210368267,A girl in a pink shirt jumping from one couch to another in a well apportioned living room .,416,"balance beam, beam"
2212734287,"A man wearing sunglasses and a blue jacket with a patch of the Korean flag on the left side of the jacket is sitting in a car , asleep .",785,"seat belt, seatbelt"
2213762298,Man plays a saxophone outside a store .,776,"sax, saxophone"
2215136723,A toddler in a red jacket is balancing on top of snow .,795,ski
2215165918,"Dog in water , looking over shoulder at camera .",172,whippet
2215305500,A woman wearing a black coat and a gray scarf walks down a city sidewalk carrying two bags .,824,stole
2215767852,Oranges and apples are for sale at a produce stand .,950,orange
2215875786,Woman sweeps the area in front of a store .,840,"swab, swob, mop"
2216695423,Four dogs play together outside with sticks .,169,"borzoi, Russian wolfhound"
2218334049,A black dog is standing outside in the dark of night .,236,"Doberman, Doberman pinscher"
2218519240,A man wears a clear plastic cap and face mask .,793,shower cap
2220612655,The dog is running in a field .,217,"English springer, English springer spaniel"
2222944983,A number five skier from France is completing a turn .,795,ski
2222976136,A vendor with a blue shirt is selling bananas .,954,banana
222310878,a man in monks robes looking down the street from his viewpoint on the sidewalk .,879,umbrella
222369445,Man in green swim trunks carrying a surfboard along a rock wall to the ocean .,460,"breakwater, groin, groyne, mole, bulwark, seawall, jetty"
2225642606,Two men move dirt around a young tree .,792,shovel
222635053,A woman in a gas mask is using a sewing machine .,786,sewing machine
2226898412,A person and a bull are standing in a grassy plain with trees in the background .,346,"water buffalo, water ox, Asiatic buffalo, Bubalus bubalis"
2228329399,a train engine with a water tower in the background .,820,steam locomotive
222867549,A young boy in his pajamas asleep on a couch .,697,"pajama, pyjama, pj's, jammies"
2230067846,Two boys hold their feet in their hands while balancing on one foot .,768,rugby ball
2230503574,A early-bald man puts on a carved wooden mask .,643,mask
2230871228,A woman in a black shirt and red apron is preparing food .,762,"restaurant, eating house, eating place, eatery"
2231052760,Two People enjoy the Ocean while under an umbrella .,879,umbrella
2235220530,Resident man shovels a path of snow from his house .,792,shovel
223864886,One woman painting the other one 's face for a carnival .,643,mask
224026428,A young boy stands and watches a British guardsman .,439,"bearskin, busby, shako"
2240785083,An old woman walking along a sidewalk with buildings that are littered with graffiti .,840,"swab, swob, mop"
2240975290,Two little league soccer teams playing a game of soccer .,805,soccer ball
2242178517,A toddler shovels a snowy driveway with a bright orange shovel .,792,shovel
2242559074,A guy in a plaid shirt is playing in the garage .,722,ping-pong ball
2242863004,A dog with a red ball .,235,"German shepherd, German shepherd dog, German police dog, alsatian"
224369028,a young blond girl standing in front of a large fenced in fountain,562,fountain
2245916742,A man stands between to large sculptures on a field .,649,"megalith, megalithic structure"
2246717855,Three people in an Asian transportation station are all focused on their cellphones .,568,fur coat
2249688223,Three women in black outfits hold black umbrellas and signs while a man stands by .,752,"racket, racquet"
2249865945,A white dog in a black coat is standing in the snow .,200,"Tibetan terrier, chrysanthemum dog"
2250713748,A crowd of people are in the streets and some have torches .,862,torch
2250750713,A couple of people have finished shoveling a path .,792,shovel
2250870111,A person wearing jeans and a brown coat is reading and smoking on the sidewalk by a road covered with dirty snow .,792,shovel
2251575301,A group of people are standing around near a street .,608,"jean, blue jean, denim"
2251747182,"A young boy , playing basketball , is getting ready to take a shot .",430,basketball
2252299187,A band performs music for a crowd of people .,819,stage
2253091968,A woman in pink is riding a bicycle while a man jogs beside her .,444,"bicycle-built-for-two, tandem bicycle, tandem"
2255685792,"Three people stand , ready to ski , next to a no skiing sign .",795,ski
2256231539,A child holds a football and runs from other children .,768,rugby ball
2258662398,A kid on a surfboard riding a small wave .,693,"paddle, boat paddle"
225909073,German shepherd running in ocean surf,235,"German shepherd, German shepherd dog, German police dog, alsatian"
2260369648,Two Asian girls in green and yellow band uniforms are facing each other .,439,"bearskin, busby, shako"
2260560631,A dog jumps over a stick in a forest .,182,Border terrier
2263655670,Two dogs run and play in the long dry grass .,163,"bloodhound, sleuthhound"
2264439641,A brunette woman holding a little girl dressed in pink is kneeling next to a grazing white and brown llama in the foreground of a hilly community .,355,llama
2265100168,A pale boy playing in a pit of blue balls .,417,balloon
2266019996,A snowboarder posed mid-jump .,795,ski
2268986632,"Two men sitting on a couch , playing music together .",402,acoustic guitar
2269021076,a girl wearing a pink scarf and pink bellbottoms riding her bike outside .,716,"picket fence, paling"
2269795781,Miami tennis player hits the ball with a forehand .,752,"racket, racquet"
2270885646,Defensive football players in green tackle the ball carrier .,560,football helmet
2270955453,People eating at a chinese restaurant .,762,"restaurant, eating house, eating place, eatery"
2271099293,A man performing saxophone on the street .,776,"sax, saxophone"
2271667421,Several crosscountry skiers following a trail .,795,ski
2271755053,The boy is playing basketball .,430,basketball
2271955077,A snowboarder is in the middle of a jump with one hand raised .,795,ski
2272489996,Two white and black dogs running in the grass .,217,"English springer, English springer spaniel"
2272491304,Five people skiing on snow covered slopes .,795,ski
2272548482,"A boy holds a basketball during a game , while others watch .",430,basketball
2272750492,A snowboarder with brown pants .,795,ski
2273591668,"Two brown dogs wearing orange collars are running through some tall grass , one carrying an orange item .",178,Weimaraner
2273799395,A group of people hike in skis .,795,ski
227533659,"A middle-aged man wearing gray pants , a gray t-shirt , and a white cap is high on a ladder , helping to construct a grass hut .",853,"thatch, thatched roof"
2279380309,a produce market held inside a large white walled building .,582,"grocery store, grocery, food market, market"
2279380619,An umbrella-shaded vegetable market with customers and workers about .,582,"grocery store, grocery, food market, market"
2279432034,An orchestra plays in an ornate hall .,594,harp
2279894890,The man in the barber shop is holding up his hand .,424,barbershop
2279906281,The man has his white shirt off on a green field .,981,"ballplayer, baseball player"
2281054343,A silhouette of a man in a hat on a busy city street .,515,"cowboy hat, ten-gallon hat"
2282600972,Two men stand on skis and look to a snowy mountain to the right .,795,ski
2283966256,A dog with a snub nose smells for something on a riverbank .,243,bull mastiff
2284991229,A group of men sit around a table that has empty bottles on it .,762,"restaurant, eating house, eating place, eatery"
2285152690,A basketball player in a duke uniform looks up .,430,basketball
2285570521,A man is hiking on a snow-covered trail .,795,ski
2286239223,A man and a woman on a bench .,652,military uniform
2286270205,A tan dog is walking along snow to water .,207,golden retriever
2288530008,A train blowing smoke .,820,steam locomotive
2288988751,Two men pose for a photo while listening to live music .,424,barbershop
2289754578,"A woman in a long black dress playing the violin with a black man in a striped shirt , while the other band member with guitar plays along .",889,"violin, fiddle"
2290330500,A woman plays volleyball .,890,volleyball
2290556804,Dad and a child lay outdoors on a blanket .,797,sleeping bag
2291511815,Three little kids on tricycles race downhill .,870,"tricycle, trike, velocipede"
229189301,man balancing clear ball on the back of hand,768,rugby ball
2292406847,A man rows his boat below .,576,gondola
2292621342,A group of people riding horses in green vests .,603,"horse cart, horse-cart"
22926817,A man and a woman in a blue dress are playing tennis .,752,"racket, racquet"
22928793,A woman in a T-shirt and shorts walks with a racket on a tennis field .,752,"racket, racquet"
22930048,A woman in an orange outfit is holding a tennis racket .,752,"racket, racquet"
2293424366,The boy in the royal blue basketball uniform is dribbling the ball down court .,430,basketball
2295750198,A warmly dressed girl kicks up her leg outdoors .,843,swing
2299427360,A dog runs through green grass with a tennis ball in its mouth .,852,tennis ball
2300229745,A brown and white dog runs through a grassy area .,217,"English springer, English springer spaniel"
23008270,A woman with a tennis racket about to swing at a ball .,752,"racket, racquet"
23008340,"A female tennis player stands on a court , looking away from the ball .",752,"racket, racquet"
23008408,"In an athletic stance , the woman awaits the tennis ball .",752,"racket, racquet"
2300920203,A fluffy dog looking at a yellow chew toy .,202,soft-coated wheaten terrier
23010569,Girl in a pink polo shirt and short gray shorts playing tennis while men watch .,752,"racket, racquet"
2301155278,"A tow-headed toddler in a brown shirt and black pants is walking down a stone path in the middle of an indoor greenhouse , surrounded on both sides by green leaves and flowers .",580,"greenhouse, nursery, glasshouse"
23012662,A blond girl in a tennis uniform walks toward the other side of th court .,752,"racket, racquet"
23015660,A young woman tennis player dressed in black carries many tennis balls on her racket .,852,tennis ball
23016221,The girl in yellow shorts and white jacket has a tennis ball in her left pocket .,752,"racket, racquet"
23016250,A young woman plays tennis while wearing a yellow outfit .,752,"racket, racquet"
23016347,"A girl in a yellow tennis suit , green visor and white tennis shoes holding a tennis racket in a position where she is going to hit the tennis ball .",752,"racket, racquet"
23017628,A woman in a white tennis outfit playing tennis .,752,"racket, racquet"
23018379,Two female tennis players smile .,752,"racket, racquet"
23018702,A young lady in white holding a tennis racket,752,"racket, racquet"
2302336943,A woman in a long coat passes by a statue of a woman on her knees kissing a child on the top of his head .,568,fur coat
2302516347,A man and a woman looking at a photograph kiosk .,480,"cash machine, cash dispenser, automated teller machine, automatic teller machine, automated teller, automatic teller, ATM"
230486268,A little boy is kneeling looking at his yellow shovel,792,shovel
2308108566,Dirt bike rider riding down the slope .,671,"mountain bike, all-terrain bike, off-roader"
2310126952,A sled dog team running from the perspective of the rider .,537,"dogsled, dog sled, dog sleigh"
2311690895,A person has his or her hands in a dog 's mouth .,178,Weimaraner
2312746782,A girl stands behind a boy in a swing .,843,swing
2314722788,Two dogs confront each other in the middle of a field,243,bull mastiff
231673877,A guy holding onto a tight fishing pole while on a boat fishing .,758,reel
2317276332,A group of seated men have coffee around two tables .,532,"dining table, board"
2319197581,A white dog running across the snow,258,"Samoyed, Samoyede"
2319917704,"A man , surrounded by several other people , sits at a large pipe organ inside a church .",687,"organ, pipe organ"
2319963351,"There are two men and a woman in church , the woman is in the back and the men are next to a piano .",687,"organ, pipe organ"
2319973991,One guy playing his instrument .,566,"French horn, horn"
2321833466,A man in a green jacket and black hat stands with his mouth open .,515,"cowboy hat, ten-gallon hat"
2321865325,A black and white puppy with ears straight up is running .,263,"Pembroke, Pembroke Welsh corgi"
2322797357,A guitar band is playing on stage .,819,stage
2323167250,A man standing at the top of a plastic chair eye bulling the different kind of hats,788,"shoe shop, shoe-shop, shoe store"
2324565145,Two people wearing sleep masks sleep beside an ATM machine .,480,"cash machine, cash dispenser, automated teller machine, automatic teller machine, automated teller, automatic teller, ATM"
232501417,A large crowd is enjoying a concert .,819,stage
2328106090,A young man rides a unicycle down a sidewalk .,880,"unicycle, monocycle"
232874193,a brown and black dog running through a grassy field,214,Gordon setter
2331510788,A brown dog plays in the snow .,178,Weimaraner
2332390060,A girl jumps while dancing on stage .,854,"theater curtain, theatre curtain"
233270519,Man in a bathing suit holding a paddle on the beach,842,"swimming trunks, bathing trunks"
2337377811,A little girl in a pink hat walks in the snow .,792,shovel
2337757064,A person with a yellow hat holding a fishing pole in the grass by water,621,"lawn mower, mower"
2337825352,A man in a sports uniform is being held up in the air by others with a ball held up over his head .,768,rugby ball
2339140905,A woman wearing a yellow jacket traversing on skis .,795,ski
2339533906,A team of women rollerbladers in black uniforms .,615,knee pad
2340568853,"Three girls dressed alike in plaid skirts and hats , green sweaters , and blue knee socks walk together .",655,"miniskirt, mini"
2341245764,"One black man , outside , painting blue letters on a white wall that is part of a building .",424,barbershop
2341565486,A running girl prepares to kick a soccer ball .,805,soccer ball
2341594530,Young girls playing soccer in a field .,768,rugby ball
2341755936,A girl running outside playing with a pink soccer ball .,805,soccer ball
234265703,4 people standing next to a fire cooking a meal,544,Dutch oven
2344186101,A tourist snorkels above a coral reef .,801,snorkel
2344412916,A man Rollerblades in a park .,880,"unicycle, monocycle"
2345386817,A swimmer competing doing the butterfly stroke .,433,"bathing cap, swimming cap"
2345391999,A young college man wearing a white cap and blue goggles is getting ready to swim in a race .,433,"bathing cap, swimming cap"
2345984157,A brown dog shakes off water after exiting a natural pond .,178,Weimaraner
235065283,A man in ice climbing gear holds a rope .,795,ski
2351153998,A man with black hair and glasses is holding a camera on a tripod .,872,tripod
2351762979,A girl climbing a chain link fence .,489,chainlink fence
2353088412,A brown dog with a toy duck in its mouth runs through snow while a black dog chases it,205,flat-coated retriever
2353504999,Many people are seated in a well decorated hall .,762,"restaurant, eating house, eating place, eatery"
2354792215,"Children playing soccer , one in the process of kicking the ball .",805,soccer ball
2355763034,A woman in a red uniform is playing the flute .,439,"bearskin, busby, shako"
2358561039,"The dogs are pulling a man on a type of bike , through the snow .",537,"dogsled, dog sled, dog sleigh"
236095031,A young boy rock climbing .,972,"cliff, drop, drop-off"
236223192,A group of dark-haired men in red t-shirt plays drums .,541,"drum, membranophone, tympan"
2362481035,The small child is leaning back in a child swing .,843,swing
2364096157,A dog trotting down the beach with a toy in its mouth .,235,"German shepherd, German shepherd dog, German police dog, alsatian"
236474697,Young adults stand pointing at the person taking the picture .,929,"ice lolly, lolly, lollipop, popsicle"
2364942064,A middle-aged women in a black shirt speaks into a microphone .,542,drumstick
2366643786,The legs of a child playing hopscotch .,646,"maze, labyrinth"
236730743,a man paddles his canoe on the lake .,693,"paddle, boat paddle"
2367387854,"A woman with dark hair wearing a dark shirt , jeans , and glasses is talking into a microphone .",650,"microphone, mike"
2367726871,A man in a white shirt and blue shorts swinging a tennis racket .,752,"racket, racquet"
2369452202,A red hot air balloon lands in a field among a crowd .,417,balloon
2370481277,A little boy in green is kicking a soccer ball and 6 boys in referee shirts are following him .,805,soccer ball
2371475978,A man standing on his moving bout in the harbor .,814,speedboat
2371500738,A child sleeps on a fold out spiderman chair .,797,sleeping bag
2371545499,A child in a red jumpsuit and blue helmet riding a bike .,880,"unicycle, monocycle"
2373370266,A child standing by a stroller and holding a toy sword .,612,"jinrikisha, ricksha, rickshaw"
2374319960,A woman in a white T-shirt and red pepper apron working at a potters wheel .,739,potter's wheel
2375770917,Grocery staff member gathering carts in the parking lot .,791,shopping cart
2376694294,The boy in the water with the yellow goggles gives two thumbs up .,801,snorkel
23770160,A long dark-haired man sitting on the grass with a guitar in his lap in front of a blue sky .,402,acoustic guitar
2377460540,A dog running through a lot of twigs .,178,Weimaraner
2378055886,"One guy and one girl playing Trivia Pursuit , on the floor beside a fireplace .",611,jigsaw puzzle
2378149488,A young boy is wearing a paper crown while sitting in a grocery cart .,791,shopping cart
2379150102,three dogs walk near the fountain .,201,"silky terrier, Sydney silky"
2381613738,A blond boy in a brown jacket sits on a tire swing .,843,swing
238512430,A large ship on the water at dusk .,628,"liner, ocean liner"
2386358817,The elderly gentleman is prepared to share information while in traditional dress .,887,vestment
2391035976,A woman in a red shirt and a white apron works with clay while a young girl watches .,739,potter's wheel
2392281446,A boy and a girl wearing a blue jacket are having their own snowball fight .,792,shovel
2393924525,Woman playing tennis and hitting the ball .,752,"racket, racquet"
2394275528,A barefooted girl is swinging high on a swing on a spring afternoon .,843,swing
239453674,A policeman is next to his German shepherd .,235,"German shepherd, German shepherd dog, German police dog, alsatian"
2396096161,"Swimmer in a red bathing suit , white cap , and blue goggles emerging from the water",433,"bathing cap, swimming cap"
2398915100,A group of Chinese people on a bus wearing matching clothing .,654,minibus
2399219552,A little boy plays with a basketball and a toy basketball hoop .,430,basketball
2399551242,Young children play in the sprinkler .,562,fountain
2400768851,The young boy by the pool is eating an apple .,842,"swimming trunks, bathing trunks"
2401957281,A female wearing black pants and a green shirt jogging .,562,fountain
2403078014,A young person wearing a helmet rides a unicycle .,880,"unicycle, monocycle"
2404046478,This woman is having her picture taken while by a camel .,354,"Arabian camel, dromedary, Camelus dromedarius"
2404488732,Brown dog with mouth open and ears in air running .,178,Weimaraner
24053752,The man wearing a red shirt is mowing grass using a riding lawn mower .,621,"lawn mower, mower"
240583223,A running golden retriever,207,golden retriever
2406062461,"Street artist is holding a crystal ball , while an amazed viewer looks on .",971,bubble
240696675,The dog is running along a path that has been made through the uncut grass .,235,"German shepherd, German shepherd dog, German police dog, alsatian"
2408099454,Man shoveling sidewalk as snow is still falling .,792,shovel
2408224709,A little girl with a purple shirt looks over the rail .,416,"balance beam, beam"
2410040397,A black and brown dog runs through the woods .,236,"Doberman, Doberman pinscher"
241031670,Three girls holding umbrellas with their backs to the camera .,879,umbrella
2410320522,The brown and white great Dane plays with two yellow dogs in the grass .,247,"Saint Bernard, St Bernard"
2410399168,Two dogs are playing .,172,whippet
241345323,A play just beginning during a football game .,560,football helmet
241345427,A football player in red is trying to tackle another player who has the ball .,560,football helmet
241345522,The football player runs with the ball across the field .,560,football helmet
241345596,Football players in red congratulate each other as crowds in red cheer behind .,560,football helmet
241345639,Two football players try to tackle a player of the opposite team .,560,football helmet
241345721,Two football players bang into each other during a football game .,560,football helmet
241345770,A quarterback ready to pass the football in the middle of a play .,560,football helmet
241345942,The football player in red keeps the football away from the player in purple and white .,560,football helmet
241345981,Three football players playing a game while fans watch from the bleachers .,560,football helmet
241346146,The football player is running with the ball as a player of the opposing team grabs his leg,560,football helmet
241346260,Men playing football in front of large crowd in stadium,560,football helmet
241346352,A man punting a football as fans from the opposing team watch in the background,560,football helmet
241346434,A football player is in action among other players .,560,football helmet
241346471,An American footballer in red is being tackled by three players in white whilst other red players look on .,560,football helmet
241346508,"Three Oklahoma Sooners playing football against another team , one of the sooners with the ball in their possession .",560,football helmet
241346580,"The football players are wearing red and white , and the crowd is also wearing red and white .",560,football helmet
241346794,"A bunch of football players , and a crowd .",560,football helmet
241346885,A football player passes the football to a teammate as the crowd looks on .,560,football helmet
241347067,Three football players tackle another player who is holding a ball .,560,football helmet
241347114,Three football players and two are fighting for the ball .,560,football helmet
241347150,The receiver is tackled after making the catch .,560,football helmet
241347204,A football player in red and white is holding both hands up .,560,football helmet
241347214,Three football players wearing red jerseys are on the field .,560,football helmet
241347243,Football players stand at the line of scrimmage .,560,football helmet
241347271,A football game in progress .,560,football helmet
241347300,A football player being tackled from behind by another player from a different team in front of a crowd .,560,football helmet
241347391,A football layer wearing a red shirt .,560,football helmet
241347441,The football player dressed in red looks down field .,560,football helmet
241347460,"Oklahoma University kicker , kicking the football",560,football helmet
241347496,a football player in red gets ready to throw a football .,560,football helmet
241347547,A football coach standing with his players behind him .,560,football helmet
241347664,Football players are stretching together .,768,rugby ball
241347760,A Sooners football player weas the number 28 and black armbands .,560,football helmet
241347803,"A football player is in a red and white uniform Sooners ,  28 .",560,football helmet
241347823,Man in playing football in Sooners jersey number 19,560,football helmet
2413875259,A man is jumping off the grass while holding onto a giant white balloon .,417,balloon
2414352262,This girl is jumping off of a rock onto the sand .,972,"cliff, drop, drop-off"
24188477,Excavation work being done in a city .,561,forklift
2422634406,A guy taking a photo of another guy who is standing in front of a broken television .,872,tripod
2423085253,The girl is running on the grass next to a colorful toy .,805,soccer ball
2423138514,Two naked boys smiling and playing .,842,"swimming trunks, bathing trunks"
2423292784,A boy with a metal colander on his head .,828,strainer
2423550887,A man in a red jacket is standing in front of a tall white building .,437,"beacon, lighthouse, beacon light, pharos"
2424250856,A man intently playing piano .,579,"grand piano, grand"
2424976964,"Several young people , two on a bike , are walking near parked vehicles .",880,"unicycle, monocycle"
2425411995,A woman in tennis clothes running to hit a ball with her tennis racket .,752,"racket, racquet"
2426303900,Two little kids are in a bathtub with a yellow and blue umbrella .,879,umbrella
2429212017,Two children play in a yard with farm animals .,716,"picket fence, paling"
2431120202,Little girl on skis,795,ski
2431832075,"This girl is playing on an object which is yellow , green , red , and blue .",701,"parachute, chute"
2432061076,A dog running in the surf .,242,boxer
243380205,A boy jumping off a trampoline into a lake .,693,"paddle, boat paddle"
2434006663,Two dogs fetch sticks in the snow next to the tree line .,210,German short-haired pointer
2434074318,A man with a hat stands next to a pyramid-shaped monument on a cliff .,835,sundial
2436160351,two indian children walk and ride bikes down the street .,870,"tricycle, trike, velocipede"
2437766095,A man in a white tank top and baggy black and white shorts kicks a black punching bag .,747,"punching bag, punch bag, punching ball, punchball"
2438452274,"Two soccer players , one in black and one in red , with the one in black attempting to steal the ball .",805,soccer ball
243952171,There are people sitting in seats that are in rows .,705,"passenger car, coach, carriage"
2440290287,Children in red jerseys play soccer .,805,soccer ball
2440296239,Little boys play soccer outside .,805,soccer ball
2440300227,A young child in his red soccer uniform sprints under the watchful gaze of his father .,805,soccer ball
2441818043,A man is working splitting wood .,634,"lumbermill, sawmill"
2442648312,A man wearing orange earmuffs cuts a block of wood with a chainsaw .,491,"chain saw, chainsaw"
244368383,"A large group of people fill the picture , which is taken from above .",433,"bathing cap, swimming cap"
244443352,A brown dog has his face down in the snow .,207,golden retriever
2445050754,A classical string ensemble performs in a church to an attentive audience .,486,"cello, violoncello"
2446014453,A woman on crutches watching two street performers jumping around .,523,crutch
244812876,A rocker with a flowered shirt and tie holds a drumstick next to a shirtless drummer .,542,drumstick
2448393373,A young boy wearing blue is holding a blue baseball bat and holding a white ball in his hand .,862,torch
2449446913,Twelve members of a baseball team walk across the diamond .,981,"ballplayer, baseball player"
2451346427,a young man is holding himself up by rings,843,swing
2452591587,closeup of woman in mirror applying red lipstick .,629,"lipstick, lip rouge"
2454932897,Smiling child wearing a brown hat sitting on a swing set .,843,swing
2455286250,A child holding a soccer ball over his head .,805,soccer ball
2455649161,"A mime in white face makeup , wearing a black bolero hat , white suit , white angel wings , standing next to a man in a green shirt , tan pants , smiling broadly .",457,"bow tie, bow-tie, bowtie"
2456532329,An accordion player with a cowboy hat plays his instrument as he looks off into the distance .,401,"accordion, piano accordion, squeeze box"
2458269558,Young child swinging on a swing .,843,swing
2460126267,A boy standing on a football field with a colored ball .,805,soccer ball
2460159430,a brown dog running through the tall grass .,159,Rhodesian ridgeback
2460188548,A woman in a striped skirt rolls a black ball .,522,croquet ball
246231741,Two German sheperds snarling at each other .,235,"German shepherd, German shepherd dog, German police dog, alsatian"
2466495935,kids running after soccer ball in their game,805,soccer ball
2466562986,Six children running through a field of flowers surrounded by trees .,984,rapeseed
2467853482,A young boy wearing a blue shirt blows bubbles .,971,bubble
2467856402,A little girl with blond-hair and a blue shirt is blowing bubbles outside with someone .,971,bubble
2468906010,"A picture of two volleyball teams with one girl on the ground , looks like she hit the floor .",890,volleyball
2468921460,A women 's volleyball team plays in a brown and green gymnasium .,890,volleyball
2470317702,A man playing musical instruments .,699,"panpipe, pandean pipe, syrinx"
2470899884,A woman in a white shirt is playing tennis .,752,"racket, racquet"
24759839,A seated man is working with his hands .,642,"marimba, xylophone"
247652942,A person is flying with a yellow parachute above a green building .,701,"parachute, chute"
2479553749,A little boy is watching a merry-go-round .,476,"carousel, carrousel, merry-go-round, roundabout, whirligig"
2480333312,Two boats are being maneuvered down a quiet river .,472,canoe
2481367956,"Small boy reaching for blue bar in play area , another child in background .",602,"horizontal bar, high bar"
2481598514,Children on tricycles .,870,"tricycle, trike, velocipede"
24837637,A man on a ladder painting a brick building blue .,523,crutch
2483783092,"A small boy , who is sitting in a baby swing is playing with a cat , sitting on the branch over his head .",843,swing
2484380735,A Man is riding a go-cart at the go-cart track .,573,go-kart
2489602993,A man on a motorcycle going around a corner .,518,crash helmet
2496236371,Someone in a red and white uniform is driving a red and white motorcycle down a track with the front wheel in the air .,518,crash helmet
2497343616,A group of people stand under umbrellas .,879,umbrella
2498019634,A young boy reaches out to touch a large bubble in the middle of a small crowd .,971,bubble
2501548593,Two woman beach volleyball players jump during a match .,890,volleyball
2501595799,A little boy in red trunks plays in a kiddie pool .,842,"swimming trunks, bathing trunks"
2502079538,"A woman , child , and camel with supplies walking near a tree .",354,"Arabian camel, dromedary, Camelus dromedarius"
2502375224,Women wearing blue and green playing volleyball in the sand .,890,volleyball
2502856739,There are three dogs running in the grass with trees behind them .,176,"Saluki, gazelle hound"
250346988,A woman in a blue straw hat holding up an umbrella .,879,umbrella
2503996814,a restaurant setting inside a building where people are currently dining .,762,"restaurant, eating house, eating place, eatery"
250406927,a black and white dog jumping in the air while balancing a gold soccer ball on its nose,805,soccer ball
250699226,A man in a black outfit has stopped to look at a black computer on a counter of other computers .,851,"television, television system"
2507687411,Several adults speak to one another or examine materials being distributed at partitioned display booths .,624,library
2508852288,A group of women is the same white shirt are in the street .,433,"bathing cap, swimming cap"
2509824208,A brown dog runs on the grass .,159,Rhodesian ridgeback
251034921,A young boy in a white shirt is kicking a ball into a goal .,805,soccer ball
2512602042,"Two young women , one ( left ) wearing what looks like a tablecloth , and the other ( right ) wearing what looks like a tiger suit , are sitting down next to each other on gray stone .",568,fur coat
2512682478,A boy pushing another boy on the swing .,843,swing
251308607,People at a concert wave their hands in the air as they watch the singer and guitarist perform .,819,stage
2516266928,Emergency personnel tend to a victim who needs help .,830,stretcher
2517637587,A man with an accordion walks down the street of a public area .,401,"accordion, piano accordion, squeeze box"
2519812011,a couple people running through a large sidewalk fountain,562,fountain
252266108,A man punches a heavy bag in a gym with wood floors .,747,"punching bag, punch bag, punching ball, punchball"
2522809984,A black dog is swimming through the water .,205,flat-coated retriever
2524056664,Young boy with blond-hair laughing while swinging at the park .,843,swing
2524084967,A trick cyclist takes air .,880,"unicycle, monocycle"
2525716531,A man trains a dog to attack .,235,"German shepherd, German shepherd dog, German police dog, alsatian"
2526041608,Two boys playing football on opposing teams .,560,football helmet
2527163162,A boy dressed in a plaid kilt with a brown hat wields a long pole .,456,bow
2527713011,The black and white race car is going fast around the track while fans watch nearby .,751,"racer, race car, racing car"
2528547068,A red race car pulls off the track smoking .,751,"racer, race car, racing car"
2528552898,A yellow race car is driving on a track in front of a group of people .,751,"racer, race car, racing car"
2529205842,"Two high school basketball players reach to grab the ball , one falling to the floor .",430,basketball
2531496753,"A white , middle-aged man moving a lawn .",621,"lawn mower, mower"
2532294586,The girl in pink smiles as she rides on a black swing .,843,swing
2533424347,Onlookers watch a white stock car that has smoke coming out of the back .,751,"racer, race car, racing car"
2534137886,A man trains his body pulling a keg .,768,rugby ball
2535619827,two people in coats in an ally sitting on a box,743,"prison, prison house"
253664826,A cameraman records a soccer match in progress .,981,"ballplayer, baseball player"
253665940,Here is a picture of a soccer game during halftime .,981,"ballplayer, baseball player"
2536876757,An engineer with a blue jacket and cap wears purple gloves while looking up .,471,cannon
2536991887,Workers in orange vests are working on the train platform .,728,plastic bag
2536993581,A group of construction workers wearing orange vests are working on a train station area .,728,plastic bag
2537601290,A subways worker checks the rail in a tunnel .,830,stretcher
2537697530,Workers in hard hats and orange vests laying cement tiles over the floor .,830,stretcher
2539603374,An wedding party poses for a picture .,982,"groom, bridegroom"
2541104331,The large brown dog is running through shallow water .,209,Chesapeake Bay retriever
2541701582,A couple ride bikes next to an orange fence by the ocean .,880,"unicycle, monocycle"
2542304168,"A group of men pose for a picture , all in orange reflective vests .",430,basketball
2542662402,The dog is jumping over the hurdles beside a woman .,231,collie
2547137089,A bride and groom dance surrounded by people at the reception .,982,"groom, bridegroom"
2549228224,A group of native americans perform for a crowd by playing the drums,541,"drum, membranophone, tympan"
2549253807,Man and boy biking down sidewalk .,671,"mountain bike, all-terrain bike, off-roader"
2549819434,One woman in a black shirt swinging very high on a swing .,843,swing
2549968784,A child wearing swim goggles .,801,snorkel
2550669018,A man wearing a brown shirt and a hat is barbecuing outside at night .,544,Dutch oven
2552438538,"Three boys are standing in a row along an upraised wall and rail , each a level higher than the one before .",779,school bus
2553131080,"Grilling ribs , chicken kabobs , and vegetable kabobs .",766,rotisserie
2553619107,Someone is kayaking in a yellow kayak over choppy waters .,693,"paddle, boat paddle"
2554929458,"Kids playing baseball , while a play is called .",981,"ballplayer, baseball player"
2555809473,Girl scaling rock wall without ropes .,972,"cliff, drop, drop-off"
2557129157,Blond boy in striped shirt on the swing set .,843,swing
2558911884,Three young boys play outside .,842,"swimming trunks, bathing trunks"
2559638792,A swimmer in a dark blue suit swimming backstroke .,433,"bathing cap, swimming cap"
2560482030,A young girl with a tennis racket in a parking lot with several other people in the background .,752,"racket, racquet"
256085101,Dog yawns,242,boxer
2561295656,"Swimmer wearing goggles , in water .",433,"bathing cap, swimming cap"
2563043367,A fisherman baits his hook while sitting by the water 's edge .,758,reel
2564144246,Four women in red bathing suits are performing a synchronized swimming routine in front of an audience .,433,"bathing cap, swimming cap"
2564285087,a child in a camouflage bathing suit is playing with the sprinkler on a sunny day .,842,"swimming trunks, bathing trunks"
2565618804,A boy next to the opening of a fountain .,562,fountain
2565733340,"A young girl wearing blue jeans , a t-shirt , and pink shoes is playing with bubbles .",971,bubble
2565847129,Two kids in yellow raincoats are playing in the mud .,463,"bucket, pail"
2567145979,"A man in a green shirt is standing in front of cars , holding up his hand .",468,"cab, hack, taxi, taxicab"
2568234923,A man in a yellow shirt covered in sweat playing a guitar .,402,acoustic guitar
2569643552,The two gray dogs are trying to get a red object .,178,Weimaraner
257000323,Two small girls dressed in red and white outfits are performing a dance .,577,"gong, tam-tam"
2570559405,Two dogs are in a fence and one is barking .,173,"Ibizan hound, Ibizan Podenco"
2572815587,George Bush standing at a podium .,781,scoreboard
2573141440,A toddler with blue eyes sits in a blue swing with grass in the background .,843,swing
2574084102,A young girl wearing a blue leotard jumps in the air .,416,"balance beam, beam"
2574824768,6 children in front of a fence with their hands near their ears .,489,chainlink fence
257588281,two dogs playing in the water with a stick,205,flat-coated retriever
257699783,A man walking with a herd of cows on the beach .,345,ox
25772368,A man facing the camera plays a harmonica in a booth at an empty restaurant .,593,"harmonica, mouth organ, harp, mouth harp"
2578003921,A person rides a bicycle through a forest trail .,671,"mountain bike, all-terrain bike, off-roader"
2578834476,The man races his bike down the hill .,671,"mountain bike, all-terrain bike, off-roader"
2579490116,A moving truck with a ramp still attached .,675,moving van
258007701,A football player running on the field .,560,football helmet
2585970434,"A boy , in a white baseball outfit , kneeling in catcher gear .",981,"ballplayer, baseball player"
2587017287,A soaking wet dog walks across a stream .,207,golden retriever
2588093968,a young girl in a pink skirt and shirt holds a pair of headphones or earmuffs .,843,swing
2588456052,A female tennis player prepairing to serve the ball .,752,"racket, racquet"
2590207488,A black and white dog looks back while walking on the beach .,217,"English springer, English springer spaniel"
2591603141,Dog walking on the beach by the ocean .,235,"German shepherd, German shepherd dog, German police dog, alsatian"
2592398210,Girl in polka dot cap swimming .,433,"bathing cap, swimming cap"
2592485728,A young person is swimming in the pool .,433,"bathing cap, swimming cap"
2592711202,A girl in a blue dress takes off her shoes and eats blue cotton candy .,929,"ice lolly, lolly, lollipop, popsicle"
2596474836,A woman helping a toddler to swim in a pool .,433,"bathing cap, swimming cap"
2598979962,A woman in an orange shirt and white skirt hits a tennis ball with a racket .,752,"racket, racquet"
2599100984,"One woman holding up bread , as part of a food test .",930,French loaf
2599255633,Asian woman wearing jeans and a tank top while playing an electric guitar inside a house .,546,electric guitar
2599903773,A boy in overalls blows bubbles .,971,bubble
2600170955,Two boys play with a shopping cart in a parking lot .,791,shopping cart
2602935297,A group of children raise both hands in the air as parents look on .,645,maypole
2603334363,A girl wearing a fairy costume rides her tricycle,870,"tricycle, trike, velocipede"
2603868528,Young lady in a tennis match .,752,"racket, racquet"
2607130765,Little kids run toward the goal while playing soccer .,805,soccer ball
260828892,woman walking on sand leaving footprints,977,"sandbar, sand bar"
2609900643,A girl rides a swing while another girl watches .,843,swing
2610447973,two people sitting in the dark near a blazing fire .,862,torch
2613209320,a dog walks out of the water .,213,"Irish setter, red setter"
2616009069,Two dogs run through a field .,172,whippet
2616673985,A woman dressed in black is striding outside on a grassy lawn with a leashed black and white dog while people in the background watch .,160,"Afghan hound, Afghan"
26172759,A kayaker wearing a blue helmet paddles a blue kayak .,693,"paddle, boat paddle"
2618322793,a boy swinging on a swing .,843,swing
2619454551,A colorful bird and a brown and white dog .,263,"Pembroke, Pembroke Welsh corgi"
262439544,A child wearing a red sweatshirt is hanging upside down from a tree .,602,"horizontal bar, high bar"
2624979508,Artists install a new exhibit in a gallery .,872,tripod
262842417,A man in a tree wearing a orange hard hat .,491,"chain saw, chainsaw"
2628745411,"A man in a pink short-sleeved shirt , standing in front of a microphone and playing his guitar .",650,"microphone, mike"
2629295654,A brown dog is running on grass .,178,Weimaraner
2629334536,The little kid is swinging in the backyard .,843,swing
262963190,A man in a white helmet and dark clothing stands in the snowy mountains .,970,alp
2631300484,A little boy in a green shirt is holding a large snake .,61,"boa constrictor, Constrictor constrictor"
2633396041,construction workers appearing through a chain link fence .,489,chainlink fence
263428541,The rider holds on as the horse rears onto his hind legs .,354,"Arabian camel, dromedary, Camelus dromedarius"
263494261,A large group of people watching others run a marathon .,880,"unicycle, monocycle"
2635509973,A child playing with a yellow bucket on a beach .,463,"bucket, pail"
2635938723,A dark-headed boy is eating a large red Popsicle .,929,"ice lolly, lolly, lollipop, popsicle"
2637510448,Person in pink skis wearing skis on a slope .,795,ski
2637959357,A black and tan Doberman dog is jumping through some water .,236,"Doberman, Doberman pinscher"
263854883,Two fluffy white dogs running in green grass .,194,"Dandie Dinmont, Dandie Dinmont terrier"
264009676,Two men in the grocery store looking at orange juice and speaking to each other .,582,"grocery store, grocery, food market, market"
2642474867,A blond Caucasian woman in a blue shirt wearing a straw hat .,515,"cowboy hat, ten-gallon hat"
2642475077,woman with dark glasses and ball cap talking on a cellphone,593,"harmonica, mouth organ, harp, mouth harp"
2645175777,A man selling fruits and vegetables .,954,banana
2646540383,A boy on a water slide,747,"punching bag, punch bag, punching ball, punchball"
2647166526,"Two african-american women are standing in a city wearing tutus , one white and one blue .",655,"miniskirt, mini"
2647424395,A young girl in a pink shirt stretching to touch a green balloon .,417,balloon
2648399206,A red-haired girl in a boat wearing a blue life vest is holding a fishing pole .,758,reel
265223843,A man is riding a powered para-glider in the air at sunset .,701,"parachute, chute"
265223847,Man parasails at night,701,"parachute, chute"
265265586,a man in a ventilation mask is carving a knight onto a brick wall .,570,"gasmask, respirator, gas helmet"
2655196158,"A dog is laying on a blue rug , chewing and making a mess .",178,Weimaraner
2656039837,A young girl is about to attempt to hit a tennis ball .,752,"racket, racquet"
2656424263,A man in a gym performs moves with outstretched arms .,722,ping-pong ball
2656939882,A man in a gray t-shirt is shoveling cement from a wheelbarrow .,428,"barrow, garden cart, lawn cart, wheelbarrow"
2656941008,The man in the gray shirt is filling in post holes that were dug to install his new fence .,428,"barrow, garden cart, lawn cart, wheelbarrow"
2657484284,A kayak on the river is passing by a wire bridge that joins both banks .,472,canoe
2658667254,A woman is helping a baby walk on the beach .,678,neck brace
2658944258,Two old men with hats are standing in between cars with their accordions .,401,"accordion, piano accordion, squeeze box"
2659183350,A boy in a red and white shirt kicks a large baseball while surrounded by people .,429,baseball
2659278131,Small dog being dried by a handheld hair blower .,155,Shih-Tzu
2659554389,A little girl feeds a camel,354,"Arabian camel, dromedary, Camelus dromedarius"
2660008870,A little boy is jumping out of the pool .,433,"bathing cap, swimming cap"
2663670442,A smiling brunette woman is playing violin .,889,"violin, fiddle"
2664102751,A man hanging just above the ground .,701,"parachute, chute"
2664870203,A man in red shorts hits a volleyball in the air as another man watches .,890,volleyball
2666681650,Father and daughter sitting down on bench and talking peacefully at a beautiful park .,562,fountain
2668179897,A man is carving a large eagle out of wood in a public setting .,491,"chain saw, chainsaw"
2668508174,A woman in an elegant dress is posing in front of a tropical tree .,775,sarong
267062347,An older gentlemen puts on a one-man band with various instruments .,420,banjo
267325341,A dog running with a red item in its mouth .,205,flat-coated retriever
2675365025,A man with a blue shirt and white shorts prepares a charcoal barbecue while two other men look on .,544,Dutch oven
267593659,Two men in baseball hats and bright yellow shirts work behind a fence .,491,"chain saw, chainsaw"
2678193588,These kids are having fun coloring .,611,jigsaw puzzle
2679381280,Two children playing musical instruments .,486,"cello, violoncello"
2679382862,View past a microphone to an out-of-focus guitar player .,650,"microphone, mike"
2680619645,A black dog is standing with his legs spread wide apart on some sand,227,kelpie
2685752892,A young man on a bike balances one wheel on the edge of a fountain in a city park .,562,fountain
2687075275,Two male toddlers in a twin baby carriage in front of a red firetruck numbered 535 .,555,"fire engine, fire truck"
2688936204,"A cowboy clown wearing a shirt with Tax on it , red suspenders , and a white cowboy hat talks into a wireless microphone .",515,"cowboy hat, ten-gallon hat"
2689163361,"The girl is twirling long , colorful streamers .",645,maypole
2689358407,a young boy running through a water fountain,842,"swimming trunks, bathing trunks"
2691641332,A young girl with her bike .,870,"tricycle, trike, velocipede"
2691863607,Four young children riding red tricycles,870,"tricycle, trike, velocipede"
2694178830,a woman with her feet in the air about to do pole vaulting,733,pole
2694680366,two girls swinging together .,843,swing
2695085632,A man whose clothes are covered in paint is writing something down while sitting outside in a busy area .,822,steel drum
2695962887,A dog is performing act at dog show .,226,briard
2696045361,A baseball player having a catch on the field .,981,"ballplayer, baseball player"
2698197294,This dog is running through water on a beach .,232,Border collie
2698614194,The three men leaped in the air in an effort to grab the ball .,768,rugby ball
2699733386,A black and brown dog is running and splashing in the water .,214,Gordon setter
269986132,A soccer game is in progress .,805,soccer ball
270263570,Two dogs are biting each other in the woods .,172,whippet
2705922148,A man in a respiration mask working .,570,"gasmask, respirator, gas helmet"
2707969386,A small dog jumping an obstacle in a grassy field .,192,"cairn, cairn terrier"
2708176152,A group of people ride bicycles around a curve on a racetrack .,444,"bicycle-built-for-two, tandem bicycle, tandem"
2708563035,A man rides a bull in a rodeo .,341,"hog, pig, grunter, squealer, Sus scrofa"
2708634088,two brown dogs one with a stick in its mouth,236,"Doberman, Doberman pinscher"
270864951,"The blond woman is wearing a black , american flag , tartan cap .",515,"cowboy hat, ten-gallon hat"
2710281519,A woman sitting in the passenger side of a car is waving .,785,"seat belt, seatbelt"
271043166,Man cleaning tables in a restaurant covered in coca-cola chairs and decorations .,762,"restaurant, eating house, eating place, eatery"
2711075591,Two people are scuba diving in blue water with lots of bubbles .,983,scuba diver
2714220101,A white dog runs on the sand .,203,West Highland white terrier
2714674623,"A man with a black shirt that says "" Genetic Freak "" is sleeping on a bus .",785,"seat belt, seatbelt"
2716744948,a shirtless man sitting on a rock by a blue building .,425,barn
271770120,Two black dogs playing tug-of-war .,205,flat-coated retriever
2719343003,A boy with no shirt is standing in water .,842,"swimming trunks, bathing trunks"
2720039582,One football player caught a pass while the two players from the opposite team attempt to tag him while he 's on the ground .,560,football helmet
2723250451,Brown-haired man plays tennis in a red shirt and black shorts .,752,"racket, racquet"
2723477522,Two brown dogs run through the grass together .,225,malinois
2724379828,"A black male in a green t-shirt and blue jeans , playing violin while seated in a green chair .",889,"violin, fiddle"
2725441885,A baseball player in a uniform with a dark top and light pants is hitting the ball with his bat .,981,"ballplayer, baseball player"
2725508159,"A child appears to be in a canoe wearing a life jacket on the lake , clear blue water and blue sky .",693,"paddle, boat paddle"
2726180005,A very happy baby in a yellow shirt swinging on swing .,843,swing
2729147877,A young boy swinging upside down from a bar .,602,"horizontal bar, high bar"
2730938963,Three young boys in blue swimming trunks hold hands and jump into an inground pool .,842,"swimming trunks, bathing trunks"
2731813962,"Five young children are seated on a wooden staircase , surrounded by forest flora .",843,swing
2733659177,"A blond-haired boy wearing a yellow shirt and blue pants is climbing a large , fallen tree limb outdoors in grassy meadow .",96,toucan
2735822661,A little girl at an aquarium sitting in front of a dolphin tank drinking something .,149,"dugong, Dugong dugon"
2736169657,An older man is playing a violin very creatively .,819,stage
2739331794,A motorcyclist races around a track .,518,crash helmet
2739332078,The blond-haired woman is holding a black umbrella .,785,"seat belt, seatbelt"
2742801792,Man in board shorts is playing beach volleyball .,890,volleyball
274313927,A black Labrador retriever in a grassy field returns with a white nubby cylinder in its mouth .,205,flat-coated retriever
274840168,"People are gathering outside , standing around a fountain that is spraying water upwards .",562,fountain
2748889888,A toddler being helped out of a pool .,842,"swimming trunks, bathing trunks"
2750709242,A person wearing shorts looks down at a anvil on top of a wooden barrel .,666,mortar
2750741104,"On a grassy lawn , a man ( seen only from the floral shorts-clad hips downward ) stands by as a standing child with shoulder-length hair hands a beach ball to a younger seated child with curly hair ; both children wear t-shirts and shorts .",768,rugby ball
2754940943,A man with black glasses plays a black guitar .,420,banjo
2755053974,"A young boy pretends to drive the car , with his hand on the horn .",785,"seat belt, seatbelt"
275516348,dog running on two legs,172,whippet
2755314937,Young blond girl displays a colored tongue .,929,"ice lolly, lolly, lollipop, popsicle"
2755952680,Someone on a bike is performing an aerial trick while other bikers watch .,671,"mountain bike, all-terrain bike, off-roader"
2757779501,A climber on some rocks .,972,"cliff, drop, drop-off"
275858550,A man in a black vest and colorful tie draws the attention of a crowd near an outdoor diner .,457,"bow tie, bow-tie, bowtie"
2758942112,A boy shining the woman 's shoes as the guy in blue watches while he sweeps the streets .,462,broom
2763044275,The black dogs are running in a grassy field,205,flat-coated retriever
2763692131,A man in black shorts plays tennis outside .,752,"racket, racquet"
2764732789,A dog runs in a field of brown grass .,161,"basset, basset hound"
276589119,A band is starting to warm up their instruments .,819,stage
2766878404,"a little girl wearing a pink shirt is standing in front of a wrought iron fence , staring at a newspaper stand .",743,"prison, prison house"
2771662950,A male baseball player catches a baseball in his mitt .,981,"ballplayer, baseball player"
2771802800,A young boy is playing with a slinky in the street,645,maypole
2771971891,A person is sailing in the air with a red parachute over grass .,701,"parachute, chute"
2771980357,A Scottish band marching in a stadium as a crowd looks on .,439,"bearskin, busby, shako"
2773136618,A young man in a red uniform kicking a soccer ball .,805,soccer ball
2773747725,A woman in blue standing in front of a racetrack with a saddled horse .,339,sorrel
2774362575,A black dog looks up with his head on a blue carpeted step .,236,"Doberman, Doberman pinscher"
2774576003,Men and women riding bicycles in a hot sunny day in a big city .,880,"unicycle, monocycle"
2777021428,Little boy on swing,843,swing
277928620,Lady sitting at the piano .,687,"organ, pipe organ"
278007543,A dog running along the beach .,172,whippet
2780390703,Man standing on a tricycle riding in front of a crowd .,880,"unicycle, monocycle"
2781699063,young girl and man standing in front of water fountain .,562,fountain
2782433864,"Three small dogs , two of which are sniffing noses .",151,Chihuahua
2782480767,A little girl is swimming under the crystal blue water .,801,snorkel
2783620390,A motorcyclist is going a very high speeds .,518,crash helmet
278368851,A person with a shoulder bag reads in the subway station .,877,turnstile
2785408815,"A doctor is wearing a t-shirt saying "" smile "" under his lab coat upon smiling .",617,"lab coat, laboratory coat"
2786219341,There is a man dressed in black walking past the subway as people are getting off .,399,abaya
2786242106,A boy playing on an arrangement of stones .,646,"maze, labyrinth"
2789238858,A muzzled greyhound dog is running around a track .,172,whippet
279153587,A crying baby is lying on a towel .,529,"diaper, nappy, napkin"
2791640741,Two men standing next to a fire at night .,862,torch
2797188545,Two people paddle a canoe down a rough stretch of river near a pine forest .,472,canoe
2797774642,Children of opposing teams playing a game of soccer,805,soccer ball
280007961,A woman texts on her phone while surrounded by umbrellas .,879,umbrella
2800531753,A white person in black pants is looking at the scenery around them .,970,alp
2802464569,A street vendor tending to bagels in food cart .,612,"jinrikisha, ricksha, rickshaw"
2802479441,A balding man using his cellphone stands in front of ornate rugs hanging from a wall .,741,"prayer rug, prayer mat"
2802497633,A young man riding in a pedicycle .,612,"jinrikisha, ricksha, rickshaw"
2803058589,Boy with red shorts getting soaked with water .,842,"swimming trunks, bathing trunks"
2805822564,"Child yelling and walking across sand , another figure and ocean in background .",977,"sandbar, sand bar"
2806006698,Man spiking volleyball over net with other player in front of him .,890,volleyball
280608840,"There a four men setting in chairs , with music stands in front of them , performing in a quartet , with a cello and three violins , and they are all connected to one speaker .",486,"cello, violoncello"
2807437579,A bride being kissed by a man .,982,"groom, bridegroom"
2807437977,A wedding ceremony in a church .,982,"groom, bridegroom"
2809793070,three dogs playing on a beach,205,flat-coated retriever
2810456728,A band performs on stage under a blue light .,819,stage
281271503,A man in a bright yellow shirt juggles while riding a unicycle .,880,"unicycle, monocycle"
2813588204,Two dogs wearing racing equipment are running on muddy ground .,676,muzzle
2815745115,Woman with stuffed animal display .,865,toyshop
2817230861,Two women play volleyball on the sand .,890,volleyball
2820063211,A lady in swimwear playing volleyball at the beach .,890,volleyball
2822156510,A man in an orange safety vest is addressing several other men in a forest .,491,"chain saw, chainsaw"
2822418176,A man is using a chainsaw to carve a wooden sculpture .,491,"chain saw, chainsaw"
2822891602,The boy in red goggles swims underwater .,801,snorkel
2823056477,A little boy is wearing a blue helmet riding his scooter on the sidewalk .,870,"tricycle, trike, velocipede"
2824875517,A man reading and evaluating the nation 's stocks .,918,"crossword puzzle, crossword"
2826701936,Children are playing in a puddle of water that has resulted from a spray gushing from the pavement .,562,fountain
2826769554,A brown dog is carrying a wet stick on the shore of the ocean .,207,golden retriever
2831217847,A blue SUV driving over a small creek .,609,"jeep, landrover"
2831313661,A man wearing jean is flying a kite near the shore .,929,"ice lolly, lolly, lollipop, popsicle"
2832076014,"An automobile is submerged in water , almost to the door handles .",609,"jeep, landrover"
283428775,A dog catching a toy in a field,205,flat-coated retriever
2836553263,A boy stopped on his bike on a bike trail as a woman passes by,671,"mountain bike, all-terrain bike, off-roader"
2837253011,A bald man in a red shirt performs in front of a crowd .,819,stage
2837740149,Two toddlers are sharing a swing .,843,swing
2837799692,A football player has the number 25 .,560,football helmet
2837804631,A child being splashed by a water fountain .,562,fountain
2838085973,A man wearing a white uniform is playing football .,560,football helmet
2839397766,A birthday party is going on with lots of people celebrating .,762,"restaurant, eating house, eating place, eatery"
2839789830,A black and white dog catches a Frisbee on a grassy field .,232,Border collie
284279868,Two long-haired dogs play in the snow .,205,flat-coated retriever
2842849030,A child plays in a pool while wearing orange floaties .,433,"bathing cap, swimming cap"
2844963839,A group of football players wearing orange and blue uniforms gather together on the field .,560,football helmet
2845913086,People are playing volleyball at the beach .,890,volleyball
2845914142,A volleyball player at the 2008 beijing olympics .,890,volleyball
2847859796,A child in colorful goggles plays in a pool .,801,snorkel
2848266893,The man is wearing a white suit and walking on the street .,480,"cash machine, cash dispenser, automated teller machine, automatic teller machine, automated teller, automatic teller, ATM"
2848418175,"A man wearing black with a gray hat , holding a pitchfork , directs a horse-drawn cart .",730,"plow, plough"
2849842834,Ladies talking in an airport .,614,kimono
2851198725,Man kayaking down river rapids .,693,"paddle, boat paddle"
2851304910,Lady in red shirt has her camera set up in the field to record something .,447,"binoculars, field glasses, opera glasses"
2851931813,A baby girl in a white shirt and jeans sits on the grass by the street .,870,"tricycle, trike, velocipede"
2852673699,Two men are looking at meat that is set out on a table while taking notes .,519,crate
2852982055,Two children playing in public fountains,842,"swimming trunks, bathing trunks"
2855417531,A child on a swing-type ride .,843,swing
2855667597,Four black dogs running over grass .,205,flat-coated retriever
2855695119,The brown and white dog is in the water .,218,Welsh springer spaniel
2856524322,A young man in tan shorts and green shirt is falling off his bicycle .,671,"mountain bike, all-terrain bike, off-roader"
2856769919,A young girl is on a swing up high with a sunset behind her .,843,swing
2856923934,Two men are in a blue and white speed boat .,814,speedboat
2857558098,A dog is chewing on a big branch .,182,Border terrier
2858408189,"A woman with a white blanket over her head is holding a baby wrapped in a blue , pink , and yellow blanket .",434,bath towel
2858819804,A man on a bicycle jumps over jagged rocks amongst tall pine trees .,671,"mountain bike, all-terrain bike, off-roader"
2859514376,A man in a hat is working on a roof .,858,tile roof
2860041212,"Black retriever stands in the grass , holding a bird in its mouth .",205,flat-coated retriever
2860667542,a crane flying just above a body of water,132,"American egret, great white heron, Egretta albus"
2862004252,A black and tan dog standing in a field near trees,162,beagle
2862509442,A group of people watch a drag race at the beginning and see the fire from the cars .,862,torch
2866093652,Women skaters on a skating rink in athletic equipment .,615,knee pad
2866254827,A man on a motorcycle riding on his back tire .,518,crash helmet
2866529477,Some swimmers in the water .,433,"bathing cap, swimming cap"
286660725,"A man breathing fire , obscured by a fence .",862,torch
2866974237,The person at the beach is wearing a pink wig .,903,wig
2867460039,A band plays a concert for fans .,819,stage
2868136205,A young child riding on a plastic yellow car,575,"golfcart, golf cart"
2869491449,Two large dogs are fighting with teeth bared near some trees .,236,"Doberman, Doberman pinscher"
2869653417,Two men hanging around a construction site .,489,chainlink fence
2871962580,An american footballer in a white strip who is carrying the ball is being pursued by another player in a black strip .,560,football helmet
2871981087,Cheerleaders about to start their routine .,805,soccer ball
2872963574,The ice hockey player in white is tumbling in front of the player in blue .,746,"puck, hockey puck"
2873065944,A football player in orange being tackled by a player in blue .,560,football helmet
2873070704,"A person in blue climbs up a very tall cliff , attached by red and blue ropes .",972,"cliff, drop, drop-off"
2873252292,A man on a bicycle rides on a mountain .,671,"mountain bike, all-terrain bike, off-roader"
2873522522,A group of men play soccer .,768,rugby ball
2876494009,Skateboarder jumping from one quarterpipe to another .,421,"bannister, banister, balustrade, balusters, handrail"
2876848241,A person is riding a green motorcycle .,518,crash helmet
2877159456,Two bike riders standing with 3 bikes parked at the car .,444,"bicycle-built-for-two, tandem bicycle, tandem"
2878578240,Little kids are jumping around in the sprinklers .,562,fountain
288025239,A person peeks out from a colorful tent in a vast field of snow .,672,mountain tent
288038357,A man in a white jacket is on top of a roof sanding it down while standing on a wooden ledge .,853,"thatch, thatched roof"
2881087519,The man on the bicycle is doing a stunt through the air .,671,"mountain bike, all-terrain bike, off-roader"
2883749170,A group of construction workers walk past a building under construction .,517,crane
2884252132,A girl swinging,843,swing
2885111681,"Older woman in striped dress , white jacket , walks down street with shopping bags .",869,trench coat
2885387575,a dog playing with a blue ball,805,soccer ball
2885891981,A cyclist riding on their front wheel on the asphalt .,880,"unicycle, monocycle"
2885967985,A soccer player wearing a white jersey .,805,soccer ball
2886225006,A group of backpackers take a break under a nearby tree .,645,maypole
2887614578,Two dogs are running in a grassy field,213,"Irish setter, red setter"
288908971,Two bicyclists are mending a bicycle on the sidewalk at night .,444,"bicycle-built-for-two, tandem bicycle, tandem"
2889335946,A construction worker operates a cement mixing truck while talking on a cellphone .,569,"garbage truck, dustcart"
2889346148,Workers dig around a house .,792,shovel
2890731828,Firemen stand outside a burning building with lots of smoke .,980,volcano
2892177947,"Two groups of kids are playing soccer , one team in blue and the other team in red and blue .",805,soccer ball
2892467862,A boy in a swimsuit is playing in gushing water .,562,fountain
2893476169,A guy jumps high on his skateboard .,880,"unicycle, monocycle"
2893515010,A football player carries the ball during a game .,560,football helmet
2893518092,Men in armor hold red shields .,787,"shield, buckler"
2894217628,Two young men on the same football team are wearing orange and white uniforms and playing on an outside field while coaches and other players watch .,560,football helmet
2894309943,Three men are banging on metal barrels .,822,steel drum
2895403073,Three dogs fighting on the shore of a lake .,236,"Doberman, Doberman pinscher"
2895580381,A man and a woman walking with two women sitting in the background .,608,"jean, blue jean, denim"
2895966469,A kayaker battles the rapids .,693,"paddle, boat paddle"
2896237618,A woman wearing a black vest is dancing .,819,stage
2896668718,Two football players are getting ready to tackle each other,560,football helmet
2899501488,Riders on colorful motorcycles lean into a turn on a racetrack .,518,crash helmet
2900560501,People wearing sombreros drink shots happily .,808,sombrero
2900680078,An old man is being pulled by a tiny donkey .,603,"horse cart, horse-cart"
2901341974,Two people are wearing giant sombreros .,808,sombrero
2902486045,Two dogs pee on the fire hydrant .,171,Italian greyhound
2904377891,3 Asians drawing characters on paper .,918,"crossword puzzle, crossword"
2904601886,Four multicolored dog like animals in a dryed grass field .,275,"African hunting dog, hyena dog, Cape hunting dog, Lycaon pictus"
2904997007,a young boy jumping from a bunk bed on a smaller bed .,697,"pajama, pyjama, pj's, jammies"
2908981903,Man fixing a train as it stops .,820,steam locomotive
291014975,Three men are cutting up a fallen tree on an autumn day .,491,"chain saw, chainsaw"
2911361601,A man wearing a flannel shirt and black pants is working on a new reed roof on top of a house .,853,"thatch, thatched roof"
2913097619,A piece of cake is being served on a paper plate .,934,"hotdog, hot dog, red hot"
2913507150,A group of people are sorting white and red bags .,728,plastic bag
2915538325,People dressed in hi viz jackets are watching a helicopter fly past an explosion .,980,volcano
2915698477,A middle-aged couple smiles from a round outdoor wooden jacuzzi .,876,"tub, vat"
2916770809,The back of two spectators watching a baseball game at night .,489,chainlink fence
2917527717,A group of people are walking through a canyon .,972,"cliff, drop, drop-off"
2918653119,A male rollerblader wearing a green shirt and hat grinding down a green rail .,421,"bannister, banister, balustrade, balusters, handrail"
2918769188,A person swimming in a swimming pool .,433,"bathing cap, swimming cap"
2919459517,The man is riding a bicycle through the forest .,671,"mountain bike, all-terrain bike, off-roader"
291952021,A dog looking at the camera with a piece of cloth in its mouth .,242,boxer
2921430836,Football players making a tackle with the referee in the foreground .,560,football helmet
292354399,A man and two women talk while looking at his reflection in the mirror .,655,"miniskirt, mini"
2923825744,The football player in black runs with the football .,560,football helmet
2923891109,White dog with a tennis ball in its mouth running through green grass .,216,"clumber, clumber spaniel"
2924689361,"A young woman pushing a child on a swing , with two other children at a playground .",843,swing
2925242998,A woman hiker stopped at the top of a mountain with a beautiful view,979,"valley, vale"
2926595608,Four men jumping in a basketball game,430,basketball
2926786902,Somone is high in the air doing a ski jump .,795,ski
2929181389,"Multiple people , most prominently a woman in a skirt and black top , stand in front of a row of orange laundromat style clothes washers .",897,"washer, automatic washer, washing machine"
2931695159,A young woman playing tennis .,752,"racket, racquet"
29320312,Little girl taking a bite of a burrito .,965,burrito
2932395753,A man in a blue shirt and a turban sits next to a hookah while holding the pipe next to his mouth .,558,"flute, transverse flute"
2932553502,Young male and female adults converse over game they are playing .,752,"racket, racquet"
2933643390,A tackle in a football game .,560,football helmet
2934573544,The black dog is running on the grass .,236,"Doberman, Doberman pinscher"
2934628301,A black dog is running through some water .,210,German short-haired pointer
2935921151,A kid in blue swim trunks swimming the backstroke .,433,"bathing cap, swimming cap"
2935986346,A gray dog wearing a muzzle runs over grass .,177,"Scottish deerhound, deerhound"
293653043,Two women appear to sleep at a table in a diner .,762,"restaurant, eating house, eating place, eatery"
2937461473,Several children are all engaging in excersise,890,volleyball
2937697444,A man performs a wakeboarding trick,562,fountain
2938120171,Two golden dogs on a wood deck .,207,golden retriever
2938181762,A person is walking near a fountain .,562,fountain
2939371251,Many football players are running on the grassy field .,560,football helmet
2939464283,a football player in a brown jersey jumping up to catch a football,560,football helmet
2939475047,This is a football game in progress .,560,football helmet
2942133798,A brown and white dog is running with a yellow Frisbee .,218,Welsh springer spaniel
2944647707,Workers clean trash off the street .,462,broom
2947172114,Four young boys dressed in uniform play football .,560,football helmet
2949014128,A boy holding a ball falls down in front of another boy who has his arms reaching out while an older man in a green shirt smiles and watches .,768,rugby ball
2949762776,Two teams of football players about to start a game .,768,rugby ball
2952320230,A female tennis player swings for the ball .,752,"racket, racquet"
2953861572,a black dog with a blue tag running on a beach,227,kelpie
295433203,Two dogs chase one another on a gravel road .,184,Irish terrier
2955083038,A group of saddled camels and their riders .,354,"Arabian camel, dromedary, Camelus dromedarius"
2956811273,Military man shakes hand with a man in a suit as onlookers watch .,652,military uniform
2956835181,Members of the military being served at a cafeteria .,415,"bakery, bakeshop, bakehouse"
2957676092,Soldiers watch as one of them talks .,652,military uniform
2957679856,A middle-aged man in a military uniform sits at a table in front of a small flag and microphone .,823,stethoscope
2957681960,Three soldiers in fatigues are sitting around a table .,652,military uniform
2957688236,Military men are conversing near a playground .,652,military uniform
2958912940,A person with gray hair and a gray outfit is lying down on a bench .,703,park bench
2959941749,A hockey goalie lays on the ice and other players skate past him .,746,"puck, hockey puck"
2960422620,"A child runs among pigeons , while a man carrying bags watches .",981,"ballplayer, baseball player"
2965189317,A man is popping balloons inside a cubicle using a handmade tool .,522,croquet ball
2966269757,The little footballer takes the field .,805,soccer ball
2966901532,An swimmer swimming in a swimming pool .,433,"bathing cap, swimming cap"
2968693931,A kid skateboards down railings of a large set of stairs .,421,"bannister, banister, balustrade, balusters, handrail"
2968885599,Two packs of sled dogs meet .,537,"dogsled, dog sled, dog sleigh"
2970461648,A girl riding a scooter near the beach .,702,"parallel bars, bars"
2971285079,A girl wearing makeup playing a bass .,486,"cello, violoncello"
2972929655,Two men in black shorts are in the sand on the shoreline .,842,"swimming trunks, bathing trunks"
2973272684,A football player runs past an official carrying a football .,560,football helmet
2974798723,Young male in a hoodie is doing a skateboard stunt on a flight of stairs .,421,"bannister, banister, balustrade, balusters, handrail"
2975018306,A brown dog is licking its nose .,178,Weimaraner
2975777425,A little girl and boy out at the park riding their scooters .,870,"tricycle, trike, velocipede"
2976537455,Two hockey players almost fall on the ice during a scuffle .,746,"puck, hockey puck"
2977246776,a mom pushes her little girl on the swing .,843,swing
2978540629,a group of people are enjoying their time on a carnival ride .,417,balloon
2979998405,A group of people with children are performing on a stage .,854,"theater curtain, theatre curtain"
2980118787,A boy on his bike leaping over a hill with trees in the background .,671,"mountain bike, all-terrain bike, off-roader"
2984704498,a woman holds a camera .,982,"groom, bridegroom"
298611438,A toddler pushing a toy lawn mower .,870,"tricycle, trike, velocipede"
2986716822,A dog holds a large stick in its mouth .,225,malinois
2987121689,Two soccer opponents run and fight for the soocerball on a grassy field .,805,soccer ball
2987195421,A pitcher and catcher get ready to hug after striking out a ball player .,981,"ballplayer, baseball player"
2988439935,A man in a red uniform runs towards a soccer ball on a field .,805,soccer ball
2989210278,A U.S. solider shows Iraqi police how to search a person .,830,stretcher
2989386106,A guy is making bundles of straw or bamboo in a field .,462,broom
2989764675,An older man in a cane holding an umbrella while walking through an outdoor market .,879,umbrella
2992808092,Two teenagers participate in a game of field hockey .,768,rugby ball
2993167183,A tall black man playing basketball .,430,basketball
2993167197,A basketball player looks for someone to pass the ball to .,430,basketball
2993388841,"The basketball player in the blue uniform is guarding the player in the orange uniform , who has the ball .",430,basketball
2993856241,A couple are dressed in costumes .,903,wig
2994107810,A basketball player wearing an orange uniform looks backwards .,430,basketball
2994205788,A man lays against a wall near train tracks .,523,crutch
2994997667,Young girl reads the newspaper .,918,"crossword puzzle, crossword"
2995935078,The person in the white uniform and kneepads is playing a game with a wooden racquet .,981,"ballplayer, baseball player"
299615023,A man sings for a crowd in a banquet hall for an audience .,819,stage
2997939824,Soldiers are washing pans in red tubs .,830,stretcher
2998024845,A man in an orange shirt and blue helmet races his bike .,671,"mountain bike, all-terrain bike, off-roader"
300148649,A man in white is playing a black accordion .,401,"accordion, piano accordion, squeeze box"
3003011417,"Children wearing life preserves and helmets , and holding an oar , sit on a raft in water .",693,"paddle, boat paddle"
300500054,Four guys playing soccer on the pavement .,646,"maze, labyrinth"
3005607851,People are relaxing or sleeping .,612,"jinrikisha, ricksha, rickshaw"
3005979237,A woman singing and playing the keyboard for an audience .,819,stage
3006094603,This is a man holding a cup and wearing an Obama t-shirt .,610,"jersey, T-shirt, tee shirt"
3009542570,Kids aggressively getting ready for a play in football .,560,football helmet
3013469764,The quad runner goes up the sand dune .,573,go-kart
3014080715,A team of dogs are pulling a sled over snow .,537,"dogsled, dog sled, dog sleigh"
3014169370,A person wearing a yellow shirt just jumped from the top of the waterfall .,562,fountain
3018255724,"There is a group of football players , several in maroon and gold and the others in yellow and black on a grass field with a referee in white and black .",560,football helmet
3019864782,A young girl is sitting in a purple fold up chair reading a book .,559,folding chair
3019986034,A woman and a man playing instruments .,889,"violin, fiddle"
3020714541,An Asian couple kiss outdoors on their wedding day .,982,"groom, bridegroom"
3021024000,There a young lady playing a instrument .,486,"cello, violoncello"
3021028400,A boy playing a cello with his orchestra .,486,"cello, violoncello"
3021435473,Two young boys playing in the water at the pier .,562,fountain
3023178539,Two boys are running around a field .,768,rugby ball
3023927196,"Two men , underwater in wetsuits make weird hand signs .",983,scuba diver
3024001901,A telephone repairman looks down from above while repairing his lines .,733,pole
3025546819,A dog runs on brown grass .,232,Border collie
3027365101,A person does tricks on a bike on a ramp surrounded by trees .,671,"mountain bike, all-terrain bike, off-roader"
3027458414,A man is tuning a black and white guitar .,546,electric guitar
3029043380,A female tennis player readies herself .,752,"racket, racquet"
3030079705,A small girl sitting on a man 's back .,797,sleeping bag
3030294889,Three whales are jumping in the air while people watch .,148,"killer whale, killer, orca, grampus, sea wolf, Orcinus orca"
3030565991,A teenage boy wearing a blue and white uniform playing a form of Hockey .,746,"puck, hockey puck"
3030728199,Three male swimmers are competing is a swim meet .,433,"bathing cap, swimming cap"
3030823649,Shepherd dog catches tennis ball,235,"German shepherd, German shepherd dog, German police dog, alsatian"
3030824089,A black and tan dog leaps over the green grass .,235,"German shepherd, German shepherd dog, German police dog, alsatian"
3032235201,A young girl wearing a pink hat and young boy wearing a dark shirt are eating cake .,929,"ice lolly, lolly, lollipop, popsicle"
3036261575,This is a man and woman who are holding up a marriage certificate .,982,"groom, bridegroom"
3036641436,Three people wearing green shirts ride together on the swings .,843,swing
3037060954,A bride is placing a flower on a groom 's suit .,982,"groom, bridegroom"
3037108254,The woman is placing an orange rose as a boutonniere on the man 's suit jacket collar .,982,"groom, bridegroom"
3038045802,A snowboarder jumps off a large ramp in the mountains .,970,alp
3038755837,An older man in a brown suit rests on a bench by the water .,628,"liner, ocean liner"
3038952914,Four men with binoculars looking out to try and see something .,447,"binoculars, field glasses, opera glasses"
3041170372,A man rides his bike over a bump on a dirt path .,671,"mountain bike, all-terrain bike, off-roader"
3041779850,little school boys singing together .,457,"bow tie, bow-tie, bowtie"
304448536,"Person in red jacket sits on their bike , in front of a blue van .",671,"mountain bike, all-terrain bike, off-roader"
3046431231,Four women pose in their alien costumes .,903,wig
3046861840,A man in a red shirt is sitting on top of a rocky mountain .,979,"valley, vale"
3046949818,One rugby player holding a ball is getting hit from behind by another player .,768,rugby ball
3047143840,"Two young girls , one in black and one in blue , are practicing on balance beams .",416,"balance beam, beam"
3047264032,A man with a yellow shirt and gold sun mask on his face .,643,mask
3047749814,A woman harnessed to a cable by a pulley .,843,swing
3048380686,A goalie blocking the goal with assistance from a teammate during a hockey game .,746,"puck, hockey puck"
3048461682,A small white dog leaps over a root in the woods .,216,"clumber, clumber spaniel"
3048904615,Some young girls in swimsuits playing volleyball on a sandy field .,890,volleyball
3049092854,Two separate people in small boats trying to come ashore on a beach as the sun either sets or rises .,693,"paddle, boat paddle"
3050264832,A man sliding on a concrete bench on his snowboard as people watch,652,military uniform
3050606344,A man kiyaking in rough water .,693,"paddle, boat paddle"
3051015087,A man and a child are swimming in a pool .,842,"swimming trunks, bathing trunks"
3051754615,Rowers racing furiously .,693,"paddle, boat paddle"
3052196390,Little kids enjoy sprinklers by running through them outdoors .,562,fountain
3052435954,"An asian man in a tuxedo is hugging a woman in a white dress while holding flowers , on wooden planks .",982,"groom, bridegroom"
3052436578,A bride and groom kiss under the bride 's veil .,982,"groom, bridegroom"
3052440036,A bride and groom dancing while covered in money .,982,"groom, bridegroom"
3054200086,A hockey player makes a shot .,746,"puck, hockey puck"
3056530884,Two laughing girls swing in a tire swing .,843,swing
3056595980,four individuals sitting on a bench looking at the ocean,703,park bench
305673358,A curling competitor lines up her next shot .,746,"puck, hockey puck"
3057126570,A man in a suit is playing an arcade game .,541,"drum, membranophone, tympan"
3057432536,A person leads three horses away against the sunset .,354,"Arabian camel, dromedary, Camelus dromedarius"
305749904,A man wears a t-shirt showing a baby humping a stuffed bear .,610,"jersey, T-shirt, tee shirt"
3057618932,A man is riding a bicycle down a staircase .,421,"bannister, banister, balustrade, balusters, handrail"
3058361320,A woman putting together a rug .,741,"prayer rug, prayer mat"
3060664765,A shop is closed and a girl is peeking through it looking at lingerie collection .,788,"shoe shop, shoe-shop, shoe store"
3062173277,A group of people are rowing a boat in a contest .,693,"paddle, boat paddle"
3062582231,Pakistani boy in brown oversized shirt selling sandals on the side of the street .,788,"shoe shop, shoe-shop, shoe store"
3062582233,Several boys dressed in dark colors are sitting down .,593,"harmonica, mouth organ, harp, mouth harp"
3063544435,A team of rowers propel their boat forward with their paddles in the water .,693,"paddle, boat paddle"
3065560742,The two hockey players are down on the ice .,746,"puck, hockey puck"
3066429707,the girl in blue kicks the soccer ball .,805,soccer ball
3068735836,A man is pulling a wheelie on a motorcycle whilst being watched by a group of people .,625,lifeboat
3070130228,Two players in red white and blue football uniforms squat down on the field .,560,football helmet
3072172967,"Four men playing basketball , two from each team .",430,basketball
3074617663,A dog is digging a hole in the sand .,225,malinois
3078402009,The basketball player prepares to launch the ball to his teammate far down the court .,430,basketball
3079073247,A person performing a wheelie trick on a motorcycle in a parking lot .,518,crash helmet
3081363964,A brown dog is on the ground growling .,207,golden retriever
3081734118,A small dog catches a green tennis ball in its mouth .,852,tennis ball
3084731832,A white dog runs by pine trees in the snow .,172,whippet
3086790344,The girl is swimming is a blue-green ocean .,801,snorkel
3086859525,A line of people waiting in the electronics section of a Walmart .,791,shopping cart
3087336221,"this Child is in a ClassRoom , finished for the day , maybe",762,"restaurant, eating house, eating place, eatery"
3087485737,"A man on a beach , with his foot on a boogie board .",842,"swimming trunks, bathing trunks"
3089842255,A girl jumping over a red punch bag .,747,"punching bag, punch bag, punching ball, punchball"
3089881249,A man is playing a guitar on a stage .,819,stage
3090386315,A dog with a collar and tag runs with its tongue out on a path .,208,Labrador retriever
309059803,"A man is preparing fish in an indoor market in Asia under lights and plastic bags , and is surrounded by other people and food vendors .",467,"butcher shop, meat market"
3090600019,An attractive police lady and a jailbird pose for a photo .,655,"miniskirt, mini"
3090877035,A man is playing an electric guitar .,819,stage
3092200805,Two men on canoes on a lake .,472,canoe
3094034072,Girls playing basketball .,430,basketball
3094034946,A young soccer player getting ready to kick the ball .,805,soccer ball
3094107069,A group of ladies in a yoga pose .,416,"balance beam, beam"
3094317837,A surfer on a red surfboard jumps over a high wave in the ocean .,693,"paddle, boat paddle"
3097196395,Two racing dogs run around a track .,676,muzzle
3098714492,A bride and groom pose with their wedding party .,982,"groom, bridegroom"
3099627946,Choir sings at the front of a church .,687,"organ, pipe organ"
310213587,A man in black clothes and a blue hat is taking a drink and holding a shopping bag .,703,park bench
3104220866,Woman laying in grass with a rugby ball on her head .,768,rugby ball
3105743276,A large group of people are walking up a steep mountain with clouds hanging in the background .,980,volcano
3106782647,A male airborne on a bicycle .,671,"mountain bike, all-terrain bike, off-roader"
3106787167,Group of dirty men play football .,768,rugby ball
3107368071,A crowd of children point towards an object to the right of the frame .,793,shower cap
3108732084,a snowboarder,795,ski
3109704348,The man with the soccor ball is being hit by another man .,768,rugby ball
3110050749,A little boy playing with a yellow bubble blowing toy .,971,bubble
3110840233,A man in a santa hat playing the xylophone .,642,"marimba, xylophone"
3111261053,Three people eating in an upscale restaurant .,762,"restaurant, eating house, eating place, eatery"
3111502208,Two women pushing each other during a rollerskating competition .,615,knee pad
3112903357,A man in a yellow shirt and a woman in a white shirt stand next to a food cart .,766,rotisserie
3113105156,A soccer player is mid-kick with his leg high in the air .,805,soccer ball
3113322995,The dogs run in the snow pulling a sled with a person .,537,"dogsled, dog sled, dog sleigh"
3113437367,A man wearing a white work coat is arranging soft pretzels .,932,pretzel
3117602933,Young person holding a red and black fan in front of a martial arts class .,862,torch
3119887967,"Two men look toward the camera , while the one in front points his index finger .",490,"chain mail, ring mail, mail, chain armor, chain armour, ring armor, ring armour"
3120235179,woman squatting over a bag filled with some sort of round green vegetable .,956,custard apple
3123463486,"The brown , white and black dog runs on a gravel surface .",253,basenji
3125309108,Two opposing players are in the air during a rugby match .,768,rugby ball
3126752627,A basketball player tries to block another .,430,basketball
3126773489,Two men are playing during a basketball game .,430,basketball
3126795109,A bald basketball player is standing on a court with the ball in his right hand .,430,basketball
3126867551,A man is holding a fishing rod and fishing at sunset .,758,reel
3127614086,The basketball player wearing the white outfit and orange sneakers is doing a lay up .,430,basketball
3127629248,"Miami and Clemson playing a basketball game , one player about to lay the ball in",430,basketball
3128856481,White duck flapping its wings in the water .,99,goose
3128965175,A young girl is looking at her checkerboard and contemplating her next move .,398,abacus
3129514177,A little boy in a purple jacket is buckled into his car seat .,785,"seat belt, seatbelt"
3130093622,A dog running with a stick in the snow .,235,"German shepherd, German shepherd dog, German police dog, alsatian"
313051099,The brown dog has a stick in its mouth .,182,Border terrier
3133044777,A fruit stand with its vendor .,954,banana
3134092148,A surfer is doing a turn on his board .,814,speedboat
3134768532,Three women enjoying a stroll through the streets .,655,"miniskirt, mini"
3136043366,A football team in blue uniforms run out of a smoke cloud .,560,football helmet
3138018309,"A little boy wearing blue , sports pajamas is standing in front of a Christmas tree .",697,"pajama, pyjama, pj's, jammies"
3138504165,The goaltender is crouching in front of the goal .,746,"puck, hockey puck"
3142055158,One rugby player attempts to take down another .,768,rugby ball
314603661,The brown and white dog is running to catch something .,161,"basset, basset hound"
314685044,A woman is standing near a public phone outside a bookstore on a city street .,707,"pay-phone, pay-station"
3147217787,A person in uniform dunking a basketball .,430,basketball
3147913471,The basketball player is holding a basketball getting ready to take a shot .,430,basketball
314800643,A man in a gray shirt looks past the camera while a girl in a blue sweatshirt sits behind him to his left .,672,mountain tent
3148036184,A kid in red shorts playing in water .,562,fountain
3148811252,A basketball player holds the ball during a game .,430,basketball
3149038044,Two children are playing flag football together .,768,rugby ball
3149261891,A pretty young lady is playing the harp .,594,harp
3154152744,two black dogs playing fetch with a red toy,205,flat-coated retriever
3154528397,A skier flies through the air .,795,ski
3154641421,"Basketball player with 32 on jersey jumps to make a shot , crowd in background .",430,basketball
3154693053,A Miami Hurricanes basketball player has possession of the ball .,430,basketball
3154709407,The number five Miami player dribbles down the court .,430,basketball
3155451946,The basketball player in white holds the ball .,430,basketball
3156406419,a skier is throwing up snow as he skis off piste .,795,ski
3157622277,a referee stops a hockey fight .,746,"puck, hockey puck"
3157745346,Man in bike helmet getting fare ticket out of machine .,480,"cash machine, cash dispenser, automated teller machine, automatic teller machine, automated teller, automatic teller, ATM"
3158365397,Men using the slot machines in casino atmosphere .,800,"slot, one-armed bandit"
3159569570,A group of children in African clothing .,775,sarong
3159995270,A woman wearing a white coat skis down a snowy hill .,795,ski
3160531982,"With the sun rising , a person is gliding with a huge parachute attached to them .",701,"parachute, chute"
316293396,A group of soldiers is standing together wearing all their gear .,652,military uniform
3163273640,Several men riding elephants through the street .,385,"Indian elephant, Elephas maximus"
3163281186,A woman stands on a wall to pet an elephant .,385,"Indian elephant, Elephas maximus"
3165123595,Skiers in uniform progress down a snowy slope .,795,ski
3166578139,Skier skiing downhill,795,ski
3167168073,Camels are being led by a man in the desert .,354,"Arabian camel, dromedary, Camelus dromedarius"
3167379087,A bike racer in a red jersey is pursued by another rider wearing blue .,671,"mountain bike, all-terrain bike, off-roader"
3167503189,A little boy in gray is walking along a ledge of a brick building .,853,"thatch, thatched roof"
3171066023,A skier is riding skis along a tree lined trail .,795,ski
317109978,"A brown and white pitbull , with a black collar , is about to leap over a branch",159,Rhodesian ridgeback
3171609109,A small image used to signify a broken web image link,890,volleyball
3172384527,Many people sitting at many tables .,762,"restaurant, eating house, eating place, eatery"
3173014908,A person skiing downhill in the snow .,795,ski
317383917,"Two large black dogs , one small black dog , and one large white dog are standing in some snow .",256,"Newfoundland, Newfoundland dog"
3174228611,An SMU basketball player playing basketball .,430,basketball
3174919870,A woman is in skis in the snow .,795,ski
3175434849,Large stuffed bears hang above a carnival game .,865,toyshop
3176498130,Four guys are sitting in shopping carts on a city rooftop,791,shopping cart
3177298173,A child in a blue and white team uniform chasing a soccer ball .,805,soccer ball
3177799416,A person snowboarding down a snowy hill .,795,ski
3178385319,Boy in red pajamas with penguins and snowflakes on them playing a Pokemon card game .,697,"pajama, pyjama, pj's, jammies"
3178447947,A child in a red shirt and pants puts a green plastic bucket with Easter eggs on it on her head .,463,"bucket, pail"
3179223972,A baby boy posing for a picture in an elmo shirt .,785,"seat belt, seatbelt"
3179448577,A street musician is playing drums in a tunnel .,822,steel drum
318070878,A girl in gold and purple is holding a rainbow afghan .,775,sarong
3182121297,A person on a yellow snowboard does some tricks in the snow .,795,ski
3182558164,Men playing a basketball game .,430,basketball
3183060123,A motorcyclist speeding along a road on a green Kawasaki sport motorcycle .,518,crash helmet
3183266412,A street performer playing banjo on a city street .,420,banjo
3183883750,Two teenage girls hold a card referring to periods as they smile .,785,"seat belt, seatbelt"
3184454192,A photographer is sitting on his camera case at the beach .,872,tripod
3185645793,A man leaving the ground on a bicycle .,671,"mountain bike, all-terrain bike, off-roader"
3186668412,A man in a black shirt playing piano .,642,"marimba, xylophone"
3187117682,A shaggy dog dusted with snow licks its nose .,215,Brittany spaniel
3189521080,Black and white bird with orange beak in water with rocks around .,143,"oystercatcher, oyster catcher"
3196557944,A boy sitting on a dinosaur chair holding a blue object .,797,sleeping bag
319851847,A man is using a chainsaw on a statue .,491,"chain saw, chainsaw"
3198668255,A woman in a yellow top and blue and yellow shorts is leaping a hurdle .,421,"bannister, banister, balustrade, balusters, handrail"
3199600309,A person helping a toddler with red pants walk through the snow .,792,shovel
3200958408,A man scuba diving on a coral reef .,983,scuba diver
3203593191,A military group stands at attention .,652,military uniform
3203742047,The girl in the pink hat is dragging a sled through the snow .,802,snowmobile
3205887140,A woman with long brown hair is standing outside in the snow holding a harp .,594,harp
320779082,A group of people milling about in a large room filled with folding chairs .,559,folding chair
3208999896,"A bride , a groom , 3 guys , and 3 women .",982,"groom, bridegroom"
3209523192,A main in a black and white shirt is skiing with red flags to the right .,795,ski
3209564153,A person skiing down a hill .,795,ski
3209620285,Two men at the beach twirl sticks with fire at the ends .,792,shovel
3210419174,some people at a part gather to take a picture,627,"limousine, limo"
3210457502,A white bird is flying over the surface of the water .,132,"American egret, great white heron, Egretta albus"
3211437611,old picture of wedding .,982,"groom, bridegroom"
3211453055,"Two skiers , one in pink and one in black , ride on a ski lift .",795,ski
3212599897,A group of synchronized swimmers .,562,fountain
3214237686,a lone snowboarder jumping in the air doing a trick .,795,ski
3215695965,a young boy tapped in a shopping cart .,791,shopping cart
3217056901,A group of Asian children are part of an audience sitting on blue benches .,879,umbrella
3217620013,A basketball player with a ball and defenders .,430,basketball
3218480482,The guard drives towards the basket during a college basketball game .,430,basketball
3218481970,A basketball player slam dunks the ball .,430,basketball
322050103,A woman in a blue hat and coat is crossing the road on a pedestrian crossing .,920,"traffic light, traffic signal, stoplight"
3222055946,"At a women 's basketball game , a white-skinned woman dribbles against the Chicago defense .",430,basketball
3222842866,A dalmation is running along the beach .,251,"dalmatian, coach dog, carriage dog"
3223973114,A brown dog runs outdoors .,172,whippet
3225058391,A man in orange lifts a bicycle over his head in front of a crowd .,830,stretcher
3225998968,A skier in red pants is on a snow covered slope .,795,ski
322628645,The child and his parents are sharing lunch .,470,"candle, taper, wax light"
3227148358,A white bird with yellow feet is flying over water .,132,"American egret, great white heron, Egretta albus"
3227499174,Two people are getting married in a church .,982,"groom, bridegroom"
3227620119,Girl in yellow shirt with the number 1299 on it running in the grass .,768,rugby ball
3228517564,A young boy riding a dirt bike through the mud .,671,"mountain bike, all-terrain bike, off-roader"
3229604446,"Six men , all wearing identifying number plaques , are participating in an outdoor race .",768,rugby ball
3229946208,A group of men in different color attire are running a marathon .,768,rugby ball
3230132205,A man is a black ninja suit with a mask is playing a guitar .,796,ski mask
3231575742,A snow skier is going down a slalom course .,746,"puck, hockey puck"
3231751379,An ice hockey player is bending down on the ice .,746,"puck, hockey puck"
3232470286,A soccer team scores a goal .,981,"ballplayer, baseball player"
3234157487,A teenager chopping wood on a snow covered street with a another teenager running out to him .,792,shovel
3234167919,A person chopping wood in the winter .,792,shovel
3234401637,Two people are riding bikes on a vacant street near the ocean .,880,"unicycle, monocycle"
323657582,a dog carries a large stick through the field .,217,"English springer, English springer spaniel"
3236677456,A dog jumps in the air for a Frisbee disk as the owner watches,225,malinois
3237720834,A man selling creative balloons on the street .,417,balloon
3237760601,A skier is in the air .,795,ski
3239021459,A child sleds over a mound of snow as others watch him .,802,snowmobile
3239480519,A black and white dog returns a stick in the snow .,232,Border collie
3241263130,A person is doing a back flip while other people and cars go by in the background .,880,"unicycle, monocycle"
3241892328,A lion jumping through tall grass .,286,"cougar, puma, catamount, mountain lion, painter, panther, Felis concolor"
3241965735,A parachute caught on a tree with some people on the ground shining a light at it .,795,ski
3242088278,A bald eagle sits on the bank of a creek .,22,"bald eagle, American eagle, Haliaeetus leucocephalus"
3242919570,A white dog with red ears is running in the snow .,169,"borzoi, Russian wolfhound"
3243588540,The girl is standing as the other girl with glasses works on her hand painting .,918,"crossword puzzle, crossword"
3245250964,Man in blue and white uniform shooting basketball being blocked by man in white and red .,430,basketball
324641725,A man in a tan jumpsuit and baseball cap is operating a heavy piece of machinery .,561,forklift
3246613257,A young girl is pushing a snowball .,792,shovel
3246773992,Girl in black pants and an orange top jumping with one leg outstreached and foot pointed other in background dressed the same .,655,"miniskirt, mini"
3246804978,Many dogs are shown in the grass .,254,"pug, pug-dog"
3247807215,Male and female ballerinas perform on a blue-lit stage .,819,stage
32490830,An old man in shorts and white spotted black socks sits outside playing an accordion .,401,"accordion, piano accordion, squeeze box"
3249278583,A dog sled with two passengers travelling through the snow .,537,"dogsled, dog sled, dog sleigh"
3249738122,a crowd cheers on a sled dog racer .,537,"dogsled, dog sled, dog sleigh"
3249865395,three people stand on the sidewalk .,655,"miniskirt, mini"
3251460982,A German Shepherd runs in the snow .,235,"German shepherd, German shepherd dog, German police dog, alsatian"
3251976937,A brown dog holding a huge stick in its mouth running in the snow .,211,"vizsla, Hungarian pointer"
3255539705,A young woman is sledding down a snowy hill .,795,ski
3256043809,a brown and white dog is sniffing the snow covered ground .,172,whippet
3257103624,"Two men , walking waist deep in water , with one man shirtless with green hair and bright pink arms .",433,"bathing cap, swimming cap"
3257107194,Two boys hanging off a tire dock .,394,sturgeon
3257277774,A black and white dog jumping in the snow .,232,Border collie
3259330901,A man in black clothing plays a guitar in front of a brick wall .,402,acoustic guitar
3259666643,"A boy in a blue basketball uniform , number 13 and a boy in a white basketball uniform , number 23 jump for the ball .",430,basketball
3260975858,A dog sledding team pulling a man wearing a bright orange jacket in the snow .,537,"dogsled, dog sled, dog sleigh"
3261493263,A dog sled team and their driver .,537,"dogsled, dog sled, dog sleigh"
3261666285,Two teams are playing basketball as one man is driving towards the hoop .,430,basketball
3262075846,Men play rugby .,768,rugby ball
3262104654,An elderly saxophonist performing at an outdoor event .,776,"sax, saxophone"
32628083,"A group of Hispanic children are gathered outside holding basketballs , with one boy in a blue shirt smiling as he holds up a Spalding basketball .",430,basketball
3262849619,A brown and white dog is carrying a snowball .,217,"English springer, English springer spaniel"
3263829326,Musical performers perform on stage together .,819,stage
3264464625,"A group of people are in a swimming pool , being splashed .",433,"bathing cap, swimming cap"
3264937930,People gathered around a hot air balloon in the process of inflating .,417,balloon
3265527323,A chicken and a white dog in the mulch .,8,hen
3265864834,a brown dog wearing a chain collar on a mountain running crazily .,209,Chesapeake Bay retriever
3267644370,"A refrigerator is stuck in a bank of snow , and a man is skiing on it .",795,ski
3268407162,A man plays tennis dressed in U of Miami colors .,752,"racket, racquet"
3270010926,A team of six wearing safety helmets and other gear pull on a rope while standing on rocks .,830,stretcher
3270083123,A swimmer comes up above the surface of the water for air .,433,"bathing cap, swimming cap"
3271084924,Two dogs run in the grass as a third dog watches from behind them .,169,"borzoi, Russian wolfhound"
3272847211,a group of basketball players trying to get the ball from another player .,430,basketball
3273969811,a large white crane flying through the air over the water .,132,"American egret, great white heron, Egretta albus"
327415627,Two gray dogs run near the water on a manicured lawn in the fall .,178,Weimaraner
3275537015,Four girls in swimsuits are playing volleyball at the beach .,890,volleyball
3275646864,"A baby in a blue shirt , looking at the camera while holding a crayon they were using .",784,screwdriver
3278811919,"Two skis hike uphill , through a barren , snowy landscape .",795,ski
327944239,An Indian houseboat sails down a river past a house .,449,boathouse
3281764360,A man photographs out off of the frozen land .,872,tripod
3282649301,Two men wearing numbers run in a race as several people in the background look on .,768,rugby ball
3283897411,A little girl in a pink top is spinning a stick that has been set on fire .,862,torch
3284460070,Biker in colorful clothes riding a trail .,671,"mountain bike, all-terrain bike, off-roader"
3284887033,A tan dog chases a black and white soccer ball .,805,soccer ball
3285180819,A basketball player in blue is attempting to block a player in white during a game .,430,basketball
3285214689,Man in blue sport uniform with basketball in right hand attempting to score basket while being blocked by player in white uniform .,430,basketball
3286045254,A basketball player holding a basketball .,430,basketball
3286111436,A basketball player for North Carolina moves with the ball in hand .,430,basketball
3286198467,A brown dog is fetching something in its mouth on a field .,235,"German shepherd, German shepherd dog, German police dog, alsatian"
3286222970,A young girl walks quickly outside .,703,park bench
3286262286,A woman wearing black is balancing a fishbowl on her head .,971,bubble
3287415664,A woman an children walking on a rainy street in the city .,879,umbrella
3287549827,The snowboarder is grinding on a silver rail in the nighttime snow .,421,"bannister, banister, balustrade, balusters, handrail"
3288596188,Two men viewing a passing cruise ship .,628,"liner, ocean liner"
3288839246,A person in a red shirt and black pants rock climbing .,972,"cliff, drop, drop-off"
3288928346,A man on a very tall bike rides across a crosswalk .,880,"unicycle, monocycle"
3289893683,Two basketball players fighting over control of a ball .,430,basketball
3290025108,The man is holding the chainsaw .,491,"chain saw, chainsaw"
3290744071,Two women are jumping while playing volleyball on the beach .,890,volleyball
3291979978,Group of skiers talk on a hillside covered in snow .,795,ski
3292277400,Two dogs playing in the grass .,178,Weimaraner
3292859458,a female rugby player trying to outmaneuver opposing players .,768,rugby ball
329363857,Two people are walking in the snow .,792,shovel
3293642024,A man wearing a blue wetsuit is wakeboarding through a big wave .,693,"paddle, boat paddle"
3293945284,A group of people are standing in a field flying kites .,701,"parachute, chute"
3295680663,A man jumps train cars with his bike .,565,freight car
3296584432,A man and a dog on the beach .,273,"dingo, warrigal, warragal, Canis dingo"
3296715418,The white dog walks along the dead grass with its tongue out .,258,"Samoyed, Samoyede"
3299820401,A mountain biker wearing a colorful helmet rides downhill .,671,"mountain bike, all-terrain bike, off-roader"
3301271382,Three children are with two animals in the water .,346,"water buffalo, water ox, Asiatic buffalo, Bubalus bubalis"
3301438465,People in white standing on sports field while crowd watches from stands,981,"ballplayer, baseball player"
3301811927,Hockey players with one taking a shot .,746,"puck, hockey puck"
3301859683,A man skiing down a hill .,795,ski
3301935788,A snowboarder is jumping over a snowbank in a snow park,795,ski
3302986588,A young boy with a blue umbrella waits outside a shop .,879,umbrella
3303648823,A man in a red coat skiing .,795,ski
3303787342,Person in green jacket and backpack biking through snow,795,ski
3303797949,A boy with a basketball .,430,basketball
3304763517,A girl playing in a ball pit with a red ball to her mouth held by her left hand .,641,maraca
3305895920,Three basketball players in white are defending against the attacking player with the ball in orange .,430,basketball
33064498,A girl with a soccer ball at her feet is standing in front of a boy .,805,soccer ball
33064820,A group of kids are running while playing soccer .,805,soccer ball
3309040155,"A child , asleep on a comfy chair .",797,sleeping bag
3310551665,A kid in yellow poking his face inside a bubble .,971,bubble
3311566845,Two musicians are playing a duet one on a harp and the other on a violin .,594,harp
3314900697,The bull is running with a yellow fence behind him .,346,"water buffalo, water ox, Asiatic buffalo, Bubalus bubalis"
3315033940,People in a boat floating above waves .,814,speedboat
3315110972,A large white bird flying over water .,132,"American egret, great white heron, Egretta albus"
3316120400,A musician is playing a cello in an orchestra .,486,"cello, violoncello"
3317073508,A shot-on-goal action photo of soccer players in red and black uniforms .,768,rugby ball
3318021552,There are vegetables displayed at an outdoor market .,582,"grocery store, grocery, food market, market"
3319020762,Two people in the surf as the wave covers them .,433,"bathing cap, swimming cap"
3319405494,Two skiing people jumping a ramp and a man looking straight ahead .,795,ski
3319646890,Three people in a field of brown plants .,518,crash helmet
3319712233,"Two hockey players , one in red and black , the other in white and black , battle it out on the ice .",746,"puck, hockey puck"
3320680380,A child goes skiing .,795,ski
3321715926,Customers buy cut raw fish at the market .,467,"butcher shop, meat market"
3321832766,A Cellist performs a piece with his symphony orchestra .,486,"cello, violoncello"
3321915205,A man in red swim trunks is serving a beach volleyball .,890,volleyball
3323076458,a black and brown dog is running across a muddy field .,164,bluetick
3323514651,Two basketball players fighting over the ball .,430,basketball
3324746155,a man wearing blue plays soccer .,805,soccer ball
3325129757,Snowboarder performing a trick high in the air in a snowy area .,795,ski
3325578605,a white bird flies over a lake .,132,"American egret, great white heron, Egretta albus"
3326273086,A black dog is playing in the snow .,267,standard poodle
3326376344,A black standard poodle running through the snow in a fenced-in yard .,267,standard poodle
3327035014,A person wrings out a mop in a janitor 's bucket .,840,"swab, swob, mop"
3328324395,"Happy man wearing a white tee and jeans , holding a hammer while standing in front of a house that is being rebuilt .",634,"lumbermill, sawmill"
3328678123,Members of two opposing teams clash over the hockey puck .,746,"puck, hockey puck"
3329120776,The men and a woman prepare to install a window in a wooden frame laid on the ground outside of a building site .,634,"lumbermill, sawmill"
3329224794,A man putting wood on top of a house .,634,"lumbermill, sawmill"
3329254388,A skier is airborne with his skis crossed .,795,ski
3330019493,A mountain biker in the forest .,671,"mountain bike, all-terrain bike, off-roader"
3330102093,A person riding a bike jumps through the air high above a bumpy racetrack .,671,"mountain bike, all-terrain bike, off-roader"
3331525712,A fan sitting on someone 's shoulders is waving to a woman on a stage that says Amnesty International .,819,stage
3333921867,Three dogs running through a puddle .,267,standard poodle
3334040774,A woman who face is streaked with black lines and dressed in roller derby gear adjusts her strap .,615,knee pad
3335501468,A brown duck with a green head flaps its wings in the water .,97,drake
3335885203,A group of children wearing uniforms run along the field after one who is holding the ball .,768,rugby ball
3337113147,A toddler girl is inspecting a tripod .,872,tripod
3337945724,A little girl messing around with a tripod while being watched by a woman .,872,tripod
3338217927,Black dog jumping into the air to catch a toy in the snow .,795,ski
3339140382,Trio of skydivers holding hands in sky .,701,"parachute, chute"
3339916063,"Soccer competition , with two boys in red and one in blue",805,soccer ball
33408768,A blond man puts up a tent .,672,mountain tent
3341077091,A boy is airborne on his skateboard above a set of rails in an industrial setting .,880,"unicycle, monocycle"
3341084434,A skier making a sharp turn on a slope .,795,ski
3341930221,A couple walks the street and the man is holding several shopping bags .,608,"jean, blue jean, denim"
3341961913,A hockey goalie ready for the puck .,746,"puck, hockey puck"
3342271377,A group of people stand while wearing bright and colorful costumes .,643,mask
3342450499,A man is in the bed of a truck holding a bag while a boy sits in the cab of the truck .,609,"jeep, landrover"
3342483199,A father is teaching his son how to ride his first bike .,870,"tricycle, trike, velocipede"
3342487512,A snowboarder is attempting a jump on a crafted ski run .,795,ski
3342822192,A hockey player tries to block the puck from the goal .,746,"puck, hockey puck"
3343106500,A basketball player for Miami U. pushes forward .,430,basketball
3343116398,A professional basketball player dribbles the ball around the opposing player .,430,basketball
3343900764,A basketball player is scoring a basket .,430,basketball
3344040145,A person in a red jacket yelling something with a snow scene in the background .,795,ski
3344531479,The tennis player holds his racket in preparation for the ball .,752,"racket, racquet"
3344798356,A small child in a blue hat and coat skis on the snow .,795,ski
3346040664,The opposing basketball players are making a play with an audience nearby .,430,basketball
3346289227,A man is skating down a rail above some steps .,421,"bannister, banister, balustrade, balusters, handrail"
334890559,The two little sisters in their pink pajamas are playing with their dollhouse and getting along so well .,697,"pajama, pyjama, pj's, jammies"
3349308309,Two girls on camels,354,"Arabian camel, dromedary, Camelus dromedarius"
3349309109,Two females ride camels backs .,354,"Arabian camel, dromedary, Camelus dromedarius"
3350260112,Lots of people play in the water at the beach .,978,"seashore, coast, seacoast, sea-coast"
3351704877,A boy and a girl are riding on a camel in the sand on the beach .,354,"Arabian camel, dromedary, Camelus dromedarius"
3352531708,Two camels are walking along the beach carrying two girls .,354,"Arabian camel, dromedary, Camelus dromedarius"
3353400143,A yellow motorcycle drives down the road .,518,crash helmet
3354489242,A goalie tries to block the puck in a hockey game .,746,"puck, hockey puck"
3355084320,A woman asking for directions in the city .,728,plastic bag
3355494822,A man in a red jacket is skiing .,795,ski
3355683198,A boy in a tie dyed shirt is riding a skateboard down a railing .,421,"bannister, banister, balustrade, balusters, handrail"
3357989879,A man in a tuxedo plays a brass instrument in accompaniment with a female piano player .,566,"French horn, horn"
3358682439,Two women pet a kangaroo in a park .,104,"wallaby, brush kangaroo"
3358923745,A cheerful man camps out in the snow with pink flamingos .,672,mountain tent
3359637689,"Two guys are in a gym , one watching the other hit a heavy bag .",747,"punching bag, punch bag, punching ball, punchball"
3360582670,A boy wearing a floral patterned swimsuit is jumping into a swimming pool .,842,"swimming trunks, bathing trunks"
3360876049,two dirt bike riders ride their dirt bikes .,671,"mountain bike, all-terrain bike, off-roader"
3361882891,A bicycle rider takes a daring jump as his friends watch .,671,"mountain bike, all-terrain bike, off-roader"
3362080042,A baseball player running to the base as another players tags him out .,981,"ballplayer, baseball player"
3362084522,Number 8 runs the bases during a baseball game .,981,"ballplayer, baseball player"
3363836972,View of a soccer ball being kicked into a goal net,805,soccer ball
3363973478,Two boys pilot a rowboat on a lazy river .,693,"paddle, boat paddle"
3364026240,A man skis downhill on a mountain .,795,ski
3364258732,Men training for ballet dancing in gym,890,volleyball
336551615,Two hikers are backpacking up a snow slope .,795,ski
3366364401,A Notre Dame baseball player running the bases .,981,"ballplayer, baseball player"
3366904106,A skateboarder uses a ramp .,489,chainlink fence
3367200276,three men in a baseball field .,981,"ballplayer, baseball player"
3367399,A man pumping gas at a gas station .,920,"traffic light, traffic signal, stoplight"
3367658141,A group of elderly men play a game of billiards .,736,"pool table, billiard table, snooker table"
3368569524,The female basket player in red is challenging the player in white for the ball .,430,basketball
3368865171,Girl in plaid shirt riding a unicycle .,880,"unicycle, monocycle"
3369252082,A man is crosscountry skiing .,795,ski
3370308329,"Four kids climb a snowy hill , one struggles .",795,ski
3371266735,Skiiers race in the snow .,795,ski
3371887001,a man in a dark outfit and sunglasses is riding a mountain bike through a forest near a stream .,671,"mountain bike, all-terrain bike, off-roader"
3372022051,A cyclist is performing a jump near to a railing and a brick wall .,880,"unicycle, monocycle"
3373481779,Two hockey players wearing yellow and black uniforms skate on the ice .,746,"puck, hockey puck"
3374444564,Two people strolling behind a school bus .,779,school bus
3375014075,A dog is preparing to run away from a person interacting with it .,225,malinois
3375070563,Large white crane is flying low near the water .,132,"American egret, great white heron, Egretta albus"
3377263562,Black male looking at piece of artwork of women with her face cover by a gray scarf .,399,abaya
3377344932,dog coming down a slide from a wooden playhouse,208,Labrador retriever
3380140802,A man in a hat is posing for a photo with a white donkey pulling a wagon .,603,"horse cart, horse-cart"
3380364224,Snowboarder in midair above snowy hill .,795,ski
3380929595,A blond-haired little boy getting a haircut .,424,barbershop
3381038951,A person is pointing at a geyser .,974,geyser
3381746410,A man in a collar shirt is holding a babies hand .,984,rapeseed
3382679230,A woman in an aqua shirt is surrounded by a large bubble and is standing next to a boy in a yellow shirt .,971,bubble
3385593926,Two dogs playing in the snow .,236,"Doberman, Doberman pinscher"
3386060324,A person doing a trick on a bike,671,"mountain bike, all-terrain bike, off-roader"
3386375153,A bicyclist wearing a dark helmet and a blue jacket jumps over a mound in a field .,671,"mountain bike, all-terrain bike, off-roader"
3388096008,A man washing windows in a harness and a dark blue shirt .,735,poncho
3388569156,A young man in a brown shirt holding a guitar .,402,acoustic guitar
3388618374,A young woman playing a cello .,486,"cello, violoncello"
3388836914,A woman in a white outfut playing tennis .,752,"racket, racquet"
3389491391,Jim has a grimace on his face .,617,"lab coat, laboratory coat"
3390587952,This man is in a restaurant that has slot machines .,800,"slot, one-armed bandit"
3393317338,Man in tank top and woman in bikini top dance together outside by torchlight in front of a background of onlookers .,862,torch
3395052059,A male basketball player wearing a black uniform is trying to block a male basketball player wearing a white uniform .,430,basketball
3395052193,A basketball player is hanging onto the rim while the ball is in the basket,430,basketball
3395053439,A college football player making a tackle .,560,football helmet
3395054199,A football player intercepts a pass as his teammate looks on .,560,football helmet
3395055139,Two women soccer players competing in a game .,768,rugby ball
3395173129,The man on the left is looking at the woman and the man .,834,"suit, suit of clothes"
3395865192,Opposing team basketball players trying to get the ball first .,430,basketball
3395865342,An African American basketball player making a slam dunk .,430,basketball
3395866552,A football player in a green and gold uniform cradles the ball as he leaps over an opposing player .,560,football helmet
3395867860,Young women playing a intense game of lacrosse .,768,rugby ball
3396036947,A toddler swings back very high .,843,swing
339658315,Two woman stand near a stroller in a dark building .,880,"unicycle, monocycle"
3399284917,A young woman watches as a young blond boy swings in a chair swing with buildings visible in the background .,843,swing
3399616238,A man wearing glasses and a green bowtie .,457,"bow tie, bow-tie, bowtie"
3400082864,A man in a blue headband and white shirt plays tennis .,752,"racket, racquet"
3401902253,A large black and white dog runs in the ocean water,217,"English springer, English springer spaniel"
3402081035,A person wearing skis is also paragliding with a red parachute .,701,"parachute, chute"
3402502423,A man in a red shirt is rolling up the sleeve of a jacket that is lying on his cars front seat .,785,"seat belt, seatbelt"
3404906655,A man on a sled is pulled through the snow by his dogs .,537,"dogsled, dog sled, dog sleigh"
3405113041,A gray water fowl with black and white markings is flying near water .,131,"little blue heron, Egretta caerulea"
3406409018,Hockey goalie blocks a shot from a rival player as other players observe .,746,"puck, hockey puck"
3407584080,A snowboarder flies through the air above the snow .,795,ski
3409506817,A small limousine is parked outside a large older structure .,627,"limousine, limo"
3409740108,The number 2 dog in the blue vest is in the lead at the dog races .,173,"Ibizan hound, Ibizan Podenco"
3409947123,The people are standing around at a carnival .,476,"carousel, carrousel, merry-go-round, roundabout, whirligig"
3411393875,A man with a red Spain shirt and a woman with purple streaks in her hair .,610,"jersey, T-shirt, tee shirt"
3412822878,A boy skateboards down the railing of some graffiti stairs,421,"bannister, banister, balustrade, balusters, handrail"
3413669228,"A blond girl is wearing a silver helmet , elbow and knee pads , and Rollerblades .",615,knee pad
3413806271,Two people are seated and are flying with a big red parachute .,701,"parachute, chute"
3413973568,"A man riding the water on a single board , holding on to a support with one hand .",693,"paddle, boat paddle"
3415003392,Dirt bike rider getting ready to start down the slope .,671,"mountain bike, all-terrain bike, off-roader"
3415113018,"Guys wearing yellow , red , and blue are running in the grass .",768,rugby ball
3415311628,A man and a boy ride a go-cart,573,go-kart
3415695164,Four small children playing in the courtyard of a large building made out of clay or sand .,500,cliff dwelling
3416460533,A man in a blue an yellow coat ski jumps .,795,ski
3417102649,A Dalmatian is playing near a tree .,251,"dalmatian, coach dog, carriage dog"
3417299749,Adolescent male child playing lacrosse and wearing a red uniform with the number 33 .,560,football helmet
3418367195,An elderly man sculpts a large bowl on a pottery spinning wheel .,739,potter's wheel
3418373237,A man is sitting down making some pottery .,739,potter's wheel
3420064875,A gray dog with a matching collar standing beside a tractor .,178,Weimaraner
3420278866,Man dressed in black and white holds his tennis racket up waiting for the ball .,752,"racket, racquet"
3422654731,Two runners wearing racing bibs climbing over a tree lying across the trail .,491,"chain saw, chainsaw"
3422956895,This child is playing in the pretty yellow flowers .,984,rapeseed
3423225860,"A woman playing tennis , swinging her racket .",752,"racket, racquet"
3424605029,The two kids are playing at the playground .,602,"horizontal bar, high bar"
3424927725,A man in yellow sits on a rock ledge overlooking a forest .,972,"cliff, drop, drop-off"
3425069551,a man in a pink and yellow shirt and blue headband is holding a tennis racquet whilst standing with his mouth open .,752,"racket, racquet"
3425071001,A teenage boy hits a tennis ball with a racket .,752,"racket, racquet"
3425127583,a tennis player is running on the court with his racquet in his hand .,752,"racket, racquet"
3425756814,a tennis player in a green striped shirt is holding his hand up to his mouth .,752,"racket, racquet"
3425851292,A man plays tennis .,752,"racket, racquet"
3426144752,a little girl plays with a plane .,457,"bow tie, bow-tie, bowtie"
3426327477,A man crosses the street in between a bright orange car and a yellow taxi cab with a contraption comprised of a basket attached with ropes to carry his wares .,468,"cab, hack, taxi, taxicab"
3426724811,several men in biohazard suits carrying a human looking doll on a rolling bed,830,stretcher
3426966595,Children play in front of a large door .,519,crate
3428985247,A carpenter shaves off a board while in the rain .,634,"lumbermill, sawmill"
3429194423,Person in dark pants and print top on ski 's in the air over snow covered ground .,795,ski
3430287726,a man in a black outfit is riding a blue snowmobile across the snow .,802,snowmobile
3431145299,"Young people , both girls and boys jumping high into the air on the street they are going down .",853,"thatch, thatched roof"
343218198,A black dog running in a grassy fenced in yard .,246,Great Dane
3432656291,A group of people with a fire engine in the background .,555,"fire engine, fire truck"
3433567526,"A long-haired dog is running across the grass toward the camera , its tongue hanging out of its open mouth .",207,golden retriever
3433982387,A girl in a white dress is playing with bubbles while a mother and daughter stand to the side .,971,bubble
3435911654,People are at the beach there is a cruise ship in the background .,628,"liner, ocean liner"
3436063693,A gray dog sits on a lawn wearing a bright blue long-sleeved jacket .,178,Weimaraner
3437147889,Two motorcyclists are on a dirt track .,518,crash helmet
3437654963,A mama bear and its cub are growling directly at one another .,294,"brown bear, bruin, Ursus arctos"
3437693401,A white dog and a brown dog playing violently .,242,boxer
3437781040,Two athletes playing in a hockey game .,746,"puck, hockey puck"
3438858409,a man gives another man a piggyback ride .,781,scoreboard
3440160917,A small child is holding a basket of brightly colored Easter eggs and is picking up a pink one from the grass .,522,croquet ball
344078103,Two black dogs play in snow .,205,flat-coated retriever
3440952969,A long-haired skateboarder is airborne above a set of cements steps and a metal Bannister .,421,"bannister, banister, balustrade, balusters, handrail"
3441965806,A woman looking at items in a store .,788,"shoe shop, shoe-shop, shoe store"
3442439547,A man playing a musical instrument in a low lit room .,486,"cello, violoncello"
3442879605,An older woman is carrying two watermelons on the sidewalk .,936,head cabbage
3443030942,This woman is skiing down a snowy hill .,795,ski
3446586125,A dog running with a tennis ball in his mouth,207,golden retriever
3447876218,A man snowboards down a snow-covered hill .,795,ski
3451360781,A man mowing a lawn at a commercial property .,621,"lawn mower, mower"
3451984463,A cyclist is riding past buildings with backpack and cycling gear .,671,"mountain bike, all-terrain bike, off-roader"
3452341579,A dirt bike flies upside down as the rider tumbles toward the dirt .,671,"mountain bike, all-terrain bike, off-roader"
3452411712,A child pushes another child on a swing .,843,swing
3453019315,A helmeted male airborne on a bike on a dirt road .,671,"mountain bike, all-terrain bike, off-roader"
3453259666,Two children swing around in a tire swing at a park .,843,swing
3453544202,A white motorcycle is being ridden around a racetrack .,518,crash helmet
3454051143,a man is underwater sitting at the bottom of the pool,842,"swimming trunks, bathing trunks"
3454315016,White bird in water preparing to fly .,132,"American egret, great white heron, Egretta albus"
3454355269,A person on a bike is riding through a rocky trail in the woods .,671,"mountain bike, all-terrain bike, off-roader"
3454621502,A black dog running on the beach near the shore .,246,Great Dane
3454727622,A young girl and a woman ride a carousel .,476,"carousel, carrousel, merry-go-round, roundabout, whirligig"
3457572788,A downhill skier in black pants and jacket .,795,ski
345852737,A woman is walking with a full shopping cart away from a Trader Joe 's .,791,shopping cart
3459419203,A girl wearing blue water googles is being splashed in the face with water by a fellow swimmer .,433,"bathing cap, swimming cap"
3459570613,Three children on a swing set .,602,"horizontal bar, high bar"
3459578742,A girl floating in the ocean on a beautiful day .,801,snorkel
3461105176,A small crowd of people watch a guy in red shorts flip his body on a flat surface .,430,basketball
3461114418,A bike rider with a yellow helmet and red jacket corners a trail in a leafy wooded area .,671,"mountain bike, all-terrain bike, off-roader"
3464368184,A young blond-haired girl gets her haircut by someone in a yellow blouse holding a white comb .,585,hair spray
3464871350,A race car sits in the pits .,751,"racer, race car, racing car"
3465606652,A boy playes with a stringless racket in his backyard .,420,banjo
3466353172,A wet yellow dog runs along the shoreline .,207,golden retriever
3467073304,a skinny woman spikes a volleyball over the net .,890,volleyball
3467376543,A crowd is watching a group of fire dancers perform .,862,torch
3467941308,A brown dog runs fast outside on green grass .,235,"German shepherd, German shepherd dog, German police dog, alsatian"
3468023754,Four children look through rolled magazines like telescopes .,801,snorkel
3468130925,The rugby player in the black strip is trying to keep the player in red and yellow from taking the ball .,768,rugby ball
3469625964,A young redheaded toddler blows bubbles at the playground .,971,bubble
3472372634,A little girls sits in a small chair outside .,529,"diaper, nappy, napkin"
3472419481,An orchestra plays a piece while being conducted .,687,"organ, pipe organ"
34728392,A man with black hair is lying across a park bench reading a book .,703,park bench
347397012,A woman in a light colored dress is singing to an audience .,819,stage
3474132397,A tennis player in a white shirt is hitting the ball .,752,"racket, racquet"
3474133699,A man in a white shirt about to hit a tennis ball .,752,"racket, racquet"
3474139683,A blond-haired girl wearing a white shirt and dark jeans holds a yellow and white ball .,890,volleyball
3474176841,A cyclist rides down a rocky mountain .,671,"mountain bike, all-terrain bike, off-roader"
3474985008,A mountain biker riding through the woods .,671,"mountain bike, all-terrain bike, off-roader"
3474985112,The man in the blue helmet is on a bike .,671,"mountain bike, all-terrain bike, off-roader"
3474985382,The mountain biker is descending the hill on a woodland trail .,671,"mountain bike, all-terrain bike, off-roader"
3476101523,"A soccer game , with a huge crowd in the background .",981,"ballplayer, baseball player"
3476451861,A person is riding a bike on a tree .,880,"unicycle, monocycle"
3477672764,"A boy in a blue , playing soccer , about to kick the ball .",805,soccer ball
3477683327,Two men fly fishing while standing in a river .,652,military uniform
3477715432,Two girls are dancing and one has paper in her hand .,697,"pajama, pyjama, pj's, jammies"
3477778668,"This wedding photo shows the wedding party , in purple and white , gathered outside .",982,"groom, bridegroom"
3478176372,A man chases an opposing player in a Rugby match .,768,rugby ball
3480379024,Two cyclists race along the edge of a roadway,518,crash helmet
3484019369,A hockey team waits at the hockey rink .,746,"puck, hockey puck"
3484070900,A man doing a jump on a snowboard,795,ski
3484832904,A girl closes her eyes as she swings the bat and misses the softball .,429,baseball
3485280151,A woman is sitting at a table with raw meat .,467,"butcher shop, meat market"
3485599424,A dog stands on the grass while tied up .,217,"English springer, English springer spaniel"
3485816074,A rugby player attempts to break free of an opposing player with both teams closing in .,768,rugby ball
3488837187,"A baby boy picks at his hair , while holding a red and yellow ball .",805,soccer ball
3488894222,A man holds on to the tree while holding a yellow container .,515,"cowboy hat, ten-gallon hat"
3490186050,A boy plays ball on a grassy field .,768,rugby ball
3490736665,A brown and white dog in front of a shed overwhelmed by the onslaught of tennis balls .,852,tennis ball
3490874218,A person is doing a bike trick in midair of a dirt jump .,671,"mountain bike, all-terrain bike, off-roader"
3492180255,A spots team hugs after a play .,768,rugby ball
3494034357,Two women tennis players get in their ready positions awaiting the next service .,752,"racket, racquet"
3494151850,Three rescue workers in an orange boat racing to an emergency .,625,lifeboat
3494345896,Two dogs playing ball together outside .,242,boxer
3495490064,A man just caught a fish and it is fiesty !,0,"tench, Tinca tinca"
3498417123,"While the green team gets ready to tackle , the red team has the ball .",768,rugby ball
3498997518,A football player is being tackled by the rival team .,560,football helmet
3501206996,Child playing with soccer ball in a field .,805,soccer ball
350176185,A dog is jumping down the stairs .,235,"German shepherd, German shepherd dog, German police dog, alsatian"
3503544012,A player sits on the bench while watching his teammates play ice hockey .,746,"puck, hockey puck"
350426761,Two men in a square play their instruments with heart and soul for the crowd .,875,trombone
3504940491,There is a little girl riding a carnival ride .,843,swing
3504945641,Two garbage trucks in a parking lot with a man leaning on the front of one of the trucks .,569,"garbage truck, dustcart"
350588129,Black dog jumps in pool .,205,flat-coated retriever
3506607642,Two boys run after a soccer ball during a game .,805,soccer ball
3507045406,A gentleman with two milk jugs .,653,milk can
3509224574,A meat market with a man in white inside and a boy with a blue hat outside .,467,"butcher shop, meat market"
3509682519,A man and woman are sitting on a bench with four blue balloons .,417,balloon
3511062827,A black dog pulling on a purple object with its mouth .,256,"Newfoundland, Newfoundland dog"
3514807842,Two young shirtless men are standing on a beach by a stick fence .,842,"swimming trunks, bathing trunks"
3518687038,A man in a white athletic suit is throwing a ball in a cricket game .,981,"ballplayer, baseball player"
3520048776,Bearded man playing the bass .,486,"cello, violoncello"
352008012,A woman looks inside a sandwich vending machine .,886,vending machine
3523950181,Three hockey players are engaged in a game .,746,"puck, hockey puck"
3524436870,The brown dog is chasing and popping bubbles .,243,bull mastiff
3525098211,A man with a shovel is doing some digging work in a hole outside .,491,"chain saw, chainsaw"
3525453732,The bird has its wings spread as it flies .,21,kite
3526431764,Three people holding cameras are standing on a dirt trail with grass on the side of it .,447,"binoculars, field glasses, opera glasses"
3527261343,A man is doing a wheelie on a motorcycle while stretching his legs outwards .,518,crash helmet
352735807,Several people riding camels 2 per camel in the desert .,354,"Arabian camel, dromedary, Camelus dromedarius"
3527715826,A girl in pink flip-flops and pants playing tennis .,752,"racket, racquet"
3528105511,A person rides a motorbike through the air .,518,crash helmet
3528715437,Two people are sitting at a table outside .,762,"restaurant, eating house, eating place, eatery"
3528902357,A boy is riding his bike over a ramp at a park .,671,"mountain bike, all-terrain bike, off-roader"
3529314899,A red-uniformed hockey player is attempting to control the puck while two white-suited hockey players try to disrupt him .,746,"puck, hockey puck"
3532028205,"A hockey player crouches slightly , with a full crowd in the background .",746,"puck, hockey puck"
3532476966,Mexican villagers are buying potatoes at an outdoor market .,515,"cowboy hat, ten-gallon hat"
3532598048,A guy playing an accordion with people listening and watching .,401,"accordion, piano accordion, squeeze box"
3533451027,A man in black and white is holding a ball with a red and blue stripe .,768,rugby ball
3533713163,People are walking along the street .,880,"unicycle, monocycle"
3534046564,Two dogs are playing out in a yard .,158,toy terrier
3535084928,A brown dogs licks its black nose .,242,boxer
3538337538,"A blue bus is parked on the street , a man walks by .",654,minibus
3539767254,a man rowing a ganilla down a watery path,576,gondola
3539840291,A man is about to be tackled in the rugby game .,768,rugby ball
3539960792,"A baseball player holds his bat , while the catcher and umpire squat behind him and a crowd watches .",981,"ballplayer, baseball player"
354017707,An old man with a red scarf reading a newspaper on the subway .,918,"crossword puzzle, crossword"
3540416981,The white dog is chasing a toy that is attached to a string across the grass .,169,"borzoi, Russian wolfhound"
3540768808,Runners in a marathon going uphill .,768,rugby ball
3541274042,Men and women wearing are wearing red on the street .,880,"unicycle, monocycle"
3544654074,A bride and groom stand together in front of a wooden fence .,982,"groom, bridegroom"
3544673666,The brown dog jumps up to catch the ball .,210,German short-haired pointer
3545652636,A small boy wearing red runs towards a soccer ball .,805,soccer ball
3546342037,A man and woman get married outside .,982,"groom, bridegroom"
3546474710,"The gutarist upfront is under a spotlight , and the drummer in the back is under one too .",819,stage
3547600292,A black bird with a yellow beak standing in green grass .,15,"robin, American robin, Turdus migratorius"
3549208986,A little girl with a pink headband is blowing a bubble through her fingers .,971,bubble
3549583146,The boy with the red and blue helmet rides his bicycle .,870,"tricycle, trike, velocipede"
3551281733,A closeup of a hummingbird flying .,94,hummingbird
3551787566,Woman in blue workout attire and helmet rides through dirt path,671,"mountain bike, all-terrain bike, off-roader"
355444658,A man wearing a hat and holding a gun is kneeling in a field next to a brown dog .,209,Chesapeake Bay retriever
3555086376,"Two young children , one in an inflatable life vest , swim in a pool .",433,"bathing cap, swimming cap"
3555376013,a woman is rounding a corner in a roller derby .,615,knee pad
3556181622,A woman with a red helmet is skating .,615,knee pad
3558796959,a woman in a white shirt is playing tennis,752,"racket, racquet"
3559429170,A woman doing a jump on a bike,671,"mountain bike, all-terrain bike, off-roader"
3559993787,Person on bike in air above two large boulders with sun overhead .,671,"mountain bike, all-terrain bike, off-roader"
3560620846,A guy in a black shirt climbing rocks near water .,972,"cliff, drop, drop-off"
3561537309,A boy in blue shorts standing in the surf .,842,"swimming trunks, bathing trunks"
3561578941,A man with a yellow shirt and blue shorts is walking off of a soccer field .,805,soccer ball
3561639055,A person on a red bike .,671,"mountain bike, all-terrain bike, off-roader"
3562169000,A blue race car slides off of the track with its back tires .,751,"racer, race car, racing car"
3563229764,A man plays guitar for a woman and child .,641,maraca
3563668905,A biker wearing a helmet .,671,"mountain bike, all-terrain bike, off-roader"
3563871276,A person stands on a boat in the ocean .,484,catamaran
3564148252,A yellow motorcycle and rider take a turn .,518,crash helmet
3564742915,Two mountain climbers walk through a pass with snowy mountains behind them .,970,alp
356478206,A celebratory girl wearing pink at a bowling alley .,416,"balance beam, beam"
356566832,A man pulling his cart full of brooms .,612,"jinrikisha, ricksha, rickshaw"
3567061016,A bird with its wings spread,21,kite
3567358622,Two women wearing helmets and safety pads appear to be fighting .,615,knee pad
3567604049,A man is about to do a belly-smacker into the pool .,842,"swimming trunks, bathing trunks"
356793404,The diver poses next to a beautiful underwater plant .,983,scuba diver
3568225554,A person in a red shirt is holding on to a natural formation .,972,"cliff, drop, drop-off"
3568918598,two people in stilts wearing fur walking down the road,568,fur coat
3569126684,A young boxer dog races across a green lawn .,242,boxer
3571039224,A dog with black fur has put its head underwater .,256,"Newfoundland, Newfoundland dog"
3572872724,A soldier taking his German shepherd for a walk .,235,"German shepherd, German shepherd dog, German police dog, alsatian"
3574522127,A baseman catches a baseball while a runner slides to touch the base during a game of baseball .,981,"ballplayer, baseball player"
3575330012,An outfielder for the Boston Red Sox catches a pop fly during a day baseball game .,981,"ballplayer, baseball player"
3580375310,A boy plays soccer in a field near an apartment building .,805,soccer ball
3582920844,A person in the water .,562,fountain
3583105294,"During a concert , a man is standing on a stage looking down at the crowd .",819,stage
3583710170,"Elderly couples , as well as various people of other ages dancing at a celebration with lights in the background .",982,"groom, bridegroom"
3583903436,A young boy swings along side an old wooden building .,843,swing
3584406900,A group of children are playing on swings .,843,swing
3584534971,A man leads the way on his bike while two others follow in the distance .,671,"mountain bike, all-terrain bike, off-roader"
3584561689,A group of boys play basketball together .,430,basketball
358770558,A young male is sitting on a bench next to a wooden door .,523,crutch
3587781729,Two kids enjoy a tire swing .,843,swing
3587847246,A professional baseball player swings his bat in an attempt to hit an oncoming baseball .,981,"ballplayer, baseball player"
3588417747,A skateboarder slides down a stair rail in the dark .,421,"bannister, banister, balustrade, balusters, handrail"
358875403,A duck flaps its wings near the water .,99,goose
3589367895,The man dressed liked an indian wearing feathers is standing in front of the microphone .,699,"panpipe, pandean pipe, syrinx"
3591283677,"There is a little boy ready to hit the tennis ball , holding a racquet .",752,"racket, racquet"
3591460077,A female is getting her hair curled with a hair iron .,585,hair spray
3593538248,A group of hockey players and one official stand on the ice during a game .,746,"puck, hockey puck"
3593666715,Here is a woman holding out a paddle in a novelty shop with everything .,865,toyshop
3594029059,A bird flies through the air with wings extended .,22,"bald eagle, American eagle, Haliaeetus leucocephalus"
3595992258,A brown dog runs in the woods with a serious look on its face .,211,"vizsla, Hungarian pointer"
3596131692,Three children wearing soccer uniforms chase after a blue and gray soccer ball .,805,soccer ball
3596356507,A very ripped girl holds a large barbell on her shoulder in a gym .,422,barbell
3596459539,A man on a motorcycle is racing at a track .,518,crash helmet
3598447435,One man in a green kayak paddling through the water .,693,"paddle, boat paddle"
3600525829,A parent and child sitting together .,929,"ice lolly, lolly, lollipop, popsicle"
3601491447,A group of young men in sports uniforms from two opposing teams are in vigorous play on a grassy field .,768,rugby ball
3602838407,a small black dog in the ocean with some rocks in the background,205,flat-coated retriever
3603064161,Child taking a picture while sister leans on the wall .,872,tripod
3603116579,The baseball player is running after the ball .,429,baseball
3603870481,A black dog is holding an orange toy in its mouth in the water .,256,"Newfoundland, Newfoundland dog"
3604496023,Person in blue stand by flowers in open air market while another person with a cane walks the path,582,"grocery store, grocery, food market, market"
3606093421,Two men ride an orange raft to shore .,625,lifeboat
3606942887,A swimmer doing the breaststroke in a pool .,433,"bathing cap, swimming cap"
3608585041,Person is parachuting while the sun is setting in background .,701,"parachute, chute"
3608663656,A man rock climbing at the ocean .,972,"cliff, drop, drop-off"
3608849440,Kids are playing a game of ball outdoors .,981,"ballplayer, baseball player"
3609233201,A young boy throws a basketball on a basketball court .,752,"racket, racquet"
3609663465,A man in the distance filling a wheel barrel .,428,"barrow, garden cart, lawn cart, wheelbarrow"
3610051443,Women selling produce on the side of a busy street .,582,"grocery store, grocery, food market, market"
3611672054,A shirtless man in colorful shorts spikes a volleyball during a beach volleyball game .,842,"swimming trunks, bathing trunks"
3612485611,Two men dressed in street clothes horse around in front of a building .,522,croquet ball
3613005134,A wrestler is jumping off of the ring to hit his competitor .,842,"swimming trunks, bathing trunks"
3613375729,A motorcycle racer in a soft turn on an HP branded motorcycle .,518,crash helmet
3613734337,An official in a blue jacket sits on the sidelines of a tennis match .,752,"racket, racquet"
36147990,A man wearing a black shirt leans over a pool table to take a shot .,736,"pool table, billiard table, snooker table"
3615730936,A BMX biker riding down a muddy trail wearing protective gear .,671,"mountain bike, all-terrain bike, off-roader"
3618115051,A couple posing in wigs,903,wig
3620778701,A man is leading an ox pulling a cart through a rain forest .,346,"water buffalo, water ox, Asiatic buffalo, Bubalus bubalis"
362143915,A man with brown hair hanging in his face stands over a grill as he is cooking meat .,544,Dutch oven
3623650392,A brown dog in a field .,211,"vizsla, Hungarian pointer"
3624168175,A gray-haired man wearing an orange shirt and blue shirts tending to a garden .,792,shovel
3628059004,A woman is laughing while playing guitar .,650,"microphone, mike"
3628184570,"Two children , one boy and one girl , walking down a paved road holding a black umbrella .",879,umbrella
3628698119,A black dog is jumping up on its back legs while standing on the grass .,205,flat-coated retriever
3631023049,Three smiling children swing in a tire swing at a playground .,843,swing
3634754655,A bulldozer on a beach with no water .,977,"sandbar, sand bar"
3635991166,Four boys kneeling next to each other with a ball in front of them .,805,soccer ball
3636055584,Three men participating in a competitive field hockey game .,805,soccer ball
3636247381,A child is throwing a baseball into a net .,429,baseball
3636418958,A gymnast vaults through the air .,416,"balance beam, beam"
3636796219,Two guys playing baseball .,981,"ballplayer, baseball player"
3638318149,"A young boy playing on his skateboard on a patio of an interesting building , while two people are sitting in chairs in the background .",880,"unicycle, monocycle"
3638688673,A boy swings on a swing set .,843,swing
3639617775,"The bridal party poses with the bride and groom , all wearing black except for the bride .",982,"groom, bridegroom"
3639684919,A man and woman in a dark suit and formal white dress smile for a picture .,982,"groom, bridegroom"
3639691167,two youth football teams playing a game,560,football helmet
3640104986,A float depicting religious imagery .,406,altar
3640417354,A young girl in a red shirt swings face down on the swings .,843,swing
36422830,A jeep sidewalks on some rocks .,609,"jeep, landrover"
3643074723,"a boy laying on his stomach , on a swing",843,swing
3643666111,A baseball player slides toward a base as a catcher attempts to catch the ball .,981,"ballplayer, baseball player"
3644941648,A girl is jumping off a high dive in an urban setting .,557,"flagpole, flagstaff"
3645162492,a blond child on a horse riding uniform carrying a teddy bear riding a donkey or pony .,452,"bonnet, poke bonnet"
364542005,Cars covered in snow with a man walking with a snow plow on the sidewalk in front of the snow covered vehicles .,621,"lawn mower, mower"
3646453252,A person wearing a red helmet and yellow and white clothing is riding a bike outside in a wooded area .,671,"mountain bike, all-terrain bike, off-roader"
3646814919,"A stocky gentleman wearing a long-sleeve , blue shirt , black slacks , aged , black boots and a blue billed cap is scaling a roof , using the structure 's struts to approach stacks of tiles stored at the roof 's apex .",858,tile roof
3648160673,A dog jumps of a surfboard,207,golden retriever
3649307685,Two men playing a game with some sort of sticks .,768,rugby ball
3649916507,Man riding bike in forest,671,"mountain bike, all-terrain bike, off-roader"
3650188378,Two people dressed up like the Ghostbusters standing on the sidewalk .,652,military uniform
3650986674,The black dog and the brown dog are on the ground .,234,Rottweiler
3653764864,People are walking up a blue railed walkway .,421,"bannister, banister, balustrade, balusters, handrail"
3653837067,The horse and rider are jumping over a white fence .,354,"Arabian camel, dromedary, Camelus dromedarius"
3654869593,A few young boys throwing a football over a volleyball net .,890,volleyball
3656225270,A girl in red rides on her stomach in a playground swing above a sandy surface .,843,swing
365759754,A black dog carries a white toy in his mouth and walks on the snowy field .,205,flat-coated retriever
3658279485,A older man in a hat is playing a accordion on the street while sitting in a chair .,401,"accordion, piano accordion, squeeze box"
3658733605,A boy on a bike jumping .,880,"unicycle, monocycle"
3661230589,Very excitable man jumping in the air over the double yellow lines on a deserted highway .,880,"unicycle, monocycle"
3661789938,A band playing some music with their instruments .,566,"French horn, horn"
3662865,Two young boys wearing heavy winter clothing shovel snow near some concrete steps .,792,shovel
366454052,A woman ironing a delicate blue fabric .,606,"iron, smoothing iron"
3665169936,A person is doing a trick on a bicycle with grass and sky as the background .,671,"mountain bike, all-terrain bike, off-roader"
3666324102,Two girls jump out of swings .,843,swing
3667035672,A large group of young people are having an outdoor party .,862,torch
3667318593,a girl sits on a swing ride .,843,swing
3667404919,A man in a white uniform rides a motocross bike down a forest trail .,671,"mountain bike, all-terrain bike, off-roader"
3667781063,Six people are on a gondola ride .,576,gondola
3667822570,two rugby players fighting on the field,768,rugby ball
3668118382,A man in a white shirt and shorts prepares to serve a tennis ball .,752,"racket, racquet"
3669315178,A person carving a hawk out of a tree trunk with a chainsaw .,491,"chain saw, chainsaw"
3669635757,Several adults look on while a young girl plays in a ball pit .,736,"pool table, billiard table, snooker table"
3670918456,A young girl rides a swing high into the blue sky .,843,swing
3671777903,A person wearing a lifevest is in the air above water .,701,"parachute, chute"
3671950830,A motorcycle rider spinning his tires in a circle .,518,crash helmet
3672309620,A pair is standing on a ledge next to a waterfall .,974,geyser
3675345761,A man with a blue shirt and glasses points to a picture in a book in front of a little girl and a stack of books .,611,jigsaw puzzle
3677992640,A girl with a damn nice booty is getting a nice block in a beach volleyball game .,890,volleyball
3681056426,Jockeys ride their horses down the track during a horse race .,603,"horse cart, horse-cart"
3681324243,a baseball player slides to the base .,981,"ballplayer, baseball player"
3681414069,Two puppies playing with a plastic bag .,245,French bulldog
3681637675,A woman following through on a tennis hit .,752,"racket, racquet"
3682338188,A man approaches a woman in bridal gown who is standing in the street with 7 other girls .,982,"groom, bridegroom"
3683592946,A bird is standing on a rock next to her six babies .,98,"red-breasted merganser, Mergus serrator"
368393384,The man in a yellow kayak is paddling through rough waters .,693,"paddle, boat paddle"
3687736666,Two kids running away from a huge green statue of a dinosaur .,364,"three-toed sloth, ai, Bradypus tridactylus"
3688343105,"A concert band displays patriotism and talent , through dress , as well as their music .",683,"oboe, hautboy, hautbois"
3690348036,The young man is performing a bicycle trick high in the air .,880,"unicycle, monocycle"
3692084275,A man in a white tee-shirt is looking at a charcoal grill with a bag of charcoal sitting beside the grill .,544,Dutch oven
3692593096,An airplane is flying over the mountain trying to extinguish a fire .,980,volcano
3696184025,A little girls sits on a blanket and chews a toy .,929,"ice lolly, lolly, lollipop, popsicle"
3697359692,The young boy with a silly face is buckled in a car seat .,785,"seat belt, seatbelt"
369802520,a fluffy little dog running through the snow,194,"Dandie Dinmont, Dandie Dinmont terrier"
3698607223,People in summer clothing racing down a snowy hill .,795,ski
3698636872,A child is holding a red umbrella in the dirt .,879,umbrella
3700004668,A man and child wearing a yellow life vest look up from the water .,801,snorkel
3700554247,An egret stretches his neck to eat things out of the still water .,132,"American egret, great white heron, Egretta albus"
3704209910,The grim of the shop makes the man wonder if she should still work there .,467,"butcher shop, meat market"
3704816755,A young girl brushes her teeth while her baby sibling lays on the couch .,697,"pajama, pyjama, pj's, jammies"
3704995657,Snowmobiler riding snowmobile with front end up in the air .,802,snowmobile
3706602030,A man in a red go-kart sitting in a driveway .,573,go-kart
370713359,People are sitting in a cheery Mexican restaurant .,762,"restaurant, eating house, eating place, eatery"
3708172446,Two people sit on a park bench looking at a fountain .,562,fountain
3710674892,A young child in a life jacket eats a green apple .,948,Granny Smith
3710971182,Lacrosse players struggling for control of the ball .,768,rugby ball
3712742641,A dog swimming in a pond .,251,"dalmatian, coach dog, carriage dog"
3713030758,"Two teams , one wearing black jerseys and the other wearing white jerseys , are on a football field .",560,football helmet
371364900,the black dog jumps on a cinderblock .,237,miniature pinscher
3713882697,A woman holding a giant hotdog covered with mustard .,934,"hotdog, hot dog, red hot"
3714944115,An indian man sits outside of a restaurant at a table .,822,steel drum
371522748,A blond boy is holding a blue umbrella .,879,umbrella
3716462559,"An asian man is smiling while playing pool , and another person is partially included in the photo .",736,"pool table, billiard table, snooker table"
3717845800,Three members of the red team are in the grass with a member of the yellow team .,768,rugby ball
3718072512,"Young , bohemian men and women dance outside .",614,kimono
3718305988,A man is skating down a set of stairs .,858,tile roof
3719461451,white gull flying over ocean,144,pelican
3721082512,A mountain biker rides through a shady trail .,671,"mountain bike, all-terrain bike, off-roader"
3721404396,A kid in a bicycle helmet is standing by horse .,339,sorrel
3722507770,A boy does tricks on a bicycle while in a park .,880,"unicycle, monocycle"
3722572342,A red speed boat crosses the water .,814,speedboat
3724487641,A bunch of little boys in bathing trunks running .,842,"swimming trunks, bathing trunks"
3724623861,A woman in a dress plays violin outside .,889,"violin, fiddle"
3725177385,Several old fashioned cars are parked together .,661,Model T
3725202807,A couple in a parking lot .,612,"jinrikisha, ricksha, rickshaw"
3726019124,Kites attached to wheeled devices in a field,701,"parachute, chute"
3726130458,A baseball player near home plate .,981,"ballplayer, baseball player"
3726603162,A woman wearing a teal and magenta sari leans over a sewing machine .,786,sewing machine
372770231,A man wearing a dark colored sweater is smiling while holding a glass of beer .,441,beer glass
3728695560,Candles are lit on a cake while a man holds a baby .,470,"candle, taper, wax light"
3728759084,A young girl with long brown hair is brushing her teeth .,629,"lipstick, lip rouge"
3728976215,"A scuba diver poses for the camera while underwater , holding a large light .",983,scuba diver
3729748378,A person in full astronaut suit and gear trains in an underwater lab as a scuba diver assists .,983,scuba diver
3730431218,a man trying to touch a dolphin or whale or some kind of marine animal,2,"great white shark, white shark, man-eater, man-eating shark, Carcharodon carcharias"
3730944337,A baseball pitcher in a circle with a symbol to his right .,981,"ballplayer, baseball player"
3730944557,The baseball pitcher is looking towards home plate .,981,"ballplayer, baseball player"
3731739486,"Four people , One male in a blue shirt and slacks with three females , one in pink , one in blue , and the other with a white shirt and blue blouse , in line to enter a yellow school bus , while a female in pink hold paper is on the phone .",779,school bus
373341109,Two blond headed girls are playing in a bedroom .,520,"crib, cot"
3735801713,A group of firemen standing .,830,stretcher
374539133,A soloist performing with a choir .,457,"bow tie, bow-tie, bowtie"
374567836,A dog sits in the snow with a tennis ball .,182,Border terrier
3745699897,"The hockey players , in blue , are waiting for their best chance to get the puck from the opposing hockey team .",746,"puck, hockey puck"
3746285587,A woman praying to her gods .,873,triumphal arch
3747007211,This person is skiing down a snowy mountain .,795,ski
3747197096,A young girl stops and looks at her newly won balloons .,417,balloon
375118300,"Two older women are sitting on a beach beside the ocean , surrounded by tables of fish .",858,tile roof
3753939,A man in a dress shirt wiping the window of an American Airlines airplane .,404,airliner
3758747095,"A young boy , wearing a yellow shirt , is sitting on a swing and holding on at a park .",843,swing
3759504106,Two older men are standing and playing musical instruments .,889,"violin, fiddle"
3769598983,Three people dressed in green feather costumes dance in a festive parade .,880,"unicycle, monocycle"
3772508923,A man in a brown shirt is putting up a white net tent .,669,mosquito net
3774622914,A groom and his bride standing in front of a large cake .,982,"groom, bridegroom"
3775526174,"Two boys running down a outer hallway of an apartment building , with one running into frame with the other running ahead down the hall .",880,"unicycle, monocycle"
37791887,Young girls playing soccer .,645,maypole
378969774,Gymnast doing handstand on a pole,602,"horizontal bar, high bar"
3790208395,An older lady in a green sweater picks out vegetables .,582,"grocery store, grocery, food market, market"
379612511,Four people turn a corner in a speed skating event .,746,"puck, hockey puck"
3798453280,man wearing red shirt and jeans at an atm,480,"cash machine, cash dispenser, automated teller machine, automatic teller machine, automated teller, automatic teller, ATM"
3798552554,A man stands up to make a speech at a family gathering .,762,"restaurant, eating house, eating place, eatery"
3799984714,A musician plays music near a tree .,420,banjo
3804316124,People are walking on the street outside of the store,612,"jinrikisha, ricksha, rickshaw"
3805552925,A young girl jumps in the air on a sidewalk with houses and cars in the background .,515,"cowboy hat, ten-gallon hat"
380752558,blond child in knit hat and pink coat cries in a woman arms .,452,"bonnet, poke bonnet"
3816009475,A man sliding off of a bull he was riding splashes into a mud puddle in the center of a dirt covered ring .,173,"Ibizan hound, Ibizan Podenco"
381748680,A man is playing a trombone while looking at a music stand on the left of the screen .,875,trombone
3819480825,Four farmers working their field of hay .,856,"thresher, thrasher, threshing machine"
3821555355,"adorable little girl with her hair pulled up , sitting in a baby swing with greenery in the background .",843,swing
3821555903,Adult woman swinging with sandals .,843,swing
3823369556,Two preschool aged boys are looking at an old locomotive .,820,steam locomotive
3825750029,A woman in a blue tank top riding a bike .,880,"unicycle, monocycle"
3826408845,Two people and llama are on the street .,355,llama
3826423291,Blue tents in the country next to a hill,672,mountain tent
3826467863,Two people walking by a large stone wall .,825,stone wall
383051932,"A woman plays a violin , bathed in a reddish light projected through a mesh .",889,"violin, fiddle"
3831031977,A girl with a red cap and a man with a blue jacket tied around his waist are looking at the mountains .,825,stone wall
3834502656,A man working on metal with sparks flying .,788,"shoe shop, shoe-shop, shoe store"
3834563658,"A man in swimming trunks stands in front of the door of a house , looking at a swimming pool , out of which , directly in front of the diving board , a pair of feet are sticking up out of the splashed water .",842,"swimming trunks, bathing trunks"
3837069734,"Bizarre live art exhibit with goddess type woman , man strapped to dolly , and hairy man in suit .",614,kimono
3838186953,Four people on bicycles cross down the middle of a railroad bridge .,880,"unicycle, monocycle"
3839004579,A BMX rider airborne on his bike,671,"mountain bike, all-terrain bike, off-roader"
3839127400,A little girl in a bright green bathing suit is playing in the sand with a blue shovel .,463,"bucket, pail"
3841625978,"A woman with a red shirt and a star tattoo on her arm holds an apple behind a display of "" Fresh Juicy Australian Navel Oranges . """,950,orange
3843254402,The man washes down the walkway .,500,cliff dwelling
384465575,Two people are riding their bicycles on a dirt road,671,"mountain bike, all-terrain bike, off-roader"
384525655,A girl in a Yellow and Black uniform with the number eight on it runs across a field .,805,soccer ball
3848343761,There is a train accident and the medical team is there to help with the victims while spectators look on .,820,steam locomotive
3848368547,People are taking pictures of an older style steam engine .,820,steam locomotive
3849814541,Two boys slide down a metal slide .,472,canoe
3851157121,Two coast guard officers out on a training mission .,625,lifeboat
385452927,A woman playing with her dog on a beach .,173,"Ibizan hound, Ibizan Podenco"
3855099747,A mob of people wait in line to order food .,800,"slot, one-armed bandit"
3856960370,Two nurses are looking at items in a cart .,823,stethoscope
3858228351,"A para-glider coming down to dry fields on gently rolling hills , near a lake .",701,"parachute, chute"
3859014834,A group of people wearing skydiving outfits .,701,"parachute, chute"
3864134621,A boy in a blue helmet rollerblading .,615,knee pad
3866270897,A man is sitting next to some metal equipment .,653,milk can
3867804763,"An elderly man sitting in a chair , eating some snacks .",593,"harmonica, mouth organ, harp, mouth harp"
3868751073,A quarterback throws the football as a defender rushes at him .,560,football helmet
3871713477,An artist is drawing a portrait .,399,abaya
3874741721,"A street busker wearing a top hat is performing with fire in front of a large crowd , some seated and some standing .",862,torch
3876751750,A bicyclist is focused on his ride as he passes a lake surrounded by hills .,671,"mountain bike, all-terrain bike, off-roader"
388386075,A young boy pulling down his eyeglasses and looking a toy trains,593,"harmonica, mouth organ, harp, mouth harp"
3887428186,A worker in a safety vest and hat is unloading equipment from the back of a truck .,880,"unicycle, monocycle"
3888267140,A woman is working behind the counter at a diner .,498,"cinema, movie theater, movie theatre, movie house, picture palace"
3891229941,Shirtless male surfing a wave .,842,"swimming trunks, bathing trunks"
3892971736,A young man does n't understand why there is an egg on the table in front of him .,722,ping-pong ball
3893946197,Two bicyclists ride past a brown field .,671,"mountain bike, all-terrain bike, off-roader"
3896057129,A man in a red shirt with sunglasses playing an accordion outside of a clothes shop .,401,"accordion, piano accordion, squeeze box"
3899250752,A little girl smelling a fresh mushroom that her mother is showing her .,988,acorn
3908650006,A father is holding his child in a blue towel .,434,bath towel
3908659741,A man is shaving another man .,424,barbershop
3909552008,Phone line workers doing repairs .,645,maypole
390986651,The camper opens up to see snow all around .,672,mountain tent
390992388,A hiker is climbing up a snowy mountain .,795,ski
391020801,A man gesticulates .,617,"lab coat, laboratory coat"
3912076502,two beautiful women stand next to a fountain which is giving off a light mist .,562,fountain
3919655575,A man in a blue and yellow tracksuit stands on a sports field and watches a big screen .,781,scoreboard
3926139835,Two firefighters stand watch on a street in front of an urban building .,518,crash helmet
3927611865,A girl in white is playing tennis .,752,"racket, racquet"
3927612999,A woman dressed in white hitting a tennis ball .,752,"racket, racquet"
3927614951,A girl in a red shirt and white skirt hits a tennis ball .,752,"racket, racquet"
3928395936,A girl in a red shirt jumps up to hit a tennis ball .,752,"racket, racquet"
3928410320,A woman smiles at the camera sitting at a college information table with information displays around her and many brochures on the table in front of her .,642,"marimba, xylophone"
3930850693,Extreme BMX rider completing a jump .,671,"mountain bike, all-terrain bike, off-roader"
3932198441,"A man wearing a harness walks towards his parachute , open on the ground .",701,"parachute, chute"
3932691940,A woman playing along with a little boy on an accordion on the front door stairs .,401,"accordion, piano accordion, squeeze box"
39341489,"A man smiles , while clinking ale bottles , with an unseen person , at a public establishment .",440,beer bottle
3936738389,A man in overalls is working on a train engine sitting idly on the tracks .,820,steam locomotive
3937722644,Asian Greyhound buy traveling somewhere .,466,"bullet train, bullet"
3938776000,An Asian farmer walking through a rice paddy with an ox .,346,"water buffalo, water ox, Asiatic buffalo, Bubalus bubalis"
393959556,A woman is eating near an outdoor fruit stall full of pineapples and melons .,953,"pineapple, ananas"
3943391155,Three girls in red and white uniforms playing basketball .,430,basketball
3944169186,A young female basketball player in red and white blocks another in possession of the ball who is dressed in white and maroon .,430,basketball
3944884778,People walking through dirt .,980,volcano
3947047719,Two adult males playing Frisbee in a grassy area .,768,rugby ball
3947729724,A woman with sandals and a gray shopping cart buying grocery 's .,790,shopping basket
394867665,A crowd of people sporting umbrellas stand in front of a red building .,879,umbrella
3957644036,Bride and Groom walking into the bright light of the sun followed by a groomsman and maid of honor .,982,"groom, bridegroom"
396084707,A girl uses pen and ink to write on paper .,918,"crossword puzzle, crossword"
3961790757,A man with white hair and a full beard is eating food wrapped in aluminum foil .,965,burrito
3963243135,A man pours water on plants in a vast field of small plants .,491,"chain saw, chainsaw"
3964632200,Scuba divers are viewing the sunken airplane in the sea .,983,scuba diver
3965632762,A young man in a purple American football uniform is attempting to allude the tackle of another young man in a white uniform .,560,football helmet
397080364,"A skier poses next to a "" Experts Only "" sign with a ski lift in the background .",795,ski
3973872042,"Two young boys in soccer jerseys , playing soccer in a field .",805,soccer ball
3977104006,Four men stand in a circle facing each other playing brass instruments which people watch them .,776,"sax, saxophone"
3980085662,"Two young boys of opposing teams play football , while wearing full protection uniforms and helmets .",560,football helmet
398363306,Six people hiking in a snowy landscape .,795,ski
398662202,Two children have expressions of happiness as they reach for something out of sight .,398,abacus
3992738582,Two men standing on a sleek racing boat .,814,speedboat
3992847618,A man in a pinstriped suit walks down the street and does n't notice the quirky poster on his left .,920,"traffic light, traffic signal, stoplight"
4000148666,A group of three boys are playing soccer while an adult man looks on .,805,soccer ball
4001914227,"Pushing a mower that is a bit too large for him , a young boy tries to cut some grass .",621,"lawn mower, mower"
4003129619,Two older people in marching uniforms both playing saxophones .,776,"sax, saxophone"
4003920724,A marching band is performing on a sunny day .,401,"accordion, piano accordion, squeeze box"
4005120966,A man in uniform is pushing a medical bed .,830,stretcher
4005756399,"A vendor , selling such kid-friendly items as popular cartoon balloons , water guns and clear umbrellas , wheels his stand around in the streets where he is selling .",865,toyshop
4009638392,A young blond boy brushing his teeth in front of a mirror .,902,whistle
401233263,A young man wearing a woolen hat plays acoustic guitar while lying against a pillow .,402,acoustic guitar
401405215,Young boy blowing bubbles over the water at sunset .,971,bubble
401476986,A big dog is running in the grassy field with woods behind him .,235,"German shepherd, German shepherd dog, German police dog, alsatian"
4017105582,Two men are standing on the rocks in a waterfall .,562,fountain
4017747090,These students in class are sitting down doing work .,624,library
4021188118,The football team is ready to make a well calculated play .,560,football helmet
4022410703,"A man walks in front of a theater , a marquee above him reads "" BEAUJOLAIS AND MORE , NOV 19 "" .",498,"cinema, movie theater, movie theatre, movie house, picture palace"
402264555,A man in a white apron and gloves stoking coals under a large fire in front of a wood pile .,766,rotisserie
4024098174,This man is skiing in the white snow and going through a course of some kind .,795,ski
402897160,An indian man in a mustard jacket is shoveling a lot of snow .,792,shovel
403523132,The dog crouched on the orange rug and stared at the tennis ball .,182,Border terrier
4041300706,A shirtless man uses a long reaching tool to paint a ceiling white .,731,"plunger, plumber's helper"
4043319999,A dimly lit street with cars parked along it .,468,"cab, hack, taxi, taxicab"
4043955739,Two older men playing drum sets in a studio .,541,"drum, membranophone, tympan"
4045084364,Two football teams competing in a football game outside .,981,"ballplayer, baseball player"
4046952585,A man is wearing yellow protective headphones while using a circular saw to carve pieces away from a tan stone sculpture .,491,"chain saw, chainsaw"
4047727514,A group of people in a dimly lit restaurant with a black and white tile floor .,762,"restaurant, eating house, eating place, eatery"
4050916276,A boy is poking a long stick in a swimming pool .,805,soccer ball
4053707091,A man and a child cooking breakfast at a campsite .,544,Dutch oven
4054108343,Two people speak to each other on a park bench .,703,park bench
405534893,a man climbs a mountain .,972,"cliff, drop, drop-off"
405534993,A rock climber .,972,"cliff, drop, drop-off"
405537503,A person climbing a rock face .,972,"cliff, drop, drop-off"
4058154906,Three Oriental women sitting on a sidewalk waiting for transportation .,523,crutch
4061129366,Two people playing a game in an arcade .,800,"slot, one-armed bandit"
4061778099,"Two centers , one wearing white and the other yellow , face off in a National Hockey League game .",746,"puck, hockey puck"
4068908551,A group of dancers takes their bows .,819,stage
406901451,A brown and black dog is trying to catch a red ball in its mouth .,163,"bloodhound, sleuthhound"
4073086719,"From one girl tackling another , I say hold on to your drink !",890,volleyball
40738998,Two young girls are out camping in sleeping bags .,797,sleeping bag
4076444220,An athlete swimming during a swim meet .,433,"bathing cap, swimming cap"
4083086047,An African American man looking at some butchered meat that is hanging from a rack outside a building .,467,"butcher shop, meat market"
4083474327,Adult walking their bicycle through a long round tunnel .,671,"mountain bike, all-terrain bike, off-roader"
4084558283,Man dog sledding with his child in the icy snow .,537,"dogsled, dog sled, dog sleigh"
408695996,Two men are looking at the front of a snow shoveling machine .,803,"snowplow, snowplough"
4088588261,Civilians and military personnel gather outside a building .,652,military uniform
4088598675,A man and a woman are speaking near a group of seven soldiers .,652,military uniform
4088608399,Several young soldiers in camouflage are happily posing with two young boys .,652,military uniform
4088621789,Several soldiers dressed in green camouflaged uniforms are standing in front of a building .,652,military uniform
4089350664,Women handing a picture in a frame to a man wearing camouflage .,652,military uniform
4093748512,"A man in blue jeans , a tan canvas long-sleeve shirt , and rubber gloves , holds a braided metallic wire .",652,military uniform
4097650560,A young group of people in bright colorful clothes dance on stage .,819,stage
4099476662,A man standing in front of a brick wall while playing the saxophone .,776,"sax, saxophone"
4103009351,a child is paddleboarding outdoors,693,"paddle, boat paddle"
4104420147,Several people are sitting inside a restaurant eating .,762,"restaurant, eating house, eating place, eatery"
4104512992,"A little boy in a green and white uniform is running towards a red , black , and gold soccer ball .",805,soccer ball
4105382797,Woman in African dress shovels grain .,775,sarong
4107219685,A blond man singing into a microphone with a guitarist behind him .,819,stage
4108358719,A young woman is balancing on a raised platform .,880,"unicycle, monocycle"
4108380768,A man in dark swimming trunks is playing with a boy in red swimming trunks on the beach .,842,"swimming trunks, bathing trunks"
411216802,Three dogs in different shades of brown and white biting and licking each other .,253,basenji
4117041677,Two women with dark hair holding umbrellas are running while crossing the street during a storm .,879,umbrella
4119439324,A man in a pink shirt running through the rain with a newspaper to cover his head .,879,umbrella
412082368,Boy in red shirt getting ready to hit the pinata .,723,pinwheel
4122674603,A man in ethnic attire who is missing several teeth is smiling .,808,sombrero
4122709463,Several customers shopping for vegetables in a farmer 's market .,582,"grocery store, grocery, food market, market"
4123816289,"A football player in white , black , and yellow catches a ball as a teammate and another player in red follow him .",560,football helmet
412813270,A male is fixing him some chicken or turkey .,467,"butcher shop, meat market"
4129180972,A man with a black backpack walks down a road with water on either side .,460,"breakwater, groin, groyne, mole, bulwark, seawall, jetty"
413426348,A man playing the flute in an outdoor concert .,558,"flute, transverse flute"
4138721052,A man in a black hat with a green stripe plays the accordion .,401,"accordion, piano accordion, squeeze box"
4138802340,Hockey players fighting over a puck .,746,"puck, hockey puck"
4144960305,Two hockey players are waiting for a puck to be dropped by a referee .,746,"puck, hockey puck"
4151679198,A group of women dressed for roller derby are standing and sitting in a group .,615,knee pad
4152957260,High above the ground two people cross a large yellow bridge on foot .,839,suspension bridge
415793623,Person in blue shirt scales wall .,972,"cliff, drop, drop-off"
4159032091,A barber giving a haircut .,424,barbershop
4159174548,"A band on stage playing instruments like trumpets , trombones , french horns and violins while one of the men sings into a microphone .",875,trombone
4161099680,A man with a black hat in the middle of a street directing traffic .,880,"unicycle, monocycle"
4161742484,Two teams play a sports game while onlookers watch .,981,"ballplayer, baseball player"
416272701,The man in the kiln has an object in his hand to direct the band .,439,"bearskin, busby, shako"
4164879525,A little girl is playing with bubbles .,971,bubble
416568642,A little girl in jeans and a blue shirt sits on a swing .,843,swing
4166168198,A woman in a black dress and apron looks upon the shelves on bread .,415,"bakery, bakeshop, bakehouse"
416840980,A young girl in blue in a swinging outside with her eyes closed and hands off the swing 's chains .,843,swing
4169121436,This is an outdoor vegetable market in possibly Southeast Asia where please are selling their fruits and vegetables .,582,"grocery store, grocery, food market, market"
416960865,The person wearing the red hard hat is on the mountain .,795,ski
417024751,a dark-skinned male working with a metal disc on top of concrete .,807,"solar dish, solar collector, solar furnace"
4170813283,Two scuba divers are underwater .,983,scuba diver
4174068902,People crossing at a stoplight in front of a big building .,920,"traffic light, traffic signal, stoplight"
4178087308,Two women standing by cars with a shopping cart .,791,shopping cart
4183772367,Three uniformed people take off in a small boat with an outboard motor .,625,lifeboat
4184328304,Two children are posing with jack-o-lanterns that are lit up from the inside .,607,jack-o'-lantern
418583100,A woman is playing a trombone .,875,trombone
4190354455,"One man in a green shirt hammers wood , while another man in a white short moves a crate .",519,crate
4193302193,A young boy in a red shirt climbed to the top of a net .,645,maypole
4196151169,Man in a black hat on stage singing .,819,stage
4198759777,A group of people in outdoor gear looking at a map .,830,stretcher
4199552427,A little kid with a red hat is holding a shovel in the snow .,792,shovel
4199835945,A man and a woman are walking arm in arm up steps .,568,fur coat
4201813513,"A skier is skiing downhill , making a turn .",795,ski
4201834761,A woman in a black jacket grabs a cup of coffee .,716,"picket fence, paling"
42018548,A large crowd gathers to watch hot-air balloons .,417,balloon
4202255358,A woman with a green jacket walking in front of a bus .,829,"streetcar, tram, tramcar, trolley, trolley car"
4205559091,A yellow snow plow is plowing the street of snow .,803,"snowplow, snowplough"
421316045,Two young boys playing on a white sofa .,797,sleeping bag
421932359,A white dog running on dirt .,217,"English springer, English springer spaniel"
4222240844,"Two women are holding umbrellas while walking down a sidewalk , One is holding a child .",879,umbrella
4224693415,Multiple butchers prepossessing meat and hanging it .,467,"butcher shop, meat market"
4233715648,There are two people flying a red and blue parachute in a wide open space on a semi-cloudy day .,701,"parachute, chute"
423485388,Two men are bound together as they skydive in colorful jumpsuits .,701,"parachute, chute"
4241497330,"A person wearing a bright green jacket , with a white helmet , red and blue backpack and goggles skis down a snowy mountainside .",795,ski
4242015151,A soccer player wearing the number 32 and a referee holding a yellow flag .,805,soccer ball
4242573381,"A man is bent over , attaching snowshoes .",795,ski
4243599992,A man dressed in a red shirt sits watching his laundry being washed .,897,"washer, automatic washer, washing machine"
4244706779,A group of adults getting ready to ski,795,ski
425077383,Toddlers playing with yellow ride on toy .,870,"tricycle, trike, velocipede"
4254302719,A woman with a red jacket skying over a mountain .,795,ski
4256162530,Two people in shorts are running on the beach .,460,"breakwater, groin, groyne, mole, bulwark, seawall, jetty"
425642314,Four musicians wearing some kind of European garb are playing in the street .,401,"accordion, piano accordion, squeeze box"
425895906,Man sitting in desert holding a rope attached to a camel .,354,"Arabian camel, dromedary, Camelus dromedarius"
426375654,a skier in a red coat jumps in midair spread-eagle .,795,ski
4263999253,Two children are shoveling snow .,792,shovel
4264591578,Two kids playing with a red sled in the snow .,795,ski
4267992897,A woman and a man play musical instruments on a city sidewalk .,401,"accordion, piano accordion, squeeze box"
4272747342,A man is standing beside a ladder facing it with tree debris all around him .,491,"chain saw, chainsaw"
427430186,I young girl is blowing a bubble with gum .,971,bubble
4276945993,"A young , Asian man is seen playing his guitar .",402,acoustic guitar
427736337,Two people sitting at a table .,799,sliding door
4278658978,A backhoe destroys a building covered in graffiti .,517,crane
4280301189,A group of two woman and 3 men sit at a dark wooden table eating dinner .,762,"restaurant, eating house, eating place, eatery"
428258615,A blond boy in a striped shirt about to kick a pink soccer ball .,805,soccer ball
428408242,A brown and white dog is jumping with a red Frisbee in its mouth .,172,whippet
4284980126,There are people sitting around a market area with green fruit in the front drop .,955,"jackfruit, jak, jack"
4287004211,People in a very poor country go about their daily lives .,467,"butcher shop, meat market"
428980399,Band playing with a female lead singer .,819,stage
4294773353,An artist is working on a sculpture in a workshop .,739,potter's wheel
430173345,The dog is concerned with a purple object lying in an uncut field .,225,malinois
431664339,A donkey pulling a man in a cart that clearly has seen many years of service .,603,"horse cart, horse-cart"
4317899382,"A smiling child wearing a swimsuit , swim cap , and goggles is sitting on a green chair .",433,"bathing cap, swimming cap"
4318034861,Two people are tandem skydiving over a body of water .,701,"parachute, chute"
432248727,Brown dog crouching in grass looking up,225,malinois
432326912,A man in a collared shirt is playing a musical instrument .,642,"marimba, xylophone"
432490118,A Collie and a Springer Spaniel playing outside .,231,collie
432496659,A Collie surrounded by leafless bushes .,231,collie
4326926923,A man in a blue coat is propelled on his sled by two dogs .,537,"dogsled, dog sled, dog sleigh"
4330521713,A man wearing a red jacket looks at a paper while another man in a black jacket looks at the camera in a snow-covered field .,918,"crossword puzzle, crossword"
4330613254,"Two smiling men , one wearing a red jacket and the other wearing a navy blue jacket , are standing in the snow preparing to ski .",795,ski
4335121319,A man standing wearing a brown jacket and he shoveling the snow away from the walking path,792,shovel
4338039834,A snow covered landscape with light fixtures and a red fence .,795,ski
434171515,Several people are at a restaurant looking at red menus .,762,"restaurant, eating house, eating place, eatery"
4341820422,A man laying down on a bench face-down .,608,"jean, blue jean, denim"
4344265402,Two men in shorts wrestle in the short grass .,768,rugby ball
4346777629,A man in blue jacket stands amidst ice with shovel in his hand,792,shovel
4348808646,An Asian woman with a small boy on her lap making a ceramic pot .,739,potter's wheel
4349957393,A young girl with purple snow pants is shoveling snow .,792,shovel
4352038247,A boy playing with a shovel in the snow .,795,ski
435415784,The fast pitch is destined to become a home run for the team .,981,"ballplayer, baseball player"
4357061908,An Asian male focuses on building something at a workbench .,456,bow
4358650450,A man in a thick blue winter jacket shoveling snow in a winter blizzard .,792,shovel
4358945591,A girl with white and red makeup holding a red umbrella .,879,umbrella
4360988503,A crowd watches as five dogs are judged at a dog show .,160,"Afghan hound, Afghan"
4361532957,A dalmatian and an Afghan-hound are waiting with owners and some other dogs at a dog show .,160,"Afghan hound, Afghan"
4364402091,"Two people , one man and one woman , are celebrating and dancing in what seems like a festival .",862,torch
4369134678,A man in silly safety glasses using a chainsaw to cut down a tree .,491,"chain saw, chainsaw"
437527058,The man wearing a blue helmet is riding a Polaris .,802,snowmobile
437549483,Demonstration of martial arts by young female in gymnasium .,430,basketball
4376136908,A young Indian boy is blowing bubbles with a classic bubble blower .,971,bubble
439584948,A woman in a white dress is trying to give a man in a suit bunny ears .,982,"groom, bridegroom"
439662354,A man is riding a bike with many different objects on it .,612,"jinrikisha, ricksha, rickshaw"
4400226313,"Tan man with a blue shirt with a graphic design , a white hat and glasses chewing while holding a hotdog and another friend food .",934,"hotdog, hot dog, red hot"
4401471260,A man wearing a dark coat is setting up a camera .,872,tripod
4401472290,Muslim walking in procession .,399,abaya
440165853,A cowboy in the dirt on the ground next to a horse .,354,"Arabian camel, dromedary, Camelus dromedarius"
4403580837,Women are standing around filled garbage bags on the street .,728,plastic bag
440375442,A group of people in white hazmat suits standing in front of black trash bags .,617,"lab coat, laboratory coat"
4406996649,People are standing around on a basketball court in an arena .,781,scoreboard
4410657516,Young woman holding dozens of balloons leaps over snow-covered ground .,417,balloon
4411337243,Girl wearing hat and fur coat walks into dark room .,568,fur coat
44113527,A mom is on the carousel helping her son get on the horse .,476,"carousel, carrousel, merry-go-round, roundabout, whirligig"
4418943038,A toddler in a white shirt is standing in front of a blue kid 's bike .,870,"tricycle, trike, velocipede"
4426503576,"A young man , with three young ladies surrounding him , plays guitar outdoors .",402,acoustic guitar
4429660,A couple sitting on a bench facing each other .,703,park bench
4433821033,"A snowboarder , wearing a blue jacket and green pants , snowboards down a hill .",795,ski
4434125934,"A man , dressed in bright blue jeans and a plaid shirt , mows a shaggy green lawn in his cozy suburban front yard .",621,"lawn mower, mower"
443430496,"A dog with yellow fur swims , neck deep , in water .",207,golden retriever
4434879741,A man in a sweatshirt is shoveling snow off a sidewalk .,792,shovel
4435168569,A girl balances on her hands on a gymnast beam with one leg in the air and one leg down with her foot just off the beam .,416,"balance beam, beam"
4436200118,Lady digging through dumpsters during a snowy day .,412,"ashcan, trash can, garbage can, wastebin, ash bin, ash-bin, ashbin, dustbin, trash barrel, trash bin"
4437028723,Two people in costume one green one purple both with white face paint .,643,mask
443756591,Two children swinging on a bright day .,843,swing
4444686770,A man and a woman are closely examining a fishing pole together by a large body of water .,758,reel
4445485475,Some people are relaxing in front of a large red building .,698,palace
4445547327,a young girl is playing a violin .,889,"violin, fiddle"
4448092863,A group of women are smiling while wearing huge fuzzy scarves .,552,"feather boa, boa"
4448275682,A man riding a white horse .,603,"horse cart, horse-cart"
4448862529,A rugby player in red and black attempts to score as he is descended upon by members of both teams .,768,rugby ball
4448867584,A rainy cold day in europe .,879,umbrella
4450153946,A young man in a striped shirt plays rugby .,768,rugby ball
4450184997,a woman is waling next to the cemetery,568,fur coat
4450688406,A person in a yellow coat carrying a plastic bag of orange colored fruit .,728,plastic bag
445081753,A homeless man with puke on his sleeve lies on the floor as a man in a beige leisure suit uses the telephone .,707,"pay-phone, pay-station"
4451967162,A woman sits on the rocks in a waterfall .,562,fountain
4452463739,two men in shirts and ties are seen riding bicycles .,880,"unicycle, monocycle"
4453631343,"A woman in purple jacket and purple plaid pants , wearing skis and holding ski poles on a snowy bank with trees in the background .",795,ski
4455816629,An older man is playing a saxophone .,776,"sax, saxophone"
4458142223,An African-American woman in a tan coat and denim skirt passes to the left of an outdoor USPS mailbox that has graffiti on it .,637,"mailbox, letter box"
4458801621,Three workers are walking out of their secured building at the end of the day .,561,forklift
4459462025,A blond woman wearing a black hat and black pants stands on the street as a bus passes by .,568,fur coat
4460943467,Three african american men are standing in a yard .,841,sweatshirt
4462840824,An elderly couple reads a map on a park bench .,703,park bench
4462984753,The lady in the blue jacket is sky driving into the south pole .,795,ski
4463818813,A old woman begging .,523,crutch
4464176007,A man is sitting in the bench while reading a magazine .,703,park bench
4464425799,A man in a green sweatshirt and jeans pushes a bike with a cart attached to it down a street .,870,"tricycle, trike, velocipede"
4467525810,a trio of girls dressed to go to a party,655,"miniskirt, mini"
4468307489,A boy raking the soil to cultivate .,792,shovel
447111935,The two greyhound dogs wearing sweaters are playing in the grass .,171,Italian greyhound
4473562541,"Several parties of people are seated in a dining room , eating food .",762,"restaurant, eating house, eating place, eatery"
4474030521,A woman dressed in all black walks with a red umbrella on a rainy day .,879,umbrella
4474749623,Two old women walk in the rain with black and red umbrellas .,879,umbrella
4475326892,"Two children eat ice cream cones with a chaperone , while the boy eating chocolate ice cream has gotten it all over his face .",929,"ice lolly, lolly, lollipop, popsicle"
4475333077,A large crowd of people on motorcycles and several dozen cars wait behind a crosswalk .,734,"police van, police wagon, paddy wagon, patrol wagon, wagon, black Maria"
4475525978,A woman in a black coat and black boots walks through the rain with a yellow umbrella .,879,umbrella
4475656804,A woman wearing boots is walking in the rain carrying a red umbrella .,879,umbrella
4475940174,Restaurant workers clean up a dining area .,762,"restaurant, eating house, eating place, eatery"
4478838764,The children 's ski class is lined up listening to the instructor .,795,ski
4478960177,Woman with purple umbrella walking down wet city street .,879,umbrella
4479231616,"Elderly gentleman in brown trench-coat and woman in orange-brown fur coat sitting at table , woman has her back to camera .",568,fur coat
4479482872,A young boy jumps into the oncoming wave .,146,"albatross, mollymawk"
4480997710,A man is holding an umbrella for his girlfriend while observing a street sign .,879,umbrella
4481066172,Three people in a line crossing a street in front of a delicatessen .,480,"cash machine, cash dispenser, automated teller machine, automatic teller machine, automated teller, automatic teller, ATM"
4481383970,A person in a red jacket is getting across the street while others are walking .,880,"unicycle, monocycle"
4482614684,A man driving a scooter down a cobblestone road .,670,"motor scooter, scooter"
4484549063,"An older man dressed in jeans and a puffy dark jacket plays the accordion , seated in front of a stone wall .",401,"accordion, piano accordion, squeeze box"
4486617530,A young woman in a blue Hollister shirt and blue jeans .,610,"jersey, T-shirt, tee shirt"
4487287116,A woman in a red coat is walking with a shopping bad and a large black umbrella .,879,umbrella
4488908417,A young man in a vest with a rosary stands by a taxi and another young man with a baggy shirt .,468,"cab, hack, taxi, taxicab"
4489393182,A woman with a red purse is looking out from a stone deck over the ocean .,460,"breakwater, groin, groyne, mole, bulwark, seawall, jetty"
4491028316,A young kid in a red swimming trunks jumping into the pool .,842,"swimming trunks, bathing trunks"
4491508699,"A man sitting on a train playing an accordion , while a lady gazes over at him .",401,"accordion, piano accordion, squeeze box"
449287870,A very young girl is walking on a playground .,843,swing
449377293,A little girl in a pink shirt is sitting on a park bench in fall .,703,park bench
4495716228,"Baseball players walk as a group on the field , and some jump to celebrate .",981,"ballplayer, baseball player"
4495921495,A youth is riding his bike on some graffiti covered concrete .,671,"mountain bike, all-terrain bike, off-roader"
4497873178,"Horse and cart moves down street , a man in red drives , two passengers sit in the back .",603,"horse cart, horse-cart"
4499880603,Three girls in blue and red plaid dresses dance for spectators on a hill .,645,maypole
4500680119,Two boys fighting at the vending machines .,886,vending machine
4501347788,A man in a gray jacket and bright striped tennis shoes plays an upright piano outdoors while three people look on .,881,"upright, upright piano"
4503476760,a baby hooked up to medical equipment,691,oxygen mask
4503699216,Woman standing under blue umbrella,879,umbrella
4505012194,A boy wearing very bright green fuzzy pants .,775,sarong
4505846203,A person walks in front of the Heal 's store .,727,planetarium
450688968,A soccer player is kicking the ball .,981,"ballplayer, baseball player"
450697885,Players in the red and white uniforms and bystanders are standing on a soccer field .,981,"ballplayer, baseball player"
450701207,A crowd gathers in the middle of a sporting event .,981,"ballplayer, baseball player"
450746926,Lots of people in a farmers market shopping for fruits and vegetables .,582,"grocery store, grocery, food market, market"
4511110810,An old man blows colorful bubbles like a young child .,971,bubble
4511764901,"A woman walks toward the top of an escalator , with a castle in the background outside the windows .",877,turnstile
4512128247,A man in a sweater is sitting on a bench next to a bag .,703,park bench
4512148745,One woman pushes a wheelbarrow while two others look on in a park,428,"barrow, garden cart, lawn cart, wheelbarrow"
451597318,A dog is jumping in the air to catch an orange Frisbee .,225,malinois
4516215051,A young girl is lifted by a red-haired woman in glasses partially up a playground pole as the girl looks skyward with a large smile on her face .,843,swing
4516743554,In a chain link enclosed skate park a skater goes over one of the obstacles .Wit .,489,chainlink fence
4517305548,An older man with glasses in a white coat overlooking medical or scientific equipment .,617,"lab coat, laboratory coat"
4517838680,"A man in a black shirt and white pants swinging a baseball bat , with a baseball team and spectators in the background .",981,"ballplayer, baseball player"
4517839542,"A baseball player is running to a base , while his teammate is sliding to a base in the background .",981,"ballplayer, baseball player"
4517839686,Absoluteily all the attention by the people attending is given to the play that the catcher is doing in this baseball game .,981,"ballplayer, baseball player"
4518796612,A senior citizen sitting on the park bench sipping on a drink and holding a sandwich in his hand with his dog looking at a ball .,703,park bench
4521610782,The yellow taxi cab slowly drives by on a mundane day .,468,"cab, hack, taxi, taxicab"
452385803,Two young males working in a garden .,792,shovel
4525289701,A person in a city is staring up at something out of view .,869,trench coat
4526155267,An elderly woman with a pink umbrella is walking down the street .,879,umbrella
4527841068,A woman in a white jacket talks to a man in a gray jacket .,568,fur coat
4528309462,A woman attends to her laundry in a laundromat .,897,"washer, automatic washer, washing machine"
4530484184,A young lady posing in full pride for a spot that she is proud of .,805,soccer ball
4531262467,One skier on a snowy hill is walking towards a small shack with his arms and ski poles extended as he goes .,795,ski
4532277525,The man has a cake decorated with indoor fireworks .,470,"candle, taper, wax light"
45334151,Women in colorful shirt reads a book while waiting at laundry mate .,897,"washer, automatic washer, washing machine"
4533479526,A young boy with orange shirt and other children coloring with crayons .,918,"crossword puzzle, crossword"
4534608071,Two kids standing on a circular swing .,843,swing
453473508,A brown dog runs through shallow water .,207,golden retriever
4535433884,Gentleman is cleaning out a pond in his backyard .,756,rain barrel
4536808026,A monk in his red robe holds an umbrella outside of a temple .,879,umbrella
4537959218,"A baseball player is walking on the field , mitt in hand .",981,"ballplayer, baseball player"
4543570621,A man in a gray suit covering his mouth with his hand .,468,"cab, hack, taxi, taxicab"
4543797560,A young man dressed in black is playing a Yamaha musical instrument .,642,"marimba, xylophone"
4544052868,A young woman in a red and black costume is posing on a red mat while people are watching behind her .,416,"balance beam, beam"
4545817922,Two women in traditional Japanese clothing smile at the photographer .,614,kimono
4546235997,"A man wearing sunglasses , jeans , and a black leather jacket is jumping in the air with his arms and legs spread apart .",608,"jean, blue jean, denim"
4546344816,A lady sitting on a park bench holding a dog on a leash .,247,"Saint Bernard, St Bernard"
4548216727,A woman in a tan coat is reaching into her purse .,568,fur coat
455168416,A man wearing a flannel shirt picking oranges in a farmer 's market .,582,"grocery store, grocery, food market, market"
4552266067,A man wearing eyeglasses and shorts crossing the street .,880,"unicycle, monocycle"
4552368228,A man with a dark top and a brown hat is standing on equipment behind a group of animals .,730,"plow, plough"
4552785903,Lively outdoor scene with a guy looking off the balcony .,437,"beacon, lighthouse, beacon light, pharos"
4553360582,Two foreground individuals in hard hats wear portable tanks as they walk behind someone in similar attire .,518,crash helmet
4554488264,A man pulls a coach with two Geishas on board .,612,"jinrikisha, ricksha, rickshaw"
4554842301,A child is sleeping with a teddy bear .,251,"dalmatian, coach dog, carriage dog"
4555935886,A woman in a long dress is hanging clothes on a clothesline .,716,"picket fence, paling"
455709770,A little girl with bright pink pants playfully sticks her face in a contraption on a playground .,602,"horizontal bar, high bar"
4557557135,A man is on the street selling yellow diamond shaped signs .,468,"cab, hack, taxi, taxicab"
456166613,Three men talking by the beach .,428,"barrow, garden cart, lawn cart, wheelbarrow"
4562181877,"A tan woman is wearing a yellow , black , and red shawl holding a long piece of wood under an incomplete hut .",853,"thatch, thatched roof"
456299217,Woman in black poses near a pyramid fountain .,853,"thatch, thatched roof"
4563143284,A man wearing jeans and sunglasses operating a front-loader that is filled with dirt .,561,forklift
4564193650,A person wearing a green sweatshirt is walking on a ledge of a building .,421,"bannister, banister, balustrade, balusters, handrail"
4564454239,A man riding a bicycle by two women .,444,"bicycle-built-for-two, tandem bicycle, tandem"
4564857014,Two women standing at a train station in the rain .,879,umbrella
4566562284,A clown is making the crowd enjoy .,641,maraca
4567351389,"Children are wandering about , wearing jackets .",879,umbrella
4567352607,A crowd of people holding umbrellas go about their every-day business .,879,umbrella
4567984690,"A crowd , shown from the waist up , faces to the left , with some of them carrying umbrellas , three of them pink , one black , and one orange .",879,umbrella
4567985212,People walking in the rain with umbrellas .,879,umbrella
4569402740,Father and son wear matching cowboy outfits are watching a rodeo .,515,"cowboy hat, ten-gallon hat"
4569407041,"People , many of whom are wearing a white t-shirt , have filled up a city street .",819,stage
4571616729,A man in white socks and blue shirt stops on a bike near a large wall made of wood .,880,"unicycle, monocycle"
4576510103,"one white little girl , riding on a brown and white saddle which is on top of brown adult horse with black hair , both outside on a sunny day .",339,sorrel
4576671,A fit girl wearing black slacks and a sports bra is about to get a punching bag with her right leg .,747,"punching bag, punch bag, punching ball, punchball"
4579080382,A man holding a cane and wearing a hat is sleeping on a bench .,703,park bench
4584266249,Two Asian women with umbrellas looking at a sign .,879,umbrella
4584267739,Two Asia women are riding on a cart as a man pulls them through the street .,612,"jinrikisha, ricksha, rickshaw"
4584924559,Two children in sleeping in car .,785,"seat belt, seatbelt"
4584925685,A youth football game wherein three youths are fighting for a football .,560,football helmet
4587901777,"A group of people sit outdoors around a small , short table .",624,library
4589027891,"A man standing in a shadowed area wearing a suit jacket , with city buildings behind him .",834,"suit, suit of clothes"
4590405640,"Observers behind a metal street barrier , watching a car race as the cars go speeding by .",700,paper towel
4590415190,A gymnast using a set of paralleled bars .,416,"balance beam, beam"
4591391059,a content skier in a yellow jacket posing for a picture on the slopes .,795,ski
4592877696,A group of older women sitting on a bench wearing the same hats .,808,sombrero
45935254,Two men climbing up a mountain .,972,"cliff, drop, drop-off"
4594171071,Young children are having a sac race on a nice warm day out .,787,"shield, buckler"
4595062025,Two women are standing in the snow looking towards a tower with a orange cone shaped light .,682,obelisk
4595115036,A man and a woman are standing at a roadside vegetable and fruit stand .,762,"restaurant, eating house, eating place, eatery"
459559508,A girl is doing a trick on a balance beam .,416,"balance beam, beam"
4597021222,A man plays a purple guitar while sitting next to a man playing the accordion .,401,"accordion, piano accordion, squeeze box"
4597029194,A man is playing accordion on the sidewalk .,401,"accordion, piano accordion, squeeze box"
459804826,"A little blond boy is playing doctor with red , blue , and yellow toy gear .",823,stethoscope
4604103482,Shirtless man with blank pants engaged in skateboarding upon a cityscape .,880,"unicycle, monocycle"
4604848309,A news anchor is being filmed in a store .,872,tripod
4608742964,A group of middle-aged people ride a horse drawn carriage while dressed in historical costumes .,603,"horse cart, horse-cart"
4609961499,A boy selling lemonade for $ 1 rides his bike with no hands as he advertises his product to a long line of people .,880,"unicycle, monocycle"
4610444848,A wedding party poses for pictures on a swing set .,843,swing
4610962283,A lady playing music on her harp .,594,harp
4611580339,People in uniforms are acting out a historical event using a canon in front of a large older building .,603,"horse cart, horse-cart"
4612831165,A couple just got married .,982,"groom, bridegroom"
4613264477,A woman and two little girls playing with hula hoops .,645,maypole
4614816401,A band is performing at a benefit .,819,stage
4616293960,Many people are viewing produce for sale .,582,"grocery store, grocery, food market, market"
4616443347,"Lady in red wearing boots walks right and a man in a blue suit walks left in front of an "" I heart "" NY mural .",401,"accordion, piano accordion, squeeze box"
4617732753,"Two men , both with driver caps are examining a sapling .",544,Dutch oven
4621100791,A man in a green jacket and black leather boots sleeping with his mouth open on a wooden bench in the grass .,703,park bench
4621699159,Man balding with a mustache and semi beard standing wearing a psychedelic button shirt playing the guitar as he sings .,420,banjo
4621758865,Man in hat driving a steering a mule and cart .,603,"horse cart, horse-cart"
4621831701,A man wearing a black suit is playing a brown guitar .,819,stage
462288558,A pitbull dog is biting another dog on the face .,211,"vizsla, Hungarian pointer"
4622921215,A New York City taxi drives past crowds of people on the sidewalks .,468,"cab, hack, taxi, taxicab"
462383841,A woman relaxes on a float in clear blue water .,801,snorkel
462704170,Two men wearing yellow vests are lounging with their eyes closed in two cycle rickshaws .,612,"jinrikisha, ricksha, rickshaw"
4628337496,A woman shielding her face from the sun with a colorful umbrella .,879,umbrella
462879289,Young girls wearing green jerseys and black shorts stretch their legs .,768,rugby ball
4631424884,A trapeze artist dangles from fabric in front of a crowd of onlookers in a park .,645,maypole
4633636089,A teenage boy is jumping his bicycle over a large dirt hill .,880,"unicycle, monocycle"
4633639059,"A BMX biker in the air , following a jump off of a constructed dirt hill in a forest setting .",880,"unicycle, monocycle"
463551598,Three people stand underneath and umbrella in front of a crowd of people .,879,umbrella
463554115,An Asian lady wearing a blue blouse and an umbrella in her right hand waiting for somebody to come and pick her up because she has a lot of baggage with her .,879,umbrella
4637004566,A blond-haired boy in his pajamas sits on a red chair next to a black guitar and looks at a book .,546,electric guitar
4637052380,A man in a gray coat and hat playing the violin .,889,"violin, fiddle"
4637122547,"A young Asian girl in orange pants , gold jewelry , and a gold crown , holds an orange parasol while she walks through a grassy park with others .",879,umbrella
4637796410,Two males playing football on what looks like a gloomy day .,768,rugby ball
4637942232,Families are playing at the park on tire swings .,843,swing
4638368806,group of people sweeping the floor and cleaning,840,"swab, swob, mop"
4639638236,A motorcycle rider is jumping in the air while someone in the background is watching .,671,"mountain bike, all-terrain bike, off-roader"
464670352,A man with dark hair and a light tan jacket is standing under a umbrella at a booth with a sewing machine .,879,umbrella
4648363245,An angry looking man in a green Seattle Seahawks hoodie leans on a railing .,841,sweatshirt
4648653192,"Wearing a black shirt , sunglasses and a tiny striped tie , the man with the kewpie-doll hair sits behind his drum set .",542,drumstick
4649427913,A group of young people celebrating under a very large red tent .,819,stage
4649915901,A rotund man on a bench reading a magazine .,703,park bench
4650893755,Peoples crowd into a busy public transportation stop as they wait for their ride .,829,"streetcar, tram, tramcar, trolley, trolley car"
4652396489,A mother and her two kids being pushed in a taxi by a man .,612,"jinrikisha, ricksha, rickshaw"
4654943859,Asian people standing inside a business .,877,turnstile
4655361417,A man in a black shirt sings into a microphone .,819,stage
4655653584,Women playing ultimate frisbee .,768,rugby ball
4656443184,A woman wears a yellow floral top and carries a cup of coffee while walking downtown .,824,stole
4656823199,Man in white coat with glasses works in a lab .,617,"lab coat, laboratory coat"
465994762,Brown dog leaps over a chain suspended over a gravel road .,178,Weimaraner
4661070058,A sea of people holding umbrellas on a busy street .,879,umbrella
4661188536,Trash man getting on orange trash truck .,569,"garbage truck, dustcart"
4663465317,A red stoplight stands in front of the Roosevelt Hotel .,920,"traffic light, traffic signal, stoplight"
4665446842,A man in a dark pants lifts his leg while five girls wearing rollerskates gather near him .,615,knee pad
4670354134,An african american man is standing outside of a yellow repair store .,707,"pay-phone, pay-station"
467262667,An audience watches as a band performs .,819,stage
4673937284,Two women are walking under an umbrella while it is raining .,879,umbrella
4674280878,A couple enjoy the scenery while a photographer captures it on film .,447,"binoculars, field glasses, opera glasses"
467679857,A crowd of people are standing and waiting in a busy area .,781,scoreboard
4676904695,A man smoking and holding the leash to a dog is standing next to a woman wearing sunglasses .,728,plastic bag
4677117650,A little girl in a white dress looking through a fence .,971,bubble
4680389936,A man in a red life vest operates a red jet ski on a sunny day .,814,speedboat
4680516319,A cold overcast day in New York City .,879,umbrella
4681354399,Three trolley cars are on the street with cars behind them .,829,"streetcar, tram, tramcar, trolley, trolley car"
4683661511,"PLayers in midair , on the net , in volleyball game trying to hit the volleyball to score .",890,volleyball
4684148171,Carnival Barker stands in front of a circus tent .,476,"carousel, carrousel, merry-go-round, roundabout, whirligig"
4684623658,A woman is walking on the sidewalk in a city .,561,forklift
4685230116,Armed men wearing camouflage run along smoke-filled streets .,830,stretcher
4685287275,woman with umbrella riding bike behind couple walking while using one umbrella,879,umbrella
468608014,A dog playing with a dog toy as someone tries to pull it from its mouth .,207,golden retriever
468697082,"A mixed group of men , women , girls , and boys are on stage with three microphones .",819,stage
4688994030,A surgeon is standing with his arms crossed in an operating room .,480,"cash machine, cash dispenser, automated teller machine, automatic teller machine, automated teller, automatic teller, ATM"
468926482,People in renaissance attire two of them wearing teal colored clothing are playing instruments a harp and a flute .,594,harp
4689717802,A young girl in black shorts is putting her face in water spray from a fountain .,562,fountain
4696526667,Women are playing at a roller derby and one in yellow has fallen .,615,knee pad
4696548185,A group of spectators are watching woman playing in a roller derby .,615,knee pad
4696819207,A mother holds her daughter 's hand while looking at toys .,747,"punching bag, punch bag, punching ball, punchball"
4697137626,Two ladies in orange roller derby uniforms block another in a yellow uniform .,615,knee pad
4697182982,A group of girls are participating in a roller derby tournament .,615,knee pad
4697429772,A young girl goes fishing in a lake .,758,reel
4698362761,A group of soldiers march in a parade .,652,military uniform
4700437495,Roller derby girls in a match .,615,knee pad
4700755622,A man dressed in goggles and a spiked gas mask gazes in angst and anger .,570,"gasmask, respirator, gas helmet"
4702657446,a woman in black is pulling black clothes out of the dryer .,897,"washer, automatic washer, washing machine"
4702844775,A man in a sweatshirt playing on a slot machine or arcade game .,800,"slot, one-armed bandit"
4702851298,An Asian woman dressed as a maid crosses a very busy street .,655,"miniskirt, mini"
4703345907,"Woman with tattoos and long , flowing red dyed hair , sitting on sidewalk .",903,wig
4704240614,A man on a scooter with a red and white jacket on and a camera around his neck .,670,"motor scooter, scooter"
4704942917,Two men working at a stand selling pictures .,454,"bookshop, bookstore, bookstall"
4705094483,Creepy man in a kitchen holds his meat high in the air .,467,"butcher shop, meat market"
4706794395,Stage girl at a Vegas Review,552,"feather boa, boa"
4706859039,A couple is walking hand-in-hand towards a four-way intersection .,920,"traffic light, traffic signal, stoplight"
4707103760,Man in jacket waving the Puerto Rican flag outside .,701,"parachute, chute"
4707189762,Two people climb a sheer cliff face on a clear day .,972,"cliff, drop, drop-off"
470754768,A light-haired little girl wearing pink glimpses over her binoculars standing on a gravel path .,447,"binoculars, field glasses, opera glasses"
47082665,A man in a white jacket and hate slices pork for sandwiches .,766,rotisserie
4708678343,An older man and woman are relaxing on a park bench eating apples .,703,park bench
4709299672,Native Americans in decorative dress appear to be celebrating for a cause .,552,"feather boa, boa"
4710490143,"Children with colorful balloons and lovers unite on a hot summer day , proving everyone enjoys the city center fountain .",562,fountain
4710536704,Two people having a conversation while using a payment machine .,480,"cash machine, cash dispenser, automated teller machine, automatic teller machine, automated teller, automatic teller, ATM"
4713122355,A young woman in relaxed clothing vacuuming hallway with small vacuum .,882,"vacuum, vacuum cleaner"
4713654516,"A man in blue shorts , with a tattoo on his right side , and wearing an iPod on his left arm , jogs down the street .",842,"swimming trunks, bathing trunks"
4714264743,A man in a denim jacket walks past an ornate stone arch .,873,triumphal arch
471694463,A woman about to give a speech .,722,ping-pong ball
4721414369,People watching art which represents an invisible man made out of a black suit and had holding a rainbow colored umbrella .,879,umbrella
4725672154,A man is working at a bagel shop .,634,"lumbermill, sawmill"
4725689830,People shop for goods at a fruit stand .,582,"grocery store, grocery, food market, market"
4725691880,A few people shopping in a market .,582,"grocery store, grocery, food market, market"
4725965235,Many people are dancing at a large gathering at night .,819,stage
4726714032,"Nicely dressed woman pose for pictures or stand and talk , while passersby stroll by a fountain .",562,fountain
4727371226,two girls are sitting on a park bench eating ice cream cones .,929,"ice lolly, lolly, lollipop, popsicle"
4728200662,The lead singer of a band is wearing white glasses while standing in front of a microphone stand with a white boa wrapped around it .,552,"feather boa, boa"
4728873248,A young girl is performing a gymnastics routine on horizontal bars under the close supervision of an adult male .,602,"horizontal bar, high bar"
4729243462,A man with a gray beard and glasses sits relaxed on a bench during the day .,703,park bench
4731609129,A large group of cyclists pedal down a road lined with trees .,671,"mountain bike, all-terrain bike, off-roader"
4732499821,A woman with a red umbrella walking in the rain .,879,umbrella
4732859171,Man is in a boat in a city,576,gondola
473499987,A man in a blue jumpsuit stands next to a red van pulling a trailer .,656,minivan
4735873109,A man in a yellow t-shirt runs through a series of decorative fountains .,562,fountain
4736841029,A little girl is looking through a telescope at the beach .,447,"binoculars, field glasses, opera glasses"
4737602081,A man carrying a baby is walking with a woman holding a sun umbrella .,879,umbrella
47376414,Four people are swimming in a lake on a very clear day .,842,"swimming trunks, bathing trunks"
4738242428,"A display of flowers and various plants encased in glass , a man in a blue shirt looks on .",799,sliding door
4739158920,Children playing in water fountains that shoot up from the ground .,562,fountain
47414435,A happy Woman holding a guitar .,402,acoustic guitar
4741991547,"An old , bald barber give a haircut to a twenty something man .",424,barbershop
4743200510,A shirtless man is washing something in a street fountain .,562,fountain
4744788268,Men in uniforms talking in front of a building .,652,military uniform
4745172392,A woman in a white shirt holds an opened umbrella over herself and another woman in sunny weather .,879,umbrella
4747562382,A girl in a green shirt and jean shorts climbs a children 's play structure .,877,turnstile
4748497764,A man wearing no shirt and reading a newspaper is standing in a park .,842,"swimming trunks, bathing trunks"
4749161347,"Two people performing a trick in the middle of the street , people watching all over , one person is playing an accordion while another person is jumping over their head .",655,"miniskirt, mini"
4750244652,A shirtless man breathing fire .,862,torch
4750517123,Woman with pink umbrella walking down rainy urban street .,879,umbrella
4750619121,Blond-haired woman in a purple sweater eats a chocolate ice cream cone .,929,"ice lolly, lolly, lollipop, popsicle"
4751592213,Four people are wearing life jackets on a motorboat on still waters .,625,lifeboat
4752074240,Two nuns stand on the street .,399,abaya
4752984291,A woman dressed all in white with a white hat is standing behind a tennis net wielding a blue tennis racket .,752,"racket, racquet"
4754011554,Firefighters respond to the scene of a motorcycle accident .,555,"fire engine, fire truck"
4757957374,A red-haired woman in a red blouse with a red bag sits on a bench .,703,park bench
4758481555,"A basketball player in a white jersey with the word price on it , posting up against another player in a blue uniform .",430,basketball
4760372043,A man focused on playing his acoustic guitar on a sidewalk .,402,acoustic guitar
4760475302,"Two watercrafts , one red and one white , are making a big splash in the water .",814,speedboat
4761033105,People are taking their clothes off outside their tents .,672,mountain tent
4763466563,Two ladies in large sunhats walk down the street .,515,"cowboy hat, ten-gallon hat"
4763472021,A woman is enjoying a drink on a crowded street .,819,stage
4764124511,A man in a plaid shirt plays a guitar in front of a microphone .,819,stage
4766215198,The student appears sullen as a man helps her position her sash .,457,"bow tie, bow-tie, bowtie"
4766583860,"An infant girl in pigtails , wearing a red shirt and pink shoes , is sitting in a swing seat at a park .",843,swing
476760133,Black dog is carrying something in its mouth and running in the grass .,205,flat-coated retriever
4768270751,A woman painting on the sidewalk of a busy street as people walk by her .,611,jigsaw puzzle
4768359807,A man is cleaning while his young daughter watches .,882,"vacuum, vacuum cleaner"
4769192185,A bicyclist pedals down the street of the plaza .,880,"unicycle, monocycle"
4770473055,A man wearing a black shaggy hat and leopard printed sash with red accents is holding a drum that says Premier on it .,439,"bearskin, busby, shako"
4771254001,a woman holds a white umbrella .,879,umbrella
4771382382,A man on a bicycle with an umbrella getting his picture taken .,879,umbrella
4771783770,"A man in a yellow helmet , white shirt , and blue pants rides a red motorbike past a low hedge .",665,moped
4771934780,A man and woman in robes walking down the street as the man holds an umbrella over them .,614,kimono
4772018990,Two young smiling Asian women dressed as geisha .,614,kimono
4773695566,A bald caucasian man in blue jeans and black print t-shirt playing a guitar .,402,acoustic guitar
4776967745,A group of people going on a carriage ride through a park .,603,"horse cart, horse-cart"
4776990069,Child riding on a carousel at the fair .,476,"carousel, carrousel, merry-go-round, roundabout, whirligig"
4780576116,A soldier is holding a large gun while walking .,439,"bearskin, busby, shako"
47820985,A woman standing in front of a couple of vending machines .,480,"cash machine, cash dispenser, automated teller machine, automatic teller machine, automated teller, automatic teller, ATM"
4783440942,two little kids enjoying the water .,562,fountain
4786057236,A mustachioed man plays the accordion on the street .,401,"accordion, piano accordion, squeeze box"
47871819,A soccer player in blue is chasing after the player in black and white .,805,soccer ball
4787655421,A man in medieval armor rides atop a horse .,787,"shield, buckler"
4787867133,A man sitting at a food and drink kiosk .,515,"cowboy hat, ten-gallon hat"
4788507034,Old man sitting near a metal fence outside looking towards a car .,489,chainlink fence
4788900125,Man and woman jumping in a park by a city .,562,fountain
4791485167,a main shorts digs in the snow on a sunny afternoon .,792,shovel
4791487303,A man is shoveling snow while wearing shorts and a pink shirt .,792,shovel
4792813818,Two women and one man holding purple umbrellas .,879,umbrella
4793246474,Two men on a motorcycle with buckets and canisters .,653,milk can
4794844936,Two men wearing sombrero 's in New York City .,515,"cowboy hat, ten-gallon hat"
4797178138,A man wearing fume mask doing a wall graffiti .,570,"gasmask, respirator, gas helmet"
4797784790,"Man in blue shirt , white hat and blue jeans , with a brown bag across his back , riding a bicycle on a sidewalk , riding past a traffic stoplight .",920,"traffic light, traffic signal, stoplight"
479807465,A fallen dirt biker is aided by another .,671,"mountain bike, all-terrain bike, off-roader"
479807833,An off road motorbike climbs a rocky hill .,671,"mountain bike, all-terrain bike, off-roader"
4798837802,A young woman sits alone in a mountainous area .,972,"cliff, drop, drop-off"
4798971292,A group of children play in a water spout .,562,fountain
4799365714,A businessman holds an umbrella over himself while the street is filled with rain .,879,umbrella
4799796561,A man with a cigarette sits on the stoop .,421,"bannister, banister, balustrade, balusters, handrail"
4799924076,Two people walking with a dog and using umbrellas .,879,umbrella
480017120,A woman sits down to play a casino video game .,800,"slot, one-armed bandit"
4801647530,A woman wearing sandals is pushing a cart with vegetables .,870,"tricycle, trike, velocipede"
4801687164,"A woman in a black dress is leaning against a wall , smoking a cigarette .",655,"miniskirt, mini"
4804591106,Woman walks with red grocery bags down the cobble street .,728,plastic bag
4804878120,A woman is crossing a street where a traffic jam has occurred .,468,"cab, hack, taxi, taxicab"
4805540864,A group of people relax outside of a camper .,706,"patio, terrace"
4805560739,A nice young lady on a stage dancing and look very beautiful .,601,"hoopskirt, crinoline"
4805576162,A young boy in blue and white swimming trunks stands in knee-high water while holding a neon-yellow and black Nerf ball .,842,"swimming trunks, bathing trunks"
4805613386,Children in bathing suits play at a water fountain .,562,fountain
4805835848,Children and a woman play in a fountain .,562,fountain
4805949658,"A group of men , with shirts off and some shirts on , are talking on this sunny day .",515,"cowboy hat, ten-gallon hat"
4808278047,Giant plastic bears in a downtown area with candy inside .,971,bubble
4808887200,Many adults and children eat a meal in a public area .,762,"restaurant, eating house, eating place, eatery"
4809880189,A guy in a brown t-shirt and white pants is playing a horn .,819,stage
4810830329,Two women cross the street with umbrellas while it is raining .,879,umbrella
4811270159,A gray-haired lady is standing next to a vegetable display at the market .,582,"grocery store, grocery, food market, market"
4813453193,"A man wearing a gray coat , black hat and gloves drives a red and white carriage being drawn by two white horses .",603,"horse cart, horse-cart"
481355454,A line of young boys chase a soccer ball on a field .,805,soccer ball
4814386409,People attending a concert dressed in yellow .,819,stage
4814817945,A man on a milk crate plays the accordion .,401,"accordion, piano accordion, squeeze box"
4817644923,Two children and an adult play in the streams of water shooting up from a sidewalk .,562,fountain
4817681157,People are walking by a bus in a city at dusk .,829,"streetcar, tram, tramcar, trolley, trolley car"
4818675994,A woman in blue holds a large ball while conversing with a woman in black .,805,soccer ball
481888930,A woman with sneakers and a skirt is sweeping out a storage building .,840,"swab, swob, mop"
4819349895,People sitting at a bar .,762,"restaurant, eating house, eating place, eatery"
482047956,Three young girls posing while riding a roller coaster .,785,"seat belt, seatbelt"
4820596540,A little girl with braided pigtails riding a pink bike .,870,"tricycle, trike, velocipede"
4822562213,many cars in the high way,468,"cab, hack, taxi, taxicab"
4824029457,A topless child playing in falling water .,562,fountain
4824416683,Man in a green jacket and moccasins sleeping on a blue blanket in the street .,797,sleeping bag
4825611289,Two people are walking around the grounds of a castle .,483,castle
4826652151,A blond woman in a tank top and shorts puts her foot in a fountain .,562,fountain
4827151208,A young man wearing a light blue tank top and white culottes is walking around an outdoor fountain and looking at a casually dressed woman .,562,fountain
4827541516,A child is running in the spray of water in a park .,562,fountain
482882719,A person flies backward off a blue raft near rapids .,693,"paddle, boat paddle"
4829028377,Three women are standing outside holding umbrellas .,879,umbrella
4829029000,A gray-haired man looks at products for sale along a street .,737,"pop bottle, soda bottle"
4830206078,Two children on the sidewalk in front of a building and one of the children is playing with hand shopping carts .,791,shopping cart
483041457,A man in a blue polo shirt is examining his black apron while he cooks outdoors .,411,apron
4830651041,two girls wearing an army uniform .,652,military uniform
4831015865,Three figures in hiking gear stand near or on the steps of a wooden footbridge .,634,"lumbermill, sawmill"
483136916,A beagle stands in the sand and grass .,162,beagle
4831482968,"A woman , holding a red parasol , takes a picture while looking over a wall .",879,umbrella
4831684754,A boy in a black hat is standing on the sand .,775,sarong
4831855344,"A young woman in shorts and a tank top walks down a busy , modern city street .",468,"cab, hack, taxi, taxicab"
4832372673,A tourist with a backpack takes a stroll on a narrow cobblestone street .,743,"prison, prison house"
483307396,"Three children playing on swings in a small park , one little girl wearing pink has her stomach on the swing , a little boy wearing navy track pants and a yellow shirt is half on and half off the swing , and the last little boy is standing in front of the boy on the swing .",843,swing
4833879670,A man sings and plays guitar for donations outside of a salon .,402,acoustic guitar
4834128530,A waitress is setting up a table at an outdoor restaurant .,762,"restaurant, eating house, eating place, eatery"
4834218911,A child is playing the accordion in front of Christian Dior .,401,"accordion, piano accordion, squeeze box"
4837466309,Four women are outdoors relaxing in a hot tub .,876,"tub, vat"
4838453136,The crowd is listening to a concert .,579,"grand piano, grand"
4839471901,A coffee shop located downtown .,468,"cab, hack, taxi, taxicab"
4840179259,A boy sweeping the floor of a construction site .,840,"swab, swob, mop"
4842066356,An Asian family sight seeing at the aquarium .,655,"miniskirt, mini"
4842876705,A man in a blue shirt and jeans plays bass on the street .,486,"cello, violoncello"
4843548093,"A woman wearing a pink dress , holding a black purse , and hoisting an umbrella over her head on a post or a beam .",707,"pay-phone, pay-station"
4845541718,Customers shopping at an outdoor fruit market .,582,"grocery store, grocery, food market, market"
4845543150,A young girl is shown on a sunny sidewalk .,610,"jersey, T-shirt, tee shirt"
4845758265,A woman standing outside on a large circle with numbers and lines around the edges .,835,sundial
4846544688,"A man wearing nothing but a cloth around his waist is standing , facing a crowd with a bright red substance on his back .",775,sarong
484896012,A little boy in a bright green field has kicked a soccer ball very high in the air .,805,soccer ball
4849562356,Two kids playing the accordion .,401,"accordion, piano accordion, squeeze box"
4850886614,This has to be one of the best restaurant 's on the east side !,762,"restaurant, eating house, eating place, eatery"
4851246557,A woman taking a picture of a giant bubble floating in the air .,971,bubble
4851553712,A woman photographs a kid on a scooter in a park .,872,tripod
4851555282,A woman is in an outdoor area kicking high into the air .,645,maypole
4851949578,Kids and adults alike are gathered outside near a fountain .,562,fountain
485245061,A man crouched on a snowy peak .,795,ski
485296499,The men are checking out magazines in a newsstand .,454,"bookshop, bookstore, bookstall"
4854738791,Two men are waling through the woods carrying a canoe .,472,canoe
4854766780,A person is sitting in a green kayak in the middle of a pond that is surrounded by trees .,472,canoe
4855045669,A man playing an instrument in front of a wall with a sign on it .,889,"violin, fiddle"
4855517694,A guy playing an accordion with a hat on .,401,"accordion, piano accordion, squeeze box"
485566887,One dog biting at another dog 's face in a grassy field .,211,"vizsla, Hungarian pointer"
4857790406,Two Asian ladies sitting on a man 's lap outside in a garden .,608,"jean, blue jean, denim"
4857840142,Men and women sit in chairs outside a bookstore .,454,"bookshop, bookstore, bookstall"
4859002730,A man and a boy are standing next to a train .,820,steam locomotive
4859018669,A woman wearing glasses holding a red umbrella .,879,umbrella
4859725388,A man with long wavy hair plays to violin .,889,"violin, fiddle"
4860102706,Two young girls walk down a walkway with an umbrella .,879,umbrella
4860150109,A man examines his outfit while walking down the street .,728,plastic bag
4860728812,People walking in a street .,614,kimono
4861894586,A group of students wearing backpacks wait at a bus stop .,779,school bus
4861969983,A young Asian woman with long black hair sits cross-legged and checks her mobile phone .,259,Pomeranian
4862440150,a man walking away from an escalator while a woman is coming up the escalator .,421,"bannister, banister, balustrade, balusters, handrail"
4864024799,"A man is pulling a cart down a dirt road , and a girl is riding in it .",603,"horse cart, horse-cart"
4864287224,Two young boys fetching water with a unicef pail .,463,"bucket, pail"
4867849913,A woman behind a fair booth filled with stuffed animals talks to a man with a blue shirt on the other side .,865,toyshop
486852199,Four girls are playing soccer while an adult looks over them .,805,soccer ball
4868905774,"An African child with a wooden stool on his head , and another African child behind him",583,guillotine
486975428,"A man in a white hat , blue sweater , and khaki pants gets ready to attempt a putt .",574,golf ball
4869824245,traffic is present on the road and people are waiting to cross the road .,555,"fire engine, fire truck"
4870291079,An elderly latino man on crutches makes his way through traffic .,523,crutch
4870438924,"A man walking with a shopping cart wearing a t-shirt that reads "" long live the dead "" .",791,shopping cart
4871230195,Three men sit outside of a cafe .,762,"restaurant, eating house, eating place, eatery"
4871416563,A young dark-haired woman with red sun visor holding an open white umbrella amidst a crowd of people,879,umbrella
4871515296,A fellow in a green shirt plays a xylophone .,642,"marimba, xylophone"
4872170071,People playing in water beside a dock,460,"breakwater, groin, groyne, mole, bulwark, seawall, jetty"
4872766179,A young man racks pool balls on a purple pool table .,736,"pool table, billiard table, snooker table"
4873128332,Small child plays with a swing on a playground with a backdrop of a dirt field with a number of construction workers .,843,swing
4874998625,A group of Asian men and an Asian woman are relaxing in a butcher shop .,467,"butcher shop, meat market"
4877885745,Numerous bicyclists riding across a bridge .,880,"unicycle, monocycle"
4879951396,A smiling woman with a black smear across her face holds an umbrella .,879,umbrella
4879964792,A man with glasses wearing a tie plays the violin .,889,"violin, fiddle"
488030111,"Young girl with short , dark hair wearing a pink shirt climbing stairs in front of bicycles .",421,"bannister, banister, balustrade, balusters, handrail"
488352274,Two brown dogs are running on the sand .,159,Rhodesian ridgeback
488416045,Brown dog running on the beach .,159,Rhodesian ridgeback
4884688577,a woman and a man and a child standing in a street with umbrellas,879,umbrella
4886594873,The Rockettes perform in the street in front of Radio City Music Hall in New York City .,498,"cinema, movie theater, movie theatre, movie house, picture palace"
4886839805,Two athletic-looking young men with wet hair and wearing swimming trunks appear to pause after a swimming event .,842,"swimming trunks, bathing trunks"
4887213724,Street performers with Santa Clause in the middle and ladies on the sides joining hands .,498,"cinema, movie theater, movie theatre, movie house, picture palace"
4889455765,"The guards from Buckingham , dressed in red coats , black pants and high fitting hats , marching and playing instruments .",439,"bearskin, busby, shako"
4889806295,A man wearing a shite short-sleeved shirt kisses a woman wearing a light pink jacket while standing on a public street .,880,"unicycle, monocycle"
4891975016,Scottish men in formal attire play the bagpipes .,439,"bearskin, busby, shako"
4893487832,A worker in the liquor store .,778,"scale, weighing machine"
4898695163,Two Asian men with hard hats on a red scooter pass by two people kneeling down on the road with two baskets at their sides .,541,"drum, membranophone, tympan"
4898790718,A man with a long beard is looking at the water .,460,"breakwater, groin, groyne, mole, bulwark, seawall, jetty"
4900530053,A bald photographer with dark rimmed glasses and a long bearded taking a picture .,447,"binoculars, field glasses, opera glasses"
4902022815,This is a man that is about to do his laundry .,424,barbershop
4908757525,"A young lady in a colorful dress , holds a white stuffed animal stands in the rain hold a plaid umbrella .",879,umbrella
49102426,People looking at a rack of stuffed animals on the street .,865,toyshop
4910775679,An elderly man with gray hair is smoking a cigar on a public bench .,703,park bench
4912808658,Jamaican musician entertaining passers on a sidewalk for tips .,541,"drum, membranophone, tympan"
491337432,A kid sitting on a soccer ball at the park .,805,soccer ball
4913610444,A military man training his dog for combat .,225,malinois
4915716087,A man on a cart encourages his mule to keep pulling .,603,"horse cart, horse-cart"
4917188600,"Three street performers play and sing in the streets , one is playing an accordion , and the other two sing , as people walk past .",401,"accordion, piano accordion, squeeze box"
4920258622,singer in white shirt smiling,650,"microphone, mike"
4920749049,"A person is standing under a black umbrella with glasses , a denim jacket , and a white bag .",879,umbrella
4920764215,Many people walking down a busy street holding umbrellas in the rain .,879,umbrella
4921350374,Raining outside and three black umbrellas and one yellow and pink umbrella .,879,umbrella
4922420794,A bright yellow taxi passes through a busy street in a crowded neighborhood .,468,"cab, hack, taxi, taxicab"
4923272200,A man in a cream blazer and fedora plays the saxophone .,776,"sax, saxophone"
4923964340,Several people are sitting in a wooden train car .,705,"passenger car, coach, carriage"
4924368758,Walgreens on a street corner .,498,"cinema, movie theater, movie theatre, movie house, picture palace"
4924679654,A woman on a scooter with a cigarette hanging out of her mouth .,670,"motor scooter, scooter"
4925906360,Five men in a gym playing basketball .,430,basketball
4926108699,A child sitting on a concrete wall .,488,chain
4928592495,Two men in suits under an umbrella and in front of graffiti .,879,umbrella
4930663116,A little boy in a green shirt plays ping-pong with a man in a blue Nike shirt .,722,ping-pong ball
4931319718,The cowboy skillfully swings his lasso while riding his brown steed .,456,bow
4931775347,Woman with skirt and high heels using pay phone outside .,707,"pay-phone, pay-station"
4934809785,A boy running on a grass track with a baton .,805,soccer ball
4936302238,A couple is posing for a picture in front of the Arc de Triomphe .,873,triumphal arch
4936359688,"In the evening , several people are sitting at tables outside a brightly lit cafe with a dark awning and a chalkboard menu .",762,"restaurant, eating house, eating place, eatery"
4937485860,A woman with brown hair receives meet from a vendor at a street market .,467,"butcher shop, meat market"
4937650592,A motorcycle racer riding a yellow motorcycle with the number 33 is passing a green banner with the Kawasaki logo .,518,crash helmet
4938897545,Motorcyclist on motorcycle racing around track .,518,crash helmet
4939063264,Two women share an umbrella and walk down a busy street during a rainstorm .,879,umbrella
4939691102,Four snowboarders in different colored outfits jumping off snow lift .,795,ski
4939706481,A older man smoking a cigarette while pointing his finger at something .,398,abacus
4940152874,Large bridge-like structure built on a road between tall buildings within the city .,821,steel arch bridge
49402821,A little girl kicks a ball in front of a soccer net .,805,soccer ball
49408622,"A little girl , wearing a mauve dress and blue sparkly shoes , carries a big , blue baseball bat .",929,"ice lolly, lolly, lollipop, popsicle"
4942732639,A lady wearing a red shirt takes a picture near a lake surrounded by rocks .,872,tripod
4942777259,A shirtless boy walks with a stick across his left shoulder .,842,"swimming trunks, bathing trunks"
4943187092,A Chinese man is pushing a wheelchair with nobody in it on a busy Chinese street .,612,"jinrikisha, ricksha, rickshaw"
4944047878,A bride and husband are seen outside of building after they are married .,982,"groom, bridegroom"
4944129313,"Five women are sitting in a greenhouse with desert succulent plants , possibly reading or discussing something together .",580,"greenhouse, nursery, glasshouse"
4944992529,"A man , in a yellow jumpsuit , preparing to tandem skydive .",701,"parachute, chute"
4945314566,An Asian girl standing outside a building .,655,"miniskirt, mini"
4945451922,Soldiers are processing in front of two elephants and an ornate gold building .,787,"shield, buckler"
4945997009,A man wearing black pants and a hat sleeps on a bench in front of a histories building .,703,park bench
4946004444,Sixteen men in blue and green uniforms are standing on a submarine .,833,"submarine, pigboat, sub, U-boat"
4946023775,Five young adults are resting on the grass .,830,stretcher
4948865477,"One man , in a blue jacket , is sitting in the rain under a green umbrella .",879,umbrella
494921598,A youth playing hockey .,746,"puck, hockey puck"
4950409945,There are people near a van filming .,654,minibus
495054019,A white-haired coach is coaching his team of young men while they run towards him .,768,rugby ball
4951422051,A person in a uniform riding a horse near water .,339,sorrel
4951904588,"These little girls are in Chinese geisha outfits and makeup , holding red umbrellas .",879,umbrella
495340319,One kid is chasing another kid who is holding a football .,768,rugby ball
4953536921,A woman and a dog sit on a bench in front of a beach .,703,park bench
4954417902,A man on a motorbike is resting .,665,moped
4954827712,Tourists walk among the grounds near a historic site .,698,palace
4960200748,One man in black is jumping high into the air on his bicycle .,671,"mountain bike, all-terrain bike, off-roader"
4960260408,A man in blue makes his way through a crowd during a race .,768,rugby ball
4961939249,Crowd gathers near adobe building under cliff .,500,cliff dwelling
4963015721,A girl wearing glasses and a multicolored scarf is talking with a guy and laughing .,824,stole
4963339615,Two girls walking underneath a purple umbrella .,879,umbrella
4965314386,"A young blond boy riding a red , white , blue , and yellow bicycle with american flags on it .",870,"tricycle, trike, velocipede"
4966261267,Red firetruck with lights on and a couple of firemen dressed in gear standing near .,555,"fire engine, fire truck"
4966268109,A night scene depicting two Seattle Firemen dressed in their uniforms are standing next to a fire engine .,555,"fire engine, fire truck"
4970590451,A man wearing a colorful helmet while on some type of motorcycle or scooter .,518,crash helmet
4970968773,A woman wearing jeans and a blue shirt is standing outside smoking a cigarette .,608,"jean, blue jean, denim"
4972166251,A person is skydiving in the sunset using a teal and yellow parachute .,701,"parachute, chute"
4972294091,A woman on a bike waits the corner of an intersection at a pedestrian crosswalk .,920,"traffic light, traffic signal, stoplight"
4973611817,A police officer writes a ticket for poor parking .,920,"traffic light, traffic signal, stoplight"
497374910,A girl is sleeping on top of a book in a library full of books .,624,library
4973929160,A crowd and two males dressed in different cultural attire playing the drums .,541,"drum, membranophone, tympan"
497791037,A child in a white shirt coming out of a swing in midair .,843,swing
4979134930,A man in a hat and brown shirt rides a bike .,791,shopping cart
4981165601,A man with an umbrella is standing on a hillside and its raining .,879,umbrella
4983598261,"Two men working at an outside grill , cooking meat .",467,"butcher shop, meat market"
4985704,A man on a ten-foot unicycle entertains a crowd of enthralled onlookers .,880,"unicycle, monocycle"
4986921677,An elderly man swims with others .,842,"swimming trunks, bathing trunks"
4992006407,A couple of men playing pool .,736,"pool table, billiard table, snooker table"
5004301175,A woman wearing shorts is feeding two llamas or alpacas in a field .,355,llama
5006080985,"Players 24 , 33 , and 57 , are dressed in white , blue , and yellow jerseys on the football field .",560,football helmet
500678178,A young child is covered in straw except for the head and left arm .,958,hay
5008200231,"A lady wearing a purple dress appears to be amish , she is hooking up a carriage to a brown and white spotted horse .",603,"horse cart, horse-cart"
5009047021,A boy with a football runs from the other team .,560,football helmet
5009687058,"A football player in navy blue , gold , and white pushes another in white and blue out of his teammates way as a referee looks on from a distance .",560,football helmet
5012159302,Two men are using two horse to help with farm work .,730,"plow, plough"
50154757,A baby exploring the joy of having good company .,910,wooden spoon
50162920,A woman is kneeling near lanterns while a little boy plays in the sand .,522,croquet ball
501650847,A man holding out a deflated soccer ball to a gray dog .,178,Weimaraner
501960549,A woman peeks outside a set of archaic wooden doors .,894,"wardrobe, closet, press"
5024991277,A white bearded fellow looks like hes singing into a microphone .,650,"microphone, mike"
5037997306,"Two men are standing in a building with water over flowing from sinks , one man has a plastic bag holding it and the other man holding one , there is are square trays on top of each other one is red and the other is gray .",791,shopping cart
503872649,A bride stands next to a woman with a large basket of flowers .,982,"groom, bridegroom"
5047832905,A young child in a red shirt and green pants vacuums the floor in front of an oven in a kitchen .,882,"vacuum, vacuum cleaner"
5049383578,"The goalie , wearing a yellow and black uniform , is holding the soccer ball in front of the goal while a player , wearing a baby blue uniform , runs behind him .",768,rugby ball
505062117,A dog swims in the water with a tennis ball in his mouth .,256,"Newfoundland, Newfoundland dog"
505837388,"A group , dressed in scuba gear , is sitting at the bottom of a pool .",983,scuba diver
505929313,A black dog runs in the water holding a pink toy in its mouth .,227,kelpie
5062544126,A group of people in a conference .,534,"dishwasher, dish washer, dishwashing machine"
506485519,This is couple hiking over some rocks in a park of some sort .,972,"cliff, drop, drop-off"
506738508,Two men in white suits cheer,617,"lab coat, laboratory coat"
506882688,Kids are standing in the sprinklers getting soaked with water .,562,fountain
5071580142,An artist at work with all his supplies around him,865,toyshop
507370108,Five people wear white clothing with fire designs on them while standing next to fire .,862,torch
507370544,A similarly attired group posing for a group photo-op at this event .,862,torch
507401473,A tribe of people are posing for a picture .,862,torch
5075833333,A photographer snaps a midair action shot of a snowboarder .,795,ski
50797765,A man wearing overalls maneuvers a large soap bubble as a crowd of people stands around him .,971,bubble
5079930983,Six musicians play their various instruments .,486,"cello, violoncello"
50831436,Several men are playing a board game in a living room .,611,jigsaw puzzle
508838116,A woman is standing in a very large produce section of a grocery store .,582,"grocery store, grocery, food market, market"
5091113794,A man with a mustache and a black shirt is playing the saxophone .,776,"sax, saxophone"
5091152801,"A heavily makeup-ed girl sings into a microphone that she grips with her fire engine red , claw like nails .",650,"microphone, mike"
509200598,Two black dogs are playing on the grass .,205,flat-coated retriever
5094276864,A Pee Wee league football player wearing a purple jersey navigates the football past opposing players in white jerseys .,560,football helmet
5094295894,"Three children in football uniforms of two different teams are playing football on a football field , while another player and an adult stand in the background .",560,football helmet
509985875,A man is holding a saxophone in a public place as a woman and a child walk by in the background .,776,"sax, saxophone"
5104136462,Several boys in short and tank tops or t-shirts are running .,768,rugby ball
511844627,A man skis on a snowy mountain .,795,ski
511921542,A young man in a blue shirt with white shorts volleys a tennis ball .,752,"racket, racquet"
5121796265,A woman is reading a book on philosophy .,840,"swab, swob, mop"
5126656489,2 men are plowing a field together .,730,"plow, plough"
5139672263,Teenager rides through the forest on his mountain bike .,671,"mountain bike, all-terrain bike, off-roader"
514222285,A little child is in full ski gear while standing on the snow .,795,ski
5149869859,A group of young boys play a basketball game .,430,basketball
5152207388,Disgruntled man eating strange food with chopsticks .,542,drumstick
515335111,A man and a dog are in a canoe on the water .,472,canoe
5163992452,Spectators are watching two women dance .,775,sarong
517102724,A black dog in front of a waterfall .,208,Labrador retriever
5181863160,A boy is playing in the ocean waves .,842,"swimming trunks, bathing trunks"
5192912743,Two children are both reaching for a soccer ball .,805,soccer ball
519317202,A baby boy in a car seat is asleep and crying .,785,"seat belt, seatbelt"
519386080,Young people with matching hairstyles pose for the camera under a white umbrella .,879,umbrella
521109000,Tom hanks reading a book in the making of castaway .,801,snorkel
521186251,Several girls on a raft floating in rough waters .,693,"paddle, boat paddle"
5214588693,Two men playing football .,560,football helmet
521658170,Three dogs are jumping up at the man waving a stick .,211,"vizsla, Hungarian pointer"
5222104909,A young girl sitting on a wooden chair .,765,"rocking chair, rocker"
5222250994,One lone skier is making his way down a snowy mountain slope which has many ski track marks visible on the snow pack and a ski lift in the background .,795,ski
5223651213,Two young girls are having fun snow sledding down a hill .,795,ski
522652105,A small girl is playing in a ball pit,417,balloon
5226870137,A driver guides his white horses and carriage down a street .,603,"horse cart, horse-cart"
523249012,The man in the white shirt is sitting on a rock with a pole in front of him .,758,reel
5235619020,A basketball player shooting a free throw .,430,basketball
5235783452,A little girl is smiling while holding a vacuum and an older male is holding a large drill .,882,"vacuum, vacuum cleaner"
5238492471,"An old guitar player without a shirt on is pointing , sweating .",819,stage
524036004,Boy in red and blue flowered trunks jumps into pool holding green ball .,842,"swimming trunks, bathing trunks"
524296878,A sergeant leads his troops in formation inside a large room with lots of flags in the background .,652,military uniform
5243039066,A woman in a blue ski coat pulls a tree through the snow on skies .,795,ski
5243039266,a boy is pulling a small tree while he skis,795,ski
524698457,A long-haired dog is jumping over horizontal poles .,226,briard
5247558458,"A group of people headed up an escalator , many of them holding an umbrella .",879,umbrella
5248756214,A man taking frames on the road .,627,"limousine, limo"
5250328927,Several parasailor 's enjoying a windy day out on the water .,701,"parachute, chute"
526661994,A dog runs through the grass .,235,"German shepherd, German shepherd dog, German police dog, alsatian"
5270958162,A group of men standing near the road in front of an advertisement and tram car .,829,"streetcar, tram, tramcar, trolley, trolley car"
5270960438,People walking on a beautiful day in San Francisco .,829,"streetcar, tram, tramcar, trolley, trolley car"
5274828176,two kids are shoveling snow and one is sitting next to the pile of snow,792,shovel
5280521648,A young man and a young women in white lab coats are reading a biology textbook together and looking at a microscope in a laboratory .,617,"lab coat, laboratory coat"
5283494184,A man blowing leaves in jeans and a jacket .,491,"chain saw, chainsaw"
5284813529,Two Clydesdales pull a large wagon with a family inside .,603,"horse cart, horse-cart"
5293561334,A dark-haired person in a yellow top is seated at what appears to be a grand piano .,579,"grand piano, grand"
530454257,A young boy wearing army gear is picking up a rubber ducky in a market .,865,toyshop
530472459,A young boy in a field of flowers carrying a ball,805,soccer ball
5312921702,Three individuals climbing up a mountain on skis .,795,ski
5312974716,A man in orange snowboarding away from the camera .,795,ski
532241548,"A crowd of people , all wearing raincoats with hoods pulled up , listening to a man wearing a red and blue raincoat , with curly brunette hair , speaks .",879,umbrella
5337047043,A very young girl is sitting in a grocery cart near a grocery store deli .,791,shopping cart
5341921763,A horse pulls a carriage behind him with lots of children in it .,603,"horse cart, horse-cart"
534318261,A group of young children watching a firetruck .,555,"fire engine, fire truck"
535309053,A campsite with tents and picnic tables .,672,mountain tent
5354259419,person walking through the snow leafless trees in background,795,ski
5364849864,"Players from two hockey teams , one in black jerseys and one in white , fight over a puck on an ice rink as a referee and audience look on .",746,"puck, hockey puck"
536904709,a woman in a red shirt and jeans asleep on a brown couch,831,"studio couch, day bed"
5369771639,two soccer players in long sleeves,805,soccer ball
5375305047,"Two people in skis , wearing blue jackets , with backpacks are standing in the snow on a mountain near a marker .",795,ski
537532165,girl hanging upside down on blue monkey bars,602,"horizontal bar, high bar"
5379229830,"A woman wearing glasses is sitting on a swing , in a playground with a lot of trees .",843,swing
537960889,Three people biking on a path with grass on either side of the path .,880,"unicycle, monocycle"
5385069995,"Four musicians playing reed instruments with one playing a clarinet and three playing saxophones , being watched by a young child on a bicycle .",776,"sax, saxophone"
5385135432,This is an all male drum and bagpipe band enjoying their music on a paved area in front of a blue tent .,541,"drum, membranophone, tympan"
5390483760,A car is turned upside down in a ditch with emergency workers nearby .,802,snowmobile
5391079713,A man in a blue jacket making a funny face while sitting on a bench by a lake .,703,park bench
539659873,Young girls having fun playing on a ribbon carousel .,645,maypole
539705321,"Two teams of children , one in red and the other in white , are playing soccer .",805,soccer ball
5403632578,A man in a green sweater and hat plays red upright bass on a city street .,486,"cello, violoncello"
5403974296,"A girl with a wooden slingshot , stands at the tree line and pulls the band on the slingshot back .",456,bow
5404931227,Two people are skiing in the snowy mountains .,795,ski
540791807,A man in a blue rain jacket fishing during a rainstorm .,758,reel
5408221986,Four people are on a ski slope .,795,ski
5412034666,Two men a chopping lumber .,491,"chain saw, chainsaw"
5415557940,A man sitting playing guitar and mouth piece at the same time .,402,acoustic guitar
5415761675,A group of six children are about to play ping-pong .,722,ping-pong ball
5416301879,A red race car is driving on asphalt .,751,"racer, race car, racing car"
5418130134,Dancers on a stage during one their shows .,819,stage
5419695587,A mother holding her sleeping baby is looking outside through the glass patio doors .,799,sliding door
542714962,An all men volleyball game is full action with a tall man in shades is ready to block an oncoming volley .,890,volleyball
543291644,A woman dancing with a bottle of water to the band playing behind her .,898,water bottle
5436966915,A man with a white helmet and red pants skis down a slope .,795,ski
543797471,A man sitting on a trolley .,829,"streetcar, tram, tramcar, trolley, trolley car"
5440115287,two people ( man and woman in their late twenties or early thirties ) on stage with a synthesizer and microphone .,819,stage
544122267,A little girl on a swing .,843,swing
5444535493,A trio of people are hiking throughout a heavily snowed path .,795,ski
5446138396,Two women wearing blue shawls are sitting behind an array of vegetables .,582,"grocery store, grocery, food market, market"
5446415631,A man crossing a stream over a log covered with snow in winter .,792,shovel
5457873764,Girl is fishing by the calm lake .,758,reel
5460845581,A basketball player in white takes a jump shot while a blue defender jumps to block his shot while teammates watch in the background .,430,basketball
5468626430,"A woman walking through snow with snow walking equipment , including snowshoes on her feet and poles in hand , looking at the camera .",795,ski
5476674072,Two employees knead and prepare dough for use with making cakes as seen through the window .,961,dough
5476688378,A man in a dirty apron is checking on something in his wood fired oven .,489,chainlink fence
5479540752,A person in a blue jacket and green pants is snowboarding down a snow covered slope .,795,ski
5484929515,A man in a blue and white shirt is making pottery .,739,potter's wheel
549945760,A blond man in a white tank top and jeans watching two yellow firetrucks working .,555,"fire engine, fire truck"
549948800,Firemen gathered around a firetruck on a roadside .,555,"fire engine, fire truck"
549998716,A priest on the phone near some female military workers taking a break .,652,military uniform
5503955724,A game of rugby in which 2 players are attempting to stop there opponent from catching a ball in midair .,768,rugby ball
5504368601,A dead fish that is reddish color on a butcher shop with a worker standing over it .,467,"butcher shop, meat market"
5504963988,Many workers in an Asian market work diligently .,467,"butcher shop, meat market"
551403320,a long woman wearing a white helment crossing a chain linked bridge,972,"cliff, drop, drop-off"
5518766647,A little girl and her older sister are riding a horse in a carnival carousel .,476,"carousel, carrousel, merry-go-round, roundabout, whirligig"
5520203447,"3 man are playing music together consisting of guitar , violin and banjo .",401,"accordion, piano accordion, squeeze box"
5523538212,"A skier in midair , On a snowy day with other skiers in the background .",795,ski
55473406,A man at the top of a mountain with a beautiful view in the background,795,ski
5550039813,"A person is upside down , doing a flip on a snowboard .",795,ski
5558170783,Two children are making something out of snow .,795,ski
5558592,Three men in cowboy hats at a rodeo .,515,"cowboy hat, ten-gallon hat"
556568556,a young girl swings on a swing .,843,swing
5570219,A photographer sets up to take pictures .,872,tripod
5572351880,A slender man wearing black athletic shorts is lifting a heavy weight high above his head .,422,barbell
5589693661,A woman in a white shirt is looking through objects at a store .,509,"confectionery, confectionary, candy store"
559102835,Two little boys playing soccer on a field .,805,soccer ball
559404730,A man holding a small baby while looking at products on a shelf .,865,toyshop
5602737557,This is two men building a playground .,428,"barrow, garden cart, lawn cart, wheelbarrow"
5603329477,"A man wearing blue pants , a white helmet , and a green-striped shirt is shown on skis in midair , against a blue sky with a single puffy cloud .",795,ski
5604852363,A performer kneeling at the edge of a stage to receive something from a woman in the front row .,819,stage
5608476880,Two women in kimonos under an overcast sky with a mountain in the distance .,832,"stupa, tope"
5610848512,A bare-chested man in gray shorts is posed to hit a volleyball in midair .,890,volleyball
561179890,A bearded man with a backpack on his back holding a tripod in front of a rocky creek and bridge .,839,suspension bridge
5621600104,"A man in a red , black and white uniform is pursuing a soccer ball on a grassy field .",805,soccer ball
5622966650,"Three men are dress up with some colors of blue , orange and white .",903,wig
5623287052,A man is standing in the aisle of a grocery store and staring at the cereal selection .,582,"grocery store, grocery, food market, market"
5626262792,A musical band playing music on stage at a concert with a light show .,819,stage
5633758879,"A man in a gray suit sitting along a cement wall , playing an old , vintage accordion .",401,"accordion, piano accordion, squeeze box"
5637347272,A girl is walking a horse across a paved suburban street .,339,sorrel
5646792433,"Two children , one in a yellow shirt and the other in red rain boots , swing on the swings at a playground .",843,swing
5648321,A man is outside with his dog shoveling the snow off of his steps .,792,shovel
5648828783,Two people preparing meat on a street-side grill with one person wearing a mask as the other leans his head down .,467,"butcher shop, meat market"
56494233,A person with a backpack stands on a snowy mountain .,970,alp
5651514000,A young boy is cooking meat on a grill outside .,766,rotisserie
565314823,A marching band clad in blue dances down the middle of a public street .,875,trombone
5654749179,"A young girl and boy wearing jackets and boots , pose for a picture in front of a dinosaur fossil .",51,triceratops
5658123607,little boys playing soccer wearing orange and black,805,soccer ball
566077886,A person in black pans and a black t-shirt jumping on a fountain plaza .,562,fountain
5676123641,A snowboarder banking to the side .,795,ski
5676123833,A guy on a skis skiing down a hill .,795,ski
5676780431,A man is on his mountain bike flying in the air .,671,"mountain bike, all-terrain bike, off-roader"
567921691,A man is mowing the lawn of a house shirtless .,621,"lawn mower, mower"
5684720360,Woman at Walmart check-out having her groceries bagged by an employee .,728,plastic bag
5690229093,A woman is sweeping the brick ground in an urban environment with a broom .,840,"swab, swob, mop"
5692144392,"One musician is playing an accordion , while the other is singing and playing the tambourine .",401,"accordion, piano accordion, squeeze box"
5695964851,Men wearing bright yellow life vests drive a small boat out of harbor .,625,lifeboat
5696547236,Two men in safety gear navigate an inflated boat .,625,lifeboat
5696581092,"On a stage , there is a band playing guitars and singing , while the lights behind them flash and show a large star .",819,stage
5712029145,A woman wearing a life jacket photographs a whale at the edge of her boat .,147,"grey whale, gray whale, devilfish, Eschrichtius gibbosus, Eschrichtius robustus"
5714006990,A smiling woman who is sewing on a machine .,786,sewing machine
5718253019,Two young boys are playing soccer and mid-action .,805,soccer ball
572764040,Men in western style shirts and cowboy hats sit with a horse nearby .,515,"cowboy hat, ten-gallon hat"
5730444205,"Two woman , one wearing a blue striped shirt and the other wearing a flowered shirt , are riding horses .",515,"cowboy hat, ten-gallon hat"
5730792187,Riding gondolas in the canals of Suecia .,576,gondola
5731856709,An old man sweeps the floor as a lady walks away from the camera .,523,crutch
573594802,Coaches for the North Side baseball team talk to their players in the dugout .,981,"ballplayer, baseball player"
5737982354,Three men are working together to pump gas from a barrel .,822,steel drum
57417224,"Dressed in complete uniform , two young brothers practice martial arts on their parents ' balcony .",617,"lab coat, laboratory coat"
57422853,A man sits in his tent on a mountain .,672,mountain tent
5745387160,"A young white male wearing sunglasses and a white tank top is playing a black bass guitar on an outdoor stage in front of a city skyline with amplifiers , light scaffolding , and a drummer off to the far right .",819,stage
5748015019,Two men or boys jumping bikes off bike course .,671,"mountain bike, all-terrain bike, off-roader"
5748024681,Person riding a bicycle caught while in the air after doing a jump using a dirt mound transformed into a ramp .,671,"mountain bike, all-terrain bike, off-roader"
5749795798,Four guys are in a field playing Frisbee .,768,rugby ball
5750611277,a woman in a green shirt is fishing while a man in a blue shirt is looking backwards,758,reel
5753038227,This small child is having fun swinging .,843,swing
5758838589,A nurse is checking the woman 's blood pressure using a blood pressure pump and a pink stethoscope .,823,stethoscope
57691053,A group of people are standing in a wooded area dressed in costumes and drinking beer .,796,ski mask
5769937988,Two asian chefs cooking with white suits and hats .,642,"marimba, xylophone"
5774624102,A man is standing playing the accordion .,401,"accordion, piano accordion, squeeze box"
578873882,A man and four teenage boys are raking a baseball diamond .,981,"ballplayer, baseball player"
5791244,"A man in uniform leans over a dog , in front of car on an urban street with a group of people visible in the background .",468,"cab, hack, taxi, taxicab"
5793396150,Two police officers are riding around on horses in the street .,603,"horse cart, horse-cart"
5794131663,A tennis player is getting ready to hit the ball with his racquet .,752,"racket, racquet"
5794490455,Two soccer teams on the field playing soccer .,768,rugby ball
5806219410,Two female Army personnel are handling a lot of paperwork at one desk .,652,military uniform
5806326544,A woman wearing a red tank top is lifting two dumbbells at the gym .,543,dumbbell
5820895953,A boy petting a dog in a yard with a garden in it .,162,beagle
5822381095,A young girl wearing red stands next to a snow sculpture .,792,shovel
5822447877,Two children in bating suits are playing with a volleyball on a beautiful beach .,890,volleyball
5825529550,A kid wearing all red prepares to catch the ball flying towards him .,890,volleyball
5831085623,A dog catching a Frisbee in midair while a girl watches from the side .,752,"racket, racquet"
58357057,Man standing at the top of a mountain at dusk .,980,volcano
58363930,A man skiing in the mountains,970,alp
5840232264,A man in a blue and black jersey and missing one foot hits a volleyball from a sitting position .,890,volleyball
5846714531,A person is standing on the ground with a parachute flying above him .,701,"parachute, chute"
5847719619,A man in a suit and hat is raising his glass .,982,"groom, bridegroom"
5847749710,Three guys playing baseball on a team with one getting out .,981,"ballplayer, baseball player"
5849278148,A woman in a blue shirt about to board a trolley .,829,"streetcar, tram, tramcar, trolley, trolley car"
5882565072,"two female tennis players in white shake hands at the net , with two people in the background viewing from afar .",752,"racket, racquet"
5892931627,A baseball player swings at the pitch while the opposing team 's catcher is ready for the ball .,981,"ballplayer, baseball player"
5892947599,A baseball player in the act of pick up a baseball with his hand .,981,"ballplayer, baseball player"
5893468050,Two men are playing baseball .,981,"ballplayer, baseball player"
5893481130,A baseball player attempting to catch a baseball that is about to go over the field gate .,781,scoreboard
5893495086,4 different civilian baseball pitchers throw balls to professional catchers .,981,"ballplayer, baseball player"
5894545772,"People walking and standing around a large fountain , two children standing in front of the fountain .",562,fountain
5899467604,The beginning of a coast guard rescue .,625,lifeboat
5899799040,"Three people skydiving , one is making a funny face .",701,"parachute, chute"
5902222408,A school band performing in front of a crowded park surrounded by trees .,822,steel drum
5903521315,A baseball player with a red helmet and white pants is tagged by the catcher while running to home base .,981,"ballplayer, baseball player"
5904096092,They are playing baseball .,981,"ballplayer, baseball player"
5905853755,"A young woman , wearing a black coat and sitting with a book in her lap , is reading a map , in a laundry mat .",897,"washer, automatic washer, washing machine"
5914176827,A baseball player in the action of throwing the ball .,981,"ballplayer, baseball player"
5914778546,Team members watching a baseball game in progress from the dugout .,981,"ballplayer, baseball player"
5920741851,A man in an orange robe sweeping outside .,462,broom
5921627317,A woman with a blue bag in front of an ATM getting money .,480,"cash machine, cash dispenser, automated teller machine, automatic teller machine, automated teller, automatic teller, ATM"
5921627737,A man is taking pictures on his phone of stone figurines while his dog looks on .,203,West Highland white terrier
5922190538,"Several people going down an escalator , with a few others going up the up escalator .",466,"bullet train, bullet"
5925544950,A woman with a red hat is fishing at a lake .,758,reel
5929073261,"A man is at a table filled with stuff , near a piano , on a stage .",642,"marimba, xylophone"
5931039781,"A man wearing a hard hat , mask , and safety vest is equipped with a broom while he looks to his left .",462,broom
5941772805,A pitcher in a red and white uniform is throwing a baseball .,981,"ballplayer, baseball player"
5947742521,Dancing crew called the Beat Sisters performing on stage .,608,"jean, blue jean, denim"
5950363786,Girl is upside down over a gymnastics floor .,416,"balance beam, beam"
595063831,A man in a checkered blue and green shirt is holding a clear umbrella and walking down a street .,879,umbrella
5955502935,A band performs music on a stage with lights .,819,stage
5958182,An overloaded wagon full of white boxes tips backwards and pulls the mule attached to the wagon into the air .,603,"horse cart, horse-cart"
5960769829,A person is riding an orange kayak down a series of short waterfalls and rapids .,979,"valley, vale"
5962276180,Two men are inspecting the rear tire of a purple bike .,671,"mountain bike, all-terrain bike, off-roader"
5971180169,"Three young women in black swimsuits and swimming goggles , each wearing a different colored swimming cap in either green , blue or yellow are holding to the edge of a swimming pool as they wait to start a race .",433,"bathing cap, swimming cap"
597543181,a young child swinging on a green swing .,843,swing
5982829174,A man wearing a blue uniform is paddling his kayak while standing up .,693,"paddle, boat paddle"
5989324335,The player in the white baseball uniform is sliding into the base while the opposing player in gray uniform tries to tag him out .,981,"ballplayer, baseball player"
6005955072,"Married , time conscious , male horn player performing on stage .",513,"cornet, horn, trumpet, trump"
6009022127,Bicyclist rides on dirt path overlooking a stand of trees .,671,"mountain bike, all-terrain bike, off-roader"
6015520520,A girl waiting for her laundry to finish .,897,"washer, automatic washer, washing machine"
6021205363,"A group of women , dressed in safety gear , are on rollerskates and skating in front of a large group of people .",615,knee pad
6031795624,A picture of the little boats in Italy .,576,gondola
6034227204,A man sitting on the floor looks out a large window .,789,shoji
6037006359,Beating an egg with a machine .,606,"iron, smoothing iron"
6040615333,A man sitting on a giant beanbag on a beach .,879,umbrella
6042855086,A young man doing a kite wakeboarding trick with other boarders in the background on a mostly sunny day in the background .,701,"parachute, chute"
6043197241,A couple is posing on hard wood floors in front of stacks of luggage and the man on the left is wearing red and giving a thumbs up .,414,"backpack, back pack, knapsack, packsack, rucksack, haversack"
6044840724,Two patrons are washing clothes at the laundromat .,897,"washer, automatic washer, washing machine"
6054169,Old man cutting a piece of pipe to the correct shape .,491,"chain saw, chainsaw"
6065883340,A child is riding his bike on a large bridge .,839,suspension bridge
6066650935,2 people on bikes riding away on the distant road with their backs toward us as the road they are on extends on into the distance .,880,"unicycle, monocycle"
6067800722,Two women walk around a laundry mat while a man sits at a desk and eats .,897,"washer, automatic washer, washing machine"
6071314957,"Two girls playing tennis , the girl in the forefront is serving the tennis ball to her opponent .",752,"racket, racquet"
6074391204,"In a lab full of glassware , a white coat wearing scientist carefully dispenses liquid into another container while another watches attentively .",617,"lab coat, laboratory coat"
6075991802,A little boy rides his bike among shadows next to a round metal table .,870,"tricycle, trike, velocipede"
6077671447,A young girl with dark hair bends over a piece of pottery that is on a table .,739,potter's wheel
6080521675,"A person with an apparatus attached to his shoes is running through a flat , snowy area with trees and mountains in the distance .",795,ski
608257195,A boy dressed in an orange shirt and a helmet is riding a dirt bike in the woods .,671,"mountain bike, all-terrain bike, off-roader"
6083027696,A man standing on a boat in a yellow jumpsuit helping another man in a yellow jumpsuit climb up a ladder on a bigger ship .,625,lifeboat
6098659697,"A man plays the accordion while smiling at a woman passing by with a group of people , and she is also smiling .",401,"accordion, piano accordion, squeeze box"
610841649,Soccer teams competing in a game .,981,"ballplayer, baseball player"
611349356,An important man with his crew walking on the field at a sporting event .,981,"ballplayer, baseball player"
61209225,A recreation of some battle .,471,cannon
6123457215,"A football team is playing , the yellow team has the ball .",560,football helmet
6126520718,There is a group of black adolescent boys in a large sand area and one of them is holding a silver soccer ball .,805,soccer ball
6135433028,A football play in action with members of both teams visible .,560,football helmet
6137946415,"At a crowded baseball game , the hitter leans backwards gripping his bat as the ball lands in the catcher 's mitt .",981,"ballplayer, baseball player"
6139525250,Quarterback calling a timeout during a game .,560,football helmet
6141381971,"Two teams playing against each other , one red and one blue with two members squaring off .",805,soccer ball
6141966747,A runner in a purple outfit is racing in front of crowd .,768,rugby ball
6143969605,Two baseball players warming up .,981,"ballplayer, baseball player"
6150843883,"A person wearing a white suit is riding their bike through a dense forest , on a trail .",671,"mountain bike, all-terrain bike, off-roader"
6152090114,A man on a white surfboard in the ocean riding the waves .,562,fountain
6156416718,"Two soccer players , one in red and the other in yellow , battle for a soccer ball .",768,rugby ball
6157574915,Two girls compete over the ball while playing lacrosse .,768,rugby ball
6158943082,A man is riding a board and jumping in the air while being towed by a motor boat .,842,"swimming trunks, bathing trunks"
615927423,"A dark-skinned boy with blue shorts , a black tank top , and sandals is standing on the walk or do not walk street sign .",920,"traffic light, traffic signal, stoplight"
6159485039,Two older men are wearing outdoor clothing while using binocular devices .,872,tripod
6160319160,A boy prepares to play some basketball while listening to his favorite music .,430,basketball
616045808,a person wearing a black and pink outfit and hat riding atop a unicycle down the street .,880,"unicycle, monocycle"
6162015348,A group of older people are sitting in a pub playing various instruments .,762,"restaurant, eating house, eating place, eatery"
6174401215,A man in a hat and safety vest trimming shrubbery .,491,"chain saw, chainsaw"
6177260197,A swimmer wearing a cap and goggles swimming in a lake .,433,"bathing cap, swimming cap"
617782839,"An archer using the japanese style teachings aiming at his target , while wearing traditional japanese garb",456,bow
6180215411,1 man singing and 1 man playing a saxophone in a concert .,776,"sax, saxophone"
6180807938,A professional soccer player in light blue is challenging another soccer player in blue and red stripes for the ball .,805,soccer ball
618292739,A woman with long hair walking through a meadow,984,rapeseed
6185957886,A gentleman rides his mountain bike down rough terrain while wearing a white helmet .,671,"mountain bike, all-terrain bike, off-roader"
6187191468,People gather at a vintage ice cream truck to receive traditional ice cream .,654,minibus
618735339,A little girl on a swing .,843,swing
6188266707,A female volleyball player reaches high as her fingers touch the ball .,890,volleyball
6188752802,"A woman player in white and black , sends the volleyball over the net , while the opposing team in navy blue , tries to block it , as the coach and a few spectators watch , in a gym .",890,volleyball
6188880632,Two volleyball players against the net trying to block a shot from the other team .,890,volleyball
6188883048,A female volleyball player sets the ball .,890,volleyball
6190299977,"A soccer player , who is wearing white , just kicked a ball down the field .",805,soccer ball
6195608205,A baseball team is rioting .,981,"ballplayer, baseball player"
6195995631,Four football players wearing blue and yellow raise their helmets in the air .,560,football helmet
6199134021,A young man in a football uniform is kneeling with the football .,560,football helmet
6199134497,The football player prepares to kick the ball .,560,football helmet
6200565917,A hockey player wearing a gold and white jersey getting ready to shoot the puck against two players wearing gold and black jerseys in a ice hockey arena .,746,"puck, hockey puck"
6201295346,"Two soccer players , one wearing red and one wearing blue , playing soccer against each other .",768,rugby ball
6202821114,A man in a white t-shirt stands in front of a crowd and holds a microphone in front of him .,819,stage
6204719881,A group of men playing soccer .,805,soccer ball
6205176022,Three quarterbacks from the New York Jets run through passing drills with their coach .,560,football helmet
6206278823,a goalie getting ready to defend the net,746,"puck, hockey puck"
6206340700,Men are on the field playing football .,560,football helmet
6207926109,A man is performing a trick on a water board .,758,reel
6210938762,A few people are riding elephants through a river .,385,"Indian elephant, Elephas maximus"
6214063093,A Musical rock band of three members perform on stage with a giant well lit W shape symbol in the background .,819,stage
6214239936,A woman works at the potter 's wheel .,739,potter's wheel
6218174603,Three skateboarders in helmets round a bend in the road wearing bodysuits .,573,go-kart
6220789654,A woman with closed eyes is playing a cello and singing into a microphone .,486,"cello, violoncello"
6221946312,A football player running with the ball is being tackled by his opponent .,560,football helmet
6223093296,"Sail boarder in midair , while being towed behind a boat .",701,"parachute, chute"
6224066807,"A soccer player is on the field with his arms out , about to kick the ball .",805,soccer ball
6228559981,"A young boy , wearing a colorful t-shirt , runs through a street fountain located on a riverfront .",562,fountain
6233103167,A man with short black hair is wearing a red and black wetsuit and riding a red and white surfboard on a medium-sized wave .,693,"paddle, boat paddle"
6233621366,A man surfs on a medium sized wave in the ocean .,814,speedboat
6240611112,A person riding a motorcycle is dressed in orange .,518,crash helmet
624215910,A man with glasses holding a statue 's tail .,51,triceratops
6244908705,The man is riding his bike along a trail .,671,"mountain bike, all-terrain bike, off-roader"
6250527395,"Two rugby teams , one in green and white uniforms , the other in black , are engaged in a scrum .",768,rugby ball
6251875212,"A man on a bike , with the sun beating down in the background , just launched off of a dirt ramp and is coming back down .",671,"mountain bike, all-terrain bike, off-roader"
6252962625,There are two cars drifting on a track as spectators watch above .,751,"racer, race car, racing car"
6253003614,Soccer players on a field with a ball going into the net .,805,soccer ball
6271611352,Several young people are playing with a ball outside .,805,soccer ball
6275000207,Four young boys playing soccer and chasing a white and red soccer ball .,805,soccer ball
6275000713,"Four dark-haired adolescent boys , three wearing blue and one wearing red , are playing soccer on a green grass field .",805,soccer ball
6275746867,A person in SCUBA gear poses in front of a vast expanse of water .,983,scuba diver
6276644870,Two motorcyclist neck-to-neck about to take a turn,518,crash helmet
6279182622,A man dressed in bicycle gear is riding through a course .,671,"mountain bike, all-terrain bike, off-roader"
6280457017,A person wearing a white jumpsuit is riding a fast moving motorcycle on a racetrack .,518,crash helmet
6281192843,A football play is about to begin with the white team on offense .,560,football helmet
6282165546,A bunch of skater guys playing around .,615,knee pad
6283123175,A volleyball player jumps to reach the ball in an all-women 's game .,890,volleyball
6283492657,A thin brunette girl wearing all white leaps in front of a large fountain .,562,fountain
6286405785,One boy is tackling the other while playing football .,560,football helmet
6286924128,Two children playing pop warner football .,560,football helmet
6291644661,Several men are rollerskating while wearing two distinct uniforms with a ref in the background .,615,knee pad
6293805900,A woman swims with good form through a lap pool .,433,"bathing cap, swimming cap"
6293812868,Women in a relay swimming competition are taking off from the start line .,433,"bathing cap, swimming cap"
6295775965,A white-shirted man is leaping from the stage into the crowd .,819,stage
6296741028,A man in orange and white rides his mountain bike through a forest .,671,"mountain bike, all-terrain bike, off-roader"
6303553615,A water polo player is taking a shot on goal .,433,"bathing cap, swimming cap"
6308720672,"Ready and set as two hockey players on the ice wait with sticks out in front of them , anticipating the puck .",746,"puck, hockey puck"
6309331514,"A band called "" The Early November "" giving a concert to a crowded room .",819,stage
6309597419,A young man with intense concentration on his face throws a pitch while on the pitcher 's mound on a baseball field .,429,baseball
6312211170,Three boys are playing soccer .,805,soccer ball
6315843581,2 men are swimming in a pool in separate lanes as if racing .,433,"bathing cap, swimming cap"
6319547436,A man surfing is doing a trick as he rides a wave that 's about 20 feet high .,701,"parachute, chute"
6321472404,Quarterback in a football game running play while other players surround him .,560,football helmet
6322364581,"A short-haired , blond man wearing a white and black shirt and black visor puts his hand on the shoulder of a football player wearing a black ,  16 jersey .",560,football helmet
6322364611,A football player wearing number 8 is standing on the sidelines of a football field .,560,football helmet
6324621970,"A woman in blue kicks a soccer ball as her opponents in red , chase on .",805,soccer ball
6324746882,A female wearing blue shorts and a white shirt playing soccer .,805,soccer ball
6325862911,"A man wearing a blue jacket , kneels down to fix a chainsaw blade .",797,sleeping bag
6328396194,2 men wearing ear protectors play water polo with a yellow ball .,433,"bathing cap, swimming cap"
6333818443,A woman wearing only socks floating towards an open dishwasher .,534,"dishwasher, dish washer, dishwashing machine"
6336622544,Ice skater taking a hit by another player .,746,"puck, hockey puck"
6337155749,Mr. Soccer player of the green team attempts a shot .,805,soccer ball
6337228599,A guy who caught a giant fish reels it in then picks it up with a extended net .,758,reel
6337759785,"Three football players , ,  16 is throwing the football , ,  71 is blocking the other opponent .",560,football helmet
6337783711,"Football player , ball in hand , races to make a touchdown .",560,football helmet
6337899496,Two athletes square off in a competitive match .,805,soccer ball
6338542128,The Iowa State football player blocks a Texas A&M defenseman while running with the ball .,560,football helmet
6338544926,"Two college football players battle it out outdoors on the field during game day , where one is the quarterback trying to throw the ball , and the other player is in action about to sack the quarterback .",560,football helmet
6341181416,"A football player in a blue ,  44 jersey with gold pants carries the football while his teammates and the opposing team , wearing orange and white , run behind him .",560,football helmet
6341910994,The man in a red shirt is being lifted by his teammates .,768,rugby ball
6342265060,"During a soccer game , two players jump up to headbutt the ball .",805,soccer ball
6342578701,"The University of Iowa 's Hawkeyes football team , scores a goal in the end zone against the Michigan State Spartans .",560,football helmet
6348201976,Two soccer players fall down attempting to get to the ball .,768,rugby ball
6353806575,A man studies a glass beaker .,438,beaker
6363541997,"A tennis match on a red clay court in concluding as the winners in black celebrate , while the losers , in white , walk over to shake hands .",752,"racket, racquet"
636503038,Three people are standing on rocks near a body of water .,460,"breakwater, groin, groyne, mole, bulwark, seawall, jetty"
6366234987,Team member 39 waiting for the puck to come his way .,746,"puck, hockey puck"
6381062375,A woman is performing the backstroke in a pool .,433,"bathing cap, swimming cap"
6381214111,Aaron Rodgers and another Green Bay Packers teammate are celebrating a touchdown in an end zone .,560,football helmet
6381955081,A man in sunglasses is rowing a boat of some kind .,693,"paddle, boat paddle"
638944671,A blond tennis player in action on a grass court .,752,"racket, racquet"
640173336,"motorcycle track , and rider .",518,crash helmet
640203018,many people at a gathering .,880,"unicycle, monocycle"
6414597073,The woman is using the orange and black cordless drill on the wall .,740,power drill
6415175155,A mountain bike racer on a dirt road during a race,671,"mountain bike, all-terrain bike, off-roader"
6422968349,The young Anderson player is attempting to shoot while his opponent and teammate look on .,430,basketball
6437497301,Swimmers stand on various levels of a large diving board complex in a room with figures from mythology painted on the wall .,583,guillotine
6440454931,A motorcyclist in a blue motorbike in a racing track .,518,crash helmet
6447364125,A male and a woman are on the middle of a court .,746,"puck, hockey puck"
6447367291,Three people on a hockey ring playing some form of game .,746,"puck, hockey puck"
6447635819,Two men in lime green shirts and black pants are playing soccer .,805,soccer ball
6458025621,A crosscountry biker with helmet and sports gears ( green and black ) is jumping in the air with his bike that has dirty tires .,671,"mountain bike, all-terrain bike, off-roader"
6458049647,guy riding his bike coming out of the forest .,671,"mountain bike, all-terrain bike, off-roader"
6458803473,A man in a white uniform is stepping on the foot of a man in a yellow uniform while the two play soccer on a green field with their teammates in the background .,805,soccer ball
6462908751,"A basketball player dressed in white watches his opponent , who is dressed in black , dribble a basketball down the court during a game with spectators .",430,basketball
6463107815,Woman wearing black and kneeling on rollerskates with deer face antlers on top of her helmet .,615,knee pad
6471240937,A group of men paddle an open boat in a waterway with other boats .,576,gondola
6474645169,Men from Lafayette and Penn State are playing basketball .,430,basketball
6474862163,A man in a white basketball uniform shooting for the basket .,430,basketball
6474991347,"Number 32 , on the burgundy team is fighting for possession of the basketball with an opposing team member , while his other two teammates guard the other opposing teammate .",430,basketball
6475050767,Guy playing college basketball .,430,basketball
6489895665,"Two cars , one red and one blue , race each other in a very tight and competitive nature as fans stand by and watch .",751,"racer, race car, racing car"
6491272997,A lonely man sits in a harbor playing the accordion .,401,"accordion, piano accordion, squeeze box"
6492500461,"A young girl , wearing her team uniform , is preparing to hit a ball , as another girl watches .",890,volleyball
6495701289,A male riding a blue jet ski is airborne after going over a wave in the ocean .,814,speedboat
6497851023,"A man in a black and yellow jacket is snowboarding , while others stand in the background .",795,ski
6503557611,A snowboarder in a blue hat catches some air .,795,ski
6503917545,A very young boy stares ahead as he is biting onto a small object .,929,"ice lolly, lolly, lollipop, popsicle"
6514004309,Four people playing hockey in an ice rink .,746,"puck, hockey puck"
6521767045,"One man stands along a wall holding out his hand to show another man wearing all blue and glasses working a pottery wheel , while some drying pottery pots dry on a table nearby .",739,potter's wheel
6524893225,"Two teams of children , one green the other red , play each other in a game of Rugby while it rains .",768,rugby ball
6526560433,"One football player runs with the ball , while another prepares to tackle him .",560,football helmet
6536482681,A game of rug bee between the black and white jersey players .,768,rugby ball
6540766147,A yellow and blue race car with 37 on it is driving around a turn on a racetrack .,751,"racer, race car, racing car"
6547412713,A man dunking a basketball on an outdoor court .,430,basketball
65523111,Girls in white shirts and blue skirts shoot arrows from bows .,456,bow
6554248473,"Two male musicians on stage , wearing t-shirts and one is playing the guitar , the other is singing .",819,stage
65567,The group of people are assembling for a wedding .,982,"groom, bridegroom"
6556864817,A child is pretending to sleep in a swimming pool with her head resting on her hands .,6,stingray
6556865251,Two hockey players are focusing intently on their play .,746,"puck, hockey puck"
6556867543,two men are playing professional hockey,746,"puck, hockey puck"
6556870225,"An African-American boy wearing blue shorts , a black and red shirt , and white sneakers , is playing tennis .",752,"racket, racquet"
656260720,A young girl sitting in swimming gear,433,"bathing cap, swimming cap"
6563230815,Two men perform music on the street in front of a brick building .,822,steel drum
6569938885,"3 team members , wearing 3 uniforms , are jumping towards the volleyball nets to block an opposing teams , wearing a yellow uniforms , spike .",890,volleyball
6571757523,"Two men , one in a yellow top the other in a red , participating in a race during the fall .",768,rugby ball
6575547265,"Several young girls , dressed in similar white and maroon outfits are playing their instruments while walking down the street .",684,"ocarina, sweet potato"
6586265523,"Six men in tank tops and shorts race each other on a marked grassy field , a man in a purple top leading the rest .",768,rugby ball
6589292543,A very young boy wearing a green long-sleeve shirt is laying on a bed at a store .,797,sleeping bag
6596856079,A little boy stares at balloons with wonder .,971,bubble
661755629,This tiny dog is about to jump in the air to catch a red ball .,201,"silky terrier, Sydney silky"
6620094641,Two men from opposing teams with dirty uniforms in a match of rugby .,768,rugby ball
6620547703,"Two women are standing on boards , floating on the water and paddling themselves with a third person in the background",693,"paddle, boat paddle"
662606040,A dog and a red ball in the air .,201,"silky terrier, Sydney silky"
6632464405,A musician performs on stage with pyrotechnic displays .,862,torch
6633366731,Two hockey players engaged in a scuffle in front of a Verizon sign .,746,"puck, hockey puck"
6638041153,"Two teams of women , one in blue and white and one in green and white , are playing volleyball .",890,volleyball
6648587509,A black horse with a santa hat on top of it 's head pulling a sleigh in the snow with 4 people in the sleigh .,603,"horse cart, horse-cart"
6651302933,Two people go parasailing on the ocean with a beautiful scenic view in the background .,701,"parachute, chute"
6651304481,Two para jumpers are gliding through the air over a beautiful blue ocean .,701,"parachute, chute"
6674237545,"A man playing ping-pong , while surrounded by children .",722,ping-pong ball
6693881913,Two hockey players are fighting with a referee watches .,746,"puck, hockey puck"
6693931855,A man wearing a helmet is jumping his bike down a staircase .,671,"mountain bike, all-terrain bike, off-roader"
6696752075,A young boy in a Texas Rangers uniform opens his glove right before he catches a baseball .,429,baseball
6699112713,"A woman smiles as she skis , wearing a white winter hat , a white coat , and a blue hoodie , while snow is in the background .",795,ski
6704385305,A hockey player from the St Louis Jets is skating on ice .,746,"puck, hockey puck"
6706751023,a basketball player trying to keep the ball,430,basketball
6718814177,Two opposing team members are engaged in a game of hockey .,746,"puck, hockey puck"
6730143407,Three men playing music in front of a crowd .,819,stage
6735927053,A person wearing a hat is sweeping .,462,broom
6738018405,"Two young boys in swim trunks wash a big , brown dog .",256,"Newfoundland, Newfoundland dog"
6745586595,A hockey player skating on ice with a black jersey and pants while wearing a black helmet .,746,"puck, hockey puck"
6756425037,Two african children with faced painted in orange are posing for a picture in front of a hut .,643,mask
6756678811,An indian man is wearing a red shirt and jeans and is scaling a rock wall with a blue harness on .,972,"cliff, drop, drop-off"
6760463415,An older gentlemen getting his beard trimmed by a younger barber .,424,barbershop
6762530867,A tan woman with a black scarf and a long floral-print dress in sitting on a stone and smiling with her hands in her lap .,775,sarong
6773823152,"These two roller derby teams are competing for the most points , the blue team is in the lead currently .",615,knee pad
6774537791,A skier in a yellow and green shirt doing a flip in the air .,795,ski
6776555426,2 competing hockey teams are at the goal of the team with the white and blue uniform .,746,"puck, hockey puck"
6776555858,Two hockey players one in yellow and one in white competing against each other to gain control of the hockey puck .,746,"puck, hockey puck"
6778210987,Two rugby players during a game .,768,rugby ball
6781418332,A person in a white helmet is skiing down a mountain covered in snow .,795,ski
6782145166,College basketball player going up for a jump shot while another attempts to defend .,430,basketball
6782818493,"Two hockey players on opposing teams , one in a red and white jersey and one in a blue and black jersey , are standing on the rink .",746,"puck, hockey puck"
6788553859,Ice hockey goalie in white and blue prepares to block the puck from opposing player in blue .,746,"puck, hockey puck"
6789729828,"Two young boys playing indoor soccer , simultaneously chasing after the soccer ball .",805,soccer ball
6790355893,Two basketball players are blocking their opponent 's basketball shot .,430,basketball
6795107714,A woman in a park holding a red umbrella jumping in the air .,879,umbrella
6796432180,a guy taking a picture of the ocean or the other binoculars right in front of him,447,"binoculars, field glasses, opera glasses"
6797626960,Basketball player in the orange uniform attempts to block the shot of the player in the white uniform .,430,basketball
6800484706,Eight people racing go-carts on a racing course .,573,go-kart
6804390530,A dog team is pulling a sled through the snow and the exertion is evident by each dog 's tongue extended from their mouth .,537,"dogsled, dog sled, dog sleigh"
6805643630,This is a heated hockey match at the goal line .,746,"puck, hockey puck"
6818129694,A man wearing black and white stripes is trying to stop a horse .,354,"Arabian camel, dromedary, Camelus dromedarius"
6819505146,Men are seated near some drums .,541,"drum, membranophone, tympan"
6826571981,Three people trudge through the snow wearing snowshoes and using walking sticks .,795,ski
6826996355,A group of men running on an indoor track .,430,basketball
6834506532,Five scuba divers underwater with bubbles rising above them .,983,scuba diver
6841943688,A man in a black leather jacket plays a saxophone .,776,"sax, saxophone"
6846170910,A man hikes along a snow covered trail .,795,ski
6847163438,There are seven women competing in a roller derby contest with a referee in the background .,615,knee pad
6847387474,An ice hockey goalie in a yellow and blue uniform is kneeling on the ice holding his hockey stick in front of him .,746,"puck, hockey puck"
6847695941,A young boy attempting a stunt flying off stairs on a scooter .,421,"bannister, banister, balustrade, balusters, handrail"
6847883340,A group of seven men are standing in front of a yellow and blue bus .,862,torch
6854460771,Two women playing ice hockey in full uniforms and gear .,746,"puck, hockey puck"
6854470253,Four women 's hockey players scramble for a loose puck as it skips along the boards .,746,"puck, hockey puck"
6858312644,A snowboarder is grinding on a rail down a slope with snow all around .,795,ski
6858393129,"Three gentlemen playing basketball , one man with the ball and two defenders on him .",430,basketball
6861028771,Local villagers are riding oxen carrying hay in man made wooden carriages traveling on a narrow street with gavel and trees on each side .,690,oxcart
6862894029,A young male on a black and red bicycle is riding across a mountainous terrain .,671,"mountain bike, all-terrain bike, off-roader"
6864443626,"Several athletes , perhaps rugby or soccer players , with bare legs and blue t-shirt and shorts , are pressed together in a group on a grass playing field .",768,rugby ball
6864521935,"One guy decked out in red , black and white sports attire is braced in action to hit the ground as another wearing mostly blue and white casually is running by on the field close to the stands where a big crowd is assembled .",768,rugby ball
6867047990,Participant number five catches some big air on a snowboard .,701,"parachute, chute"
6871582253,"Basketball team , with one of the players about to go for a shoot .",430,basketball
6874319721,"The referee stands in the middle as "" Halpern "" and "" Thornton "" play ice hockey .",746,"puck, hockey puck"
6874319983,A goalie for a hockey team is attempting to block the puck from entering the net .,746,"puck, hockey puck"
6876167235,An Asian girl wearing a red shirt playing ping-pong with a black paddle .,722,ping-pong ball
6878448282,"A child in a yellow shirt is crushing something in a stone bowl on a table while another child wearing a blue shirt with a rainbow on it who looks like her twin stands against her , looking over her shoulder .",666,mortar
6878448774,A woman demonstrates a sewing machine for a small boy and an older man .,786,sewing machine
6881071903,A man riding a bicycle through a crowd of people .,444,"bicycle-built-for-two, tandem bicycle, tandem"
6881296905,Two basketball players corner an opponent .,430,basketball
6885986568,A mountain biker is jumping an old tree stump in an old dead forest .,671,"mountain bike, all-terrain bike, off-roader"
6886050898,A defender is trying to block the shot of the opposing team during a water polo match .,433,"bathing cap, swimming cap"
6889322961,There are several kids practicing in a taekwondo class .,617,"lab coat, laboratory coat"
6894721598,A group of people waving at a camera while holding candles .,470,"candle, taper, wax light"
6897153076,"Two professional basketball players , trying to take control of the ball .",430,basketball
6898063797,A young man blasts out the pool water wearing a pair of goggles on his face .,433,"bathing cap, swimming cap"
6898973401,Two African-american men play basketball indoors .,430,basketball
6899246013,"There are two men playing college basketball , one in light blue and one in white , and fans are looking on .",430,basketball
6907002468,Mountain bikers perform tricks on a wooded trail .,671,"mountain bike, all-terrain bike, off-roader"
6907094435,A man is working on the roof of a temple .,858,tile roof
6907873186,Two policeman on horses policing a downtown area .,603,"horse cart, horse-cart"
6910196393,Three soccer players in red and blue striped shirts hugging on a soccer field .,768,rugby ball
6910820943,"Three soccer players , the one in blue and red possess the ball and the one on white is trying to steal it away .",805,soccer ball
6911612586,A pair of hands being washed in a sink .,896,"washbasin, handbasin, washbowl, lavabo, wash-hand basin"
6914075994,"A man dressed in a white shirt , suspenders and a white cowboy hat is sitting behind a microphone .",515,"cowboy hat, ten-gallon hat"
6914913606,School children walking in line past a church on a sunny day .,442,"bell cote, bell cot"
6917516932,One baseball player is on the ground with his mouth open while another jumps above him .,981,"ballplayer, baseball player"
6919296665,An athlete from St Johns dunking a basketball in a game .,430,basketball
6919935331,A skier in red sprays snow against a white background .,795,ski
6921394663,A motorcycle rider leans in during a turn .,518,crash helmet
6924031104,"Two people taking a tight turn on motorcycles , the leading motorcycle is purple and the lagging is green .",518,crash helmet
6924508104,Two go-cart drivers are racing on the racetrack .,573,go-kart
6924870910,A man ramps his dirt bike off of a large rock,671,"mountain bike, all-terrain bike, off-roader"
6926512292,A woman in a swimsuit bumps the volleyball .,890,volleyball
6926577156,a basketball player is making a jamming the ball in the basket,430,basketball
6928261141,Basketball players in the middle a game with the main subject jumping up to retrieve the ball .,430,basketball
6928261287,"A Marquette University player is going towards the basket , and is being contested by a St . John 's defender at Madison Square Garden during the Big East Tournament .",430,basketball
6929271699,"Two young , male soccer players compete for the ball on a wet field .",805,soccer ball
6932499892,A man and a woman dressed in white are practicing fire dancing .,862,torch
6935145053,Fans watch on as a basketball player jumps up for a slam dunk .,430,basketball
6935146937,A basketball player with green shoes is dunking the ball in the net while the arena crowd looks on .,430,basketball
6935556464,"Two men wearing white with team logos , kayaking in turbulent water .",795,ski
6943202340,A player from the Oakland A 's sliding to second as player from the Angels awaits the ball .,981,"ballplayer, baseball player"
6943740971,A basketball player rejects another basketball players shot in midair right below the basket .,430,basketball
6948564341,Hockey player takes the puck .,746,"puck, hockey puck"
6950137939,Two teams compete in a game of football and are hurrying to catch the ball midair .,768,rugby ball
6952515138,A group of children in the park watch as a young girl in a purple shirt and blue jean skirt makes a large bubble .,971,bubble
6952893010,A large competition sailboat is surrounded by three small boats in the middle of the water .,871,trimaran
6957702889,A band of three is on stage with their drums and guitar .,819,stage
6959556104,Two men having a conversation about the topic of crime expressing their views to each other .,722,ping-pong ball
6960441048,A mountain biker with number 060 on the bike covered in mud from riding downhill on a muddy track .,671,"mountain bike, all-terrain bike, off-roader"
6960886685,A skier is in midair with skies crossed after having gone off of a jump .,795,ski
6962167854,"Five girls on rollerskates , three of which are colliding with one another .",615,knee pad
6962651246,Number 7 on a baseball team having made a hit and about to make a run .,981,"ballplayer, baseball player"
6966309732,Three young men playing a game of soccer .,805,soccer ball
6968025762,A man and a woman are laughing together while the woman holds and acoustic guitar .,402,acoustic guitar
6970752746,A man in a basketball game is shooting the ball .,430,basketball
6974857128,A hockey goalie blocking a vaughn item .,746,"puck, hockey puck"
6979479436,A young man with goggles has his mouth open as he pokes his head above blue water .,433,"bathing cap, swimming cap"
6979707950,"A racer sits behind his car , number 12 , which is red , black , and orange .",573,go-kart
6981038311,Skier in midair with forest in background .,795,ski
6981038793,skier in red pants skiing down a slope,795,ski
6981332729,A sea turtle is swimming along and a scuba diver is filming it in the background .,33,"loggerhead, loggerhead turtle, Caretta caretta"
6988222785,A young boy stands tall to try to look through a viewer .,447,"binoculars, field glasses, opera glasses"
69902502,A man is working on a spinning table in a workshop .,739,potter's wheel
699448056,A welder dressed in blue taking a water break .,753,radiator
6994934336,"There is a group of men in navy , red and black uniforms in the middle of a stone lined street in a city and one of them is playing an accordion .",652,military uniform
69953267,"A red , Goodyear race car .",817,"sports car, sport car"
6998288112,A singing group performing outdoors .,652,military uniform
6998429934,Uniformed athletes dive onto a grassy playing field .,768,rugby ball
6999996105,A asian man demonstrates sculpting clay using his hand and a machine .,739,potter's wheel
7000016959,Three asian women are watching a man with a blue shirt and jeans do pottery .,739,potter's wheel
7001163737,Men 's Volleyball team member jumps up into the air to spike the ball into the other teams playing field .,890,volleyball
7003574454,"Two soccer players , one in red one in blue , running to kick the ball in soccer game .",805,soccer ball
7003919692,African marketplace on a hot summer day .,879,umbrella
7004426503,A snowboarder crashes face first .,795,ski
7006590104,"two soccer players playing one running towards the other , the other one getting ready to kick the soccer ball .",805,soccer ball
7010540685,A male rugby player puts his arms out for the ball .,768,rugby ball
7012337521,A group of military men walking through town .,652,military uniform
7014591581,Two hockey teams are about to battle each other .,746,"puck, hockey puck"
7017792809,Two male basketball players are playing a competitive game while the referee is standing behind watching .,430,basketball
7018032353,"Five men , two in blue uniform and three in striped black and white uniform , plays soccer as one of the men in blue uniform jumps up to kick the ball .",805,soccer ball
7025947589,A man in a red robe sweeps a large area .,462,broom
7027460567,Several people are running next to each other on pavement .,880,"unicycle, monocycle"
7028968083,A family is enjoying a day in the sun while sitting on green grass next to a pond .,580,"greenhouse, nursery, glasshouse"
7034076961,"Two men , one in black and white and one in red , are playing beach volleyball .",890,volleyball
7034902683,A man wearing pink board shorts is wake with a green wakeboard and spraying water .,814,speedboat
7035417199,A group of people are playing soccer and two players from opposing teams are battling for the ball .,805,soccer ball
7036852925,Professional hockey players are eagerly fighting for the puck .,746,"puck, hockey puck"
7036939605,Two hockey players are in the middle of a match and the man on the left is in the process of swinging his stick in the attempt of scoring .,746,"puck, hockey puck"
7052516843,A lady in a sweatshirt sits on the floor and folds her laundry .,797,sleeping bag
7053160293,A strained bicyclist pedals in front of his fellow racers .,671,"mountain bike, all-terrain bike, off-roader"
7062856245,Two young men wearing bright colors are having a pillow fight in a courtyard .,701,"parachute, chute"
7065455241,Two professional motorcyclists racing on a track .,518,crash helmet
7070587325,"Go kart racers , are driving aggressively and competitively in hopes of winning the race",573,go-kart
7070587673,Two men are racing in go-carts on a track dressed in racing helmets .,573,go-kart
7072093125,A person wearing blue rubber gloves is loading a syringe with vegetables .,845,syringe
7072093225,A man wearing a wireless microphone is smiling while standing near a television screen .,617,"lab coat, laboratory coat"
7078369637,"Two asian band members , a female vocalist with reddish hair and a black leather vest , and a male guitarist with a old west-style black , red , and white shirt and a red scarf perform .",650,"microphone, mike"
7081260077,"Rugby players are playing an intense game of rugby , where the carrier is being tackled by a member of the opposite team .",768,rugby ball
7094986255,"A blond-haired boy , wearing blue patterned shorts , running through the water , as a wave recedes .",842,"swimming trunks, bathing trunks"
7098586179,Two children try to catch a large bubble .,971,bubble
7099370205,Three soccer players are battling for possession of the ball .,768,rugby ball
7100199765,Three men playing soccer outdoors .,805,soccer ball
7108301125,A referee presides over a female roller derby game .,615,knee pad
7117594795,A young teenager is getting ready to kick a soccer ball .,805,soccer ball
7119442099,A swimmer takes a breath between strokes as she heads for opposite side of the pool .,433,"bathing cap, swimming cap"
7128170385,The men are very resourceful and even managed to take a nap even in this unfriendly space .,424,barbershop
7130336193,Two boys practicing passing a soccer ball .,768,rugby ball
7130486481,"A lady is singing on stage in front of an enthusiastic audience with a large band that includes a guitar player and four trumpets , behind her .",819,stage
7130577881,"A man in a red tracksuit holds a lit torch , while another man in the same red tracksuit pushes his wheelchair for him .",880,"unicycle, monocycle"
7131011211,A person with an umbrella is crossing a street using a crosswalk .,879,umbrella
7131816615,"Two guys , one wearing a Hawks jersey and the other wearing a Bulls jersey , are playing basketball .",430,basketball
7139378209,Two men enjoying a game of pool .,736,"pool table, billiard table, snooker table"
7146078471,A rugby player has the ball and is running past two fallen opponents .,768,rugby ball
7153787897,A football player is tackling another football player of the opposing team .,560,football helmet
7156247619,"While standing in a group of men , two men are sharing joint attention on a small electronic device and expressing happy emotions .",617,"lab coat, laboratory coat"
7156339776,A man with long hair and wearing a blue shirt is juggling four tangerines .,722,ping-pong ball
7157359077,A middle-aged man is squinting through his glasses while playing pool and trying to shoot the orange and white striped ball into the hole .,736,"pool table, billiard table, snooker table"
7160600905,A man in blue interviews a man in a dark suit while in a white tent .,740,power drill
7162690187,A group of people are digging holes in the dirt .,792,shovel
7171741452,A woman is practicing her form with the backstroke during lap swimming at a local indoor pool .,433,"bathing cap, swimming cap"
7173096497,"There are two ballet dancers with their hands stretched over there heads and their legs stretched out , they are dancing around green shrubs and dirt .",775,sarong
7173231418,a tennis player bouncing a tennis ball on her tennis racket on the game mat .,752,"racket, racquet"
7173234758,A tennis player in a blue shirt and white shorts lunges toward a tennis ball on a blue tennis court .,752,"racket, racquet"
7184992060,A man holding a camera reaches over a railing to shake the hand of a 2012 graduate .,667,mortarboard
7184998020,A female graduate is hugging another woman on a lawn .,667,mortarboard
7185067994,"Two men , one in a dark blue button-down and the other in a light blue tee , are chatting as they walk by a small restaurant .",612,"jinrikisha, ricksha, rickshaw"
7186836768,Two child soccer players wrestle for the ball .,768,rugby ball
7188003,"An adventurous skier skillfully moved down the steep , snowy slope at a high rate of speed .",795,ski
719231347,A man tries to fix a colorful object .,879,umbrella
7194592318,Two people playing with a volleyball in a pool .,433,"bathing cap, swimming cap"
7197647874,pro soccer game being played,805,soccer ball
7198555138,A man is competing for a bicycle race while the other cyclists are directly behind him .,444,"bicycle-built-for-two, tandem bicycle, tandem"
720208977,a group of children from many races are standing in the fountain of a busy plaza .,562,fountain
7207179578,Lighthouse in a wooded area sits above tree 's .,437,"beacon, lighthouse, beacon light, pharos"
7216545728,"A bicycle rider wearing racing gear pedals a yellow bike past the wire fence at the edge of a field , with a stand of trees in the background .",671,"mountain bike, all-terrain bike, off-roader"
7222833228,A man in blue shorts kicking a yellow ball in front of a goal .,805,soccer ball
7233046630,"A man kayaks down a rapid river , with another kayaker in the distance tries to catch up .",693,"paddle, boat paddle"
7239534164,A man and woman are posing on a stage while dressed up .,731,"plunger, plumber's helper"
7243489604,A smiling young man in jeans and a t-shirt laying down in tall grass .,843,swing
724702877,A small brown dog jumping up to catch a tennis ball .,213,"Irish setter, red setter"
7249185350,Multiple men in wetsuits and goggles standing behind a ribbon .,433,"bathing cap, swimming cap"
7252197964,Female getting ready for the first breaking a billiards hall .,736,"pool table, billiard table, snooker table"
7272406870,Baseball player dives for a catch .,981,"ballplayer, baseball player"
7274653822,Rugby player kicks the ball with all he has .,768,rugby ball
7278633600,A boy playing soccer goes for a header as his opponents look on from the bench .,805,soccer ball
7278851310,Two men are playing soccer .,805,soccer ball
7278854458,Two guys one in a red uniform and one in a blue uniform playing soccer .,805,soccer ball
728044957,A woman fell in the water after riding a wakeboard .,693,"paddle, boat paddle"
7286653258,"A man wearing a white shirt and a black vest , holding a musical instrument .",486,"cello, violoncello"
7294349968,A young man in a red and white uniform throwing a baseball .,981,"ballplayer, baseball player"
7294645258,Two young kids on a break from swimming sitting on a log .,842,"swimming trunks, bathing trunks"
7309436654,"An overweight man , wearing a blue and white soccer uniform , is playing soccer and there is a red circle drawn on the grass near where he is standing .",805,soccer ball
731580628,A girl waves a flag as she sits with a boy in the backseat of a firetruck on parade .,555,"fire engine, fire truck"
7319142966,A rider of a dirt bike is midair .,671,"mountain bike, all-terrain bike, off-roader"
7320251226,The goalie of a ice hockey team misses the puck .,746,"puck, hockey puck"
73233864,Two hockey players are playing in a rink,746,"puck, hockey puck"
732437240,Person wearing cowboy clothing being thrown off a bull while being surrounded by rodeo spectators .,730,"plow, plough"
7324774408,Three people are digging up dirt near a house .,792,shovel
7325893298,A man surfing on a wave with a few people behind him swimming .,801,snorkel
7329031116,Man wearing red uniform holding a black hat in the air with his right hand .,439,"bearskin, busby, shako"
7340952802,A motor Cross mountain bike racer is on a very bumpy ride .,671,"mountain bike, all-terrain bike, off-roader"
7351665920,"A band consisting of a guitarist , saxophonist , and a trumpeter .",875,trombone
73647680,A woman with dark hair is holding her baby boy .,879,umbrella
7364986488,Motorcycle racer going into a turn .,518,crash helmet
7368081478,A man in a black and yellow wetsuit is surfing .,693,"paddle, boat paddle"
7393977570,four young football players in mid play .,560,football helmet
7396385574,Three male band members covered in tattoos perform on stage .,819,stage
7396934178,Two professional motorbike riders negotiating a tight right corner .,518,crash helmet
7411114322,"Two men , one in a red jersey holding a ball and the other in a blue jersey , run on a grassy field .",768,rugby ball
7425128736,Three bicyclists in blue uniforms prepare for the start of a race .,880,"unicycle, monocycle"
74306574,A chinese woman has blue rain boots on and a poncho .,728,plastic bag
7432995570,A single person riding a bike .,671,"mountain bike, all-terrain bike, off-roader"
7438195398,A man wearing striped pants and a black and white checked hat plays an electric guitar while a man holding a microphone and another man holding a guitar stand in the background .,819,stage
7438344154,Young female athlete shoots a goal in exciting soccer match-up .,805,soccer ball
7444421214,A child having a pleasant time in a swing,843,swing
7444755272,A bearded man is playing a flute along side a darker complected man that is playing another brass instrument outside in a public place .,558,"flute, transverse flute"
7456119772,A person wearing goggles with a white strap and short blond-hair swims in a pool .,433,"bathing cap, swimming cap"
7464079150,A man in a hat carries two large bags .,728,plastic bag
746568292,A skilled bike rider navigates a thin course suspended over marshy swampland .,671,"mountain bike, all-terrain bike, off-roader"
7468150262,A woman in a gray shirt and plaid shorts swings gleefully on a tire swing with trees in the background .,843,swing
7474397194,Three men in white t-shirts smile at the camera while sitting on their bicycles .,444,"bicycle-built-for-two, tandem bicycle, tandem"
7484151790,A Chinese man playing basketball .,430,basketball
7489648970,There is a crowd of mothers and children taking drumming lessons .,541,"drum, membranophone, tympan"
749297208,"A woman in a pink outfit with large white buttons waves a bubble wand , creating bubbles in a park while a small blond child watches .",971,bubble
7517455666,Two people play guitar on a large stage .,819,stage
7520893644,A man with red and black swimming trunks surfs in the water .,693,"paddle, boat paddle"
7521056760,"Baseball player ,  38 , Morse is seen standing and looking at the pitcher .",981,"ballplayer, baseball player"
7527739826,A guy playing in the water fountain with a few other people .,562,fountain
753717493,A man is making a bowl with a pottery wheel and clay .,739,potter's wheel
75375389,"Some of the ten children have juice boxes , one has a volleyball .",805,soccer ball
7544009146,A man is playing an interment in a concert,486,"cello, violoncello"
754552706,This man is doing some pottery while the child watches .,739,potter's wheel
755045922,"In a parade , a man wearing a red hat and driving a yellow and green old-fashioned truck is waving at the crowd .",866,tractor
7558050532,Two guys wearing white uniforms playing a sport .,981,"ballplayer, baseball player"
7564442710,Female tennis player about to hit a tennis ball .,752,"racket, racquet"
7570232540,"A swimmer , with a blue cap and blue goggles , swims in calm water .",433,"bathing cap, swimming cap"
75718482,An older gentleman in front of the window of a deli looking at the fresh cooked meats .,766,rotisserie
7575074972,A barber must maintain a steady and accurate hand .,424,barbershop
7579008108,A man in swimming shorts is jumping off a cliff into a body of water .,972,"cliff, drop, drop-off"
7579034020,Young swimmer in a green bathing cap performs the breaststroke .,433,"bathing cap, swimming cap"
7583363228,Three guys playing a pro game of basketball .,430,basketball
7589467042,Five men playing a competitive game of basketball with the man in the black tank top and black shorts in possession of the ball .,430,basketball
7602898434,A bicyclist goes over a dirt ramp and catches some air .,880,"unicycle, monocycle"
761000744,Children playing soccer on a nice day .,805,soccer ball
761479953,A young boy wearing safety swimming gear and goggles is in a pool .,801,snorkel
7616312438,Guy playing the sax on stage,776,"sax, saxophone"
7617087498,An older man and a young boy are golfing .,522,croquet ball
7618563892,"A woman , wearing a dress , while sitting down playing a musical instrument and singing into a microphone .",593,"harmonica, mouth organ, harp, mouth harp"
7638480444,A man waving and waterskiing in the middle of a lake .,693,"paddle, boat paddle"
7640940298,Customers pick out snacks at a food stand outside a chinese temple,879,umbrella
7645680482,Bicyclists competing for the gold .,671,"mountain bike, all-terrain bike, off-roader"
7651721222,"Bicycle racers , the middle one in white with yellow sunglasses and red shoes , ride along a street , while onlookers watch from behind a barrier .",671,"mountain bike, all-terrain bike, off-roader"
7652712058,"A soccer game is underway between the red and green team , and the blue team .",981,"ballplayer, baseball player"
76607426,"A man is playing pool , shooting a ball toward the camera .",736,"pool table, billiard table, snooker table"
7661766322,A hockey player in a blue shirt scoring a goal against a team in white shirts .,746,"puck, hockey puck"
7661774918,Two white-jerseyed hockey players help their goalie defend as two blue-jerseyed players skate around the goal .,746,"puck, hockey puck"
7669425180,A small group of bicyclists are racing .,671,"mountain bike, all-terrain bike, off-roader"
7671952322,A basketball player from team USA dunks the ball !,430,basketball
7677915788,A few soccer players intently watch the ball and goalie .,981,"ballplayer, baseball player"
7682324722,An African American man wearing navy blue and red is shooting a basketball .,430,basketball
7682350138,"A modern sport archer draws back an arrow , taking aim .",456,bow
7685032768,"Two Argentina basketball players , one incredibly happy , and the other a little frustrated , with their coach clapping for one of the players and a female manager walking off the court smiling .",430,basketball
76851943,A crowd of various people walking through a marketplace .,582,"grocery store, grocery, food market, market"
7686241792,"This is an Asian man in the 2012 olympics , whom is weightlifting .",422,barbell
7687786248,A young girl is jumping up off the ground as she tries to hit a tennis ball .,752,"racket, racquet"
7694340978,A volleyball player hitting a ball on the beach .,890,volleyball
7700078440,Two volleyball teams face off against each other and one team is getting ready to block or spike the ball .,890,volleyball
7700080810,Two teams competing in the Olympics .,890,volleyball
7702108102,A woman in a striped shirt and an apron preparing baked cakes .,739,potter's wheel
7709367894,One basketball player wearing a white jersey trying to pass the basketball into bounds while the other team blocks him .,430,basketball
7715662052,A woman runs in preparation for her joust .,752,"racket, racquet"
7716888988,Five young lady getting ready to run the 100m dash,646,"maze, labyrinth"
7717834540,"A older man playing a musical instrument , with his eyes closed .",401,"accordion, piano accordion, squeeze box"
7719481340,A man on team USA jumps in an attempt to perform a slam dunk .,430,basketball
7719524174,A boy busy concentrating on using a power-drill .,740,power drill
7720724626,A woman is playing volleyball on the beach and is waiting for the ball to come down .,890,volleyball
7720725874,Three girls are outside in a sandy area playing volleyball while a seated woman in the background photographs them .,890,volleyball
7725130978,A member of the women 's Austrian beach volleyball team attempts a spike against China at the 2012 Olympics .,890,volleyball
7725132206,A girl about to spike the ball in a 2 on 2 volleyball game at the 2012 olympics .,890,volleyball
7725133284,The girls are getting the volleyball over the net to make a score .,890,volleyball
7732302510,A girl dives to hit a volleyball over a net while another moves into position to intercept .,890,volleyball
7734754954,A man playing pool on a blue pool table .,736,"pool table, billiard table, snooker table"
7735272386,A female soldier is sitting in what appears to be a classroom while she writes on a large piece of paper with a marker .,652,military uniform
7742281954,A saxophone player plays on a beautiful day next to a fir tree .,776,"sax, saxophone"
7745071706,"A person in blue with the word "" FRANCE "" on her back is shooting a bow and arrow to the left .",456,bow
7754646766,Female basketball player shooting a free throw .,430,basketball
7754828606,"A male volleyball player in red attempts a hit against two blockers in blue and white , during an Olympic indoor volleyball match .",890,volleyball
7754829172,A group of men plays volleyball at the Olympic games .,890,volleyball
7757242158,No protection football guy getting tackled,768,rugby ball
7757245162,A rugby player about to get tackled .,768,rugby ball
7760161706,Three men in black and red uniforms are playing lacrosse .,768,rugby ball
7760698166,A man in a blue shirt is using his hands to play a large drum .,739,potter's wheel
7761586286,"Three members on the same team at a game , one trying to make the basket .",430,basketball
776421378,Several people ride on camels as they take a leisurely stroll on a dirt road .,354,"Arabian camel, dromedary, Camelus dromedarius"
7767981942,The woman in the number 9 jersey defensively keeps the ball away from the women in the white uniform while playing basketball .,430,basketball
7772746168,"Two people on bicycles , one is wearing white and black and the other is wearing blue and red .",671,"mountain bike, all-terrain bike, off-roader"
777288299,Female tennis player serving the ball .,752,"racket, racquet"
7773972760,"One man is about to hit the 7 ball on a pool table directly , while another is about to hit the 12 ball directly on a pool table with another pool table and someone eating a sandwich in the background .",736,"pool table, billiard table, snooker table"
7773991560,A man wearing a gray shirt playing pool in a bar .,736,"pool table, billiard table, snooker table"
7778048288,One guy in a white shirt trying to stop another guy in a red shirt from throwing a Frisbee .,768,rugby ball
778257070,Two white women playing tennis in front of a large crowd .,752,"racket, racquet"
7784556054,number 2 and 3 mountain bikers ride on trail in the woods,671,"mountain bike, all-terrain bike, off-roader"
7784556300,"A man filming a bike race , with a female biker in the foreground .",671,"mountain bike, all-terrain bike, off-roader"
7786624414,A BMX rider in the middle of a jump as the crowd below watches .,671,"mountain bike, all-terrain bike, off-roader"
7794723066,A hockey player dashes as he is about to hit the puck .,746,"puck, hockey puck"
7800436386,A woman on a stage faces a packed audience of people .,819,stage
7807617146,A hockey game is going on .,746,"puck, hockey puck"
7808530252,Runners sprint toward the finish in a track meet .,768,rugby ball
7812870472,A soccer game with a man in green and a man in white chasing down a soccer ball .,805,soccer ball
7817913726,A person wearing a red helmet and carrying a blue backpack is standing on a snowy ledge looking out at some mountains and a blue sky .,970,alp
7820686892,Two soccer player are head to head trying to compete for the ball .,805,soccer ball
7820856922,Baseball pitcher caught by camera in follow-through stance after pitching ball .,981,"ballplayer, baseball player"
7822651508,"Young caucasian man in shorts , t-shirt , helmet and sunglasses mountain biking down a heavily wooded hill .",671,"mountain bike, all-terrain bike, off-roader"
7822662028,A white guy in black biking gear is riding through the forest .,671,"mountain bike, all-terrain bike, off-roader"
7832183018,A kayaking team in red paddles down through the water .,693,"paddle, boat paddle"
7849579912,"Two people , using ropes and clamps are climbing the sheer side of a mountain .",972,"cliff, drop, drop-off"
7849619682,A young person is climbing up the side of a mountain wearing a orange hard hat .,972,"cliff, drop, drop-off"
7852369036,"An Asian man lies on the floor face down , looking exhausted with a tennis racket to his left side .",722,ping-pong ball
7863357892,Interracial basketball team playing against each other and one player is scoring a hoop .,430,basketball
7874684438,"A young boy , covered in mud , plays on the beach .",842,"swimming trunks, bathing trunks"
7883041362,"A young woman wearing jeans , a white t-shirt and a hat , performs a high flying trick on a bicycle at an outdoor bike park .",880,"unicycle, monocycle"
7883621242,Two football players successfully block players from the other football team while the quarterback searches for an available player to which he can throw the ball .,560,football helmet
78879869,Three people stand at Washington Mutual ATMs .,480,"cash machine, cash dispenser, automated teller machine, automatic teller machine, automated teller, automatic teller, ATM"
7890007278,A man is riding a bike on a steep tilt .,671,"mountain bike, all-terrain bike, off-roader"
7891936012,Five men are siting on a picnic table with a forest in the background .,703,park bench
78984436,Two German shepherds playing with a stick .,235,"German shepherd, German shepherd dog, German police dog, alsatian"
7913102578,A young person is enjoying a ride on a go-cart of sorts .,573,go-kart
7914606438,A man raises his arms in victory of crossing the finish line on his bike .,880,"unicycle, monocycle"
7915147578,"People playing "" angry birds "" in the pool .",433,"bathing cap, swimming cap"
7917187398,"Two teams , one in blue and once in white , are tackling each other to get control of the ball in this sports game .",768,rugby ball
7920471750,A runner is sliding into home plate trying to avoid the catcher other players watch on at a baseball game .,981,"ballplayer, baseball player"
7920482014,A female singer and male guitarist on stage .,819,stage
7945794766,A man in a blue shirt is looking at rocks and trees .,880,"unicycle, monocycle"
7953086682,Number 44 looks over his shoulder to see Number 8 closing in on him .,560,football helmet
7953090988,Football players in the middle of a game .,560,football helmet
7955537470,A skier in a black vest and blue pants poses on a snowy mountain .,795,ski
7973583420,Two professional men 's soccer players playing soccer .,805,soccer ball
79770548,Two people are dancing around with people watching them .,457,"bow tie, bow-tie, bowtie"
7981205069,"The two teams are playing rugby and one team is wearing red color and other team wearing white and blue , as people watch the game .",560,football helmet
7981209216,"Two football teams in aggressive play , one team in red and the other team wearing white with yellow helmets .",560,football helmet
7981322255,The pitcher releases his throw during a packed baseball game .,981,"ballplayer, baseball player"
7983485994,Male in the air on a BMX bicycle after having launched off a ramp .,880,"unicycle, monocycle"
7987908185,Regal horse and white carriage scene with female driver and two blond little flower girls dressed in white .,603,"horse cart, horse-cart"
7998492801,The Raiders complete the pass while the Dolphin defense scrambles to catch him .,560,football helmet
7999505950,A man in black swim trunks is riding a wave on a white surfboard in murky water .,842,"swimming trunks, bathing trunks"
8000291585,"Two motorcycle racers , in full gear , are turning a tight corner on a track .",518,crash helmet
8000298212,A man in a red and black suit is riding on a white motorcycle .,518,crash helmet
800387501,one boy playing a snooker indoor,736,"pool table, billiard table, snooker table"
8004090394,A cyclist in red and black racing gear with an aerodynamic helmet is going down a road .,671,"mountain bike, all-terrain bike, off-roader"
8005292930,A young woman is kicking a soccer ball on a field .,805,soccer ball
8006241096,Night game at Little league,981,"ballplayer, baseball player"
8019420543,The quarterback of the UTEP football team is about to be tackled by a member of the Wisconsin defensive team .,560,football helmet
803175693,6 cheerleaders in white and orange outfits and white boots with silver and teal pompoms .,655,"miniskirt, mini"
8037906430,Hockey player jumps with joy after his hockey team scores a goal .,746,"puck, hockey puck"
8038092309,"Baseball players stumble into each other , chasing the ball .",981,"ballplayer, baseball player"
8038855203,An asian table tennis player is eagerly watching and waiting for his opponent serves the ball .,722,ping-pong ball
8040947572,A group of football players try to tackle another player .,560,football helmet
8042519106,A football coach is speaking to a young football player .,560,football helmet
8042519212,A football team is playing outside on a clear day while people sit in lawn chairs and watch .,560,football helmet
8052387530,Three members of an opposing football team are tackling an opponent to the ground during a rainy football game .,560,football helmet
8052391339,Player with the football is jumping over defenders .,560,football helmet
8052397902,Two football players wearing blue jerseys tackle the opposing team 's football player .,560,football helmet
8053033868,Male soccer players from two teams walk on a soccer field with fans in the stadium seats watching .,981,"ballplayer, baseball player"
8060276063,Two soccer players rush towards the ball .,805,soccer ball
8063022480,A boy on a mountain bike is performing on a dirt track before spectators under a tent .,671,"mountain bike, all-terrain bike, off-roader"
8064982845,A man surfs on a medium sized wave while holding a paddle that seems to steer him in the direction he wants to go .,693,"paddle, boat paddle"
8067051359,Man in bike race with number 701 and a red helmet rounds a corner a bushes .,671,"mountain bike, all-terrain bike, off-roader"
8081605083,Two baseball players in white and blue striped uniforms hug while another player exits the field and a coach approaches them .,981,"ballplayer, baseball player"
8081616464,Congrats to the baseball player who is being hugged as other teammates approach from the right and from the left .,981,"ballplayer, baseball player"
8081695451,A baseball player sliding into a base while a player from the other team tries to catch the ball .,981,"ballplayer, baseball player"
8083569299,Tackle on the soccer field,768,rugby ball
8083702960,"Six hockey players , three with blue and white uniforms and three from a team with yellow and black uniforms , and a man in a referee outfit standing on the ice in an ice rink .",746,"puck, hockey puck"
8084763287,Men in boots teach children to step in line and history lesson .,645,maypole
8088028369,A man is playing the saxophone .,776,"sax, saxophone"
8095244723,"Two People , one in a white swimming cap and black goggles , are swimming in a pool beside each other .",433,"bathing cap, swimming cap"
8101964841,A parachuter is flying over the ocean with waves and mist in the background .,701,"parachute, chute"
8112171798,A man performing a bike stunt .,671,"mountain bike, all-terrain bike, off-roader"
8112722587,A tennis player locked on to the tennis ball with his racket and eyes .,752,"racket, racquet"
811663364,A little girl in a swimsuit jumps over a sprinkler with her eyes hut .,416,"balance beam, beam"
8119830947,Several people walk by a rickshaw containing a sleeping cat .,612,"jinrikisha, ricksha, rickshaw"
8123899001,This is a man with a ponytail playing drums .,541,"drum, membranophone, tympan"
8126936141,Two members of a volleyball team jump up in an attempt to block the ball that was just hit by the opposing team 's player .,890,volleyball
8127485677,"Women 's Soccer , Blue and white team versus Red and white team , Seems intense .",805,soccer ball
8128592454,A referee watches as opposing teams play hockey .,746,"puck, hockey puck"
8132535710,"At a men 's basketball game , number 55 , in white and yellow , tries desperately to prevent number ten , in black and gray , from making a shot while the rest of the players watch frozen on the court .",430,basketball
8140263558,Two water polo competitors gasp for breath as the ball splashes next to them .,433,"bathing cap, swimming cap"
8151603778,"A biker in a red , white , and blue shirt rides past a lake and some people .",671,"mountain bike, all-terrain bike, off-roader"
8154861953,A lone cyclist powers through a muddy trail in the forest .,671,"mountain bike, all-terrain bike, off-roader"
8156520592,four men are having fun on Jet Ski 's .,814,speedboat
8162827459,Woman running in a park while listening to music .,768,rugby ball
8169920396,"Caucasian holding a guitar , Wearing a jean button up shirt .",546,electric guitar
8173029395,A standing crowd of people watches a musical performance on a lighted stage .,819,stage
8176288175,People are playing in a football game .,560,football helmet
8179518136,Players from two opposing teams wearing colorful cleats struggle to gain control over a ball on an AstroTurf field .,805,soccer ball
8182074427,Young female basketball player plans her route to the net .,430,basketball
8188882833,Two men volleyball players in light blue uniforms spiking the ball over the net during a men 's volleyball game .,890,volleyball
8198726446,A basketball player drives to the hoop for a lay-up .,430,basketball
820169182,Two children look up .,417,balloon
8207226893,Excited girls gather together at a volleyball match .,890,volleyball
8208720028,An elderly woman with missing teeth holding a flower .,929,"ice lolly, lolly, lollipop, popsicle"
821071719,"A man dressed in orange t-shirt is trying to hit a baseball , with a few people looking at them and a keeper behind trying to catch the ball .",981,"ballplayer, baseball player"
8213661428,A musician dressed in black plays his trumpet straight into the microphone .,819,stage
8218123217,Aaron Rodgers throwing a pass in a football game against the Arizona cardinals .,560,football helmet
8218190928,A football player is running with the ball and breaks a tackle by the defender on the way to the end zone .,560,football helmet
8218549120,Girl playing a guitar to see if it works .,402,acoustic guitar
8231853822,"Two young girls are playing large stringed instruments behind music stands , with a window in the background .",486,"cello, violoncello"
8245313425,Two basketball players in action .,430,basketball
8245366095,A girl has the ball in a game of basketball,430,basketball
826919541,Three people are splashing in a natural body of water such as a lake or pond .,433,"bathing cap, swimming cap"
83191345,Four men sit at a table in a building wearing camouflage clothes and red crosses while one of them writes in a notebook .,830,stretcher
832128857,A red-haired little boy smiles while swinging .,843,swing
833319080,A baseball batter awaits a pitch .,981,"ballplayer, baseball player"
83482568,A street performer spinning fire .,862,torch
848293676,A boy in red shorts is jumping into a swimming pool with a red chair beside it .,842,"swimming trunks, bathing trunks"
85306247,A Man wearing a winter hat creates pottery .,739,potter's wheel
85519095,A boy wearing a cubs uniform winds up to hit a ball on a tee .,429,baseball
856985136,A woman in capri jeans crouches on the edge of a fountain with her left foot kicked out to touch the falling water .,562,fountain
86120978,A man in a hat sells watermelon for $ 3 each .,956,custard apple
861795382,A little boy in blue doing bike jumps .,671,"mountain bike, all-terrain bike, off-roader"
864827397,Woman in a tennis match is getting ready to hit the approaching tennis ball .,752,"racket, racquet"
867204263,A little kid wearing headset helping his father making hole to the wooden box .,740,power drill
868984478,A young woman wearing shorts and a tank top is sitting on an outdoor swing .,843,swing
875731481,Costumed women perform outdoors .,552,"feather boa, boa"
888517718,A dog is jumping up on hind legs with its mouth open .,235,"German shepherd, German shepherd dog, German police dog, alsatian"
892340814,a lone person in a harness climbing a huge rock .,972,"cliff, drop, drop-off"
89253626,A young boy helping a girl stretch .,617,"lab coat, laboratory coat"
897406883,A young boy pulls another boy wearing a silly hat in a radio flyer wagon .,621,"lawn mower, mower"
905355838,A baseball player wearing a number 19 shirt looks at the outfield .,981,"ballplayer, baseball player"
908636680,A group of eight campers sit around a fire pit trying to roast marshmallows on their sticks .,544,Dutch oven
911795495,The girl in the red shirt smiles on the swing .,843,swing
918545497,A young man in a gray t-shirt and dark pants is mowing a lawn outside a white clapboard building .,621,"lawn mower, mower"
929679367,A puppy plays with a tennis ball on a stone path .,162,beagle
933118213,A young boy with a hat on has a fishing pole in hand .,758,reel
93447586,"A woman doing gymnastics , she is using the balance beam",416,"balance beam, beam"
93922153,A woman rock-climbing on a cliff .,972,"cliff, drop, drop-off"
944374205,Children play soccer in a field .,805,soccer ball
950411653,a boy jumps into the pool .,842,"swimming trunks, bathing trunks"
953120250,"Two men in red performance one-piece-suits , performing what looks like gymnastics feats in front of an audience , outside .",768,rugby ball
958326692,A tent and a campsite in a sunlit forest .,672,mountain tent
961189263,A little boy is sitting on a wet path covered in mud .,842,"swimming trunks, bathing trunks"
96395587,A dining room full of people eating and a waiter serving them .,762,"restaurant, eating house, eating place, eatery"
96828131,Young girl wearing a two-piece bathing suit bathing underneath a small waterfall .,972,"cliff, drop, drop-off"
97162852,Woman sewing outside by a green fence with graffiti .,786,sewing machine
97233789,An older man is playing a video arcade game .,800,"slot, one-armed bandit"
975131015,a blond boy petting a tiger,292,"tiger, Panthera tigris"
983396629,An older woman is sitting at a table having a mean and reading a book .,762,"restaurant, eating house, eating place, eatery"
98377566,Two small dogs are in a cage outside .,157,papillon
986440271,A young woman in a red flowered dress and a multicolored umbrella is taking a picture of something and there is a large tree in the background .,879,umbrella
991971859,A gymnast number 046 facing the center of the mat with hands above her head in the shape of a heart .,416,"balance beam, beam"
