img id,caption,category
"Bouncy Bands Original for Elementary School Chairs (Blue, Pack of 1)",https://images-na.ssl-images-amazon.com/images/I/413o7-0OV1L.jpg,Education & Crafts
I Graduated from PreSchool Medal comes with Neck Ribbon - Pack of 10,https://images-na.ssl-images-amazon.com/images/I/41ohd6oScIL.jpg,Education & Crafts
"Action Publishing, Inc. Aspire Student Day Planner August 2014 - July 2015 8.5 x 11 Inches, 144 Pages (2014-2015 Aspire Student Agenda)",https://images-na.ssl-images-amazon.com/images/I/5110TJRjG0L.jpg,Education & Crafts
"NPS 9108-B Vinyl-upholstered Standard Stack Chair, 300-lb Weight Capacity, 16&quot; Length x 15-3/4&quot; Width x 33&quot; Height, Burgundy",https://images-na.ssl-images-amazon.com/images/I/41GL0GYygFL.jpg,Education & Crafts
Let's Get Ready to Read! 159-Page A-Z Deluxe Workbook for Fat Cat Phonics Starter Set,https://images-na.ssl-images-amazon.com/images/I/51ServIbbOL.jpg,Education & Crafts
"Westcott School Left and Right Handed Kids Scissors, 5&quot; Pointed, Pack of 12, Assorted Colors",https://images-na.ssl-images-amazon.com/images/I/41Qahf%2BKNmL.jpg,Education & Crafts
Vintage Oriental Style 6 Panels Screen Room Divider,https://images-na.ssl-images-amazon.com/images/I/51zA8ul1NOL.jpg,Education & Crafts
"Eureka Color My World Vertical Classroom Banner, Lets Celebrate Your Birthday, Measures 45 x 12&quot;",https://images-na.ssl-images-amazon.com/images/I/41fwbpVTkoL.jpg,Education & Crafts
"Westcott Contract Stainless Steel Scissors, 8&quot;, Black",https://images-na.ssl-images-amazon.com/images/I/31TACWk1E9L.jpg,Education & Crafts
"Mayco Rectangle Slump and Hump Mold, 9 X 6 X 2-1/2 in",https://images-na.ssl-images-amazon.com/images/I/31o-15uGflL.jpg,Education & Crafts
"Fabric Creations Block Printing Stamps, 27197 Border Lace",https://images-na.ssl-images-amazon.com/images/I/51cTgN8lbeL.jpg,Education & Crafts
Kenson Kids On Track Responsibility &amp; Behavior System Toy for Tweens,https://images-na.ssl-images-amazon.com/images/I/51JKf6L-2nL.jpg,Education & Crafts
Wallmonkeys Basketball Poster Wall Decal Peel and Stick Graphic WM210649 (18 in H x 13 in W),https://images-na.ssl-images-amazon.com/images/I/41qnDEDGHoL.jpg,Education & Crafts
"Mead Primary Journal Creative Story Tablet, Grades K-2 2 Pack",https://images-na.ssl-images-amazon.com/images/I/51Vp4qAcvXL.jpg,Education & Crafts
"AT-A-GLANCE Large Desk Calendar 2015, Poetica, 21.75 x 17 Inch Page Size (SK72-704)",https://images-na.ssl-images-amazon.com/images/I/51uKC-TE77L.jpg,Education & Crafts
"Shark Backpack Bundle - Eight Items: One 17 Backpack, One Detatchable Lunch Bag Tote, One Mead Wide Ruled NoteBook, One Pencil Case, One Pencil, One Shark Notepad, One Shark Eraser and One Ruler.",https://images-na.ssl-images-amazon.com/images/I/61aO0fuqoHL.jpg,Education & Crafts
Wallmonkeys Funny Chipmunk Listening to Wall Decal Peel and Stick Graphic (18 in W x 18 in H) WM3669,https://images-na.ssl-images-amazon.com/images/I/51lUBVZHNJL.jpg,Education & Crafts
"Jack Richeson 1465590 Flexible Linoleum Carve, 5&quot; x 7&quot; Size, Clear",https://images-na.ssl-images-amazon.com/images/I/41ry5iDmapL.jpg,Education & Crafts
"Ashley Productions Sparkle Stars Die-Cut Magnets, Silver, 3&quot;",https://images-na.ssl-images-amazon.com/images/I/51IKzeURjBL.jpg,Education & Crafts
Teacher Created Resources 5507 Lime Chevron Straight Border Trim,https://images-na.ssl-images-amazon.com/images/I/31FeIxTPveL.jpg,Education & Crafts
"TREND enterprises, Inc. Parts of the Body Learning Chart, 17&quot; x 22&quot;",https://images-na.ssl-images-amazon.com/images/I/61MiZrqkUnL.jpg,Education & Crafts
"JP London POS2304 uStrip Peel and Stick Removable Wall Decal Sticker Mural Elephant Kids Cloud Carnival Sky, 19.75-Inch by 24-Inch",https://images-na.ssl-images-amazon.com/images/I/511boixHf7L.jpg,Education & Crafts
GOOACC 709 Mounting Kit-Dual Lock Tape-2 Sets of Peel-and-Stick EZ Pass/SunPass Adhesive Strips with Alcohol Prep Pad,https://images-na.ssl-images-amazon.com/images/I/51s-gQJf1sL.jpg,Education & Crafts
Brownline  Academic Daily Planner August to July Assorted Colors May Vary 8-InchX5-Inch English (CA201.ASX-2017),https://images-na.ssl-images-amazon.com/images/I/517sgfYwNrL.jpg,Education & Crafts
Bulk Buy: Tombow Mono Adhesive Refill Permanent Value Pack 3/Pkg 1/3&quot; X 118 Total Ft. 62207 (2-Pack),https://images-na.ssl-images-amazon.com/images/I/41AvFyby5wL.jpg,Education & Crafts
"Seat Sack 00080 Read-N-Go Book Bag, 11-1/2&quot; x 14-1/2&quot; Size, Blue",https://images-na.ssl-images-amazon.com/images/I/51kDV7GU8oL.jpg,Education & Crafts
Trend Enterprises Inc. Curious Color Cats Bulletin Board Set,https://images-na.ssl-images-amazon.com/images/I/51dTfvNYL1L.jpg,Education & Crafts
Luxbon Ballet dream four girls Dancing on the Picture Peel&amp;Stick Removable/Vinyl/PVC/DIY/ Wall Sticker/Paper/Mural/Art/Paintings/Decal/Quote/Decor For Home/Room/Decoration.,https://images-na.ssl-images-amazon.com/images/I/519R0%2B2WHML.jpg,Education & Crafts
In Good Company,https://images-na.ssl-images-amazon.com/images/I/61mHN5RikAL.jpg,Education & Crafts
Two Tone with Border Custom Personalized Engraved 3x3 Inch Plastic Name Plate Nameplate Plaque Tag Sign Label. More Than 100 Other Sizes Are Available.,https://images-na.ssl-images-amazon.com/images/I/411-aO4Ln0L.jpg,Education & Crafts
"S&amp;S Worldwide CF-2737 Fuse Bead Pegboards, Assorted Shapes (Pack of 36)",https://images-na.ssl-images-amazon.com/images/I/412XW1mGSRL.jpg,Education & Crafts
32x50 Rand McNally World Classic Push-Pin Travel Wall Map Foam Board Mounted or Framed (Mounted Only),https://images-na.ssl-images-amazon.com/images/I/51tXONV-zdL.jpg,Education & Crafts
"Swingline GBC Laminating Sheets, Thermal Laminating Speed Pouches, Letter Size, 10 Mil, HeatSeal UltraClear, 50 Pack (3745091)",https://images-na.ssl-images-amazon.com/images/I/51FPGOkHF%2BL.jpg,Education & Crafts
"PlanAhead Mom's 18 Month Planner, July 2015 -December 2016, Assorted Colors, Color May Vary (86364)",https://images-na.ssl-images-amazon.com/images/I/41gLmitPX0L.jpg,Education & Crafts
Jumbo Pack of Stickers Praise &amp; Reward 800 Count Motivation Teachers Parents Mentors Learning School Behavior,https://images-na.ssl-images-amazon.com/images/I/51X7ZxkyYHL.jpg,Education & Crafts
"Carson Dellosa Common Core 4 Today Workbook, Math, Grade 5, 96 Pages (CDP104594)",https://images-na.ssl-images-amazon.com/images/I/41Ey3O6%2BAhL.jpg,Education & Crafts
Personalized Vermont 1985 Bicycle Replica License Plate With Any Name,https://images-na.ssl-images-amazon.com/images/I/31B7Eqea-KL.jpg,Education & Crafts
Wallmonkeys Sunflower Wall Decal Peel and Stick Graphic (18 in H x 14 in W) WM31829,https://images-na.ssl-images-amazon.com/images/I/41R4BnIdauL.jpg,Education & Crafts
"AT-A-GLANCE Wall Calendar 2017, Monthly, 14-7/8 x 11-7/8&quot;, Bubbles (PM67-707)",https://images-na.ssl-images-amazon.com/images/I/5101A2tyTeL.jpg,Education & Crafts
"TREND enterprises, Inc. Sea Buddies Learning Chart, 17&quot; x 22&quot;",https://images-na.ssl-images-amazon.com/images/I/51BVLyXqgFL.jpg,Education & Crafts
Flash Furniture Mobile 48'' Round Red Thermal Laminate Activity Table - Standard Height Adjustable Legs,https://images-na.ssl-images-amazon.com/images/I/41DGxDgEv8L.jpg,Education & Crafts
Teacher Peach Moving to Kindergarten - End-of-Year Certificates in Two Sets of 25,https://images-na.ssl-images-amazon.com/images/I/510FF9D2r%2BL.jpg,Education & Crafts
Writing CLAW Small-4 Pack- Purple-Green-Orange-Blue,https://images-na.ssl-images-amazon.com/images/I/5144e9dSORL.jpg,Education & Crafts
Learn English/Vietnamese Picture Dictionary - 8.5&quot; x 12&quot; 58 pages,https://images-na.ssl-images-amazon.com/images/I/51SyenzB44L.jpg,Education & Crafts
Teacher Created Resources Black Funtastic 4-Inch Letters Combo Pack (5453),https://images-na.ssl-images-amazon.com/images/I/415Sf1f8jOL.jpg,Education & Crafts
Wallmonkeys Koala Wall Decal Peel and Stick Graphic (24 in H x 24 in W) WM131588,https://images-na.ssl-images-amazon.com/images/I/41rw8uaMRDL.jpg,Education & Crafts
WallPops Europe Dry Erase Map Decal,https://images-na.ssl-images-amazon.com/images/I/51dPbQPhgCL.jpg,Education & Crafts
CoolOwlMaps World Wall Map Political with Flags Poster 36x24 Rolled Laminated - 2018,https://images-na.ssl-images-amazon.com/images/I/51wT116zN%2BL.jpg,Education & Crafts
JSK43 Elephant 6 X 8 INCH Leather Journal Diary Notebook for Writing Leather Diary Handmade Leather Journal,https://images-na.ssl-images-amazon.com/images/I/414MhsuOuIL.jpg,Education & Crafts
2000G x 0.01G Digital Precision Analytical Balance Lab Scale,https://images-na.ssl-images-amazon.com/images/I/41dcBCY7mgL.jpg,Education & Crafts
GrillPro 40009 Plastic Grill Tool Rest,https://images-na.ssl-images-amazon.com/images/I/41RlmOElXjL.jpg,Outdoor Cooking Tools & Accessories
"PK Grills PK 99010 Hinged Grid and Charcoal Grate, Nickel Plated",https://images-na.ssl-images-amazon.com/images/I/41tIwDUud3L.jpg,Outdoor Cooking Tools & Accessories
Wireless and Digital BBQ Thermometer with Probe for Kitchen and Household Use,https://images-na.ssl-images-amazon.com/images/I/51bBgOJIIwL.jpg,Outdoor Cooking Tools & Accessories
Weber 6559 Original Griddle for Q 2000 Grill,https://images-na.ssl-images-amazon.com/images/I/51k3znWGmML.jpg,Outdoor Cooking Tools & Accessories
"L.Store (R Heat Resistant BBQ Grill Mat - Barbeque Barbecue Accessories- Heavy Duty, Washable and Reusable - Non-Stick Grilling Surface for Gas, Charcoal, Electric Cooking",https://images-na.ssl-images-amazon.com/images/I/61w2ZtpYtrL.jpg,Outdoor Cooking Tools & Accessories
"BambooMN Brand - Premium Round Sharp Point Bamboo Skewers 4.1&quot; X 2.5mm - 1,000pcs",https://images-na.ssl-images-amazon.com/images/I/516l-SiUYKL.jpg,Outdoor Cooking Tools & Accessories
Ridgewood Grill Cover 68 Inch Heavy Duty 600D Polyester Fabric Waterproof PVC Coating NOT Vinyl 68,https://images-na.ssl-images-amazon.com/images/I/41TPsJW-nzL.jpg,Outdoor Cooking Tools & Accessories
Weber 7617 Elevations Tiered Cooking System,https://images-na.ssl-images-amazon.com/images/I/41ZsTNs-pRL.jpg,Outdoor Cooking Tools & Accessories
"Fasmov Barbecue Skewers Set/Stainless Steel Wide BBQ Kabob Sticks/Grilling Skewers,Wooden Handle to Protect Your Hands,Set of 12",https://images-na.ssl-images-amazon.com/images/I/412NWD26E0L.jpg,Outdoor Cooking Tools & Accessories
"OneGrill Chrome Steel Universal Grill Rotisserie Spit Rod Flat Basket (Fits: 5/16&quot; Square, 3/8&quot; Square, 1/2&quot; Hexagon Spit Rods)",https://images-na.ssl-images-amazon.com/images/I/41u6Ia3UVIL.jpg,Outdoor Cooking Tools & Accessories
"BBQ Grill Brush By Hard Crafts - Best Barbecue Grill Cleaner - 18&quot;- 3 Stainless Steel Brushes in 1 - Perfect for Char-Broil, Weber, Porcelain and Infrared Grills - Handy Bag + Basting Brush",https://images-na.ssl-images-amazon.com/images/I/61sui2pLmIL.jpg,Outdoor Cooking Tools & Accessories
Qualdux trade; #1 Premium Silicone Gloves - BBQ Gloves - Heat Resistant Grilling Gloves - Grip Gloves &ndash; Pair Of 2 Gloves For Comfortable Balanced Use &ndash; 100% Waterproof (Green),https://images-na.ssl-images-amazon.com/images/I/51gQhgFCqJL.jpg,Outdoor Cooking Tools & Accessories
Grill Mate 18&quot; 3 in 1 Stainless Steel Barbecue Grill Brush - The Best 360&deg; Scraper and Cleaning Grill Accessory,https://images-na.ssl-images-amazon.com/images/I/413C8kdhueL.jpg,Outdoor Cooking Tools & Accessories
Cuisinart CPS-050 Alfrescamore Quick Cut Pizza Cutter,https://images-na.ssl-images-amazon.com/images/I/518WH7mg5WL.jpg,Outdoor Cooking Tools & Accessories
Dimplex BBQ-BRUSH Grill Cleaning Brush,https://images-na.ssl-images-amazon.com/images/I/31CZpUid-fL.jpg,Outdoor Cooking Tools & Accessories
"Party Griller Yakitori Grill 32&quot; x 8&quot; - Portable Stainless Steel Charcoal BBQ Grill w/ 32&quot; Barbecue Grate. Great Satay, Lamb Kebab Grill. Makes Juicy Shish Kebab, Shashlik, Spiedini on the Skewer",https://images-na.ssl-images-amazon.com/images/I/41b%2BVrhnUfL.jpg,Outdoor Cooking Tools & Accessories
Outdoor Cooking Fan Air Blower for BBQ Fire Bellows Hand Crank Powered,https://images-na.ssl-images-amazon.com/images/I/41KkStksPaL.jpg,Outdoor Cooking Tools & Accessories
Reversible BBQ Grill Cover (Large),https://images-na.ssl-images-amazon.com/images/I/41lpjZEj8hL.jpg,Outdoor Cooking Tools & Accessories
"Sur La Table Stainless Steel Plank Saver CC9289, 12&quot; x 5&quot;",https://images-na.ssl-images-amazon.com/images/I/3135FAwclxL.jpg,Outdoor Cooking Tools & Accessories
Grilldom 16&quot; x 13&quot;,https://images-na.ssl-images-amazon.com/images/I/51RcRMHTZ6L.jpg,Outdoor Cooking Tools & Accessories
Oregon Scientific AW133 Grill Right Bluetooth BBQ Thermometer,https://images-na.ssl-images-amazon.com/images/I/410nCL3D2sL.jpg,Outdoor Cooking Tools & Accessories
Ash Dragon Kamado Grill Firebox Divider,https://images-na.ssl-images-amazon.com/images/I/51%2BgtRF7TFL.jpg,Outdoor Cooking Tools & Accessories
Grill Beast - Stainless Steel Meat Injector Kit with BBQ Grilling Cooking Gloves - Smoker and Kitchen Accessories 2pc Combo Kit,https://images-na.ssl-images-amazon.com/images/I/51b9izQM2QL.jpg,Outdoor Cooking Tools & Accessories
"Kitchen Merlin BBQ Grill Mat Set of 2 - Oven Liner, XL Size 19.7x13.8 Inches - Use on Gas, Charcoal and Electric Barbecue Grills - Order includes eBook BBQ Secrets!",https://images-na.ssl-images-amazon.com/images/I/51LUO9s-m8L.jpg,Outdoor Cooking Tools & Accessories
BBQ Grill Mat Sheet - Reusable Non-stick Surface (Set of 2),https://images-na.ssl-images-amazon.com/images/I/41nDhLvkFyL.jpg,Outdoor Cooking Tools & Accessories
LavaLock&reg; Stainless Steel 6&quot; BBQ Smoker Spring Handle Smoker Parts,https://images-na.ssl-images-amazon.com/images/I/41rQaZM07tL.jpg,Outdoor Cooking Tools & Accessories
Pit Bull CHIB3950 10-Inch Wire Brush 1 1/2-Inch Hardened Carbon Steel Bristles,https://images-na.ssl-images-amazon.com/images/I/41SeRhziZgL.jpg,Outdoor Cooking Tools & Accessories
"Winco WSK-06 Bamboo Skewers, 6-Inch",https://images-na.ssl-images-amazon.com/images/I/21ZxH9-OFFL.jpg,Outdoor Cooking Tools & Accessories
Weber 6429 Small Roast Holder,https://images-na.ssl-images-amazon.com/images/I/51%2B7PPp%2BHHL.jpg,Outdoor Cooking Tools & Accessories
Grilling Traditions 4 Piece Steak Thermometer,https://images-na.ssl-images-amazon.com/images/I/412JwsWwS6L.jpg,Outdoor Cooking Tools & Accessories
"Onlyfire 30- Inch Cover for Masterbuilt Electric Smoker and Others, Black",https://images-na.ssl-images-amazon.com/images/I/41zRwVTrV9L.jpg,Outdoor Cooking Tools & Accessories
"New Star Foodservice 38347 Plastic Handle Slant Edge Grill Scrapers, 4 by 8.5-Inch, White",https://images-na.ssl-images-amazon.com/images/I/31GQPrEQJ%2BL.jpg,Outdoor Cooking Tools & Accessories
"ACLUXS New 8&quot; Barbecue BBQ Grill Steak Weights, Heavy-Weight, Hamburger Bacon Sausage Grill Press, Commercial Grade, Cast Iron",https://images-na.ssl-images-amazon.com/images/I/61OzfxuIraL.jpg,Outdoor Cooking Tools & Accessories
"Makimy Grill Brush 18&quot; - EXTRA STRONG WITH TWO CLIPS - Heavy Duty Extra Strong Stainless Steel - Perfect for Cleaning Charcoal, Gas, Electric and Infrared Outdoor BBQ Grills",https://images-na.ssl-images-amazon.com/images/I/41IBnnCO-0L.jpg,Outdoor Cooking Tools & Accessories
NO PHLY ZONE FOOD COVER; TABLE COVER; FLY NET; FOOD PROTECTOR,https://images-na.ssl-images-amazon.com/images/I/51%2BYKvyDYnL.jpg,Outdoor Cooking Tools & Accessories
Lion Premium Grills 90814 40&quot; Propane Grill,https://images-na.ssl-images-amazon.com/images/I/61QcdQnyQrL.jpg,Outdoor Cooking Tools & Accessories
Copper Finish Nonstick Skillet,https://images-na.ssl-images-amazon.com/images/I/41C-vp3GQ0L.jpg,Outdoor Cooking Tools & Accessories
Gei Utility Lighter Child Resistant Assorted Colors Blue Orange Red Yellow,https://images-na.ssl-images-amazon.com/images/I/41Q4LcrSc8L.jpg,Outdoor Cooking Tools & Accessories
Weber 7433 Hinged Cooking Grate,https://images-na.ssl-images-amazon.com/images/I/51XJ-XZJliL.jpg,Outdoor Cooking Tools & Accessories
"Camp Chef Full-Length Patio Cover for DLX 24&quot;, SmokePro 24&quot;, Woodwind Pellet Grills",https://images-na.ssl-images-amazon.com/images/I/41Gkh7TiXjL.jpg,Outdoor Cooking Tools & Accessories
"Farberware BBQ Barbecue Grill Brush with Scraper, 8-Inch",https://images-na.ssl-images-amazon.com/images/I/31Y9wXiYUxL.jpg,Outdoor Cooking Tools & Accessories
GrillPro 50937 Universal LED BBQ Q-Lite,https://images-na.ssl-images-amazon.com/images/I/51rRrlt6LpL.jpg,Outdoor Cooking Tools & Accessories
Weber 6688 Essentials Skewer Set,https://images-na.ssl-images-amazon.com/images/I/51-jCogiTpL.jpg,Outdoor Cooking Tools & Accessories
"BBQ Grill Mat Topper, 2 pc set, Plus FREE Bonus Silicone Basting Brush, Durable Thick Professional Quality, FDA Approved, Non Stick, Re-usable Grill Accessory, Easy Wipe Clean, Dishwasher Safe, For Charcoal, Electric, Gas BBQ&rsquo;s. Full Money Back Guarantee.",https://images-na.ssl-images-amazon.com/images/I/51mOF8MEoRL.jpg,Outdoor Cooking Tools & Accessories
Hug Flight Premium Gas BBQ Barbecue Grill Cover 67'' Width Waterproof &amp; Dustproof For Garden Home outdoor Patio,https://images-na.ssl-images-amazon.com/images/I/51iQqUF8B5L.jpg,Outdoor Cooking Tools & Accessories
"E-Z Que WS6B-21.5x6 6-Inch-Cradle Rotisserie Kit for Weber Summit A, B, and C 6-Burner Gas Grills",https://images-na.ssl-images-amazon.com/images/I/41xU%2BBPkQzL.jpg,Outdoor Cooking Tools & Accessories
"G &amp; F 8115 Premium Grain Leather Gloves, BBQ gloves, Grill Gloves, Fireplace Gloves, Cotton lining with 14.5-Inch Extra Long Sleeve Heat Resistant Gloves",https://images-na.ssl-images-amazon.com/images/I/712x4F%2BHXyL.jpg,Outdoor Cooking Tools & Accessories
"Ankway Cooking Gloves Heat Resistant Up to 932&deg;F(1 Pair) BBQ Grill Gloves Thick Insulated Oven Mitts for Grilling, Cooking, Baking with Extra Forearm (Black &amp; Long)",https://images-na.ssl-images-amazon.com/images/I/51qEveJBABL.jpg,Outdoor Cooking Tools & Accessories
Steven Raichlen Best of Barbecue Grill Grid Lifter with Black Wood Handle,https://images-na.ssl-images-amazon.com/images/I/81UFyta1uEL.jpg,Outdoor Cooking Tools & Accessories
"Yukon Glory Original 8252 Premium - Medium Black - Universal Cover with Unique Dual Strap System. Fits Grills up to 64 Inches Wide Including Weber, Holland, Jenn Air, Brinkmann, Char Broil, More.",https://images-na.ssl-images-amazon.com/images/I/31n%2Bt2I2H6L.jpg,Outdoor Cooking Tools & Accessories
"Trex Outdoor Furniture TXS121-1-CW Yacht Club 3-Piece Rocker Chair Set, Classic White",https://images-na.ssl-images-amazon.com/images/I/51nF%2Brca8tL.jpg,Patio Seating
Tangkula Adjustable Pool Chaise Lounge Chair Outdoor Patio Furniture PE Wicker W/Cushion with Umbrella,https://images-na.ssl-images-amazon.com/images/I/41WFZUHdFuL.jpg,Patio Seating
Set of 4 Outdoor Chair Seat Cushion - Sunbrella Fabric (Black #5408) with Zipper,https://images-na.ssl-images-amazon.com/images/I/51XvJivMfWL.jpg,Patio Seating
Modway Convene Wicker Rattan Outdoor Patio Left Arm Loveseat in Espresso Orange,https://images-na.ssl-images-amazon.com/images/I/5176JP3%2B5HL.jpg,Patio Seating
"Pillow Perfect Indoor/Outdoor Brown/Green Tropical Chair Cushion, Squared",https://images-na.ssl-images-amazon.com/images/I/41FN-drQxYL.jpg,Patio Seating
Iyanla - Outdoor Wicker Swing Chair Model # CW003AB,https://images-na.ssl-images-amazon.com/images/I/41t1lPd9ufL.jpg,Patio Seating
Arboria Folding Patio Chairs Classic Design With Armrest Eucalyptus Hardwood Set of 2 (880.1304),https://images-na.ssl-images-amazon.com/images/I/61jLpiUV%2BFL.jpg,Patio Seating
Wine Barrel Adirondack Chair,https://images-na.ssl-images-amazon.com/images/I/51WjsWOD6iL.jpg,Patio Seating
"Vifah V1493 Outdoor Wood Garden Bench, Decorative, Brown",https://images-na.ssl-images-amazon.com/images/I/51aMFq-5RkL.jpg,Patio Seating
LuxCraft Classic Traditional Recycled Plastic Rocking Chair,https://images-na.ssl-images-amazon.com/images/I/61ncEy8t5hL.jpg,Patio Seating
Bosmere C618 Love Seat Cover 64-Inch Long x 34-Inch Wide x 34-Inch High at Back,https://images-na.ssl-images-amazon.com/images/I/51BNx-FVxdL.jpg,Patio Seating
"Strathwood Tavolara Deep Seat Loveseat Sunbrella Acrylic Cushion, Canvas",https://images-na.ssl-images-amazon.com/images/I/41fxL7SijGL.jpg,Patio Seating
IMPERIAL POWER Latte Back Steel Bench,https://images-na.ssl-images-amazon.com/images/I/51FTyzakWiL.jpg,Patio Seating
Pack of 2 Outdoor Patio Furniture Chair Seat Cushions - Venetian Red,https://images-na.ssl-images-amazon.com/images/I/41Nlp4Fiw5L.jpg,Patio Seating
Zebra Chiavari Cushion w/ Ties by VF,https://images-na.ssl-images-amazon.com/images/I/31UwUcNRW1L.jpg,Patio Seating
Big Daddy Reclining Adirondack Chair Set with FREE Side Table - Natural,https://images-na.ssl-images-amazon.com/images/I/61zIAZ2rgdL.jpg,Patio Seating
"Pillow Perfect Outdoor Santa Maria Wicker Loveseat Cushion, Azure",https://images-na.ssl-images-amazon.com/images/I/31bq%2BSLPmZL.jpg,Patio Seating
Amazonia Teak Windu Wheelounger with Tray,https://images-na.ssl-images-amazon.com/images/I/41Pg-qCPJlL.jpg,Patio Seating
Palos Wood Products Curved Backless Fire Pit Bench - Made of Eucalyptus,https://images-na.ssl-images-amazon.com/images/I/51%2B6ViPvZlL.jpg,Patio Seating
"Suncast ELEMENTS Loveseat with Storage, Java",https://images-na.ssl-images-amazon.com/images/I/51CRv4B%2BuDL.jpg,Patio Seating
Pillow Perfect Outdoor/Indoor Nunu Geo Mango Rounded Corners Chair Cushion,https://images-na.ssl-images-amazon.com/images/I/41%2By5BruA4L.jpg,Patio Seating
LazyDaze Hammocks Indoor Outdoor Portable Multiangle Floor Chair 5 Adjustable Position Reclining Seat Floor Chair,https://images-na.ssl-images-amazon.com/images/I/41%2BT%2BULI54L.jpg,Patio Seating
Arboria Lodge Adirondack Ottoman,https://images-na.ssl-images-amazon.com/images/I/61H4hVSResL.jpg,Patio Seating
Coral Coast Vintage Retro 3 pc. Spring Chair Chat Set,https://images-na.ssl-images-amazon.com/images/I/51cGO1QEcUL.jpg,Patio Seating
Wicker Grey Open Shelf Unit Patio Furniture for Outdoor Spa &amp; Pool by Mspa,https://images-na.ssl-images-amazon.com/images/I/61OlVYeDjdL.jpg,Patio Seating
Premium Swivel Rocker Cushion Color: Solid Twill - Forest Green,https://images-na.ssl-images-amazon.com/images/I/513moHAoQrL.jpg,Patio Seating
"DC America SL6818-AB-MP, Texas Park Bench, Antique Beige",https://images-na.ssl-images-amazon.com/images/I/51OEnH5AcnL.jpg,Patio Seating
VIFAH V437 Outdoor FSC Wood Backless Bench,https://images-na.ssl-images-amazon.com/images/I/51sKykvOusL.jpg,Patio Seating
"Highwood Lehigh Backless Bench, 5 Feet, Weathered Acorn",https://images-na.ssl-images-amazon.com/images/I/31ZR6INJ0ML.jpg,Patio Seating
All-weather Rattan Patio Chair with Aluminum Frame Orange,https://images-na.ssl-images-amazon.com/images/I/41yCgkirwBL.jpg,Patio Seating
Jordan Manufacturing 44 x 22 in. Outdoor Chair Cushion,https://images-na.ssl-images-amazon.com/images/I/51tKAmG0UxL.jpg,Patio Seating
DZT1968(TM Chair Cushion Pads Soft Home Office Square Cotton Polka Dot Seat Buttocks Cushion (C),https://images-na.ssl-images-amazon.com/images/I/51pOEFUjLjL.jpg,Patio Seating
"Mainstays Jefferson Wrought Iron Outdoor Swing, Seats 2",https://images-na.ssl-images-amazon.com/images/I/41h5ypX8o0L.jpg,Patio Seating
"Darlee St. Cruz Cast Aluminum Swivel Rocker Dining Chair Seat Cushion, Set of 2, Antique Bronze Finish",https://images-na.ssl-images-amazon.com/images/I/51MMj%2B4u4NL.jpg,Patio Seating
"Majestic Home Goods 85907236033 Sea Horse Indoor/Outdoor Bean Bag Ottoman Pouf Cube, Small, Navy",https://images-na.ssl-images-amazon.com/images/I/51LsQ538irL.jpg,Patio Seating
Pillow Perfect Indoor/Outdoor Santa Maria Azure Swing/Bench Cushion,https://images-na.ssl-images-amazon.com/images/I/31R7yWRrRaL.jpg,Patio Seating
Set of 4 - Indoor / Outdoor 17&quot; Square Decorative Throw / Toss Pillows - Tommy Bahama - Swaying Palms - Aloe - Green Tropical Palm Leaf Fabric,https://images-na.ssl-images-amazon.com/images/I/41KJ8tvVblL.jpg,Patio Seating
Set of 2 - Indoor / Outdoor 20&quot; Square Decorative Throw / Toss Pillows - Sunbrella Canvas True Blue with White Cording / Piping and Buttons,https://images-na.ssl-images-amazon.com/images/I/41R-MjJFNQL.jpg,Patio Seating
Faulkner Standard Recliner Green Mesh with Padded Arms,https://images-na.ssl-images-amazon.com/images/I/4192F05x7NL.jpg,Patio Seating
"Blazing Needles Steamer Deck Outdoor Lounger Cushion, Montfleuri Sangria",https://images-na.ssl-images-amazon.com/images/I/51Ac3%2B4z%2B7L.jpg,Patio Seating
"Pillow Perfect Outdoor Cera Garden Bench Cushion, Red",https://images-na.ssl-images-amazon.com/images/I/31Hq88NaASL.jpg,Patio Seating
"Bare Decor BARE-DC1021 Vega Outdoor Folding Chair, Set of 2, Teak",https://images-na.ssl-images-amazon.com/images/I/41ye5IvUJXL.jpg,Patio Seating
Belham Living Richmond Wood Porch Swing Stand,https://images-na.ssl-images-amazon.com/images/I/51kmk8S8DbL.jpg,Patio Seating
"Pillow Perfect Outdoor/Indoor Westport Garden Floor Pillow, 25&quot;, Striped, Multicolored",https://images-na.ssl-images-amazon.com/images/I/31I9wh5WuPL.jpg,Patio Seating
3/4&quot; Clear Acrylic Lucite Shower Bench.,https://images-na.ssl-images-amazon.com/images/I/41-FiBbJBJL.jpg,Patio Seating
"Pillow Perfect Outdoor Forsyth Rounded Seat Cushion, Green, Set of 2",https://images-na.ssl-images-amazon.com/images/I/41Z%2Bhp9eE0L.jpg,Patio Seating
"Porch Rocker Cushion Set - Westport Cabana Stripe Red - Size Standard - Indoor / Outdoor: Fade Resistant, Mildew Resistant - Latex Foam Filled Seat Pad and Back Rest - Reversible (Multi / Rainbow)",https://images-na.ssl-images-amazon.com/images/I/41Z6M-IvdgL.jpg,Patio Seating
WALCUT Chaise Lounge Chair Set Patio Outdoor Wicker Chaise Furniture with Heavy Duty Padded Cushions Adjustable Backrest Non-Slip Covered Lounger Chair,https://images-na.ssl-images-amazon.com/images/I/61FoGZYe6iL.jpg,Patio Seating
BUTLER 5048024 GERRIT PLANTATION CHERRY BENCH,https://images-na.ssl-images-amazon.com/images/I/41aUqyZMm3L.jpg,Patio Seating
"Oxford Shoe Bench, 20&quot;Hx42&quot;Wx16&quot;D, BLACK",https://images-na.ssl-images-amazon.com/images/I/41FshyqEiEL.jpg,Patio Seating
Children's Pajamas Animal Costume Kids Sleeping Wear Kigurumi Pajamas Cosplay,https://images-na.ssl-images-amazon.com/images/I/41o1ncmgdeL.jpg,Kids & Baby
"Batman the Dark Knight Action 3-D Muscle Chest Set Child, Size 4 to 6",https://images-na.ssl-images-amazon.com/images/I/51asmmcgVlL.jpg,Kids & Baby
"Jr. Fire Fighter Suit with helmet, size 4/6 (black)",https://images-na.ssl-images-amazon.com/images/I/414L8dkmgoL.jpg,Kids & Baby
Ghosts Necklace Halloween Flashing LED Lights + 2 FREE Glowstick Bracelets,https://images-na.ssl-images-amazon.com/images/I/41eysmX7v3L.jpg,Kids & Baby
Forum Novelties - Abraham Lincoln Child Costume,https://images-na.ssl-images-amazon.com/images/I/31OHv7i2bmL.jpg,Kids & Baby
Kids-Costume Child Deluxe Boba Fett Lg Halloween Costume - Child Large,https://images-na.ssl-images-amazon.com/images/I/41ViJGy%2B45L.jpg,Kids & Baby
Magical Mermaid Kids Costume,https://images-na.ssl-images-amazon.com/images/I/51oHvdp%2BZDL.jpg,Kids & Baby
Rubies 30-Inch Black Fabric Cape,https://images-na.ssl-images-amazon.com/images/I/51asmmcgVlL.jpg,Kids & Baby
Horace Slughorn's Wands Replica + Harry Potter Magic Printable Spell Book Cheap,https://images-na.ssl-images-amazon.com/images/I/41z3uUwxHWL.jpg,Kids & Baby
CXFashion Baby Toddler Anna Elsa Girls Princess Dress Party Cosplay Costume,https://images-na.ssl-images-amazon.com/images/I/51tTO3KDCRL.jpg,Kids & Baby
Justice League Wonder Woman Romper Costume,https://images-na.ssl-images-amazon.com/images/I/51yeOXOWaBL.jpg,Kids & Baby
Rulercosplay New Arrival Anime Tokyo Ghoul Kaneki Ken Cosplay Wig,https://images-na.ssl-images-amazon.com/images/I/41i95E6VulL.jpg,Kids & Baby
2-Clip Connector Charms for Rainbow Loom Bracelets (Pack of 9) (Animal Pack),https://images-na.ssl-images-amazon.com/images/I/51OE-W11gYL.jpg,Kids & Baby
Pumpkin Bunting Infant Costume fits up to 25 inche long,https://images-na.ssl-images-amazon.com/images/I/41Ivair7YCL.jpg,Kids & Baby
"var aPageStart = (new Date()).getTime();
var ue_t0=ue_t0||+new Date();

window.ue_ihb = (window.ue_ihb || window.ueinit || 0) + 1;
if (window.ue_ihb === 1) {

var ue_csm = window,
    ue_hob = +new Date();
(function(d){var e=d.ue=d.ue||{},f=Date.now||function(){return+new Date};e.d=function(b){return f()-(b?0:d.ue_t0)};e.stub=function(b,a){if(!b[a]){var c=[];b[a]=function(){c.push([c.slice.call(arguments),e.d(),d.ue_id])};b[a].replay=function(b){for(var a;a=c.shift();)b(a[0],a[1],a[2])};b[a].isStub=1}};e.exec=function(b,a){return function(){if(1==window.ueinit)try{return b.apply(this,arguments)}catch(c){ueLogError(c,{attribution:a||""undefined"",logLevel:""WARN""})}}}})(ue_csm);


    var ue_err_chan = 'jserr-rw';
(function(d,e){function h(f,b){if(!(a.ec>a.mxe)&&f){a.ter.push(f);b=b||{};var c=f.logLevel||b.logLevel;c&&c!==k&&c!==m&&c!==n&&c!==p||a.ec++;c&&c!=k||a.ecf++;b.pageURL=""""+(e.location?e.location.href:"""");b.logLevel=c;b.attribution=f.attribution||b.attribution;a.erl.push({ex:f,info:b})}}function l(a,b,c,e,g){d.ueLogError({m:a,f:b,l:c,c:""""+e,err:g,fromOnError:1,args:arguments},g?{attribution:g.attribution,logLevel:g.logLevel}:void 0);return!1}var k=""FATAL"",m=""ERROR"",n=""WARN"",p=""DOWNGRADED"",a={ec:0,ecf:0,
pec:0,ts:0,erl:[],ter:[],mxe:50,startTimer:function(){a.ts++;setInterval(function(){d.ue&&a.pec<a.ec&&d.uex(""at"");a.pec=a.ec},1E4)}};l.skipTrace=1;h.skipTrace=1;h.isStub=1;d.ueLogError=h;d.ue_err=a;e.onerror=l})(ue_csm,window);


var ue_id = 'A39V2H5BHTFFYF9MNBBT',
    ue_url = '/gp/uedata',
    ue_navtiming = 1,
    ue_mid = 'ATVPDKIKX0DER',
    ue_sid = '138-5954849-1916844',
    ue_sn = 'www.amazon.com',
    ue_furl = 'fls-na.amazon.com',
    ue_surl = 'https://unagi-na.amazon.com/1/events/com.amazon.csm.nexusclient.prod',
    ue_int = 0,
    ue_fcsn = 1,
    ue_urt = 3,
    ue_rpl_ns = 'cel-rpl',
    ue_ddq = 1,
    ue_fpf = '//fls-na.amazon.com/1/batch/1/OP/ATVPDKIKX0DER:138-5954849-1916844:A39V2H5BHTFFYF9MNBBT$uedata=s:',
    ue_rsc = 2,
    ue_mcimp = 3,
    ue_sbuimp = 1,

    ue_swi = 1;
function ue_viz(){(function(c,e,a){function k(b){if(c.ue.viz.length<p&&!l){var a=b.type;b=b.originalEvent;/^focus./.test(a)&&b&&(b.toElement||b.fromElement||b.relatedTarget)||(a=e[m]||(""blur""==a||""focusout""==a?""hidden"":""visible""),c.ue.viz.push(a+"":""+(+new Date-c.ue.t0)),""visible""==a&&(ue.isl&&uex(""at""),l=1))}}for(var l=0,f,g,m,n=["""",""webkit"",""o"",""ms"",""moz""],d=0,p=20,h=0;h<n.length&&!d;h++)if(a=n[h],f=(a?a+""H"":""h"")+""idden"",d=""boolean""==typeof e[f])g=a+""visibilitychange"",m=(a?a+""V"":""v"")+""isibilityState"";
k({});d&&e.addEventListener(g,k,0);c.ue&&d&&(c.ue.pageViz={event:g,propHid:f})})(ue_csm,document,window)};

(function(a,g,u){function x(a){return a&&a.replace&&a.replace(/^\s+|\s+$/g,"""")}function q(a){return""undefined""===typeof a}function y(a){try{var b=u.cookie.match(RegExp(""(^| )""+a+""=([^;]+)""));if(b)return b[2].trim()}catch(c){}}function A(d,b){d&&(a.ue_id=h.id=h.rid=d,a.ue_fpf=a.ue_fpf.replace(/((.*?:){2})(\w+)/,function(a,b){return b+d}));b&&(a.ue_fpf=a.ue_fpf.replace(/(.*?:)(\w|-)+/,function(a,d){return d+b}),a.ue_sid=b);a.ue.tag(""accelerated-experience"")}function t(d,b,c,k){var g=k||+new Date,n;
a.ueam&&a.ueam(b,d,k);if(b||q(c)){if(d)for(n in k=b?f(""t"",b)||f(""t"",b,{}):a.ue.t,k[d]=g,c)c.hasOwnProperty(n)&&f(n,b,c[n]);return g}}function f(d,b,c){var f=a.ue,g=b&&b!=f.id?f.sc[b]:f;g||(g=f.sc[b]={});""id""==d&&c&&(f.cfa2=1);return g[d]=c||g[d]}function C(d,b,c,f,g){c=""on""+c;var n=b[c];""function""===typeof n?d&&(a.ue.h[d]=n):n=function(){};b[c]=g?function(a){f(a);n(a)}:function(a){n(a);f(a)};b[c]&&(b[c].isUeh=1)}function D(d,b,c){function k(b,c){var e=[b],J=0,g={},n,k;c?(e.push(""m=1""),g[c]=1):g=a.ue.sc;
for(k in g)if(g.hasOwnProperty(k)){var l=f(""wb"",k),h=f(""t"",k)||{},p=f(""t0"",k)||a.ue.t0,m;if(c||2==l){l=l?J++:"""";e.push(""sc""+l+""=""+k);for(m in h)3>=m.length&&!q(h[m])&&null!==h[m]&&e.push(m+l+""=""+(h[m]-p));e.push(""t""+l+""=""+h[d]);if(f(""ctb"",k)||f(""wb"",k))n=1}}!z&&n&&e.push(""ctb=1"");return e.join(""&"")}function B(b,c,d,e){if(b){var f=a.ue_err,k;a.ue_url&&(!e||!a.ue.log)&&b&&0<b.length&&(k=new Image,a.ue.iel.push(k),k.src=b);K?a.ue_fpf&&g.encodeURIComponent&&b&&(e=new Image,b=""""+a.ue_fpf+g.encodeURIComponent(b)+
"":""+(+new Date-a.ue_t0),a.ue.iel.push(e),e.src=b):a.ue.log&&(k=g.chrome&&""ul""==c,a.ue.log(b,""uedata"",a.ue_svi?{n:1,img:!e&&k?1:0}:{n:1}),a.ue.ielf.push(b));f&&!f.ts&&f.startTimer();a.ue.b&&(f=a.ue.b,a.ue.b="""",B(f,c,d,1))}}function n(b){if(!ue.collected){var c=b.timing,e=b.navigation,d=ue.t;c&&(d.na_=c.navigationStart,d.ul_=c.unloadEventStart,d._ul=c.unloadEventEnd,d.rd_=c.redirectStart,d._rd=c.redirectEnd,d.fe_=c.fetchStart,d.lk_=c.domainLookupStart,d._lk=c.domainLookupEnd,d.co_=c.connectStart,d._co=
c.connectEnd,d.sc_=c.secureConnectionStart,d.rq_=c.requestStart,d.rs_=c.responseStart,d._rs=c.responseEnd,d.dl_=c.domLoading,d.di_=c.domInteractive,d.de_=c.domContentLoadedEventStart,d._de=c.domContentLoadedEventEnd,d._dc=c.domComplete,d.ld_=c.loadEventStart,d._ld=c.loadEventEnd,c=d.na_,b=""function""!==typeof b.now||q(c)?0:new Date(c+b.now())-new Date,d.ntd=b+a.ue.t0);e&&(d.ty=e.type+a.ue.t0,d.rc=e.redirectCount+a.ue.t0);ue.collected=1}}function s(b){var c=r&&r.navigation?r.navigation.type:w,d=c&&
2!=c,e=a.ue.bfini;a.ue.cfa2||(e&&1<e&&(b+=""&bfform=1"",d||(a.ue.isBFT=e-1)),2==c&&(b+=""&bfnt=1"",a.ue.isBFT=a.ue.isBFT||1),a.ue.ssw&&a.ue.isBFT&&(q(a.ue.isNRBF)&&(c=a.ue.ssw(a.ue.oid),c.e||q(c.val)||(a.ue.isNRBF=1<c.val?0:1)),q(a.ue.isNRBF)||(b+=""&nrbf=""+a.ue.isNRBF)),a.ue.isBFT&&!a.ue.isNRBF&&(b+=""&bft=""+a.ue.isBFT));return b}if(!h.paused&&(b||q(c))){for(var p in c)c.hasOwnProperty(p)&&f(p,b,c[p]);t(""pc"",b,c);p=f(""id"",b)||a.ue.id;var e=a.ue.url+""?""+d+""&v=""+a.ue.v+""&id=""+p,z=f(""ctb"",b)||f(""wb"",b),r=
g.performance||g.webkitPerformance,l,m;z&&(e+=""&ctb=""+z);1<a.ueinit&&(e+=""&ic=""+a.ueinit);!a.ue._fi||""at""!=d||b&&b!=p||(e+=a.ue._fi());if(!(""ld""!=d&&""ul""!=d||b&&b!=p)){if(""ld""==d){try{g.onbeforeunload&&g.onbeforeunload.isUeh&&(g.onbeforeunload=null)}catch(y){}if(g.chrome)for(m=0;m<ue.ulh.length;m++)E(""beforeunload"",ue.ulh[m]);(m=u.ue_backdetect)&&m.ue_back&&m.ue_back.value++;a._uess&&(l=a._uess());a.ue.isl=1}ue._bf&&(e+=""&bf=""+ue._bf());a.ue_navtiming&&r&&r.timing&&(f(""ctb"",p,""1""),1==a.ue_navtiming&&
t(""tc"",w,w,r.timing.navigationStart));r&&n(r);a.ue.t.hob=a.ue_hob;a.ue.t.hoe=a.ue_hoe;a.ue.ifr&&(e+=""&ifr=1"")}t(d,b,c);c=""ld""==d&&b&&f(""wb"",b);var v;c||b&&b!==p||L(b);c||p==a.ue.oid||M((f(""t"",b)||{}).tc||+f(""t0"",b),+f(""t0"",b));a.ue_mbl&&a.ue_mbl.cnt&&!c&&(e+=a.ue_mbl.cnt());c?f(""wb"",b,2):""ld""==d&&(h.lid=x(p));for(v in a.ue.sc)if(1==f(""wb"",v))break;if(c){if(a.ue.s)return;e=k(e,null)}else m=k(e,null),m!=e&&(m=s(m),a.ue.b=m),l&&(e+=l),e=k(e,b||a.ue.id);e=s(e);if(a.ue.b||c)for(v in a.ue.sc)2==f(""wb"",
v)&&delete a.ue.sc[v];l=0;ue._rt&&(e+=""&rt=""+ue._rt());c||(a.ue.s=0,(l=a.ue_err)&&0<l.ec&&l.pec<l.ec&&(l.pec=l.ec,e+=""&ec=""+l.ec+""&ecf=""+l.ecf),l=f(""ctb"",b),f(""t"",b,{}));e&&a.ue.tag&&0<a.ue.tag().length&&(e+=""&csmtags=""+a.ue.tag().join(""|""),a.ue.tag=a.ue.tagC());e&&a.ue.viz&&0<a.ue.viz.length&&(e+=""&viz=""+a.ue.viz.join(""|""),a.ue.viz=[]);e&&!q(a.ue_pty)&&(e+=""&pty=""+a.ue_pty+""&spty=""+a.ue_spty+""&pti=""+a.ue_pti);e&&a.ue.tabid&&(e+=""&tid=""+a.ue.tabid);e&&a.ue.aftb&&(e+=""&aftb=1"");e&&a.ue.sbf&&(e+=""&sbf=1"");
!a.ue._ui||b&&b!=p||(e+=a.ue._ui());a.ue.a=e;B(e,d,l,c)}}function L(a){var b=g.ue_csm_markers||{},c;for(c in b)b.hasOwnProperty(c)&&t(c,a,w,b[c])}function s(d,b,c){c=c||g;a.ue_pel&&window.EventTarget&&window.EventTarget.prototype&&window.EventTarget.prototype.addEventListener?window.EventTarget.prototype.addEventListener.call(c,d,b,!!window.ue_clf):c.addEventListener?c.addEventListener(d,b,!!window.ue_clf):c.attachEvent&&c.attachEvent(""on""+d,b)}function E(d,b,c){c=c||g;a.ue_pel&&window.EventTarget&&
window.EventTarget.prototype&&window.EventTarget.prototype.removeEventListener?window.EventTarget.prototype.removeEventListener.call(c,d,b,!!window.ue_clf):c.removeEventListener?c.removeEventListener(d,b,!!window.ue_clf):c.detachEvent&&c.detachEvent(""on""+d,b)}function F(){function d(){a.onUl()}function b(a){return function(){c[a]||(c[a]=1,D(a))}}var c=a.ue.r,f,h;a.onLd=b(""ld"");a.onLdEnd=b(""ld"");a.onUl=b(""ul"");f={stop:b(""os"")};g.chrome?(s(""beforeunload"",d),ue.ulh.push(d)):f[N]=a.onUl;for(h in f)f.hasOwnProperty(h)&&
C(0,g,h,f[h]);a.ue_viz&&ue_viz();O&&s(""readystatechange"",P,u);s(""load"",a.onLd);t(""ue"")}function P(){""complete""===u.readyState&&(Q?setTimeout(G,0):G())}function G(){var d;if(!(d=ue.isl)&&(d=R))a:{d=u.images||[];for(var b=0;b<d.length;b++)if(!1===d[b].complete){d=!1;break a}d=!0}if(!d)a.onUl()}function M(d,b){a.ue_mbl&&a.ue_mbl.ajax&&a.ue_mbl.ajax(d,b);a.ue.tag(""ajax-transition"")}a.ueinit=(a.ueinit||0)+1;var h={t0:g.aPageStart||a.ue_t0,id:a.ue_id,url:a.ue_url,rid:a.ue_id,a:"""",b:"""",h:{},r:{ld:0,oe:0,
ul:0},s:1,t:{},sc:{},iel:[],ielf:[],fc_idx:{},viz:[],v:""0.202589.0"",d:a.ue&&a.ue.d,log:a.ue&&a.ue.log,clog:a.ue&&a.ue.clog,onflush:a.ue&&a.ue.onflush,onunload:a.ue&&a.ue.onunload,stub:a.ue&&a.ue.stub,lr:a.ue&&a.ue.lr,exec:a.ue&&a.ue.exec,event:a.ue&&a.ue.event,onSushiUnload:a.ue&&a.ue.onSushiUnload,onSushiFlush:a.ue&&a.ue.onSushiFlush,ulh:[],cfa2:0,paused:!1},K=a.ue_fpf?1:0,O=1===a.ue_rsc||3===a.ue_rsc,Q=3===a.ue_rsc,R=1===a.ue_rsc,N=""beforeunload"",w;h.oid=x(h.id);h.lid=x(h.id);a.ue=h;a.ue._t0=a.ue.t0;
a.ue.tagC=function(){var a={};return function(b){b&&(a[b]=1);b=[];for(var c in a)a.hasOwnProperty(c)&&b.push(c);return b}};a.ue.tag=a.ue.tagC();a.ue.ifr=g.top!==g.self||g.frameElement?1:0;ue.attach=s;ue.detach=E;if(""000-0000000-8675309""===a.ue_sid){var H=y(""cdn-rid""),I=y(""session-id"");H&&I&&A(H,I)}a.uei=F;a.ueh=C;a.ues=f;a.uet=t;a.uex=D;h.reset=A;h.pause=function(a){h.paused=a};F()})(ue_csm,window,ue_csm.document);


ue.stub(ue,""event"");ue.stub(ue,""onSushiUnload"");ue.stub(ue,""onSushiFlush"");

ue.stub(ue,""log"");ue.stub(ue,""onunload"");ue.stub(ue,""onflush"");
(function(c){var a=c.ue;a.cv={};a.cv.scopes={};a.count=function(d,c,b){var e={},f=a.cv,g=b&&0===b.c;e.counter=d;e.value=c;e.t=a.d();b&&b.scope&&(f=a.cv.scopes[b.scope]=a.cv.scopes[b.scope]||{},e.scope=b.scope);if(void 0===c)return f[d];f[d]=c;d=0;b&&b.bf&&(d=1);ue_csm.ue_sclog||!a.clog||0!==d||g?a.log&&a.log(e,""csmcount"",{c:1,bf:d}):a.clog(e,""csmcount"",{bf:d})};a.count(""baselineCounter2"",1);a&&a.event&&(a.event({requestId:c.ue_id||""rid"",server:c.ue_sn||""sn"",obfuscatedMarketplaceId:c.ue_mid||""mid""},
""csm"",""csm.CSMBaselineEvent.4""),a.count(""nexusBaselineCounter"",1,{bf:1}))})(ue_csm);



var ue_hoe = +new Date();
}
window.ueinit = window.ue_ihb;




(function(g,h,O,pa){function k(a){w&&w.tag&&w.tag(q("":"",""aui"",a))}function v(a,b){w&&w.count&&w.count(""aui:""+a,0===b?0:b||(w.count(""aui:""+a)||0)+1)}function l(a){try{return a.test(navigator.userAgent)}catch(b){return!1}}function x(a,b,c){a.addEventListener?a.addEventListener(b,c,!1):a.attachEvent&&a.attachEvent(""on""+b,c)}function q(a,b,c,d){b=b&&c?b+a+c:b||c;return d?q(a,b,d):b}function F(a,b,c){try{Object.defineProperty(a,b,{value:c,writable:!1})}catch(d){a[b]=c}return c}function P(){return setTimeout(Y,
0)}function qa(a,b){var c=a.length,d=c,f=function(){d--||(Q.push(b),R||(P(),R=!0))};for(f();c--;)Z[a[c]]?f():(z[a[c]]=z[a[c]]||[]).push(f)}function ra(a,b,c,d,f){var e=h.createElement(a?""script"":""link"");x(e,""error"",d);f&&x(e,""load"",f);if(a){e.type=""text/javascript"";e.async=!0;if(a=c)a=-1!==b.indexOf(""images/I"")||/AUIClients/.test(b);a&&e.setAttribute(""crossorigin"",""anonymous"");e.src=b}else e.rel=""stylesheet"",e.href=b;h.getElementsByTagName(""head"")[0].appendChild(e)}function aa(a,b){function c(c,d){function f(){ra(b,
c,h,function(b){!G&&h?(h=!1,v(""resource_retry""),f()):(v(""resource_error""),a.log(""Asset failed to load: ""+c,G?""WARN"":void 0));b&&b.stopPropagation?b.stopPropagation():g.event&&(g.event.cancelBubble=!0)},d)}if(ba[c])return!1;ba[c]=!0;v(""resource_count"");var h=!0;return!f()}if(b){var d=0,f=0;c.andConfirm=function(a,b){return c(a,function(){d++;b&&b.apply(this,arguments)})};c.confirm=function(){f++};c.getCsriCounters=function(){return{reqs:d,full:f}}}return c}function sa(a,b,c){for(var d={name:a,guard:function(c){return b.guardFatal(a,
c)},logError:function(c,d,f){b.logError(c,d,f,a)}},f=[],e=0;e<c.length;e++)H.hasOwnProperty(c[e])&&(f[e]=S.hasOwnProperty(c[e])?S[c[e]](H[c[e]],d):H[c[e]]);return f}function A(a,b,c,d,f){return function(e,h){function n(){var a=null;d?a=h:""function""===typeof h&&(p.start=B(),a=h.apply(g,sa(e,k,l)),p.end=B());if(b){H[e]=a;a=e;for(Z[a]=!0;(z[a]||[]).length;)z[a].shift()();delete z[a]}p.done=!0}var k=f||this;""function""===typeof e&&(h=e,e=void 0);b&&(e=e?e.replace(ca,""""):""__NONAME__"",T.hasOwnProperty(e)&&
k.error(q("", reregistered by "",q("" by "",e+"" already registered"",T[e]),k.attribution),e),T[e]=k.attribution);for(var l=[],m=0;m<a.length;m++)l[m]=a[m].replace(ca,"""");var p=da[e||""anon""+ ++ta]={depend:l,registered:B(),namespace:k.namespace};c?n():qa(l,k.guardFatal(e,n));return{decorate:function(a){S[e]=k.guardFatal(e,a)}}}}function ea(a){return function(){var b=Array.prototype.slice.call(arguments);return{execute:A(b,!1,a,!1,this),register:A(b,!0,a,!1,this)}}}function U(a,b){return function(c,d){d||
(d=c,c=void 0);var f=this.attribution;return function(){y.push(b||{attribution:f,name:c,logLevel:a});var e=d.apply(this,arguments);y.pop();return e}}}function I(a,b){this.load={js:aa(this,!0),css:aa(this)};F(this,""namespace"",b);F(this,""attribution"",a)}function fa(){h.body?r.trigger(""a-bodyBegin""):setTimeout(fa,20)}function C(a,b){if(b){for(var c=a.className.split("" ""),d=c.length;d--;)if(c[d]===b)return;a.className+="" ""+b}}function ga(a,b){for(var c=a.className.split("" ""),d=[],f;void 0!==(f=c.pop());)f&&
f!==b&&d.push(f);a.className=d.join("" "")}function ha(a){try{return a()}catch(b){return!1}}function J(){if(K){var a=g.innerWidth?{w:g.innerWidth,h:g.innerHeight}:{w:m.clientWidth,h:m.clientHeight};5<Math.abs(a.w-V.w)||50<a.h-V.h?(V=a,L=4,(a=n.mobile||n.tablet?450<a.w&&a.w>a.h:1250<=a.w)?C(m,""a-ws""):ga(m,""a-ws"")):0<L&&(L--,ia=setTimeout(J,16))}}function ua(a){(K=void 0===a?!K:!!a)&&J()}function va(){return K}function t(a,b){return""sw:""+(b||"""")+"":""+a+"":""}function ja(a,b,c,d){if(c){b=l(/Chrome/i)&&!l(/Edge/i)&&
!l(/OPR/i)&&!a.capabilities.isAmazonApp;var f=t(d,""browser""),e=t(d,""prod_mshop""),g=t(d,""beta_mshop"");!a.capabilities.isAmazonApp&&c.browser&&b&&(k(f+""supported""),c.browser.action(f,d));!b&&c.browser&&k(f+""unsupported"");c.prodMshop&&k(e+""unsupported"");c.betaMshop&&k(g+""unsupported"")}}""use strict"";var M=O.now=O.now||function(){return+new O},B=function(a){return a&&a.now?a.now.bind(a):M}(g.performance);pa=B();var u=g.AmazonUIPageJS||g.P;if(u&&u.when&&u.register)throw Error(""A copy of P has already been loaded on this page."");
var w=g.ue;k();k(""aui_build_date:3.18.16-2018-12-25"");var Q=[],R=!1,Y;Y=function(){for(var a=P(),b=M();Q.length;)if(Q.shift()(),50<M()-b)return;clearTimeout(a);R=!1};l(/OS 6_[0-9]+ like Mac OS X/i)&&x(g,""scroll"",P);var Z={},z={},ba={},G=!1;x(g,""beforeunload"",function(){G=!0;setTimeout(function(){G=!1},1E4)});var ca=/^prv:/,T={},H={},S={},da={},ta=0,D,y=[],ka=g.onerror;g.onerror=function(a,b,c,d,f){f&&""object""===typeof f||(f=Error(a,b,c),f.columnNumber=d,f.stack=b||c||d?q(String.fromCharCode(92),f.message,
""at ""+q("":"",b,c,d)):void 0);var e=y.pop()||{};f.attribution=q("":"",f.attribution||e.attribution,e.name);f.logLevel=e.logLevel;f.attribution&&console&&console.log&&console.log([f.logLevel||""ERROR"",a,""thrown by"",f.attribution].join("" ""));y=[];ka&&(e=[].slice.call(arguments),e[4]=f,ka.apply(g,e))};I.prototype={logError:function(a,b,c,d){b={message:b,logLevel:c||""ERROR"",attribution:q("":"",this.attribution,d)};if(g.ueLogError)return g.ueLogError(a||b,a?b:null),!0;console&&console.error&&(console.log(b),
console.error(a));return!1},error:function(a,b,c,d){a=Error(q("":"",d,a,c));a.attribution=q("":"",this.attribution,b);throw a;},guardError:U(),guardFatal:U(""FATAL""),guardCurrent:function(a){var b=y[y.length-1];return b?U(b.logLevel,b).call(this,a):a},log:function(a,b,c){return this.logError(null,a,b,c)},declare:A([],!0,!0,!0),register:A([],!0),execute:A([]),AUI_BUILD_DATE:""3.18.16-2018-12-25"",when:ea(),now:ea(!0),trigger:function(a,b,c){var d=M();this.declare(a,{data:b,pageElapsedTime:d-(g.aPageStart||
NaN),triggerTime:d});c&&c.instrument&&D.when(""prv:a-logTrigger"").execute(function(b){b(a)})},handleTriggers:function(){this.log(""handleTriggers deprecated"")},attributeErrors:function(a){return new I(a)},_namespace:function(a,b){return new I(a,b)}};var r=F(g,""AmazonUIPageJS"",new I);D=r._namespace(""PageJS"",""AmazonUI"");D.declare(""prv:p-debug"",da);r.declare(""p-recorder-events"",[]);r.declare(""p-recorder-stop"",function(){});F(g,""P"",r);fa();if(h.addEventListener){var la;h.addEventListener(""DOMContentLoaded"",
la=function(){r.trigger(""a-domready"");h.removeEventListener(""DOMContentLoaded"",la,!1)},!1)}var m=h.documentElement,W=function(){var a=[""O"",""ms"",""Moz"",""Webkit""],b=h.createElement(""div"");return{testGradients:function(){b.style.cssText=""background-image:-webkit-gradient(linear,left top,right bottom,from(#9f9),to(white));background-image:-webkit-linear-gradient(left top,#9f9,white);background-image:linear-gradient(left top,#9f9,white);"";return-1<b.style.backgroundImage.indexOf(""gradient"")},test:function(c){var d=
c.charAt(0).toUpperCase()+c.substr(1);c=(a.join(d+"" "")+d+"" ""+c).split("" "");for(d=c.length;d--;)if(""""===b.style[c[d]])return!0;return!1},testTransform3d:function(){var a=!1;g.matchMedia&&(a=g.matchMedia(""(-webkit-transform-3d)"").matches);return a}}}(),u=m.className,ma=/(^| )a-mobile( |$)/.test(u),na=/(^| )a-tablet( |$)/.test(u),n={audio:function(){return!!h.createElement(""audio"").canPlayType},video:function(){return!!h.createElement(""video"").canPlayType},canvas:function(){return!!h.createElement(""canvas"").getContext},
svg:function(){return!!h.createElementNS&&!!h.createElementNS(""http://www.w3.org/2000/svg"",""svg"").createSVGRect},offline:function(){return navigator.hasOwnProperty&&navigator.hasOwnProperty(""onLine"")&&navigator.onLine},dragDrop:function(){return""draggable""in h.createElement(""span"")},geolocation:function(){return!!navigator.geolocation},history:function(){return!(!g.history||!g.history.pushState)},webworker:function(){return!!g.Worker},autofocus:function(){return""autofocus""in h.createElement(""input"")},
inputPlaceholder:function(){return""placeholder""in h.createElement(""input"")},textareaPlaceholder:function(){return""placeholder""in h.createElement(""textarea"")},localStorage:function(){return""localStorage""in g&&null!==g.localStorage},orientation:function(){return""orientation""in g},touch:function(){return""ontouchend""in h},gradients:function(){return W.testGradients()},hires:function(){var a=g.devicePixelRatio&&1.5<=g.devicePixelRatio||g.matchMedia&&g.matchMedia(""(min-resolution:144dpi)"").matches;v(""hiRes""+
(ma?""Mobile"":na?""Tablet"":""Desktop""),a?1:0);return a},transform3d:function(){return W.testTransform3d()},touchScrolling:function(){return l(/Windowshop|android.([3-9]|[L-Z])|OS ([5-9]|[1-9][0-9]+)(_[0-9]{1,2})+ like Mac OS X|Chrome|Silk|Firefox|Trident.+?; Touch/i)},ios:function(){return l(/OS [1-9][0-9]*(_[0-9]*)+ like Mac OS X/i)&&!l(/trident|Edge/i)},android:function(){return l(/android.([1-9]|[L-Z])/i)&&!l(/trident|Edge/i)},mobile:function(){return ma},tablet:function(){return na}},p;for(p in n)n.hasOwnProperty(p)&&
(n[p]=ha(n[p]));for(var X=""textShadow textStroke boxShadow borderRadius borderImage opacity transform transition"".split("" ""),N=0;N<X.length;N++)n[X[N]]=ha(function(){return W.test(X[N])});var K=!0,ia=0,V={w:0,h:0},L=4;J();x(g,""resize"",function(){clearTimeout(ia);L=4;J()});var oa={getItem:function(a){try{return g.localStorage.getItem(a)}catch(b){}},setItem:function(a,b){try{return g.localStorage.setItem(a,b)}catch(c){}}};ga(m,""a-no-js"");C(m,""a-js"");!l(/OS [1-8](_[0-9]*)+ like Mac OS X/i)||g.navigator.standalone||
l(/safari/i)||C(m,""a-ember"");u=[];for(p in n)n.hasOwnProperty(p)&&n[p]&&u.push(""a-""+p.replace(/([A-Z])/g,function(a){return""-""+a.toLowerCase()}));C(m,u.join("" ""));m.setAttribute(""data-aui-build-date"",""3.18.16-2018-12-25"");r.register(""p-detect"",function(){return{capabilities:n,localStorage:n.localStorage&&oa,toggleResponsiveGrid:ua,responsiveGridEnabled:va}});l(/UCBrowser/i)||n.localStorage&&C(m,oa.getItem(""a-font-class""));r.declare(""a-event-revised-handling"",!1);var E=navigator.serviceWorker;E&&x(E,
""message"",function(a){a&&a.data&&v(a.data.k,a.data.v)});p={reg:{},unreg:{}};p.unreg.browser={action:function(a,b){var c=E.getRegistrations();c&&c.then(function(c){c.forEach(function(c){c.unregister().then(function(){v(a+""success"")}).catch(function(c){r.logError(c,""[AUI SW] Failed to ""+b+"" service worker: "");v(a+""failure"")})})})}};(function(a){var b=a.reg,c=a.unreg;E&&E.getRegistrations?(D.when(""A"",""a-util"").execute(function(a,b){ja(a,b,c,""unregister"")}),x(g,""load"",function(){D.when(""A"",""a-util"").execute(function(a,
c){ja(a,c,b,""register"")})})):(b&&(b.browser&&k(t(""register"",""browser"")+""unsupported""),b.prodMshop&&k(t(""register"",""prod_mshop"")+""unsupported""),b.betaMshop&&k(t(""register"",""beta_mshop"")+""unsupported"")),c&&(c.browser&&k(t(""unregister"",""browser"")+""unsupported""),c.prodMshop&&k(t(""unregister"",""prod_mshop"")+""unsupported""),c.betaMshop&&k(t(""unregister"",""beta_mshop"")+""unsupported"")))})(p);r.declare(""a-fix-event-off"",!1);v(""pagejs:pkgExecTime"",B()-NaN)})(window,document,Date);
(window.AmazonUIPageJS ? AmazonUIPageJS : P).when('sp.load.js').execute(function() {
  (window.AmazonUIPageJS ? AmazonUIPageJS : P).load.js('https://images-na.ssl-images-amazon.com/images/I/61o5HuBKUHL._RC|11IYhapguOL.js,61VQRvc280L.js,21iSNz47xoL.js,012FVc3131L.js,119KAWlHU6L.js,31fv8bqHLoL.js,31ReKJl2X6L.js,51WivJzk7vL.js,11AHlQhPRjL.js,01NATrwbNUL.js,11aNYFFS5hL.js,116tgw9TSaL.js,21auxuI+dRL.js,01PoLXBDXWL.js,61GDyZ5kYqL.js,01mi-J86cyL.js,11BOgvnnntL.js,31SG6rlHlbL.js,01rpauTep4L.js,01iyxuSGj4L.js,01XI-Ief5sL.js_.js?AUIClients/AmazonUI#168183-T1.177619-T1.144375-T1');
});


.nav-sprite-v1 .nav-sprite, .nav-sprite-v1 .nav-icon {
  background-image: url(https://images-na.ssl-images-amazon.com/images/G/01/gno/sprites/nav-sprite-global_bluebeacon-V3-1x_optimized._CB483188077_.png);
  background-position: 0 1000px;
  background-repeat: repeat-x;
}
.nav-spinner {
  background-image: url(https://images-na.ssl-images-amazon.com/images/G/01/javascripts/lib/popover/images/snake._CB192571611_.gif);
  background-position: center center;
  background-repeat: no-repeat;
}
.nav-timeline-icon, .nav-access-image, .nav-timeline-prime-icon {
  background-image: url(https://images-na.ssl-images-amazon.com/images/G/01/gno/sprites/timeline_sprite_1x._CB276239408_.png);
  background-repeat: no-repeat;
}





.ap_popover_unsprited .ap_body .ap_left{background-image:url(https://images-na.ssl-images-amazon.com/images/G/01/javascripts/lib/popover/images/po_left_17._V1_.png)}.ap_popover_unsprited .ap_body .ap_right{background-image:url(https://images-na.ssl-images-amazon.com/images/G/01/javascripts/lib/popover/images/po_right_17._V1_.png)}.ap_popover_unsprited .ap_header .ap_left{background-image:url(https://images-na.ssl-images-amazon.com/images/G/01/javascripts/lib/popover/images/po_top_left._V1_.png)}.ap_popover_unsprited .ap_header .ap_right{background-image:url(https://images-na.ssl-images-amazon.com/images/G/01/javascripts/lib/popover/images/po_top_right._V1_.png)}.ap_popover_unsprited .ap_header .ap_middle{background-image:url(https://images-na.ssl-images-amazon.com/images/G/01/javascripts/lib/popover/images/po_top._V1_.png)}.ap_popover_unsprited .ap_footer .ap_left{background-image:url(https://images-na.ssl-images-amazon.com/images/G/01/javascripts/lib/popover/images/po_bottom_left._V1_.png)}.ap_popover_unsprited .ap_footer .ap_right{background-image:url(https://images-na.ssl-images-amazon.com/images/G/01/javascripts/lib/popover/images/po_bottom_right._V1_.png)}.ap_popover_unsprited .ap_footer .ap_middle{background-image:url(https://images-na.ssl-images-amazon.com/images/G/01/javascripts/lib/popover/images/po_bottom._V1_.png)}.ap_popover_sprited .ap_body .ap_left,.ap_popover_sprited .ap_body .ap_right{background-image:url(https://images-na.ssl-images-amazon.com/images/G/01/javascripts/lib/popover/images/light/sprite-v._V1_.png)}.ap_popover_sprited .ap_closebutton,.ap_popover_sprited .ap_footer .ap_left,.ap_popover_sprited .ap_footer .ap_middle,.ap_popover_sprited .ap_footer .ap_right,.ap_popover_sprited .ap_header .ap_left,.ap_popover_sprited .ap_header .ap_middle,.ap_popover_sprited .ap_header .ap_right{background-image:url(https://images-na.ssl-images-amazon.com/images/G/01/javascripts/lib/popover/images/light/sprite-h._V1_.png)}.ap_popover_sprited .ap_body .ap_left-arrow,.ap_popover_sprited .ap_body .ap_right-arrow{background-image:url(https://images-na.ssl-images-amazon.com/images/G/01/javascripts/lib/popover/images/light/sprite-arrow-v._V1_.png)}.ap_popover{position:absolute;outline:0}.ap_body{height:100%;min-height:36px;position:relative;background-color:#fff;margin:0 17px}.ap_body .ap_left,.ap_popover_sprited .ap_body .ap_left-arrow{width:17px;height:100%;position:absolute;top:0;left:-17px;background-attachment:scroll;background-repeat:repeat-y}.ap_popover_sprited .ap_body .ap_left{background-position:0 top}.ap_body .ap_right,.ap_popover_sprited .ap_body .ap_right-arrow{width:17px;height:100%;position:absolute;top:0;right:-17px;background-attachment:scroll;background-repeat:repeat-y}.ap_popover_sprited .ap_body .ap_right{background-position:-51px top}.ap_footer,.ap_header{position:relative;width:100%}.ap_footer *,.ap_header *{height:26px}.ap_header .ap_left{position:absolute;top:0;left:0;width:34px;background-attachment:scroll;background-repeat:no-repeat}.ap_popover_sprited .ap_header .ap_left{background-position:left -2px}.ap_header .ap_right{width:34px;position:absolute;top:0;right:0;background-attachment:scroll;background-repeat:no-repeat}.ap_popover_sprited .ap_header .ap_right{background-position:right -2px}.ap_header .ap_middle{margin:0 34px;background-attachment:scroll;background-repeat:repeat-x}.ap_popover_sprited .ap_header .ap_middle{background-position:0 -70px}.ap_footer .ap_left{position:absolute;top:0;left:0;width:34px;background-attachment:scroll;background-repeat:no-repeat}.ap_popover_sprited .ap_footer .ap_left{background-position:left -40px}.ap_footer .ap_right{width:34px;position:absolute;top:0;right:0;background-attachment:scroll;background-repeat:no-repeat}.ap_popover_sprited .ap_footer .ap_right{background-position:right -40px}.ap_footer .ap_middle{margin:0 34px;background-attachment:scroll;background-repeat:repeat-x}.ap_popover_sprited .ap_footer .ap_middle{background-position:0 -108px}.ap_popover .ap_titlebar{display:none;position:absolute;left:0;top:0;background-color:#EAF3FE;border-bottom:1px solid #C2DDF2;font-size:14px;font-weight:700;margin:8px 18px;white-space:nowrap;overflow:hidden}.ap_popover .ap_titlebar.multiline{white-space:normal;overflow:visible}.ap_popover .ap_titlebar .ap_title{padding:4px 0;margin-left:10px;overflow:hidden}#ap_overlay,#ap_overlay div{background-color:#3F4C58;width:100%;position:absolute;top:0;left:0;z-index:99}.ap_popover .ap_close{position:absolute;right:18px;top:13px}.ap_popover .ap_close a{padding:5px;text-decoration:none;outline:0}.ap_popover .ap_close .ap_closetext{display:none;margin-right:5px;line-height:1em}.ap_popover .ap_closebutton{display:-moz-inline-box;display:inline-block;width:15px;height:15px;background-repeat:no-repeat;background-position:0 -136px;position:relative;overflow:hidden;vertical-align:top}.ap_popover .ap_closebutton span{position:absolute;top:-9999px}.ap_popover .ap_close img{vertical-align:top}.ap_classic{border-top:1px solid #ccc;border-left:1px solid #ccc;border-bottom:1px solid #2F2F1D;border-right:1px solid #2F2F1D;background-color:#EFEDD4;padding:3px}.ap_classic .ap_titlebar{color:#86875D;font-size:12px;padding:0 0 3px 0;line-height:1em}.ap_classic .ap_close{float:right}.ap_classic .ap_content{clear:both;background-color:#fff;border:1px solid #ACA976;padding:8px;font-size:11px}



(function(d,b,m){function c(a){return""--private-amznjqshim-""+a}function e(a,l){var b=c(l);d.now(b).execute(c(a+""-""+b)+""-""+f++,function(a){void 0===a&&d.declare(b,!0)})}function h(a){e(""markRequested"",""functionality-requested:""+a)}function g(a){e(""completedStage"",""stage-""+a)}b.goN2Debug||(b.goN2Debug={info:function(){}});""use strict"";var f=0,k=b.amznJQ=new function(){this.addLogical=this.addStyle=this.addStyles=this.PLNow=this.windowOnLoad=function(){};this.declareAvailable=function(a){e(""declaring"",
a)};this.available=function(a,b){a=c(a);h(a);d.when(a,c(""jQuery"")).execute(c(""available-""+a)+""-""+f++,b)};this.onReady=function(a,b){a=c(a);h(a);d.when(a,""a-domready"",c(""jQuery"")).execute(c(""onReady-""+a)+""-""+f++,b)};this.onCompletion=function(a,b){var e=c(""stage-""+a);d.when(e,c(""jQuery"")).execute(b)};this.completedStage=function(a){g(a)};this.addPL=function(a){d.when(""a-preload"").execute(c(""Preloader"")+""-""+f++,function(b){b.preload(a)})};this.strings={};this.chars={}};d.when(""load"").execute(c(""fail-safe-stages""),
function(){g(""amznJQ.theFold"");g(""amznJQ.criticalFeature"")});d.when(""jQuery"").execute(""define amznJQ jQuery"",function(a){b.jQuery||(b.jQuery=a);k.jQuery||(k.jQuery=a);e(""declaring"",""jQuery"")})})(window.P||window.AmazonUIPageJS,window,document);
(window.AmazonUIPageJS ? AmazonUIPageJS : P).when('atf').execute(function(){
  (window.AmazonUIPageJS ? AmazonUIPageJS : P).load.js('https://images-na.ssl-images-amazon.com/images/I/417QjYmMtBL.js?AUIClients/AmazonPopoversAUIShim#us');
  (window.AmazonUIPageJS ? AmazonUIPageJS : P).load.js('https://images-na.ssl-images-amazon.com/images/I/31gnJjWvxPL._RC|21e71NrLt3L.js,11Ze1YhMgJL.js,21Wa0ZZVAmL.js,21lOtnkorWL.js,51CysS8km3L.js,21+4XneTXRL.js,517mD4yoL3L.js,31g6QUCju5L.js,01AdYLY9rHL.js,0185ITV0M6L.js,41+MVzL0WbL.js,01Gx8DhrplL.js,011qZnP-NfL.js,11ZdiaYG8gL.js,71p9tWQsHsL.js,01OrQ5AXqsL.js,31UjTApGOPL.js,01LHJt5PiyL.js,11B9yJN+bnL.js,31Ac-cQ+ZWL.js,01fEkjo0KKL.js,01HmcbFsnFL.js,01-Sz0ff1pL.js,11WBo+4152L.js,11MQqFPEK+L.js,11G4c43OZvL.js,11gAPPElxuL.js,01X2zigX4kL.js,01OtvpwikQL.js,31qpl48GBDL.js,01qXU4-2A0L.js,01ZF+ovNflL.js,31RMOYNJSHL.js,517jAXjzzNL.js,210mdW2-ZEL.js,21mymEONFtL.js,61+TkNaM7yL.js,515EXqsrGfL.js,21OJDARBhQL.js,41s+OBPxTPL.js,01IWUb29Q4L.js,01qPwv8D5hL.js,01JzE3-DfLL.js,01YivelYW5L.js,016QFWAAdML.js,017s5z---TL.js,51ldtX6xp6L.js,21w43LSQ1-L.js,01FOcSLtmBL.js_.js?AUIClients/USSoftlinesDetailPageMetaAsset_TURBO_DESKTOP#desktop.us.164772-T1.141052-T1.167162-T1.111960-T1.146883-T1.151985-T1.136850-T1.153662-T1.103061-T1.123392-T1.186073-T2.131900-T1.184660-C.162909-C.126331-T1.156391-T1.179985-T1.87783-T2.127140-T1.147075-T1.159402-T1.108343-T1.109378-T1.143147-T1.147957-T1.154031-T1.171818-T1');
});

{""deviceType"":""web""}
{""widgetSchema"":""dp:widget:"",""dimensionSchema"":""dp:dims:""}


  #cm_cr_dpwidget .a-size-micro {
    font-size: 9px;
  } 

  #cm_cr_dpwidget .c7yTopDownDashedStrike {
    border-top: 1px dashed #A9A9A9;
    border-bottom: 1px dashed #A9A9A9;
  }

  #cm_cr_dpwidget .c7yBadgeAUI {
    text-transform: uppercase;
    letter-spacing: 0.5px;
    padding: 2px;
    white-space: nowrap;
  }


.nav-sprite-v1 .nav-sprite, .nav-sprite-v1 .nav-icon {
  background-image: url(https://images-na.ssl-images-amazon.com/images/G/01/gno/sprites/nav-sprite-global_bluebeacon-V3-1x_optimized._CB483188077_.png);
  background-position: 0 1000px;
  background-repeat: repeat-x;
}
.nav-spinner {
  background-image: url(https://images-na.ssl-images-amazon.com/images/G/01/javascripts/lib/popover/images/snake._CB192571611_.gif);
  background-position: center center;
  background-repeat: no-repeat;
}
.nav-timeline-icon, .nav-access-image, .nav-timeline-prime-icon {
  background-image: url(https://images-na.ssl-images-amazon.com/images/G/01/gno/sprites/timeline_sprite_1x._CB276239408_.png);
  background-repeat: no-repeat;
}

@media screen and (-webkit-min-device-pixel-ratio:0) {
    #shipToAUIButton .a-dropdown-prompt { display:inline-block; width:120px; overflow:hidden; text-overflow:ellipsis;  }
}
#rhf .cBoxTL, #rhf .cBoxTR, #rhf .cBoxBL, #rhf .cBoxBR { background-image:url(https://images-na.ssl-images-amazon.com/images/G/01/common/sprites/sprite-site-wide-2._CB146303866_.png); }
.swSprite { display: -moz-inline-box; display: inline-block; margin: 0;padding: 0; position: relative; overflow: hidden; vertical-align: middle; background-image: url(https://images-na.ssl-images-amazon.com/images/G/01/common/sprites/sprite-site-wide._CB377386094_.png); background-repeat: no-repeat; }
.swSprite span { position: absolute; left: -9999px; }
.sims-popunder{background:url(https://images-na.ssl-images-amazon.com/images/G/01/nav2/images/sims_atc_205px._V376380388_.png) no-repeat scroll left bottom transparent;min-height:256px}
.rhfWrapper .shoveler .back-button a .bg-image, .rhfWrapper .shoveler .next-button a .bg-image, .rhfWrapper .shoveler div.disabled-button { background-image: url(https://images-na.ssl-images-amazon.com/images/G/01/common/sprites/sprite-site-wide._CB377386094_.png); }
.rhfWrapper .shoveler .next-button a .bg-image {  background-position: -60px -80px;background-color: white;}
.rhfWrapper .shoveler .back-button a .bg-image { background-position: -30px -80px; background-color: white;}
.auiTestSprite { background: url(https://images-na.ssl-images-amazon.com/images/G/01/nav2/images/sprite-carousel-btns-stars2._CB376388587_.png) no-repeat scroll 0 0 transparent; }

  .simsWrapper .shoveler ul { height: 218px; }
  .apparel .simsWrapper .shoveler ul { height: 318px;}

#twister .swatches li.swatchSelect .arrow { background:url(https://images-na.ssl-images-amazon.com/images/G/01/twister/images/down-arrow-shadow-v2._CB267603003_.png) no-repeat center top; }
#twister .swatches li.swatchUnavailableHover .xoverlay  { background: url(https://images-na.ssl-images-amazon.com/images/G/01/twister/images/swatches._CB146859256_.png) repeat -54px -64px; }
#twisterPopover .twisterPopoverArrow { background:url(https://images-na.ssl-images-amazon.com/images/G/01/gateway/csw/tri-down._CB155542082_.png)no-repeat 11px 0; }
#wishlist-dropdown-content .s_plus { background:url(https://images-na.ssl-images-amazon.com/images/G/01/common/sprites/sprite-dp-2._CB384267953_.png) no-repeat scroll -140px -540px transparent; }
#fg_sizing_tabs { background:transparent url(https://images-na.ssl-images-amazon.com/images/G/01/apparel/rcxgs/tabs/tab-border._CB192207177_.gif) repeat-x scroll left bottom; }
#fg_sizing_tabs li { background:transparent url(https://images-na.ssl-images-amazon.com/images/G/01/apparel/rcxgs/tabs/tab-unselected-left._CB192207176_.gif) no-repeat scroll left top; }
#fg_sizing_tabs li div { background:transparent url(https://images-na.ssl-images-amazon.com/images/G/01/apparel/rcxgs/tabs/tab-unselected-right._CB192207176_.gif) no-repeat scroll right top; }
#fg_sizing_tabs li div.last { background-image:url(https://images-na.ssl-images-amazon.com/images/G/01/apparel/rcxgs/tabs/tab-unselected-right-last._CB192207179_.gif); }
#fg_sizing_tabs li.fg_highlight { background-image:url(https://images-na.ssl-images-amazon.com/images/G/01/apparel/rcxgs/tabs/tab-selected-left._CB192207176_.gif); }
#fg_sizing_tabs li.fg_highlight div { background-image:url(https://images-na.ssl-images-amazon.com/images/G/01/apparel/rcxgs/tabs/tab-selected-right._CB192207176_.gif); }
#fg_sizing_tabs li.fg_highlight div.last { background-image:url(https://images-na.ssl-images-amazon.com/images/G/01/apparel/rcxgs/tabs/tab-selected-right-last._CB192207176_.gif); }

#detailpage-click2call .c2c-phone-icon { background-image:url(https://images-na.ssl-images-amazon.com/images/G/01/electronics/click2call/click2call-sprite._CB156431432_.png); background-repeat:no-repeat; background-position: 0px 0px; width:57px; height:57px; margin-right:6px; }
.cmtySprite { background-image: url(https://images-na.ssl-images-amazon.com/images/G/01/common/sprites/sprite-communities._CB320811603_.png); background-repeat: no-repeat; }


  
    .tagEdit {
      padding-bottom:4px;
      padding-top:4px;
    }

    .edit-tag {
      width: 155px;
      margin-left: 10px;
    }

    .list-tags {
      white-space: nowrap;
      padding: 1px 0px 0px 0px;
    }

   #suggest-table {
      display: none;
      position: absolute;
      z-index: 2;
      background-color: #fff;
      border: 1px solid #9ac;
    }

    #suggest-table tr td{
      color: #333;
      font: 11px Verdana, sans-serif;
      padding: 2px;
    }

    #suggest-table tr.hovered {
      color: #efedd4;
      background-color: #9ac;
    }

  
  .see-popular {
    padding: 1.3em 0 0 0;
  }

  .tag-cols {
    border-collapse: collapse;
  }

  .tag-cols td {
    vertical-align: top;
    width: 250px;
    padding-right: 30px;
  }

  .tag-cols .tag-row {
    padding: 0 0 7px 0px;
  }

  .tag-cols .see-all {
    white-space: nowrap;
    padding-top: 5px;
  }

  .tags-piles-feedback {
    display: none;
    color: #000;
    font-size: 0.9em;
    font-weight: bold;
    margin: 0px 0 0 0;
   }

  .tag-cols i {
    display: none;
    cursor: pointer;
    cursor: hand;
    float: left;
    font-style: normal;
    font-size: 0px;
    vertical-align: bottom;
    width: 16px;
    height: 16px;
    margin-top: 1px;
    margin-right: 3px;
  }

  .tag-cols .snake {
    display: block;
    background: url('https://images-na.ssl-images-amazon.com/images/G/01/x-locale/communities/tags/graysnake._CB192250049_.gif');
  }

  #tagContentHolder .tip {
    display: none;
    color: #999;
    font-size: 10px;
    padding-top: 0.25em;
  }

  #tagContentHolder .tip a {
    color: #999 !important;
    text-decoration: none !important;
    border-bottom: solid 1px #CCC;
  }

  .nowrap {
    white-space: nowrap;
  }

  #tgEnableVoting {
    display: none;
  }

  #tagContentHolder .count {
    color: #666;
    font-size: 10px;
    margin-left: 3px;
    white-space: nowrap;
  }

  .count.tgVoting {
    cursor: pointer;
  }

  .tgVoting .tgCounter {
    margin-right: 3px;
    border-bottom: 1px dashed #003399;
    color: #003399;
  }


.c2c-inline-sprite {
    display: -moz-inline-box;
    display: inline-block;
    margin: 0;padding: 0; 
    position: relative;
    overflow: hidden;
    vertical-align: middle;
    background-image: url(https://images-na.ssl-images-amazon.com/images/G/01/electronics/click2call/click2call-sprite._CB156431432_.png);
    background-repeat: no-repeat;
}
.c2c-inline-sprite span {
    position:absolute;
    top:-9999px;
}

.dp-call-me-button {
    width:52px;
    height:22px;
    background-position:0px -57px; 
}



<!--
function amz_js_PopWin(url,name,options){
  var ContextWindow = window.open(url,name,options);
  ContextWindow.focus();
  return false;
}
//-->






Amazon.com: Wizard Of Oz Scarecrow Romper Costume: Clothing


// =============================================================================
// Function Class: Show/Hide product promotions & special offers link
// =============================================================================

function showElement(id) {
  var elm = document.getElementById(id);
  if (elm) {
    elm.style.visibility = 'visible';
    if (elm.getAttribute('name') == 'heroQuickPromoDiv') {
      elm.style.display = 'block';
    }
  }
}
function hideElement(id) {
  var elm = document.getElementById(id);
  if (elm) {
    elm.style.visibility = 'hidden';
    if (elm.getAttribute('name') == 'heroQuickPromoDiv') {
      elm.style.display = 'none';
    }
  }
}
function showHideElement(h_id, div_id) {
  var hiddenTag = document.getElementById(h_id);
  if (hiddenTag) {
    showElement(div_id);
  } else {
    hideElement(div_id);
  }
}

    if(typeof P === 'object' && typeof P.when === 'function'){
    P.register(""isLazyLoadWeblabEnabled"", function(){
        var  isWeblabEnabled = 1;
        return isWeblabEnabled;
      });
    }

	window.isBowserFeatureCleanup = 0;
	
var touchDeviceDetected = false;


        P.when('atf').register('sp.load.js');


var CSMReqs={af:{c:2,p:'atf'},cf:{c:2,p:'cf'},x1:{c:1,p:'x1'},x2:{c:1,p:'x2'}};
function setCSMReq(a){
    a=a.toLowerCase();
    var b=CSMReqs[a];
    if(b&&--b.c==0){
        if(typeof uet=='function'){uet(a); (a == 'af') && (typeof replaceImg === 'function') && replaceImg();};
        if(typeof P != 'undefined'){
            P.register(b.p);
            if(a == 'af') {
                if(typeof uet === 'function') {
                    uet('bb', 'TwisterAUIWait', {wb: 1});
                }
            }
        };
    }
}
if(typeof P != 'undefined') {
    P.when('A').execute(function(A) {
        if(typeof uet === 'function') {
            uet('af', 'TwisterAUIWait', {wb: 1});
        }
    });
}

var addlongPoleTag = function(marker,customtag){
    marker=marker.toLowerCase();
    var b=CSMReqs[marker];
    if(b.c == 0){
        if(window.ue && typeof ue.tag === 'function') {
            ue.tag(customtag);
        }
    }
};
;(function(_onerror){
  var old_error_handler = _onerror;
  var attributionMap = {
          ""BrowserAddon"":{
            logLevel: ""ERROR"",
            files:[
                /^res:\/\//, 
                /^resource:\/\//, /^chrome:\/\//, 
                /^chrome-extension:\/\//, /^extensions\//, 
                /^file:\/\/\//, /^chrome\/RendererExtensionBindings/, 
                /^plugin\/amazon_com_detail\.js/, 
                /^miscellaneous_bindings/, 
              
                // plugin in china
                /^http.?:\/\/([^\s\.]+\.)*qhimg\.com/,
              
                // plugin in India
                /^http.?:\/\/([^\s\.]+\.)*datafastguru\.info/,

                /^http.?:\/\/sc1\.checkpoint\.com\/dev\/abine\/scripts\/inject\.js/,

                /^http.?:\/\/([^\s\.]+\.)*image2play\.com/,

                /^http.?:\/\/([^\s\.]+\.)*wajam\.com/,

                /^http.?:\/\/([^\s\.]+\.)*ydstatic\.com/,

		/^https?:\/\/([^\s\.]+\.)*googleapis\.com\/ajax\/libs\/jquery/,

		/^https?:\/\/www\.superfish\.com\/ws/,

		/^https?:\/\/api.imideo.com\/v2/,

		/^https?:\/\/minibar.iminent.com/,

		/^https?:\/\/translate.googleusercontent.com/,
	
		/^includes\/helper/
            ]
          }
  };

    function findMatch(f){
	for(var attribution in attributionMap){
	    var i=0;
	    var attributionValue = attributionMap[attribution];
	    var files = attributionValue['files'];
	    while(files[i]){
		if(f.match(files[i])){
	            var exception={};
		    exception.attribution = attribution;
		    if(attributionValue.hasOwnProperty(""logLevel"")){
			exception.logLevel = attributionValue['logLevel'];	
		    }
		return exception;
           	}
		i++;
	    }
        }
	return null;
    }


    function dpOnErrorOverride(message, file, line, col, error){
     var matchingErrorFound = false;
     if(typeof file == ""string""){
        try{
	    var jsException = findMatch(file);
	    if(jsException && typeof jsException === ""object""){
                jsException.m =  message;
                jsException.f = file;
                jsException.l = line;
                jsException.c =  """" + (col || """");
                jsException.err =  error;
                jsException.fromOnError = 1;
                jsException.args = arguments;
                if(window.ueLogError){
               	    window.ueLogError(jsException);
		    matchingErrorFound = true;
		    if(ue && ue.count){
		        ue.count(""dpJavascriptAffectedErrors"", (ue.count(""dpJavascriptAffectedErrors"") || 0) + 1);
		        ue.count(""dpJSError"" + jsException.attribution, (ue.count(""dpJSError"" + jsException.attribution) || 0) + 1);
		    }
	        }
            }
	}catch(exception){
	    if(window.ueLogError){
	        window.ueLogError(exception,{message: ""dpOnErrorOverride: error occurred - "", logLevel:""FATAL""});
	    }
	}
    }
	if(!matchingErrorFound){ 
          old_error_handler.apply(this, arguments);
	}
        return false;
    }

      dpOnErrorOverride.skipTrace = 1;
      window.onerror = dpOnErrorOverride;
    })(window.onerror);


var gbEnableTwisterJS  = 0;
var isTwisterPage = 0;
  isTwisterPage = 1;



/* Override for Native DropDown changes */
       #buybox_feature_div .a-native-dropdown, #buybox .a-native-dropdown { opacity: 1; filter: alpha(opacity=100); z-index: auto; position: static; display: inline; font-weight: normal;}
       #buybox_feature_div label.a-native-dropdown, #buybox label.a-native-dropdown {padding-right: 5px;}
       #buybox_feature_div .a-dropdown-container .a-button-dropdown, #buybox .a-dropdown-container .a-button-dropdown  { display: none !important;}
     #buybox_feature_div #OneClickBox, #buybox #OneClickBox { text-align:center;}
     #buybox_feature_div #oneClickAvailable, #buybox #oneClickAvailable { text-align:center;}
     #defaultChildDropdown_feature_div .a-native-dropdown { display: inline;}
     #defaultChildDropdown_feature_div .a-dropdown-container .a-button-dropdown { display: none !important;}





P.when(""p-detect"").execute(function() {
    var h = document.documentElement;
    h.className = h.className.replace(/(^|\b)a-touch(\b|$)/g,"""");
});

window.weblabs = {};




window.ue_ihe = (window.ue_ihe || 0) + 1;
if (window.ue_ihe === 1) {
(function(e,c){function h(b,a){f.push([b,a])}function g(b,a){if(b){var c=e.head||e.getElementsByTagName(""head"")[0]||e.documentElement,d=e.createElement(""script"");d.async=""async"";d.src=b;d.setAttribute(""crossorigin"",""anonymous"");a&&a.onerror&&(d.onerror=a.onerror);a&&a.onload&&(d.onload=a.onload);c.insertBefore(d,c.firstChild)}}function k(){ue.uels=g;for(var b=0;b<f.length;b++){var a=f[b];g(a[0],a[1])}ue.deffered=1}var f=[];c.ue&&(ue.uels=h,c.ue.attach&&c.ue.attach(""load"",k))})(document,window);
(function(k,l,g){function m(a){c||(c=b[a.type].id,""undefined""===typeof a.clientX?(e=a.pageX,f=a.pageY):(e=a.clientX,f=a.clientY),2!=c||h&&(h!=e||n!=f)?(r(),d.isl&&l.setTimeout(function(){p(""at"",d.id)},0)):(h=e,n=f,c=0))}function r(){for(var a in b)b.hasOwnProperty(a)&&d.detach(a,m,b[a].parent)}function s(){for(var a in b)b.hasOwnProperty(a)&&d.attach(a,m,b[a].parent)}function t(){var a="""";!q&&c&&(q=1,a+=""&ui=""+c);return a}var d=k.ue,p=k.uex,q=0,c=0,h,n,e,f,b={click:{id:1,parent:g},mousemove:{id:2,
parent:g},scroll:{id:3,parent:l},keydown:{id:4,parent:g}};d&&p&&(s(),d._ui=t)})(ue_csm,window,document);



    if (window.ue && window.ue.uels) {
            var cel_widgets = [ { ""c"":""celwidget"" },{ ""c"":""feature"" } ];

                ue.uels(""https://images-na.ssl-images-amazon.com/images/G/01/AUIClients/ClientSideMetricsAUIJavascript@jserrorsForester.10f2559e93ec589d92509318a7e2acbac74c343a._V2_.js"");
    }

(function(k,c){function l(a,b){return a.filter(function(a){return a.initiatorType==b})}function f(a,c){if(b.t[a]){var g=b.t[a]-b._t0,e=c.filter(function(a){return 0!==a.responseEnd&&m(a)<g}),f=l(e,""script""),h=l(e,""link""),k=l(e,""img""),n=e.map(function(a){return a.name.split(""/"")[2]}).filter(function(a,b,c){return a&&c.lastIndexOf(a)==b}),q=e.filter(function(a){return a.duration<p}),s=g-Math.max.apply(null,e.map(m))<r|0;""af""==a&&(b._afjs=f.length);return a+"":""+[e[d],f[d],h[d],k[d],n[d],q[d],s].join(""-"")}}
function m(a){return a.responseEnd-(b._t0-c.timing.navigationStart)}function n(){var a=c[h](""resource""),d=f(""cf"",a),g=f(""af"",a),a=f(""ld"",a);delete b._rt;b._ld=b.t.ld-b._t0;b._art&&b._art();return[d,g,a].join(""_"")}var p=20,r=50,d=""length"",b=k.ue,h=""getEntriesByType"";b._rre=m;b._rt=c&&c.timing&&c[h]&&n})(ue_csm,window.performance);


(function(s,l){function m(b,e,c){c=c||new Date(+new Date+t);c=""expires=""+c.toUTCString();n.cookie=b+""=""+e+"";""+c+"";path=/""}function p(b){b+=""="";for(var e=n.cookie.split("";""),c=0;c<e.length;c++){for(var a=e[c];"" ""==a.charAt(0);)a=a.substring(1);if(0===a.indexOf(b))return decodeURIComponent(a.substring(b.length,a.length))}return""""}function q(b,e,c){if(!e)return b;-1<b.indexOf(""{"")&&(b="""");for(var a=b.split(""&""),f,d=!1,h=!1,g=0;g<a.length;g++)f=a[g].split("":""),f[0]==e?(!c||d?a.splice(g,1):(f[1]=c,a[g]=
f.join("":"")),h=d=!0):2>f.length&&(a.splice(g,1),h=!0);h&&(b=a.join(""&""));!d&&c&&(0<b.length&&(b+=""&""),b+=e+"":""+c);return b}var k=s.ue||{},t=6048E7,n=ue_csm.document||l.document,r=null,d;a:{try{d=l.localStorage;break a}catch(u){}d=void 0}k.count&&k.count(""csm.cookieSize"",document.cookie.length);k.cookie={get:p,set:m,updateCsmHit:function(b,e,c){try{var a;if(!(a=r)){var f;a:{try{if(d&&d.getItem){f=d.getItem(""csm-hit"");break a}}catch(k){}f=void 0}a=f||p(""csm-hit"")||""{}""}a=q(a,b,e);r=a=q(a,""t"",+new Date);
try{d&&d.setItem&&d.setItem(""csm-hit"",a)}catch(h){}m(""csm-hit"",a,c)}catch(g){""function""==typeof l.ueLogError&&ueLogError(Error(""Cookie manager: ""+g.message),{logLevel:""WARN""})}}}})(ue_csm,window);

(function(l,d){function c(b){b="""";var c=a.isBFT?""b"":""s"",d=""""+a.oid,f=""""+a.lid,g=d;d!=f&&20==f.length&&(c+=""a"",g+=""-""+f);a.tabid&&(b=a.tabid+""+"");b+=c+""-""+g;b!=e&&100>b.length&&(e=b,a.cookie?a.cookie.updateCsmHit(m,b+(""|""+ +new Date)):document.cookie=""csm-hit=""+b+(""|""+ +new Date)+n+""; path=/"")}function p(){e=0}function h(b){!0===d[a.pageViz.propHid]?e=0:!1===d[a.pageViz.propHid]&&c({type:""visible""})}var n=""; expires=""+(new Date(+new Date+6048E5)).toGMTString(),m=""tb"",e,a=l.ue||{},k=a.pageViz&&a.pageViz.event&&
a.pageViz.propHid;a.attach&&(a.attach(""click"",c),a.attach(""keyup"",c),k||(a.attach(""focus"",c),a.attach(""blur"",p)),k&&(a.attach(a.pageViz.event,h,d),h({})));a.aftb=1})(ue_csm,document);


ue_csm.ue.stub(ue,""impression"");


(function(k,d,h){function f(a,c,b){a&&a.indexOf&&0===a.indexOf(""http"")&&0!==a.indexOf(""https"")&&l(s,c,a,b)}function g(a,c,b){a&&a.indexOf&&(location.href.split(""#"")[0]!=a&&null!==a&&""undefined""!==typeof a||l(t,c,a,b))}function l(a,c,b,e){m[b]||(e=u&&e?n(e):""N/A"",d.ueLogError&&d.ueLogError({message:a+c+"" : ""+b,logLevel:v,stack:""N/A""},{attribution:e}),m[b]=1,p++)}function e(a,c){if(a&&c)for(var b=0;b<a.length;b++)try{c(a[b])}catch(d){}}function q(){return d.performance&&d.performance.getEntriesByType?
d.performance.getEntriesByType(""resource""):[]}function n(a){if(a.id)return""//*[@id='""+a.id+""']"";var c;c=1;var b;for(b=a.previousSibling;b;b=b.previousSibling)b.nodeName==a.nodeName&&(c+=1);b=a.nodeName;1!=c&&(b+=""[""+c+""]"");a.parentNode&&(b=n(a.parentNode)+""/""+b);return b}function w(){var a=h.images;a&&a.length&&e(a,function(a){var b=a.getAttribute(""src"");f(b,""img"",a);g(b,""img"",a)})}function x(){var a=h.scripts;a&&a.length&&e(a,function(a){var b=a.getAttribute(""src"");f(b,""script"",a);g(b,""script"",a)})}
function y(){var a=h.styleSheets;a&&a.length&&e(a,function(a){if(a=a.ownerNode){var b=a.getAttribute(""href"");f(b,""style"",a);g(b,""style"",a)}})}function z(){if(A){var a=q();e(a,function(a){f(a.name,a.initiatorType)})}}function B(){e(q(),function(a){g(a.name,a.initiatorType)})}function r(){var a;a=d.location&&d.location.protocol?d.location.protocol:void 0;""https:""==a&&(z(),w(),x(),y(),B(),p<C&&setTimeout(r,D))}var s=""[CSM] Insecure content detected "",t=""[CSM] Ajax request to same page detected "",v=""WARN"",
m={},p=0,D=k.ue_nsip||1E3,C=5,A=1==k.ue_urt,u=!0;ue_csm.ue_disableNonSecure||(d.performance&&d.performance.setResourceTimingBufferSize&&d.performance.setResourceTimingBufferSize(300),r())})(ue_csm,window,document);

(function(d){d.ue_cel_stub||(d.ue_cel_stub=function(){var b={};return{registerModule:function(a,c){b[a]||(b[a]=c,b[a].on())},replayModule:function(a,c){b[a]&&(b[a].replay(c),b[a].off(),delete b[a])}}}())})(ue_csm);
(function(a,d,h){a.ue_mcm_stub||a.ue&&a.ue.isBF||(a.ue_mcm_stub=function(){function e(a){var b=c.d(),e=(d.body||{}).scrollWidth,k=(d.body||{}).scrollHeight,f;h&&""function""===typeof h.now&&a.timeStamp&&(f=h.now()-a.timeStamp,f=parseFloat(f.toFixed(2)));g.push({rawEvent:a,additionalData:{ots:b,ow:e,oh:k,odt:f}})}var c=a.ue,g=[];return{on:function(){c.attach&&c.attach(""click"",e,d)},off:function(){c.detach&&c.detach(""click"",e,d)},replay:function(a){for(var b=0;b<g.length;b++)a(g[b].rawEvent,g[b].additionalData)}}}(),
a.ue_cel_stub&&a.ue_cel_stub.registerModule(""mcm"",a.ue_mcm_stub))})(ue_csm,document,window.performance);



if(window.ue&&uet) { uet('bb'); }

}


window.P && P.register('bb');
if (typeof ues === 'function') {
  ues('t0', 'portal-bb', new Date());
  ues('ctb', 'portal-bb', 1);
}


{""AUI_160684"":""C"",""AUI_157141"":""C"",""AUI_TNR_V2_180836"":""C"",""AUI_UX_114039"":""C"",""AUI_UX_113788"":""C"",""AUI_UX_145937"":""C"",""AUI_57326"":""C"",""AUI_158613"":""C"",""AUI_149818"":""C"",""AUI_72554"":""C"",""AUI_BOLT_62845"":""C"",""AUI_UX_60000"":""C"",""AUI_ATTR_VALIDATIONS_1_51371"":""C"",""AUI_ACCESSIBILITY_49860"":""C"",""AUI_152852"":""C"",""AUI_PERF_130093"":""C"",""AUI_UX_138741"":""C""}typeof uex === 'function' && uex('ld', 'portal-bb', {wb: 1})



(function(d){document.createElement(""header"");function b(e){return[].slice.call(e)}function c(f,e){return{m:f,a:b(e)}}var a=function(f){var g={};g._sourceName=f;g._replay=[];g.getNow=function(i,h){return h};function e(i,h,j){i[j]=function(){g._replay.push(h.concat(c(j,arguments)))}}g.when=function(){var i=[c(""when"",arguments)];var h={};e(h,i,""run"");e(h,i,""declare"");e(h,i,""publish"");e(h,i,""build"");return h};e(g,[],""declare"");e(g,[],""build"");e(g,[],""publish"");e(g,[],""importEvent"");a._shims.push(g);return g};a._shims=[];if(!d.$Nav){d.$Nav=a(""rcx-nav"")}if(!d.$Nav.make){d.$Nav.make=a}}(window));
$Nav.importEvent('navbarJS-beaconbelt');
$Nav.declare('img.sprite', {
  'png8': 'https://images-na.ssl-images-amazon.com/images/G/01/gno/sprites/global-sprite_bluebeacon-v1._CB327533540_.png',
  'png32': 'https://images-na.ssl-images-amazon.com/images/G/01/gno/sprites/nav-sprite-global_bluebeacon-V3-1x_optimized._CB483188077_.png',
  'png32-2x': 'https://images-na.ssl-images-amazon.com/images/G/01/gno/sprites/nav-sprite-global_bluebeacon-V3-2x_optimized._CB474516457_.png'
});
window._navbarSpriteUrl = 'https://images-na.ssl-images-amazon.com/images/G/01/gno/sprites/nav-sprite-global_bluebeacon-V3-1x_optimized._CB483188077_.png';
$Nav.declare('img.pixel', 'https://images-na.ssl-images-amazon.com/images/G/01/x-locale/common/transparent-pixel._CB386942464_.gif');





(window.AmazonUIPageJS ? AmazonUIPageJS : P).when('navCF').execute(function(){
  (window.AmazonUIPageJS ? AmazonUIPageJS : P).load.js('https://images-na.ssl-images-amazon.com/images/I/41eKbH%2BV9oL._RC|71gqiQPjkVL.js,61ybdwam-8L.js,41MSv8-3arL.js,113NkCQYmFL.js,01wBjiz9OvL.js,21YI5xZWAwL.js,31SFwv+1S1L.js,51+klsvwgqL.js,31Sch+N9NhL.js_.js?AUIClients/AmazonNavigationDesktopMetaAsset#desktop');
});






    if(window.navmet===undefined) {
      window.navmet=[];
      if (window.performance && window.performance.timing && window.ue_t0) {
        var t = window.performance.timing;
        var now = + new Date();
        window.navmet.basic = {
          'networkLatency': (t.responseStart - t.fetchStart),
          'navFirstPaint': (now - t.responseStart),
          'NavStart': (now - window.ue_t0)
        };
      }
    }

window.navmet.tmp=+new Date();

    window.uet && uet('ns');
    window._navbar = (function (o) {
      o.componentLoaded = o.loading = function(){};
      o.browsepromos = {};
      o.issPromos = [];
      return o;
    }(window._navbar || {}));
    window._navbar.declareOnLoad = function () { window.$Nav && $Nav.declare('page.load'); };
    if (window.addEventListener) {
      window.addEventListener(""load"", window._navbar.declareOnLoad, false);
    } else if (window.attachEvent) {
      window.attachEvent(""onload"", window._navbar.declareOnLoad);
    } else if (window.$Nav) {
      $Nav.when('page.domReady').run(""OnloadFallbackSetup"", function () {
        window._navbar.declareOnLoad();
      });
    }
    window.$Nav && $Nav.declare('logEvent.enabled',
      'false');

    window.$Nav && $Nav.declare('config.lightningDeals', {});
  

      div#navSwmHoliday.nav-focus {border: none;margin: 0;}
    

      try {
        if(window.navmet===undefined)window.navmet=[]; if(window.$Nav) { $Nav.when('$', 'config', 'flyout.accountList', 'SignInRedirect', 'dataPanel').run('accountListRedirectFix', function ($, config, flyout, SignInRedirect, dataPanel) { if (!config.accountList) { return; } flyout.getPanel().onData(function (data) { if (SignInRedirect) { var $anchors = $('[data-nav-role=signin]', flyout.elem()); $.each($anchors, function(i, anchorEl) {SignInRedirect.setRedirectUrl($(anchorEl), null, null);});}});}); $Nav.when('$', 'config').run('subnavSpacious', function ($, config) {if(config.pageType === 'ShoppingCart' && config.subPageType === 'NewHUC') { $('#nav-subnav.spacious').hide(); }}); $Nav.when('$').run('defineIsArray', function(jQuery) { if(jQuery.isArray===undefined) { jQuery.isArray=function(param) { if(param.length===undefined) { return false; } return true; }; } }); $Nav.declare('config.cartFlyoutDisabled', 'true'); $Nav.when('$','$F','config','logEvent','panels','phoneHome','dataPanel','flyouts.renderPromo','flyouts.sloppyTrigger','flyouts.accessibility','util.mouseOut','util.onKey','debug.param').build('flyouts.buildSubPanels',function($,$F,config,logEvent,panels,phoneHome,dataPanel,renderPromo,createSloppyTrigger,a11yHandler,mouseOutUtility,onKey,debugParam){var flyoutDebug=debugParam('navFlyoutClick');return function(flyout,event){var linkKeys=[];$('.nav-item',flyout.elem()).each(function(){var $item=$(this);linkKeys.push({link:$item,panelKey:$item.attr('data-nav-panelkey')});});if(linkKeys.length===0){return;} var visible=false;var $parent=$('<div class=\'nav-subcats\'></",https://images-na.ssl-images-amazon.com/images/I/51yeOXOWaBL.jpg,Kids & Baby
Gift for Son Boy Kid Angry Birds Backpack Rucksack Satchel School Book Bag Toy Gift for Boy Son Kid Kids Back to School Red,https://images-na.ssl-images-amazon.com/images/I/51VFiz6TUoL.jpg,Kids & Baby
Superman Dress Up Set,https://images-na.ssl-images-amazon.com/images/I/410VFZFRB7L.jpg,Kids & Baby
Underwraps Baby's T-Rex,https://images-na.ssl-images-amazon.com/images/I/41XDzeaVBNL.jpg,Kids & Baby
Batman The Brave And The Bold Jumpsuit Batman Costume,https://images-na.ssl-images-amazon.com/images/I/51ZwQkLFwbL.jpg,Kids & Baby
"Star Wars: The Force Awakens Child's Rey Costume, Small",https://images-na.ssl-images-amazon.com/images/I/51ZwQkLFwbL.jpg,Kids & Baby
Party King Sweet As Candy California Girl Costume,https://images-na.ssl-images-amazon.com/images/I/41uONkFhYsL.jpg,Kids & Baby
Green Sparkling Fairy Princess Wings,https://images-na.ssl-images-amazon.com/images/I/414J-YMnUxL.jpg,Kids & Baby
Cherokee Baby Girl Elf Outfit with Elf Hat Size 0-3 Months,https://images-na.ssl-images-amazon.com/images/I/51ccfHbjr1L.jpg,Kids & Baby
Lilly and the Bee Novelties Pink & Hot Pink 5 Piece Fairy Princess Costume Set PLUS GIFT BAG,https://images-na.ssl-images-amazon.com/images/I/61moZwVulDL.jpg,Kids & Baby
J.J. Coolwear Girls Leopard 2-pc Pajama Set + Free Leopard Slipper Size:4-6x7,https://images-na.ssl-images-amazon.com/images/I/61ux0uFDNdL.jpg,Kids & Baby
Girl's Minions Deluxe Jumper,https://images-na.ssl-images-amazon.com/images/I/51XZ8K0YePL.jpg,Kids & Baby
Anleolife 11inch Black Tutu Skirt Sisters Tutus Black Ballerina Tutu Girls Dance Dress Mother-Kids(2pcs/lot),https://images-na.ssl-images-amazon.com/images/I/41IWJIKw7vL.jpg,Kids & Baby
Snow White Sparkle Kids Costume deluxe,https://images-na.ssl-images-amazon.com/images/I/610eUFhKMVL.jpg,Kids & Baby
"var aPageStart = (new Date()).getTime();
var ue_t0=ue_t0||+new Date();

window.ue_ihb = (window.ue_ihb || window.ueinit || 0) + 1;
if (window.ue_ihb === 1) {

var ue_csm = window,
    ue_hob = +new Date();
(function(d){var e=d.ue=d.ue||{},f=Date.now||function(){return+new Date};e.d=function(b){return f()-(b?0:d.ue_t0)};e.stub=function(b,a){if(!b[a]){var c=[];b[a]=function(){c.push([c.slice.call(arguments),e.d(),d.ue_id])};b[a].replay=function(b){for(var a;a=c.shift();)b(a[0],a[1],a[2])};b[a].isStub=1}};e.exec=function(b,a){return function(){if(1==window.ueinit)try{return b.apply(this,arguments)}catch(c){ueLogError(c,{attribution:a||""undefined"",logLevel:""WARN""})}}}})(ue_csm);


    var ue_err_chan = 'jserr-rw';
(function(d,e){function h(f,b){if(!(a.ec>a.mxe)&&f){a.ter.push(f);b=b||{};var c=f.logLevel||b.logLevel;c&&c!==k&&c!==m&&c!==n&&c!==p||a.ec++;c&&c!=k||a.ecf++;b.pageURL=""""+(e.location?e.location.href:"""");b.logLevel=c;b.attribution=f.attribution||b.attribution;a.erl.push({ex:f,info:b})}}function l(a,b,c,e,g){d.ueLogError({m:a,f:b,l:c,c:""""+e,err:g,fromOnError:1,args:arguments},g?{attribution:g.attribution,logLevel:g.logLevel}:void 0);return!1}var k=""FATAL"",m=""ERROR"",n=""WARN"",p=""DOWNGRADED"",a={ec:0,ecf:0,
pec:0,ts:0,erl:[],ter:[],mxe:50,startTimer:function(){a.ts++;setInterval(function(){d.ue&&a.pec<a.ec&&d.uex(""at"");a.pec=a.ec},1E4)}};l.skipTrace=1;h.skipTrace=1;h.isStub=1;d.ueLogError=h;d.ue_err=a;e.onerror=l})(ue_csm,window);


var ue_id = 'RJPHEMYYJGWCZJ3RXGXB',
    ue_url = '/gp/uedata',
    ue_navtiming = 1,
    ue_mid = 'ATVPDKIKX0DER',
    ue_sid = '138-6418050-3324437',
    ue_sn = 'www.amazon.com',
    ue_furl = 'fls-na.amazon.com',
    ue_surl = 'https://unagi-na.amazon.com/1/events/com.amazon.csm.nexusclient.prod',
    ue_int = 0,
    ue_fcsn = 1,
    ue_urt = 3,
    ue_rpl_ns = 'cel-rpl',
    ue_ddq = 1,
    ue_fpf = '//fls-na.amazon.com/1/batch/1/OP/ATVPDKIKX0DER:138-6418050-3324437:RJPHEMYYJGWCZJ3RXGXB$uedata=s:',
    ue_rsc = 0,
    ue_mcimp = 3,
    ue_sbuimp = 1,

    ue_swi = 1;
function ue_viz(){(function(c,e,a){function k(b){if(c.ue.viz.length<p&&!l){var a=b.type;b=b.originalEvent;/^focus./.test(a)&&b&&(b.toElement||b.fromElement||b.relatedTarget)||(a=e[m]||(""blur""==a||""focusout""==a?""hidden"":""visible""),c.ue.viz.push(a+"":""+(+new Date-c.ue.t0)),""visible""==a&&(ue.isl&&uex(""at""),l=1))}}for(var l=0,f,g,m,n=["""",""webkit"",""o"",""ms"",""moz""],d=0,p=20,h=0;h<n.length&&!d;h++)if(a=n[h],f=(a?a+""H"":""h"")+""idden"",d=""boolean""==typeof e[f])g=a+""visibilitychange"",m=(a?a+""V"":""v"")+""isibilityState"";
k({});d&&e.addEventListener(g,k,0);c.ue&&d&&(c.ue.pageViz={event:g,propHid:f})})(ue_csm,document,window)};

(function(a,g,u){function x(a){return a&&a.replace&&a.replace(/^\s+|\s+$/g,"""")}function q(a){return""undefined""===typeof a}function y(a){try{var b=u.cookie.match(RegExp(""(^| )""+a+""=([^;]+)""));if(b)return b[2].trim()}catch(c){}}function A(d,b){d&&(a.ue_id=h.id=h.rid=d,a.ue_fpf=a.ue_fpf.replace(/((.*?:){2})(\w+)/,function(a,b){return b+d}));b&&(a.ue_fpf=a.ue_fpf.replace(/(.*?:)(\w|-)+/,function(a,d){return d+b}),a.ue_sid=b);a.ue.tag(""accelerated-experience"")}function t(d,b,c,k){var g=k||+new Date,n;
a.ueam&&a.ueam(b,d,k);if(b||q(c)){if(d)for(n in k=b?f(""t"",b)||f(""t"",b,{}):a.ue.t,k[d]=g,c)c.hasOwnProperty(n)&&f(n,b,c[n]);return g}}function f(d,b,c){var f=a.ue,g=b&&b!=f.id?f.sc[b]:f;g||(g=f.sc[b]={});""id""==d&&c&&(f.cfa2=1);return g[d]=c||g[d]}function C(d,b,c,f,g){c=""on""+c;var n=b[c];""function""===typeof n?d&&(a.ue.h[d]=n):n=function(){};b[c]=g?function(a){f(a);n(a)}:function(a){n(a);f(a)};b[c]&&(b[c].isUeh=1)}function D(d,b,c){function k(b,c){var e=[b],J=0,g={},n,k;c?(e.push(""m=1""),g[c]=1):g=a.ue.sc;
for(k in g)if(g.hasOwnProperty(k)){var l=f(""wb"",k),h=f(""t"",k)||{},p=f(""t0"",k)||a.ue.t0,m;if(c||2==l){l=l?J++:"""";e.push(""sc""+l+""=""+k);for(m in h)3>=m.length&&!q(h[m])&&null!==h[m]&&e.push(m+l+""=""+(h[m]-p));e.push(""t""+l+""=""+h[d]);if(f(""ctb"",k)||f(""wb"",k))n=1}}!z&&n&&e.push(""ctb=1"");return e.join(""&"")}function B(b,c,d,e){if(b){var f=a.ue_err,k;a.ue_url&&(!e||!a.ue.log)&&b&&0<b.length&&(k=new Image,a.ue.iel.push(k),k.src=b);K?a.ue_fpf&&g.encodeURIComponent&&b&&(e=new Image,b=""""+a.ue_fpf+g.encodeURIComponent(b)+
"":""+(+new Date-a.ue_t0),a.ue.iel.push(e),e.src=b):a.ue.log&&(k=g.chrome&&""ul""==c,a.ue.log(b,""uedata"",a.ue_svi?{n:1,img:!e&&k?1:0}:{n:1}),a.ue.ielf.push(b));f&&!f.ts&&f.startTimer();a.ue.b&&(f=a.ue.b,a.ue.b="""",B(f,c,d,1))}}function n(b){if(!ue.collected){var c=b.timing,e=b.navigation,d=ue.t;c&&(d.na_=c.navigationStart,d.ul_=c.unloadEventStart,d._ul=c.unloadEventEnd,d.rd_=c.redirectStart,d._rd=c.redirectEnd,d.fe_=c.fetchStart,d.lk_=c.domainLookupStart,d._lk=c.domainLookupEnd,d.co_=c.connectStart,d._co=
c.connectEnd,d.sc_=c.secureConnectionStart,d.rq_=c.requestStart,d.rs_=c.responseStart,d._rs=c.responseEnd,d.dl_=c.domLoading,d.di_=c.domInteractive,d.de_=c.domContentLoadedEventStart,d._de=c.domContentLoadedEventEnd,d._dc=c.domComplete,d.ld_=c.loadEventStart,d._ld=c.loadEventEnd,c=d.na_,b=""function""!==typeof b.now||q(c)?0:new Date(c+b.now())-new Date,d.ntd=b+a.ue.t0);e&&(d.ty=e.type+a.ue.t0,d.rc=e.redirectCount+a.ue.t0);ue.collected=1}}function s(b){var c=r&&r.navigation?r.navigation.type:w,d=c&&
2!=c,e=a.ue.bfini;a.ue.cfa2||(e&&1<e&&(b+=""&bfform=1"",d||(a.ue.isBFT=e-1)),2==c&&(b+=""&bfnt=1"",a.ue.isBFT=a.ue.isBFT||1),a.ue.ssw&&a.ue.isBFT&&(q(a.ue.isNRBF)&&(c=a.ue.ssw(a.ue.oid),c.e||q(c.val)||(a.ue.isNRBF=1<c.val?0:1)),q(a.ue.isNRBF)||(b+=""&nrbf=""+a.ue.isNRBF)),a.ue.isBFT&&!a.ue.isNRBF&&(b+=""&bft=""+a.ue.isBFT));return b}if(!h.paused&&(b||q(c))){for(var p in c)c.hasOwnProperty(p)&&f(p,b,c[p]);t(""pc"",b,c);p=f(""id"",b)||a.ue.id;var e=a.ue.url+""?""+d+""&v=""+a.ue.v+""&id=""+p,z=f(""ctb"",b)||f(""wb"",b),r=
g.performance||g.webkitPerformance,l,m;z&&(e+=""&ctb=""+z);1<a.ueinit&&(e+=""&ic=""+a.ueinit);!a.ue._fi||""at""!=d||b&&b!=p||(e+=a.ue._fi());if(!(""ld""!=d&&""ul""!=d||b&&b!=p)){if(""ld""==d){try{g.onbeforeunload&&g.onbeforeunload.isUeh&&(g.onbeforeunload=null)}catch(y){}if(g.chrome)for(m=0;m<ue.ulh.length;m++)E(""beforeunload"",ue.ulh[m]);(m=u.ue_backdetect)&&m.ue_back&&m.ue_back.value++;a._uess&&(l=a._uess());a.ue.isl=1}ue._bf&&(e+=""&bf=""+ue._bf());a.ue_navtiming&&r&&r.timing&&(f(""ctb"",p,""1""),1==a.ue_navtiming&&
t(""tc"",w,w,r.timing.navigationStart));r&&n(r);a.ue.t.hob=a.ue_hob;a.ue.t.hoe=a.ue_hoe;a.ue.ifr&&(e+=""&ifr=1"")}t(d,b,c);c=""ld""==d&&b&&f(""wb"",b);var v;c||b&&b!==p||L(b);c||p==a.ue.oid||M((f(""t"",b)||{}).tc||+f(""t0"",b),+f(""t0"",b));a.ue_mbl&&a.ue_mbl.cnt&&!c&&(e+=a.ue_mbl.cnt());c?f(""wb"",b,2):""ld""==d&&(h.lid=x(p));for(v in a.ue.sc)if(1==f(""wb"",v))break;if(c){if(a.ue.s)return;e=k(e,null)}else m=k(e,null),m!=e&&(m=s(m),a.ue.b=m),l&&(e+=l),e=k(e,b||a.ue.id);e=s(e);if(a.ue.b||c)for(v in a.ue.sc)2==f(""wb"",
v)&&delete a.ue.sc[v];l=0;ue._rt&&(e+=""&rt=""+ue._rt());c||(a.ue.s=0,(l=a.ue_err)&&0<l.ec&&l.pec<l.ec&&(l.pec=l.ec,e+=""&ec=""+l.ec+""&ecf=""+l.ecf),l=f(""ctb"",b),f(""t"",b,{}));e&&a.ue.tag&&0<a.ue.tag().length&&(e+=""&csmtags=""+a.ue.tag().join(""|""),a.ue.tag=a.ue.tagC());e&&a.ue.viz&&0<a.ue.viz.length&&(e+=""&viz=""+a.ue.viz.join(""|""),a.ue.viz=[]);e&&!q(a.ue_pty)&&(e+=""&pty=""+a.ue_pty+""&spty=""+a.ue_spty+""&pti=""+a.ue_pti);e&&a.ue.tabid&&(e+=""&tid=""+a.ue.tabid);e&&a.ue.aftb&&(e+=""&aftb=1"");e&&a.ue.sbf&&(e+=""&sbf=1"");
!a.ue._ui||b&&b!=p||(e+=a.ue._ui());a.ue.a=e;B(e,d,l,c)}}function L(a){var b=g.ue_csm_markers||{},c;for(c in b)b.hasOwnProperty(c)&&t(c,a,w,b[c])}function s(d,b,c){c=c||g;a.ue_pel&&window.EventTarget&&window.EventTarget.prototype&&window.EventTarget.prototype.addEventListener?window.EventTarget.prototype.addEventListener.call(c,d,b,!!window.ue_clf):c.addEventListener?c.addEventListener(d,b,!!window.ue_clf):c.attachEvent&&c.attachEvent(""on""+d,b)}function E(d,b,c){c=c||g;a.ue_pel&&window.EventTarget&&
window.EventTarget.prototype&&window.EventTarget.prototype.removeEventListener?window.EventTarget.prototype.removeEventListener.call(c,d,b,!!window.ue_clf):c.removeEventListener?c.removeEventListener(d,b,!!window.ue_clf):c.detachEvent&&c.detachEvent(""on""+d,b)}function F(){function d(){a.onUl()}function b(a){return function(){c[a]||(c[a]=1,D(a))}}var c=a.ue.r,f,h;a.onLd=b(""ld"");a.onLdEnd=b(""ld"");a.onUl=b(""ul"");f={stop:b(""os"")};g.chrome?(s(""beforeunload"",d),ue.ulh.push(d)):f[N]=a.onUl;for(h in f)f.hasOwnProperty(h)&&
C(0,g,h,f[h]);a.ue_viz&&ue_viz();O&&s(""readystatechange"",P,u);s(""load"",a.onLd);t(""ue"")}function P(){""complete""===u.readyState&&(Q?setTimeout(G,0):G())}function G(){var d;if(!(d=ue.isl)&&(d=R))a:{d=u.images||[];for(var b=0;b<d.length;b++)if(!1===d[b].complete){d=!1;break a}d=!0}if(!d)a.onUl()}function M(d,b){a.ue_mbl&&a.ue_mbl.ajax&&a.ue_mbl.ajax(d,b);a.ue.tag(""ajax-transition"")}a.ueinit=(a.ueinit||0)+1;var h={t0:g.aPageStart||a.ue_t0,id:a.ue_id,url:a.ue_url,rid:a.ue_id,a:"""",b:"""",h:{},r:{ld:0,oe:0,
ul:0},s:1,t:{},sc:{},iel:[],ielf:[],fc_idx:{},viz:[],v:""0.202589.0"",d:a.ue&&a.ue.d,log:a.ue&&a.ue.log,clog:a.ue&&a.ue.clog,onflush:a.ue&&a.ue.onflush,onunload:a.ue&&a.ue.onunload,stub:a.ue&&a.ue.stub,lr:a.ue&&a.ue.lr,exec:a.ue&&a.ue.exec,event:a.ue&&a.ue.event,onSushiUnload:a.ue&&a.ue.onSushiUnload,onSushiFlush:a.ue&&a.ue.onSushiFlush,ulh:[],cfa2:0,paused:!1},K=a.ue_fpf?1:0,O=1===a.ue_rsc||3===a.ue_rsc,Q=3===a.ue_rsc,R=1===a.ue_rsc,N=""beforeunload"",w;h.oid=x(h.id);h.lid=x(h.id);a.ue=h;a.ue._t0=a.ue.t0;
a.ue.tagC=function(){var a={};return function(b){b&&(a[b]=1);b=[];for(var c in a)a.hasOwnProperty(c)&&b.push(c);return b}};a.ue.tag=a.ue.tagC();a.ue.ifr=g.top!==g.self||g.frameElement?1:0;ue.attach=s;ue.detach=E;if(""000-0000000-8675309""===a.ue_sid){var H=y(""cdn-rid""),I=y(""session-id"");H&&I&&A(H,I)}a.uei=F;a.ueh=C;a.ues=f;a.uet=t;a.uex=D;h.reset=A;h.pause=function(a){h.paused=a};F()})(ue_csm,window,ue_csm.document);


ue.stub(ue,""event"");ue.stub(ue,""onSushiUnload"");ue.stub(ue,""onSushiFlush"");

ue.stub(ue,""log"");ue.stub(ue,""onunload"");ue.stub(ue,""onflush"");
(function(c){var a=c.ue;a.cv={};a.cv.scopes={};a.count=function(d,c,b){var e={},f=a.cv,g=b&&0===b.c;e.counter=d;e.value=c;e.t=a.d();b&&b.scope&&(f=a.cv.scopes[b.scope]=a.cv.scopes[b.scope]||{},e.scope=b.scope);if(void 0===c)return f[d];f[d]=c;d=0;b&&b.bf&&(d=1);ue_csm.ue_sclog||!a.clog||0!==d||g?a.log&&a.log(e,""csmcount"",{c:1,bf:d}):a.clog(e,""csmcount"",{bf:d})};a.count(""baselineCounter2"",1);a&&a.event&&(a.event({requestId:c.ue_id||""rid"",server:c.ue_sn||""sn"",obfuscatedMarketplaceId:c.ue_mid||""mid""},
""csm"",""csm.CSMBaselineEvent.4""),a.count(""nexusBaselineCounter"",1,{bf:1}))})(ue_csm);



var ue_hoe = +new Date();
}
window.ueinit = window.ue_ihb;




(function(g,h,O,pa){function k(a){w&&w.tag&&w.tag(q("":"",""aui"",a))}function v(a,b){w&&w.count&&w.count(""aui:""+a,0===b?0:b||(w.count(""aui:""+a)||0)+1)}function l(a){try{return a.test(navigator.userAgent)}catch(b){return!1}}function x(a,b,c){a.addEventListener?a.addEventListener(b,c,!1):a.attachEvent&&a.attachEvent(""on""+b,c)}function q(a,b,c,d){b=b&&c?b+a+c:b||c;return d?q(a,b,d):b}function F(a,b,c){try{Object.defineProperty(a,b,{value:c,writable:!1})}catch(d){a[b]=c}return c}function P(){return setTimeout(Y,
0)}function qa(a,b){var c=a.length,d=c,f=function(){d--||(Q.push(b),R||(P(),R=!0))};for(f();c--;)Z[a[c]]?f():(z[a[c]]=z[a[c]]||[]).push(f)}function ra(a,b,c,d,f){var e=h.createElement(a?""script"":""link"");x(e,""error"",d);f&&x(e,""load"",f);if(a){e.type=""text/javascript"";e.async=!0;if(a=c)a=-1!==b.indexOf(""images/I"")||/AUIClients/.test(b);a&&e.setAttribute(""crossorigin"",""anonymous"");e.src=b}else e.rel=""stylesheet"",e.href=b;h.getElementsByTagName(""head"")[0].appendChild(e)}function aa(a,b){function c(c,d){function f(){ra(b,
c,h,function(b){!G&&h?(h=!1,v(""resource_retry""),f()):(v(""resource_error""),a.log(""Asset failed to load: ""+c,G?""WARN"":void 0));b&&b.stopPropagation?b.stopPropagation():g.event&&(g.event.cancelBubble=!0)},d)}if(ba[c])return!1;ba[c]=!0;v(""resource_count"");var h=!0;return!f()}if(b){var d=0,f=0;c.andConfirm=function(a,b){return c(a,function(){d++;b&&b.apply(this,arguments)})};c.confirm=function(){f++};c.getCsriCounters=function(){return{reqs:d,full:f}}}return c}function sa(a,b,c){for(var d={name:a,guard:function(c){return b.guardFatal(a,
c)},logError:function(c,d,f){b.logError(c,d,f,a)}},f=[],e=0;e<c.length;e++)H.hasOwnProperty(c[e])&&(f[e]=S.hasOwnProperty(c[e])?S[c[e]](H[c[e]],d):H[c[e]]);return f}function A(a,b,c,d,f){return function(e,h){function n(){var a=null;d?a=h:""function""===typeof h&&(p.start=B(),a=h.apply(g,sa(e,k,l)),p.end=B());if(b){H[e]=a;a=e;for(Z[a]=!0;(z[a]||[]).length;)z[a].shift()();delete z[a]}p.done=!0}var k=f||this;""function""===typeof e&&(h=e,e=void 0);b&&(e=e?e.replace(ca,""""):""__NONAME__"",T.hasOwnProperty(e)&&
k.error(q("", reregistered by "",q("" by "",e+"" already registered"",T[e]),k.attribution),e),T[e]=k.attribution);for(var l=[],m=0;m<a.length;m++)l[m]=a[m].replace(ca,"""");var p=da[e||""anon""+ ++ta]={depend:l,registered:B(),namespace:k.namespace};c?n():qa(l,k.guardFatal(e,n));return{decorate:function(a){S[e]=k.guardFatal(e,a)}}}}function ea(a){return function(){var b=Array.prototype.slice.call(arguments);return{execute:A(b,!1,a,!1,this),register:A(b,!0,a,!1,this)}}}function U(a,b){return function(c,d){d||
(d=c,c=void 0);var f=this.attribution;return function(){y.push(b||{attribution:f,name:c,logLevel:a});var e=d.apply(this,arguments);y.pop();return e}}}function I(a,b){this.load={js:aa(this,!0),css:aa(this)};F(this,""namespace"",b);F(this,""attribution"",a)}function fa(){h.body?r.trigger(""a-bodyBegin""):setTimeout(fa,20)}function C(a,b){if(b){for(var c=a.className.split("" ""),d=c.length;d--;)if(c[d]===b)return;a.className+="" ""+b}}function ga(a,b){for(var c=a.className.split("" ""),d=[],f;void 0!==(f=c.pop());)f&&
f!==b&&d.push(f);a.className=d.join("" "")}function ha(a){try{return a()}catch(b){return!1}}function J(){if(K){var a=g.innerWidth?{w:g.innerWidth,h:g.innerHeight}:{w:m.clientWidth,h:m.clientHeight};5<Math.abs(a.w-V.w)||50<a.h-V.h?(V=a,L=4,(a=n.mobile||n.tablet?450<a.w&&a.w>a.h:1250<=a.w)?C(m,""a-ws""):ga(m,""a-ws"")):0<L&&(L--,ia=setTimeout(J,16))}}function ua(a){(K=void 0===a?!K:!!a)&&J()}function va(){return K}function t(a,b){return""sw:""+(b||"""")+"":""+a+"":""}function ja(a,b,c,d){if(c){b=l(/Chrome/i)&&!l(/Edge/i)&&
!l(/OPR/i)&&!a.capabilities.isAmazonApp;var f=t(d,""browser""),e=t(d,""prod_mshop""),g=t(d,""beta_mshop"");!a.capabilities.isAmazonApp&&c.browser&&b&&(k(f+""supported""),c.browser.action(f,d));!b&&c.browser&&k(f+""unsupported"");c.prodMshop&&k(e+""unsupported"");c.betaMshop&&k(g+""unsupported"")}}""use strict"";var M=O.now=O.now||function(){return+new O},B=function(a){return a&&a.now?a.now.bind(a):M}(g.performance);pa=B();var u=g.AmazonUIPageJS||g.P;if(u&&u.when&&u.register)throw Error(""A copy of P has already been loaded on this page."");
var w=g.ue;k();k(""aui_build_date:3.18.16-2018-12-25"");var Q=[],R=!1,Y;Y=function(){for(var a=P(),b=M();Q.length;)if(Q.shift()(),50<M()-b)return;clearTimeout(a);R=!1};l(/OS 6_[0-9]+ like Mac OS X/i)&&x(g,""scroll"",P);var Z={},z={},ba={},G=!1;x(g,""beforeunload"",function(){G=!0;setTimeout(function(){G=!1},1E4)});var ca=/^prv:/,T={},H={},S={},da={},ta=0,D,y=[],ka=g.onerror;g.onerror=function(a,b,c,d,f){f&&""object""===typeof f||(f=Error(a,b,c),f.columnNumber=d,f.stack=b||c||d?q(String.fromCharCode(92),f.message,
""at ""+q("":"",b,c,d)):void 0);var e=y.pop()||{};f.attribution=q("":"",f.attribution||e.attribution,e.name);f.logLevel=e.logLevel;f.attribution&&console&&console.log&&console.log([f.logLevel||""ERROR"",a,""thrown by"",f.attribution].join("" ""));y=[];ka&&(e=[].slice.call(arguments),e[4]=f,ka.apply(g,e))};I.prototype={logError:function(a,b,c,d){b={message:b,logLevel:c||""ERROR"",attribution:q("":"",this.attribution,d)};if(g.ueLogError)return g.ueLogError(a||b,a?b:null),!0;console&&console.error&&(console.log(b),
console.error(a));return!1},error:function(a,b,c,d){a=Error(q("":"",d,a,c));a.attribution=q("":"",this.attribution,b);throw a;},guardError:U(),guardFatal:U(""FATAL""),guardCurrent:function(a){var b=y[y.length-1];return b?U(b.logLevel,b).call(this,a):a},log:function(a,b,c){return this.logError(null,a,b,c)},declare:A([],!0,!0,!0),register:A([],!0),execute:A([]),AUI_BUILD_DATE:""3.18.16-2018-12-25"",when:ea(),now:ea(!0),trigger:function(a,b,c){var d=M();this.declare(a,{data:b,pageElapsedTime:d-(g.aPageStart||
NaN),triggerTime:d});c&&c.instrument&&D.when(""prv:a-logTrigger"").execute(function(b){b(a)})},handleTriggers:function(){this.log(""handleTriggers deprecated"")},attributeErrors:function(a){return new I(a)},_namespace:function(a,b){return new I(a,b)}};var r=F(g,""AmazonUIPageJS"",new I);D=r._namespace(""PageJS"",""AmazonUI"");D.declare(""prv:p-debug"",da);r.declare(""p-recorder-events"",[]);r.declare(""p-recorder-stop"",function(){});F(g,""P"",r);fa();if(h.addEventListener){var la;h.addEventListener(""DOMContentLoaded"",
la=function(){r.trigger(""a-domready"");h.removeEventListener(""DOMContentLoaded"",la,!1)},!1)}var m=h.documentElement,W=function(){var a=[""O"",""ms"",""Moz"",""Webkit""],b=h.createElement(""div"");return{testGradients:function(){b.style.cssText=""background-image:-webkit-gradient(linear,left top,right bottom,from(#9f9),to(white));background-image:-webkit-linear-gradient(left top,#9f9,white);background-image:linear-gradient(left top,#9f9,white);"";return-1<b.style.backgroundImage.indexOf(""gradient"")},test:function(c){var d=
c.charAt(0).toUpperCase()+c.substr(1);c=(a.join(d+"" "")+d+"" ""+c).split("" "");for(d=c.length;d--;)if(""""===b.style[c[d]])return!0;return!1},testTransform3d:function(){var a=!1;g.matchMedia&&(a=g.matchMedia(""(-webkit-transform-3d)"").matches);return a}}}(),u=m.className,ma=/(^| )a-mobile( |$)/.test(u),na=/(^| )a-tablet( |$)/.test(u),n={audio:function(){return!!h.createElement(""audio"").canPlayType},video:function(){return!!h.createElement(""video"").canPlayType},canvas:function(){return!!h.createElement(""canvas"").getContext},
svg:function(){return!!h.createElementNS&&!!h.createElementNS(""http://www.w3.org/2000/svg"",""svg"").createSVGRect},offline:function(){return navigator.hasOwnProperty&&navigator.hasOwnProperty(""onLine"")&&navigator.onLine},dragDrop:function(){return""draggable""in h.createElement(""span"")},geolocation:function(){return!!navigator.geolocation},history:function(){return!(!g.history||!g.history.pushState)},webworker:function(){return!!g.Worker},autofocus:function(){return""autofocus""in h.createElement(""input"")},
inputPlaceholder:function(){return""placeholder""in h.createElement(""input"")},textareaPlaceholder:function(){return""placeholder""in h.createElement(""textarea"")},localStorage:function(){return""localStorage""in g&&null!==g.localStorage},orientation:function(){return""orientation""in g},touch:function(){return""ontouchend""in h},gradients:function(){return W.testGradients()},hires:function(){var a=g.devicePixelRatio&&1.5<=g.devicePixelRatio||g.matchMedia&&g.matchMedia(""(min-resolution:144dpi)"").matches;v(""hiRes""+
(ma?""Mobile"":na?""Tablet"":""Desktop""),a?1:0);return a},transform3d:function(){return W.testTransform3d()},touchScrolling:function(){return l(/Windowshop|android.([3-9]|[L-Z])|OS ([5-9]|[1-9][0-9]+)(_[0-9]{1,2})+ like Mac OS X|Chrome|Silk|Firefox|Trident.+?; Touch/i)},ios:function(){return l(/OS [1-9][0-9]*(_[0-9]*)+ like Mac OS X/i)&&!l(/trident|Edge/i)},android:function(){return l(/android.([1-9]|[L-Z])/i)&&!l(/trident|Edge/i)},mobile:function(){return ma},tablet:function(){return na}},p;for(p in n)n.hasOwnProperty(p)&&
(n[p]=ha(n[p]));for(var X=""textShadow textStroke boxShadow borderRadius borderImage opacity transform transition"".split("" ""),N=0;N<X.length;N++)n[X[N]]=ha(function(){return W.test(X[N])});var K=!0,ia=0,V={w:0,h:0},L=4;J();x(g,""resize"",function(){clearTimeout(ia);L=4;J()});var oa={getItem:function(a){try{return g.localStorage.getItem(a)}catch(b){}},setItem:function(a,b){try{return g.localStorage.setItem(a,b)}catch(c){}}};ga(m,""a-no-js"");C(m,""a-js"");!l(/OS [1-8](_[0-9]*)+ like Mac OS X/i)||g.navigator.standalone||
l(/safari/i)||C(m,""a-ember"");u=[];for(p in n)n.hasOwnProperty(p)&&n[p]&&u.push(""a-""+p.replace(/([A-Z])/g,function(a){return""-""+a.toLowerCase()}));C(m,u.join("" ""));m.setAttribute(""data-aui-build-date"",""3.18.16-2018-12-25"");r.register(""p-detect"",function(){return{capabilities:n,localStorage:n.localStorage&&oa,toggleResponsiveGrid:ua,responsiveGridEnabled:va}});l(/UCBrowser/i)||n.localStorage&&C(m,oa.getItem(""a-font-class""));r.declare(""a-event-revised-handling"",!1);var E=navigator.serviceWorker;E&&x(E,
""message"",function(a){a&&a.data&&v(a.data.k,a.data.v)});p={reg:{},unreg:{}};p.unreg.browser={action:function(a,b){var c=E.getRegistrations();c&&c.then(function(c){c.forEach(function(c){c.unregister().then(function(){v(a+""success"")}).catch(function(c){r.logError(c,""[AUI SW] Failed to ""+b+"" service worker: "");v(a+""failure"")})})})}};(function(a){var b=a.reg,c=a.unreg;E&&E.getRegistrations?(D.when(""A"",""a-util"").execute(function(a,b){ja(a,b,c,""unregister"")}),x(g,""load"",function(){D.when(""A"",""a-util"").execute(function(a,
c){ja(a,c,b,""register"")})})):(b&&(b.browser&&k(t(""register"",""browser"")+""unsupported""),b.prodMshop&&k(t(""register"",""prod_mshop"")+""unsupported""),b.betaMshop&&k(t(""register"",""beta_mshop"")+""unsupported"")),c&&(c.browser&&k(t(""unregister"",""browser"")+""unsupported""),c.prodMshop&&k(t(""unregister"",""prod_mshop"")+""unsupported""),c.betaMshop&&k(t(""unregister"",""beta_mshop"")+""unsupported"")))})(p);r.declare(""a-fix-event-off"",!1);v(""pagejs:pkgExecTime"",B()-NaN)})(window,document,Date);
(window.AmazonUIPageJS ? AmazonUIPageJS : P).when('sp.load.js').execute(function() {
  (window.AmazonUIPageJS ? AmazonUIPageJS : P).load.js('https://images-na.ssl-images-amazon.com/images/I/61o5HuBKUHL._RC|11IYhapguOL.js,61VQRvc280L.js,21iSNz47xoL.js,012FVc3131L.js,119KAWlHU6L.js,31fv8bqHLoL.js,31ReKJl2X6L.js,51WivJzk7vL.js,11AHlQhPRjL.js,01NATrwbNUL.js,11aNYFFS5hL.js,116tgw9TSaL.js,21auxuI+dRL.js,01PoLXBDXWL.js,61GDyZ5kYqL.js,01mi-J86cyL.js,11BOgvnnntL.js,31SG6rlHlbL.js,01rpauTep4L.js,01iyxuSGj4L.js,01XI-Ief5sL.js_.js?AUIClients/AmazonUI#168183-T1.177619-T1.144375-T1');
});


.nav-sprite-v1 .nav-sprite, .nav-sprite-v1 .nav-icon {
  background-image: url(https://images-na.ssl-images-amazon.com/images/G/01/gno/sprites/nav-sprite-global_bluebeacon-V3-1x_optimized._CB483188077_.png);
  background-position: 0 1000px;
  background-repeat: repeat-x;
}
.nav-spinner {
  background-image: url(https://images-na.ssl-images-amazon.com/images/G/01/javascripts/lib/popover/images/snake._CB192571611_.gif);
  background-position: center center;
  background-repeat: no-repeat;
}
.nav-timeline-icon, .nav-access-image, .nav-timeline-prime-icon {
  background-image: url(https://images-na.ssl-images-amazon.com/images/G/01/gno/sprites/timeline_sprite_1x._CB276239408_.png);
  background-repeat: no-repeat;
}





.ap_popover_unsprited .ap_body .ap_left{background-image:url(https://images-na.ssl-images-amazon.com/images/G/01/javascripts/lib/popover/images/po_left_17._V1_.png)}.ap_popover_unsprited .ap_body .ap_right{background-image:url(https://images-na.ssl-images-amazon.com/images/G/01/javascripts/lib/popover/images/po_right_17._V1_.png)}.ap_popover_unsprited .ap_header .ap_left{background-image:url(https://images-na.ssl-images-amazon.com/images/G/01/javascripts/lib/popover/images/po_top_left._V1_.png)}.ap_popover_unsprited .ap_header .ap_right{background-image:url(https://images-na.ssl-images-amazon.com/images/G/01/javascripts/lib/popover/images/po_top_right._V1_.png)}.ap_popover_unsprited .ap_header .ap_middle{background-image:url(https://images-na.ssl-images-amazon.com/images/G/01/javascripts/lib/popover/images/po_top._V1_.png)}.ap_popover_unsprited .ap_footer .ap_left{background-image:url(https://images-na.ssl-images-amazon.com/images/G/01/javascripts/lib/popover/images/po_bottom_left._V1_.png)}.ap_popover_unsprited .ap_footer .ap_right{background-image:url(https://images-na.ssl-images-amazon.com/images/G/01/javascripts/lib/popover/images/po_bottom_right._V1_.png)}.ap_popover_unsprited .ap_footer .ap_middle{background-image:url(https://images-na.ssl-images-amazon.com/images/G/01/javascripts/lib/popover/images/po_bottom._V1_.png)}.ap_popover_sprited .ap_body .ap_left,.ap_popover_sprited .ap_body .ap_right{background-image:url(https://images-na.ssl-images-amazon.com/images/G/01/javascripts/lib/popover/images/light/sprite-v._V1_.png)}.ap_popover_sprited .ap_closebutton,.ap_popover_sprited .ap_footer .ap_left,.ap_popover_sprited .ap_footer .ap_middle,.ap_popover_sprited .ap_footer .ap_right,.ap_popover_sprited .ap_header .ap_left,.ap_popover_sprited .ap_header .ap_middle,.ap_popover_sprited .ap_header .ap_right{background-image:url(https://images-na.ssl-images-amazon.com/images/G/01/javascripts/lib/popover/images/light/sprite-h._V1_.png)}.ap_popover_sprited .ap_body .ap_left-arrow,.ap_popover_sprited .ap_body .ap_right-arrow{background-image:url(https://images-na.ssl-images-amazon.com/images/G/01/javascripts/lib/popover/images/light/sprite-arrow-v._V1_.png)}.ap_popover{position:absolute;outline:0}.ap_body{height:100%;min-height:36px;position:relative;background-color:#fff;margin:0 17px}.ap_body .ap_left,.ap_popover_sprited .ap_body .ap_left-arrow{width:17px;height:100%;position:absolute;top:0;left:-17px;background-attachment:scroll;background-repeat:repeat-y}.ap_popover_sprited .ap_body .ap_left{background-position:0 top}.ap_body .ap_right,.ap_popover_sprited .ap_body .ap_right-arrow{width:17px;height:100%;position:absolute;top:0;right:-17px;background-attachment:scroll;background-repeat:repeat-y}.ap_popover_sprited .ap_body .ap_right{background-position:-51px top}.ap_footer,.ap_header{position:relative;width:100%}.ap_footer *,.ap_header *{height:26px}.ap_header .ap_left{position:absolute;top:0;left:0;width:34px;background-attachment:scroll;background-repeat:no-repeat}.ap_popover_sprited .ap_header .ap_left{background-position:left -2px}.ap_header .ap_right{width:34px;position:absolute;top:0;right:0;background-attachment:scroll;background-repeat:no-repeat}.ap_popover_sprited .ap_header .ap_right{background-position:right -2px}.ap_header .ap_middle{margin:0 34px;background-attachment:scroll;background-repeat:repeat-x}.ap_popover_sprited .ap_header .ap_middle{background-position:0 -70px}.ap_footer .ap_left{position:absolute;top:0;left:0;width:34px;background-attachment:scroll;background-repeat:no-repeat}.ap_popover_sprited .ap_footer .ap_left{background-position:left -40px}.ap_footer .ap_right{width:34px;position:absolute;top:0;right:0;background-attachment:scroll;background-repeat:no-repeat}.ap_popover_sprited .ap_footer .ap_right{background-position:right -40px}.ap_footer .ap_middle{margin:0 34px;background-attachment:scroll;background-repeat:repeat-x}.ap_popover_sprited .ap_footer .ap_middle{background-position:0 -108px}.ap_popover .ap_titlebar{display:none;position:absolute;left:0;top:0;background-color:#EAF3FE;border-bottom:1px solid #C2DDF2;font-size:14px;font-weight:700;margin:8px 18px;white-space:nowrap;overflow:hidden}.ap_popover .ap_titlebar.multiline{white-space:normal;overflow:visible}.ap_popover .ap_titlebar .ap_title{padding:4px 0;margin-left:10px;overflow:hidden}#ap_overlay,#ap_overlay div{background-color:#3F4C58;width:100%;position:absolute;top:0;left:0;z-index:99}.ap_popover .ap_close{position:absolute;right:18px;top:13px}.ap_popover .ap_close a{padding:5px;text-decoration:none;outline:0}.ap_popover .ap_close .ap_closetext{display:none;margin-right:5px;line-height:1em}.ap_popover .ap_closebutton{display:-moz-inline-box;display:inline-block;width:15px;height:15px;background-repeat:no-repeat;background-position:0 -136px;position:relative;overflow:hidden;vertical-align:top}.ap_popover .ap_closebutton span{position:absolute;top:-9999px}.ap_popover .ap_close img{vertical-align:top}.ap_classic{border-top:1px solid #ccc;border-left:1px solid #ccc;border-bottom:1px solid #2F2F1D;border-right:1px solid #2F2F1D;background-color:#EFEDD4;padding:3px}.ap_classic .ap_titlebar{color:#86875D;font-size:12px;padding:0 0 3px 0;line-height:1em}.ap_classic .ap_close{float:right}.ap_classic .ap_content{clear:both;background-color:#fff;border:1px solid #ACA976;padding:8px;font-size:11px}



(function(d,b,m){function c(a){return""--private-amznjqshim-""+a}function e(a,l){var b=c(l);d.now(b).execute(c(a+""-""+b)+""-""+f++,function(a){void 0===a&&d.declare(b,!0)})}function h(a){e(""markRequested"",""functionality-requested:""+a)}function g(a){e(""completedStage"",""stage-""+a)}b.goN2Debug||(b.goN2Debug={info:function(){}});""use strict"";var f=0,k=b.amznJQ=new function(){this.addLogical=this.addStyle=this.addStyles=this.PLNow=this.windowOnLoad=function(){};this.declareAvailable=function(a){e(""declaring"",
a)};this.available=function(a,b){a=c(a);h(a);d.when(a,c(""jQuery"")).execute(c(""available-""+a)+""-""+f++,b)};this.onReady=function(a,b){a=c(a);h(a);d.when(a,""a-domready"",c(""jQuery"")).execute(c(""onReady-""+a)+""-""+f++,b)};this.onCompletion=function(a,b){var e=c(""stage-""+a);d.when(e,c(""jQuery"")).execute(b)};this.completedStage=function(a){g(a)};this.addPL=function(a){d.when(""a-preload"").execute(c(""Preloader"")+""-""+f++,function(b){b.preload(a)})};this.strings={};this.chars={}};d.when(""load"").execute(c(""fail-safe-stages""),
function(){g(""amznJQ.theFold"");g(""amznJQ.criticalFeature"")});d.when(""jQuery"").execute(""define amznJQ jQuery"",function(a){b.jQuery||(b.jQuery=a);k.jQuery||(k.jQuery=a);e(""declaring"",""jQuery"")})})(window.P||window.AmazonUIPageJS,window,document);
(window.AmazonUIPageJS ? AmazonUIPageJS : P).when('atf').execute(function(){
  (window.AmazonUIPageJS ? AmazonUIPageJS : P).load.js('https://images-na.ssl-images-amazon.com/images/I/417QjYmMtBL.js?AUIClients/AmazonPopoversAUIShim#us');
  (window.AmazonUIPageJS ? AmazonUIPageJS : P).load.js('https://images-na.ssl-images-amazon.com/images/I/31gnJjWvxPL._RC|21e71NrLt3L.js,11Ze1YhMgJL.js,21Wa0ZZVAmL.js,21lOtnkorWL.js,51CysS8km3L.js,21+4XneTXRL.js,517mD4yoL3L.js,31g6QUCju5L.js,01AdYLY9rHL.js,0185ITV0M6L.js,41+MVzL0WbL.js,01Gx8DhrplL.js,011qZnP-NfL.js,11ZdiaYG8gL.js,71p9tWQsHsL.js,01OrQ5AXqsL.js,31UjTApGOPL.js,01LHJt5PiyL.js,11B9yJN+bnL.js,31Ac-cQ+ZWL.js,01fEkjo0KKL.js,01HmcbFsnFL.js,01-Sz0ff1pL.js,11WBo+4152L.js,11MQqFPEK+L.js,11G4c43OZvL.js,11gAPPElxuL.js,01X2zigX4kL.js,01OtvpwikQL.js,31qpl48GBDL.js,01qXU4-2A0L.js,01ZF+ovNflL.js,31RMOYNJSHL.js,517jAXjzzNL.js,210mdW2-ZEL.js,21mymEONFtL.js,61+TkNaM7yL.js,515EXqsrGfL.js,21OJDARBhQL.js,41s+OBPxTPL.js,01IWUb29Q4L.js,01qPwv8D5hL.js,01JzE3-DfLL.js,01YivelYW5L.js,016QFWAAdML.js,017s5z---TL.js,51PTdyJW4tL.js,21w43LSQ1-L.js,01FOcSLtmBL.js_.js?AUIClients/USSoftlinesDetailPageMetaAsset_TURBO_DESKTOP#desktop.us.164772-T1.141052-T1.167162-T1.111960-T1.146883-T1.151985-T1.136850-T1.153662-T1.103061-T1.123392-T1.186073-T2.131900-T1.184660-C.162909-C.126331-T1.156391-T1.87783-T2.127140-T1.147075-T1.159402-T1.108343-T1.109378-T1.143147-T1.147957-T1.154031-T1.171818-T1');
});

{""deviceType"":""web""}
{""widgetSchema"":""dp:widget:"",""dimensionSchema"":""dp:dims:""}


  #cm_cr_dpwidget .a-size-micro {
    font-size: 9px;
  } 

  #cm_cr_dpwidget .c7yTopDownDashedStrike {
    border-top: 1px dashed #A9A9A9;
    border-bottom: 1px dashed #A9A9A9;
  }

  #cm_cr_dpwidget .c7yBadgeAUI {
    text-transform: uppercase;
    letter-spacing: 0.5px;
    padding: 2px;
    white-space: nowrap;
  }


.nav-sprite-v1 .nav-sprite, .nav-sprite-v1 .nav-icon {
  background-image: url(https://images-na.ssl-images-amazon.com/images/G/01/gno/sprites/nav-sprite-global_bluebeacon-V3-1x_optimized._CB483188077_.png);
  background-position: 0 1000px;
  background-repeat: repeat-x;
}
.nav-spinner {
  background-image: url(https://images-na.ssl-images-amazon.com/images/G/01/javascripts/lib/popover/images/snake._CB192571611_.gif);
  background-position: center center;
  background-repeat: no-repeat;
}
.nav-timeline-icon, .nav-access-image, .nav-timeline-prime-icon {
  background-image: url(https://images-na.ssl-images-amazon.com/images/G/01/gno/sprites/timeline_sprite_1x._CB276239408_.png);
  background-repeat: no-repeat;
}

@media screen and (-webkit-min-device-pixel-ratio:0) {
    #shipToAUIButton .a-dropdown-prompt { display:inline-block; width:120px; overflow:hidden; text-overflow:ellipsis;  }
}
#rhf .cBoxTL, #rhf .cBoxTR, #rhf .cBoxBL, #rhf .cBoxBR { background-image:url(https://images-na.ssl-images-amazon.com/images/G/01/common/sprites/sprite-site-wide-2._CB146303866_.png); }
.swSprite { display: -moz-inline-box; display: inline-block; margin: 0;padding: 0; position: relative; overflow: hidden; vertical-align: middle; background-image: url(https://images-na.ssl-images-amazon.com/images/G/01/common/sprites/sprite-site-wide._CB377386094_.png); background-repeat: no-repeat; }
.swSprite span { position: absolute; left: -9999px; }
.sims-popunder{background:url(https://images-na.ssl-images-amazon.com/images/G/01/nav2/images/sims_atc_205px._V376380388_.png) no-repeat scroll left bottom transparent;min-height:256px}
.rhfWrapper .shoveler .back-button a .bg-image, .rhfWrapper .shoveler .next-button a .bg-image, .rhfWrapper .shoveler div.disabled-button { background-image: url(https://images-na.ssl-images-amazon.com/images/G/01/common/sprites/sprite-site-wide._CB377386094_.png); }
.rhfWrapper .shoveler .next-button a .bg-image {  background-position: -60px -80px;background-color: white;}
.rhfWrapper .shoveler .back-button a .bg-image { background-position: -30px -80px; background-color: white;}
.auiTestSprite { background: url(https://images-na.ssl-images-amazon.com/images/G/01/nav2/images/sprite-carousel-btns-stars2._CB376388587_.png) no-repeat scroll 0 0 transparent; }

  .simsWrapper .shoveler ul { height: 218px; }
  .apparel .simsWrapper .shoveler ul { height: 318px;}

#twister .swatches li.swatchSelect .arrow { background:url(https://images-na.ssl-images-amazon.com/images/G/01/twister/images/down-arrow-shadow-v2._CB267603003_.png) no-repeat center top; }
#twister .swatches li.swatchUnavailableHover .xoverlay  { background: url(https://images-na.ssl-images-amazon.com/images/G/01/twister/images/swatches._CB146859256_.png) repeat -54px -64px; }
#twisterPopover .twisterPopoverArrow { background:url(https://images-na.ssl-images-amazon.com/images/G/01/gateway/csw/tri-down._CB155542082_.png)no-repeat 11px 0; }
#wishlist-dropdown-content .s_plus { background:url(https://images-na.ssl-images-amazon.com/images/G/01/common/sprites/sprite-dp-2._CB384267953_.png) no-repeat scroll -140px -540px transparent; }
#fg_sizing_tabs { background:transparent url(https://images-na.ssl-images-amazon.com/images/G/01/apparel/rcxgs/tabs/tab-border._CB192207177_.gif) repeat-x scroll left bottom; }
#fg_sizing_tabs li { background:transparent url(https://images-na.ssl-images-amazon.com/images/G/01/apparel/rcxgs/tabs/tab-unselected-left._CB192207176_.gif) no-repeat scroll left top; }
#fg_sizing_tabs li div { background:transparent url(https://images-na.ssl-images-amazon.com/images/G/01/apparel/rcxgs/tabs/tab-unselected-right._CB192207176_.gif) no-repeat scroll right top; }
#fg_sizing_tabs li div.last { background-image:url(https://images-na.ssl-images-amazon.com/images/G/01/apparel/rcxgs/tabs/tab-unselected-right-last._CB192207179_.gif); }
#fg_sizing_tabs li.fg_highlight { background-image:url(https://images-na.ssl-images-amazon.com/images/G/01/apparel/rcxgs/tabs/tab-selected-left._CB192207176_.gif); }
#fg_sizing_tabs li.fg_highlight div { background-image:url(https://images-na.ssl-images-amazon.com/images/G/01/apparel/rcxgs/tabs/tab-selected-right._CB192207176_.gif); }
#fg_sizing_tabs li.fg_highlight div.last { background-image:url(https://images-na.ssl-images-amazon.com/images/G/01/apparel/rcxgs/tabs/tab-selected-right-last._CB192207176_.gif); }

#detailpage-click2call .c2c-phone-icon { background-image:url(https://images-na.ssl-images-amazon.com/images/G/01/electronics/click2call/click2call-sprite._CB156431432_.png); background-repeat:no-repeat; background-position: 0px 0px; width:57px; height:57px; margin-right:6px; }
.cmtySprite { background-image: url(https://images-na.ssl-images-amazon.com/images/G/01/common/sprites/sprite-communities._CB320811603_.png); background-repeat: no-repeat; }


  
    .tagEdit {
      padding-bottom:4px;
      padding-top:4px;
    }

    .edit-tag {
      width: 155px;
      margin-left: 10px;
    }

    .list-tags {
      white-space: nowrap;
      padding: 1px 0px 0px 0px;
    }

   #suggest-table {
      display: none;
      position: absolute;
      z-index: 2;
      background-color: #fff;
      border: 1px solid #9ac;
    }

    #suggest-table tr td{
      color: #333;
      font: 11px Verdana, sans-serif;
      padding: 2px;
    }

    #suggest-table tr.hovered {
      color: #efedd4;
      background-color: #9ac;
    }

  
  .see-popular {
    padding: 1.3em 0 0 0;
  }

  .tag-cols {
    border-collapse: collapse;
  }

  .tag-cols td {
    vertical-align: top;
    width: 250px;
    padding-right: 30px;
  }

  .tag-cols .tag-row {
    padding: 0 0 7px 0px;
  }

  .tag-cols .see-all {
    white-space: nowrap;
    padding-top: 5px;
  }

  .tags-piles-feedback {
    display: none;
    color: #000;
    font-size: 0.9em;
    font-weight: bold;
    margin: 0px 0 0 0;
   }

  .tag-cols i {
    display: none;
    cursor: pointer;
    cursor: hand;
    float: left;
    font-style: normal;
    font-size: 0px;
    vertical-align: bottom;
    width: 16px;
    height: 16px;
    margin-top: 1px;
    margin-right: 3px;
  }

  .tag-cols .snake {
    display: block;
    background: url('https://images-na.ssl-images-amazon.com/images/G/01/x-locale/communities/tags/graysnake._CB192250049_.gif');
  }

  #tagContentHolder .tip {
    display: none;
    color: #999;
    font-size: 10px;
    padding-top: 0.25em;
  }

  #tagContentHolder .tip a {
    color: #999 !important;
    text-decoration: none !important;
    border-bottom: solid 1px #CCC;
  }

  .nowrap {
    white-space: nowrap;
  }

  #tgEnableVoting {
    display: none;
  }

  #tagContentHolder .count {
    color: #666;
    font-size: 10px;
    margin-left: 3px;
    white-space: nowrap;
  }

  .count.tgVoting {
    cursor: pointer;
  }

  .tgVoting .tgCounter {
    margin-right: 3px;
    border-bottom: 1px dashed #003399;
    color: #003399;
  }


.c2c-inline-sprite {
    display: -moz-inline-box;
    display: inline-block;
    margin: 0;padding: 0; 
    position: relative;
    overflow: hidden;
    vertical-align: middle;
    background-image: url(https://images-na.ssl-images-amazon.com/images/G/01/electronics/click2call/click2call-sprite._CB156431432_.png);
    background-repeat: no-repeat;
}
.c2c-inline-sprite span {
    position:absolute;
    top:-9999px;
}

.dp-call-me-button {
    width:52px;
    height:22px;
    background-position:0px -57px; 
}



<!--
function amz_js_PopWin(url,name,options){
  var ContextWindow = window.open(url,name,options);
  ContextWindow.focus();
  return false;
}
//-->






Amazon.com: Fun World - Boy's Skelebones Costume: Toys & Games


// =============================================================================
// Function Class: Show/Hide product promotions & special offers link
// =============================================================================

function showElement(id) {
  var elm = document.getElementById(id);
  if (elm) {
    elm.style.visibility = 'visible';
    if (elm.getAttribute('name') == 'heroQuickPromoDiv') {
      elm.style.display = 'block';
    }
  }
}
function hideElement(id) {
  var elm = document.getElementById(id);
  if (elm) {
    elm.style.visibility = 'hidden';
    if (elm.getAttribute('name') == 'heroQuickPromoDiv') {
      elm.style.display = 'none';
    }
  }
}
function showHideElement(h_id, div_id) {
  var hiddenTag = document.getElementById(h_id);
  if (hiddenTag) {
    showElement(div_id);
  } else {
    hideElement(div_id);
  }
}

    if(typeof P === 'object' && typeof P.when === 'function'){
    P.register(""isLazyLoadWeblabEnabled"", function(){
        var  isWeblabEnabled = 1;
        return isWeblabEnabled;
      });
    }

	window.isBowserFeatureCleanup = 0;
	
var touchDeviceDetected = false;


        P.when('atf').register('sp.load.js');


var CSMReqs={af:{c:2,p:'atf'},cf:{c:2,p:'cf'},x1:{c:1,p:'x1'},x2:{c:1,p:'x2'}};
function setCSMReq(a){
    a=a.toLowerCase();
    var b=CSMReqs[a];
    if(b&&--b.c==0){
        if(typeof uet=='function'){uet(a); (a == 'af') && (typeof replaceImg === 'function') && replaceImg();};
        if(typeof P != 'undefined'){
            P.register(b.p);
            if(a == 'af') {
                if(typeof uet === 'function') {
                    uet('bb', 'TwisterAUIWait', {wb: 1});
                }
            }
        };
    }
}
if(typeof P != 'undefined') {
    P.when('A').execute(function(A) {
        if(typeof uet === 'function') {
            uet('af', 'TwisterAUIWait', {wb: 1});
        }
    });
}

var addlongPoleTag = function(marker,customtag){
    marker=marker.toLowerCase();
    var b=CSMReqs[marker];
    if(b.c == 0){
        if(window.ue && typeof ue.tag === 'function') {
            ue.tag(customtag);
        }
    }
};
;(function(_onerror){
  var old_error_handler = _onerror;
  var attributionMap = {
          ""BrowserAddon"":{
            logLevel: ""ERROR"",
            files:[
                /^res:\/\//, 
                /^resource:\/\//, /^chrome:\/\//, 
                /^chrome-extension:\/\//, /^extensions\//, 
                /^file:\/\/\//, /^chrome\/RendererExtensionBindings/, 
                /^plugin\/amazon_com_detail\.js/, 
                /^miscellaneous_bindings/, 
              
                // plugin in china
                /^http.?:\/\/([^\s\.]+\.)*qhimg\.com/,
              
                // plugin in India
                /^http.?:\/\/([^\s\.]+\.)*datafastguru\.info/,

                /^http.?:\/\/sc1\.checkpoint\.com\/dev\/abine\/scripts\/inject\.js/,

                /^http.?:\/\/([^\s\.]+\.)*image2play\.com/,

                /^http.?:\/\/([^\s\.]+\.)*wajam\.com/,

                /^http.?:\/\/([^\s\.]+\.)*ydstatic\.com/,

		/^https?:\/\/([^\s\.]+\.)*googleapis\.com\/ajax\/libs\/jquery/,

		/^https?:\/\/www\.superfish\.com\/ws/,

		/^https?:\/\/api.imideo.com\/v2/,

		/^https?:\/\/minibar.iminent.com/,

		/^https?:\/\/translate.googleusercontent.com/,
	
		/^includes\/helper/
            ]
          }
  };

    function findMatch(f){
	for(var attribution in attributionMap){
	    var i=0;
	    var attributionValue = attributionMap[attribution];
	    var files = attributionValue['files'];
	    while(files[i]){
		if(f.match(files[i])){
	            var exception={};
		    exception.attribution = attribution;
		    if(attributionValue.hasOwnProperty(""logLevel"")){
			exception.logLevel = attributionValue['logLevel'];	
		    }
		return exception;
           	}
		i++;
	    }
        }
	return null;
    }


    function dpOnErrorOverride(message, file, line, col, error){
     var matchingErrorFound = false;
     if(typeof file == ""string""){
        try{
	    var jsException = findMatch(file);
	    if(jsException && typeof jsException === ""object""){
                jsException.m =  message;
                jsException.f = file;
                jsException.l = line;
                jsException.c =  """" + (col || """");
                jsException.err =  error;
                jsException.fromOnError = 1;
                jsException.args = arguments;
                if(window.ueLogError){
               	    window.ueLogError(jsException);
		    matchingErrorFound = true;
		    if(ue && ue.count){
		        ue.count(""dpJavascriptAffectedErrors"", (ue.count(""dpJavascriptAffectedErrors"") || 0) + 1);
		        ue.count(""dpJSError"" + jsException.attribution, (ue.count(""dpJSError"" + jsException.attribution) || 0) + 1);
		    }
	        }
            }
	}catch(exception){
	    if(window.ueLogError){
	        window.ueLogError(exception,{message: ""dpOnErrorOverride: error occurred - "", logLevel:""FATAL""});
	    }
	}
    }
	if(!matchingErrorFound){ 
          old_error_handler.apply(this, arguments);
	}
        return false;
    }

      dpOnErrorOverride.skipTrace = 1;
      window.onerror = dpOnErrorOverride;
    })(window.onerror);


var gbEnableTwisterJS  = 0;
var isTwisterPage = 0;
  isTwisterPage = 1;



/* Override for Native DropDown changes */
       #buybox_feature_div .a-native-dropdown, #buybox .a-native-dropdown { opacity: 1; filter: alpha(opacity=100); z-index: auto; position: static; display: inline; font-weight: normal;}
       #buybox_feature_div label.a-native-dropdown, #buybox label.a-native-dropdown {padding-right: 5px;}
       #buybox_feature_div .a-dropdown-container .a-button-dropdown, #buybox .a-dropdown-container .a-button-dropdown  { display: none !important;}
     #buybox_feature_div #OneClickBox, #buybox #OneClickBox { text-align:center;}
     #buybox_feature_div #oneClickAvailable, #buybox #oneClickAvailable { text-align:center;}
     #defaultChildDropdown_feature_div .a-native-dropdown { display: inline;}
     #defaultChildDropdown_feature_div .a-dropdown-container .a-button-dropdown { display: none !important;}





P.when(""p-detect"").execute(function() {
    var h = document.documentElement;
    h.className = h.className.replace(/(^|\b)a-touch(\b|$)/g,"""");
});

window.weblabs = {};




window.ue_ihe = (window.ue_ihe || 0) + 1;
if (window.ue_ihe === 1) {
(function(e,c){function h(b,a){f.push([b,a])}function g(b,a){if(b){var c=e.head||e.getElementsByTagName(""head"")[0]||e.documentElement,d=e.createElement(""script"");d.async=""async"";d.src=b;d.setAttribute(""crossorigin"",""anonymous"");a&&a.onerror&&(d.onerror=a.onerror);a&&a.onload&&(d.onload=a.onload);c.insertBefore(d,c.firstChild)}}function k(){ue.uels=g;for(var b=0;b<f.length;b++){var a=f[b];g(a[0],a[1])}ue.deffered=1}var f=[];c.ue&&(ue.uels=h,c.ue.attach&&c.ue.attach(""load"",k))})(document,window);
(function(k,l,g){function m(a){c||(c=b[a.type].id,""undefined""===typeof a.clientX?(e=a.pageX,f=a.pageY):(e=a.clientX,f=a.clientY),2!=c||h&&(h!=e||n!=f)?(r(),d.isl&&l.setTimeout(function(){p(""at"",d.id)},0)):(h=e,n=f,c=0))}function r(){for(var a in b)b.hasOwnProperty(a)&&d.detach(a,m,b[a].parent)}function s(){for(var a in b)b.hasOwnProperty(a)&&d.attach(a,m,b[a].parent)}function t(){var a="""";!q&&c&&(q=1,a+=""&ui=""+c);return a}var d=k.ue,p=k.uex,q=0,c=0,h,n,e,f,b={click:{id:1,parent:g},mousemove:{id:2,
parent:g},scroll:{id:3,parent:l},keydown:{id:4,parent:g}};d&&p&&(s(),d._ui=t)})(ue_csm,window,document);



    if (window.ue && window.ue.uels) {
            var cel_widgets = [ { ""c"":""celwidget"" },{ ""c"":""feature"" } ];

                ue.uels(""https://images-na.ssl-images-amazon.com/images/G/01/AUIClients/ClientSideMetricsAUIJavascript@jserrorsForester.10f2559e93ec589d92509318a7e2acbac74c343a._V2_.js"");
    }

(function(k,c){function l(a,b){return a.filter(function(a){return a.initiatorType==b})}function f(a,c){if(b.t[a]){var g=b.t[a]-b._t0,e=c.filter(function(a){return 0!==a.responseEnd&&m(a)<g}),f=l(e,""script""),h=l(e,""link""),k=l(e,""img""),n=e.map(function(a){return a.name.split(""/"")[2]}).filter(function(a,b,c){return a&&c.lastIndexOf(a)==b}),q=e.filter(function(a){return a.duration<p}),s=g-Math.max.apply(null,e.map(m))<r|0;""af""==a&&(b._afjs=f.length);return a+"":""+[e[d],f[d],h[d],k[d],n[d],q[d],s].join(""-"")}}
function m(a){return a.responseEnd-(b._t0-c.timing.navigationStart)}function n(){var a=c[h](""resource""),d=f(""cf"",a),g=f(""af"",a),a=f(""ld"",a);delete b._rt;b._ld=b.t.ld-b._t0;b._art&&b._art();return[d,g,a].join(""_"")}var p=20,r=50,d=""length"",b=k.ue,h=""getEntriesByType"";b._rre=m;b._rt=c&&c.timing&&c[h]&&n})(ue_csm,window.performance);


(function(s,l){function m(b,e,c){c=c||new Date(+new Date+t);c=""expires=""+c.toUTCString();n.cookie=b+""=""+e+"";""+c+"";path=/""}function p(b){b+=""="";for(var e=n.cookie.split("";""),c=0;c<e.length;c++){for(var a=e[c];"" ""==a.charAt(0);)a=a.substring(1);if(0===a.indexOf(b))return decodeURIComponent(a.substring(b.length,a.length))}return""""}function q(b,e,c){if(!e)return b;-1<b.indexOf(""{"")&&(b="""");for(var a=b.split(""&""),f,d=!1,h=!1,g=0;g<a.length;g++)f=a[g].split("":""),f[0]==e?(!c||d?a.splice(g,1):(f[1]=c,a[g]=
f.join("":"")),h=d=!0):2>f.length&&(a.splice(g,1),h=!0);h&&(b=a.join(""&""));!d&&c&&(0<b.length&&(b+=""&""),b+=e+"":""+c);return b}var k=s.ue||{},t=6048E7,n=ue_csm.document||l.document,r=null,d;a:{try{d=l.localStorage;break a}catch(u){}d=void 0}k.count&&k.count(""csm.cookieSize"",document.cookie.length);k.cookie={get:p,set:m,updateCsmHit:function(b,e,c){try{var a;if(!(a=r)){var f;a:{try{if(d&&d.getItem){f=d.getItem(""csm-hit"");break a}}catch(k){}f=void 0}a=f||p(""csm-hit"")||""{}""}a=q(a,b,e);r=a=q(a,""t"",+new Date);
try{d&&d.setItem&&d.setItem(""csm-hit"",a)}catch(h){}m(""csm-hit"",a,c)}catch(g){""function""==typeof l.ueLogError&&ueLogError(Error(""Cookie manager: ""+g.message),{logLevel:""WARN""})}}}})(ue_csm,window);

(function(l,d){function c(b){b="""";var c=a.isBFT?""b"":""s"",d=""""+a.oid,f=""""+a.lid,g=d;d!=f&&20==f.length&&(c+=""a"",g+=""-""+f);a.tabid&&(b=a.tabid+""+"");b+=c+""-""+g;b!=e&&100>b.length&&(e=b,a.cookie?a.cookie.updateCsmHit(m,b+(""|""+ +new Date)):document.cookie=""csm-hit=""+b+(""|""+ +new Date)+n+""; path=/"")}function p(){e=0}function h(b){!0===d[a.pageViz.propHid]?e=0:!1===d[a.pageViz.propHid]&&c({type:""visible""})}var n=""; expires=""+(new Date(+new Date+6048E5)).toGMTString(),m=""tb"",e,a=l.ue||{},k=a.pageViz&&a.pageViz.event&&
a.pageViz.propHid;a.attach&&(a.attach(""click"",c),a.attach(""keyup"",c),k||(a.attach(""focus"",c),a.attach(""blur"",p)),k&&(a.attach(a.pageViz.event,h,d),h({})));a.aftb=1})(ue_csm,document);


ue_csm.ue.stub(ue,""impression"");


(function(k,d,h){function f(a,c,b){a&&a.indexOf&&0===a.indexOf(""http"")&&0!==a.indexOf(""https"")&&l(s,c,a,b)}function g(a,c,b){a&&a.indexOf&&(location.href.split(""#"")[0]!=a&&null!==a&&""undefined""!==typeof a||l(t,c,a,b))}function l(a,c,b,e){m[b]||(e=u&&e?n(e):""N/A"",d.ueLogError&&d.ueLogError({message:a+c+"" : ""+b,logLevel:v,stack:""N/A""},{attribution:e}),m[b]=1,p++)}function e(a,c){if(a&&c)for(var b=0;b<a.length;b++)try{c(a[b])}catch(d){}}function q(){return d.performance&&d.performance.getEntriesByType?
d.performance.getEntriesByType(""resource""):[]}function n(a){if(a.id)return""//*[@id='""+a.id+""']"";var c;c=1;var b;for(b=a.previousSibling;b;b=b.previousSibling)b.nodeName==a.nodeName&&(c+=1);b=a.nodeName;1!=c&&(b+=""[""+c+""]"");a.parentNode&&(b=n(a.parentNode)+""/""+b);return b}function w(){var a=h.images;a&&a.length&&e(a,function(a){var b=a.getAttribute(""src"");f(b,""img"",a);g(b,""img"",a)})}function x(){var a=h.scripts;a&&a.length&&e(a,function(a){var b=a.getAttribute(""src"");f(b,""script"",a);g(b,""script"",a)})}
function y(){var a=h.styleSheets;a&&a.length&&e(a,function(a){if(a=a.ownerNode){var b=a.getAttribute(""href"");f(b,""style"",a);g(b,""style"",a)}})}function z(){if(A){var a=q();e(a,function(a){f(a.name,a.initiatorType)})}}function B(){e(q(),function(a){g(a.name,a.initiatorType)})}function r(){var a;a=d.location&&d.location.protocol?d.location.protocol:void 0;""https:""==a&&(z(),w(),x(),y(),B(),p<C&&setTimeout(r,D))}var s=""[CSM] Insecure content detected "",t=""[CSM] Ajax request to same page detected "",v=""WARN"",
m={},p=0,D=k.ue_nsip||1E3,C=5,A=1==k.ue_urt,u=!0;ue_csm.ue_disableNonSecure||(d.performance&&d.performance.setResourceTimingBufferSize&&d.performance.setResourceTimingBufferSize(300),r())})(ue_csm,window,document);

(function(d){d.ue_cel_stub||(d.ue_cel_stub=function(){var b={};return{registerModule:function(a,c){b[a]||(b[a]=c,b[a].on())},replayModule:function(a,c){b[a]&&(b[a].replay(c),b[a].off(),delete b[a])}}}())})(ue_csm);
(function(a,d,h){a.ue_mcm_stub||a.ue&&a.ue.isBF||(a.ue_mcm_stub=function(){function e(a){var b=c.d(),e=(d.body||{}).scrollWidth,k=(d.body||{}).scrollHeight,f;h&&""function""===typeof h.now&&a.timeStamp&&(f=h.now()-a.timeStamp,f=parseFloat(f.toFixed(2)));g.push({rawEvent:a,additionalData:{ots:b,ow:e,oh:k,odt:f}})}var c=a.ue,g=[];return{on:function(){c.attach&&c.attach(""click"",e,d)},off:function(){c.detach&&c.detach(""click"",e,d)},replay:function(a){for(var b=0;b<g.length;b++)a(g[b].rawEvent,g[b].additionalData)}}}(),
a.ue_cel_stub&&a.ue_cel_stub.registerModule(""mcm"",a.ue_mcm_stub))})(ue_csm,document,window.performance);


ue.stub(ue,""trigger"");ue.trigger&&ue.trigger(""CSM_CLIENT_WEBLAB_TRIGGER"",""C"");


if(window.ue&&uet) { uet('bb'); }

}


window.P && P.register('bb');
if (typeof ues === 'function') {
  ues('t0', 'portal-bb', new Date());
  ues('ctb', 'portal-bb', 1);
}


{""AUI_160684"":""C"",""AUI_157141"":""C"",""AUI_TNR_V2_180836"":""C"",""AUI_UX_114039"":""C"",""AUI_UX_113788"":""C"",""AUI_UX_145937"":""C"",""AUI_57326"":""C"",""AUI_158613"":""C"",""AUI_149818"":""C"",""AUI_72554"":""C"",""AUI_BOLT_62845"":""C"",""AUI_UX_60000"":""C"",""AUI_ATTR_VALIDATIONS_1_51371"":""C"",""AUI_ACCESSIBILITY_49860"":""C"",""AUI_152852"":""C"",""AUI_PERF_130093"":""C"",""AUI_UX_138741"":""C""}typeof uex === 'function' && uex('ld', 'portal-bb', {wb: 1})



(function(d){document.createElement(""header"");function b(e){return[].slice.call(e)}function c(f,e){return{m:f,a:b(e)}}var a=function(f){var g={};g._sourceName=f;g._replay=[];g.getNow=function(i,h){return h};function e(i,h,j){i[j]=function(){g._replay.push(h.concat(c(j,arguments)))}}g.when=function(){var i=[c(""when"",arguments)];var h={};e(h,i,""run"");e(h,i,""declare"");e(h,i,""publish"");e(h,i,""build"");return h};e(g,[],""declare"");e(g,[],""build"");e(g,[],""publish"");e(g,[],""importEvent"");a._shims.push(g);return g};a._shims=[];if(!d.$Nav){d.$Nav=a(""rcx-nav"")}if(!d.$Nav.make){d.$Nav.make=a}}(window));
$Nav.importEvent('navbarJS-beaconbelt');
$Nav.declare('img.sprite', {
  'png8': 'https://images-na.ssl-images-amazon.com/images/G/01/gno/sprites/global-sprite_bluebeacon-v1._CB327533540_.png',
  'png32': 'https://images-na.ssl-images-amazon.com/images/G/01/gno/sprites/nav-sprite-global_bluebeacon-V3-1x_optimized._CB483188077_.png',
  'png32-2x': 'https://images-na.ssl-images-amazon.com/images/G/01/gno/sprites/nav-sprite-global_bluebeacon-V3-2x_optimized._CB474516457_.png'
});
window._navbarSpriteUrl = 'https://images-na.ssl-images-amazon.com/images/G/01/gno/sprites/nav-sprite-global_bluebeacon-V3-1x_optimized._CB483188077_.png';
$Nav.declare('img.pixel', 'https://images-na.ssl-images-amazon.com/images/G/01/x-locale/common/transparent-pixel._CB386942464_.gif');





(window.AmazonUIPageJS ? AmazonUIPageJS : P).when('navCF').execute(function(){
  (window.AmazonUIPageJS ? AmazonUIPageJS : P).load.js('https://images-na.ssl-images-amazon.com/images/I/41eKbH%2BV9oL._RC|71gqiQPjkVL.js,61ybdwam-8L.js,41MSv8-3arL.js,113NkCQYmFL.js,01wBjiz9OvL.js,21YI5xZWAwL.js,31SFwv+1S1L.js,51+klsvwgqL.js,31Sch+N9NhL.js_.js?AUIClients/AmazonNavigationDesktopMetaAsset#desktop');
});






    if(window.navmet===undefined) {
      window.navmet=[];
      if (window.performance && window.performance.timing && window.ue_t0) {
        var t = window.performance.timing;
        var now = + new Date();
        window.navmet.basic = {
          'networkLatency': (t.responseStart - t.fetchStart),
          'navFirstPaint': (now - t.responseStart),
          'NavStart': (now - window.ue_t0)
        };
      }
    }

window.navmet.tmp=+new Date();

    window.uet && uet('ns');
    window._navbar = (function (o) {
      o.componentLoaded = o.loading = function(){};
      o.browsepromos = {};
      o.issPromos = [];
      return o;
    }(window._navbar || {}));
    window._navbar.declareOnLoad = function () { window.$Nav && $Nav.declare('page.load'); };
    if (window.addEventListener) {
      window.addEventListener(""load"", window._navbar.declareOnLoad, false);
    } else if (window.attachEvent) {
      window.attachEvent(""onload"", window._navbar.declareOnLoad);
    } else if (window.$Nav) {
      $Nav.when('page.domReady').run(""OnloadFallbackSetup"", function () {
        window._navbar.declareOnLoad();
      });
    }
    window.$Nav && $Nav.declare('logEvent.enabled',
      'false');

    window.$Nav && $Nav.declare('config.lightningDeals', {});
  

      div#navSwmHoliday.nav-focus {border: none;margin: 0;}
    

      try {
        if(window.navmet===undefined)window.navmet=[]; if(window.$Nav) { $Nav.when('$', 'config', 'flyout.accountList', 'SignInRedirect', 'dataPanel').run('accountListRedirectFix', function ($, config, flyout, SignInRedirect, dataPanel) { if (!config.accountList) { return; } flyout.getPanel().onData(function (data) { if (SignInRedirect) { var $anchors = $('[data-nav-role=signin]', flyout.elem()); $.each($anchors, function(i, anchorEl) {SignInRedirect.setRedirectUrl($(anchorEl), null, null);});}});}); $Nav.when('$', 'config').run('subnavSpacious', function ($, config) {if(config.pageType === 'ShoppingCart' && config.subPageType === 'NewHUC') { $('#nav-subnav.spacious').hide(); }}); $Nav.when('$').run('defineIsArray', function(jQuery) { if(jQuery.isArray===undefined) { jQuery.isArray=function(param) { if(param.length===undefined) { return false; } return true; }; } }); $Nav.declare('config.cartFlyoutDisabled', 'true'); $Nav.when('$','$F','config','logEvent','panels','phoneHome','dataPanel','flyouts.renderPromo','flyouts.sloppyTrigger','flyouts.accessibility','util.mouseOut','util.onKey','debug.param').build('flyouts.buildSubPanels',function($,$F,config,logEvent,panels,phoneHome,dataPanel,renderPromo,createSloppyTrigger,a11yHandler,mouseOutUtility,onKey,debugParam){var flyoutDebug=debugParam('navFlyoutClick');return function(flyout,event){var linkKeys=[];$('.nav-item',flyout.elem()).each(function(){var $item=$(this);linkKeys.push({link:$item,panelKey:$item.attr('data-nav-panelkey')});});if(linkKeys.length===0){return;} var visible=false;var $parent=$('<div class=\'nav-subcats\'></",https://images-na.ssl-images-amazon.com/images/I/41iEda2X-zL.jpg,Kids & Baby
AvaCostume Chinese Boy's Winter Tang 3 Piece Set Outfit Costume,https://images-na.ssl-images-amazon.com/images/I/51cl4c%2Bw9vL.jpg,Kids & Baby
Rush Dance Crochet Tutu Fairy Princess Pettiskirt Halter Top,https://images-na.ssl-images-amazon.com/images/I/61adUMR13kL.jpg,Kids & Baby
Rhode Island Novelty 697597783081 Costume,https://images-na.ssl-images-amazon.com/images/I/51gMw0PakCL.jpg,Kids & Baby
Michael Jackson Baby Beat-It Jacket Onesie Costume,https://images-na.ssl-images-amazon.com/images/I/41Hoeoi59rL.jpg,Kids & Baby
3-PC Girl Christmas Santa Claus Dress with Cloak and Hat,https://images-na.ssl-images-amazon.com/images/I/31z2wMM555L.jpg,Kids & Baby
Girls Snow Queen Costume Snow Princess with Bracelet for Mom,https://images-na.ssl-images-amazon.com/images/I/41BxM3zXnbL.jpg,Kids & Baby
"Just Pretend Kids Elephant Animal Costume, Large",https://images-na.ssl-images-amazon.com/images/I/31PcPUyo0RL.jpg,Kids & Baby
White Pigeon Mask - Funny Animal Mask - Off the Wall Toys,https://images-na.ssl-images-amazon.com/images/I/41R1SvG5kBL.jpg,Kids & Baby
"Girls 28"" Pink Satin Princess Hooded Cape",https://images-na.ssl-images-amazon.com/images/I/41lprjNMx5L.jpg,Kids & Baby
Rubie's Costume Co Men's Minion Goggles,https://images-na.ssl-images-amazon.com/images/I/41JuOmsSpWL.jpg,Kids & Baby
Children's Astronaut Role Play Set Costume for Kids,https://images-na.ssl-images-amazon.com/images/I/51did8nsgNL.jpg,Kids & Baby
InCharacter Wild Kratts Green Bat Costume for Kids,https://images-na.ssl-images-amazon.com/images/I/41YU93mEEmL.jpg,Kids & Baby
CX-queen® Baby Photography Prop Infant Costume Bowknot Tutu Skirt Headband,https://images-na.ssl-images-amazon.com/images/I/41EOSqZIRIL.jpg,Kids & Baby
Carter's Baby Girls' Halloween Costume (Baby),https://images-na.ssl-images-amazon.com/images/I/415KPBPQrXL.jpg,Kids & Baby
"Black & Royal Blue Chainmail Knight Dress-Up Set, Size 2/4",https://images-na.ssl-images-amazon.com/images/I/41bC%2BkModbL.jpg,Kids & Baby
Lil' Kitty Kat Costume: Baby's Size 6-12 Months,https://images-na.ssl-images-amazon.com/images/I/61-9bTCxJlL.jpg,Kids & Baby
"Enchantly 6 Pc Girls Dark Purple & Teal Fairy Set with Wings, Headband, Halo",https://images-na.ssl-images-amazon.com/images/I/41QAbL4VAiL.jpg,Kids & Baby
Rubie's Costume Co Baby Lucky Lil' Lamb Costume,https://images-na.ssl-images-amazon.com/images/I/51yeOXOWaBL.jpg,Kids & Baby
Spiderina Child Costume - Medium,https://images-na.ssl-images-amazon.com/images/I/51vnAUfip0L.jpg,Kids & Baby
"Rubie's Costume Kids Deluxe Warrior Princess Costume, Medium",https://images-na.ssl-images-amazon.com/images/I/51ZwQkLFwbL.jpg,Kids & Baby
Disguise Lazy Town Sportacus Deluxe Child Costume (Toddler 3T-4T),https://images-na.ssl-images-amazon.com/images/I/413Okc6xg0L.jpg,Kids & Baby
SmartyKat Scratch Pod Cat Scratcher Corrugated Refill Pad,https://images-na.ssl-images-amazon.com/images/I/41mGJIgr1GL.jpg,Beds & Furniture
"Pets First NBA PET Accessories. NBA Dog LEASHES, NBA Dog Collars, NBA Bandanas, NBA BEDS - 25 Basketball Teams Available",https://images-na.ssl-images-amazon.com/images/I/41J0WOr0LKL.jpg,Beds & Furniture
Luxury Brown PU Leather Dog Bed Waterproof Dog Bed House Canvas Cover with Colorful Stripes Dog Puppy 17.7&quot;x15&quot;x8&quot;,https://images-na.ssl-images-amazon.com/images/I/41CRRi8Xt9L.jpg,Beds & Furniture
"Petego Sofa Cover, Pet Sofa Cover,Loveseat Cover,Chair Cover, Full Fit Pet Furniture Protectors",https://images-na.ssl-images-amazon.com/images/I/31dlREq5p3L.jpg,Beds & Furniture
Pecute&reg; Pet Puppy Dog Cat Paw Print Fleece Blanket Mat Pad Cover Bed Random Color,https://images-na.ssl-images-amazon.com/images/I/51jbI62Z2PL.jpg,Beds & Furniture
"Manual Woodworkers &amp; Weavers Indoor/Outdoor Large Breed Pet Bed, Anchors Away Navy, Blue",https://images-na.ssl-images-amazon.com/images/I/51V8bpof0%2BL.jpg,Beds & Furniture
"Vivaglory Activity Cat Tower Tree Condo Pet House, 55 Inches Height",https://images-na.ssl-images-amazon.com/images/I/31gAVgmYelL.jpg,Beds & Furniture
Merax Carb-Certified Cat Tree with Condo Cat Scratch Post,https://images-na.ssl-images-amazon.com/images/I/41MWNxA2LqL.jpg,Beds & Furniture
Dogo Burger Dog Bed - Color Flower,https://images-na.ssl-images-amazon.com/images/I/51CfYQD3SGL.jpg,Beds & Furniture
"Merax Folding Cat Dog Pet Carrier Stroller Three-wheeled and Four-wheeled (Red, Three-wheeled)",https://images-na.ssl-images-amazon.com/images/I/51Q7EAWysVL.jpg,Beds & Furniture
Lean-it Scratching Post Wide 26&quot;,https://images-na.ssl-images-amazon.com/images/I/514lrfweTSL.jpg,Beds & Furniture
Folding 2-in-1 Pet Ramp &amp; Stairs for Dogs Cats Pet Steps Ladder Animal Portable,https://images-na.ssl-images-amazon.com/images/I/41y12JZbq9L.jpg,Beds & Furniture
Miglio Design Lettino Cat Scratcher Lounge,https://images-na.ssl-images-amazon.com/images/I/31IJm3A7ebL.jpg,Beds & Furniture
"Modern Grey Round 22&quot; Bone Print Dog Bed - Perfect for Small &amp; Extra Small Dogs! - Dome Shaped Nest, Nester, Nesting Lounger - Durable Pet Sofa Couch That All Dogs Can Enjoy!",https://images-na.ssl-images-amazon.com/images/I/51IYnree-sL.jpg,Beds & Furniture
Royal Cat Boutique Ultra Luxury Cat Condo,https://images-na.ssl-images-amazon.com/images/I/51BndmBovtL.jpg,Beds & Furniture
Cat Hamburger Bed Novelty Hamburger Design Washable Pet House Kitty Burger Pillow Bed Cat House (Small Size:46 X 35 X 26cm),https://images-na.ssl-images-amazon.com/images/I/41Q8aqbRekL.jpg,Beds & Furniture
Precision Pet 4000 Sleeper 35 in. x 23 in. Sage,https://images-na.ssl-images-amazon.com/images/I/41wTsmqxdpL.jpg,Beds & Furniture
The Smokey Dog Co. Dog Bed XLarge Tan Orthopedic Memory Foam 40&quot;x35&quot;x4&quot; from with Removable Zippered Washable Cover and Waterproof Lining. Best Pet Bed for Medium to Large Breeds.,https://images-na.ssl-images-amazon.com/images/I/31CE8QsV8YL.jpg,Beds & Furniture
Alfie Pet by Petoga Couture - Animal Joy Pet Cooling Mat - Journey,https://images-na.ssl-images-amazon.com/images/I/51RwHF3Ot3L.jpg,Beds & Furniture
Dogit Style Cuddle Dog Bed,https://images-na.ssl-images-amazon.com/images/I/41Mfz4zZgQL.jpg,Beds & Furniture
Kuranda Dog Bed - Chewproof - All Aluminum (Silver) - Ultra Duty Outdoor Bed - 40 oz. Solid Vinyl,https://images-na.ssl-images-amazon.com/images/I/21dkMeY7pyL.jpg,Beds & Furniture
"F&amp;G Soft Dog Bed, Blue Dog House Pet Bed, Easy To Wash",https://images-na.ssl-images-amazon.com/images/I/41z4Kf9rjVL.jpg,Beds & Furniture
"Every Day Puppy Pee Pads-train and Housebreak Your Dog or Cat-grass Patch Attractant-can Be Used in Beds and Car Seats for Babies, Kids and Adults - Use in Trays or Mats- Ultimate Light Weight Floor Protection Eco Friendly System - 100% Guarantee.",https://images-na.ssl-images-amazon.com/images/I/11Di%2B0m%2BUPL.jpg,Beds & Furniture
Fund Kennel Cozy Pet Crate Teddy Golden Retriever Dog Bed for Different Size Pet,https://images-na.ssl-images-amazon.com/images/I/31oSV2owNmL.jpg,Beds & Furniture
Brainstorm Pets U-Shaped Bed,https://images-na.ssl-images-amazon.com/images/I/41rtjkcCnKL.jpg,Beds & Furniture
2 - Perfect Cat Grooming Arch - with Bag of Cat Nip,https://images-na.ssl-images-amazon.com/images/I/51Z%2B%2BPfhkZL.jpg,Beds & Furniture
Onlypets Cat Scratcher with Catnip Wooden Sides Gift for Kittens Cat Scratching Post Size: 17.32&quot;Lx 8.86&quot;Wx 5.51&quot;H - for Large Cats,https://images-na.ssl-images-amazon.com/images/I/51Xqu1j3EKL.jpg,Beds & Furniture
Tuff N Trendy 36x24x4 Chew Resistant Dog Bed,https://images-na.ssl-images-amazon.com/images/I/51ZzqF2o6mL.jpg,Beds & Furniture
Komia Cat House Shark Series Small Cave Soft Bed for Pet Inddor Padded Bed,https://images-na.ssl-images-amazon.com/images/I/31nhhUEmdsL.jpg,Beds & Furniture
Pink Cozy Portable Pet House Collapsible Warm &amp; Soft Indoor for Dogs/Cats House,https://images-na.ssl-images-amazon.com/images/I/412DLGMwqiL.jpg,Beds & Furniture
InTheHouse Plush Pet Cat Dog Bed With Bone Printing,https://images-na.ssl-images-amazon.com/images/I/51OEPL1ek%2BL.jpg,Beds & Furniture
Black Wood Pet Dog Steps Stairs &amp; Toy Box Combo,https://images-na.ssl-images-amazon.com/images/I/41Htjkeu%2B9L.jpg,Beds & Furniture
BESSIE AND BARNIE Signature Black Puma/Godiva Brown Extra Plush Faux Fur Bagel Pet/Dog Bed (Multiple Sizes),https://images-na.ssl-images-amazon.com/images/I/412sDSmRQRL.jpg,Beds & Furniture
"Manual Woodworkers &amp; Weavers Fleece Top Toy or Small Breed Pet Bed, Hypnotic Circles, Multi Colored",https://images-na.ssl-images-amazon.com/images/I/51m5WL0l7KL.jpg,Beds & Furniture
Kitty Tree Large Cats 33 inch Beige Cat Furniture Bed with Scratching Post,https://images-na.ssl-images-amazon.com/images/I/51Qwqf8BmNL.jpg,Beds & Furniture
Greendale Home Scout Deluxe Round Dog Bed,https://images-na.ssl-images-amazon.com/images/I/519sg8vd-HL.jpg,Beds & Furniture
"CozyCatFurniture Window Size Kitty Tree Cat Tower with 3 Large Beds, Beige Carpet",https://images-na.ssl-images-amazon.com/images/I/41MSeQugWiL.jpg,Beds & Furniture
Slumber Pet Sherpa Donut Pet Bed Chestnut,https://images-na.ssl-images-amazon.com/images/I/41VvoYZq03L.jpg,Beds & Furniture
"EcoLoofah Original Plain Scratcher Station Toy, Medium, Orange/Brown",https://images-na.ssl-images-amazon.com/images/I/31RTbIhmwLL.jpg,Beds & Furniture
ALEKO MP-02BE 73 Inch Height Cat Tree Condo Scratching Post Cat Furniture Pet House Cat Exercise Tree Beige Color,https://images-na.ssl-images-amazon.com/images/I/51aY3vs%2BYjL.jpg,Beds & Furniture
"Leopard Print PET BED Pillow Cushion - Sofa/couch Design - Dog, Cat, Puppy",https://images-na.ssl-images-amazon.com/images/I/51bYuzncofL.jpg,Beds & Furniture
"SFNet Premium Plush Breathable Pet Bed, Kennels and Pet Houses with Bolstered Rim for Maximum Comfort",https://images-na.ssl-images-amazon.com/images/I/41elXpXNYGL.jpg,Beds & Furniture
Fatboy Doggielounge Dog Bed,https://images-na.ssl-images-amazon.com/images/I/31oZkyIB1gL.jpg,Beds & Furniture
PetStairz 5-Step Foam Pet Steps,https://images-na.ssl-images-amazon.com/images/I/416FN2rY3HL.jpg,Beds & Furniture
Adog Cozy Round Dog Bed,https://images-na.ssl-images-amazon.com/images/I/51LK8YqIrOL.jpg,Beds & Furniture
Drymate Stripe Bath &amp; Grooming Mat for Dogs,https://images-na.ssl-images-amazon.com/images/I/31XMq7EY4TL.jpg,Beds & Furniture
4 Master Paws Corrugated Cardboard Cat Scratching Post Refill Pads With Catnip &amp; Set of Toys,https://images-na.ssl-images-amazon.com/images/I/613DEdHXbML.jpg,Beds & Furniture
Large Padded Cat Window Perch : Color NATURAL : Size LARGE PERCH,https://images-na.ssl-images-amazon.com/images/I/519yKlTzqIL.jpg,Beds & Furniture
K&amp;H Manufacturing K&amp;H Pet Products Classy Lounger Pet Bed,https://images-na.ssl-images-amazon.com/images/I/4116OS%2BRI3L.jpg,Beds & Furniture
Precision Pet SNZ Ikat Clamshell Bed,https://images-na.ssl-images-amazon.com/images/I/61uW9V0FNLL.jpg,Beds & Furniture
