coco_url,caption,class,super_categories
http://images.cocodataset.org/val2017/000000000139.jpg,A person standing at a table in a room.,0,"electronic, indoor, appliance, person, furniture"
http://images.cocodataset.org/val2017/000000000285.jpg,A close up picture of a brown bear's face.,1,animal
http://images.cocodataset.org/val2017/000000000632.jpg,A bedroom with a bookshelf full of books.,2,"furniture, indoor"
http://images.cocodataset.org/val2017/000000000724.jpg,An upside down stop sign by the road.,3,"vehicle, outdoor"
http://images.cocodataset.org/val2017/000000000776.jpg,A group of three stuffed animal teddy bears.,2,"furniture, indoor"
http://images.cocodataset.org/val2017/000000000785.jpg,a person on skis makes her way through the snow,4,"sports, person"
http://images.cocodataset.org/val2017/000000000802.jpg,Kitchen appliances and cabinets as seen through opening.,5,appliance
http://images.cocodataset.org/val2017/000000000872.jpg,Two men playing baseball in a field on a sunny day.,4,"sports, person"
http://images.cocodataset.org/val2017/000000000885.jpg,a male tennis player in white shorts is playing tennis,4,"sports, person"
http://images.cocodataset.org/val2017/000000001000.jpg,The people are posing for a group photo.,6,"sports, accessory, person"
http://images.cocodataset.org/val2017/000000001268.jpg,People underneath an arched bridge near the water.,7,"electronic, animal, vehicle, accessory, person"
http://images.cocodataset.org/val2017/000000001296.jpg,The Asian girl is holding her Miss Kitty phone,8,"electronic, person, indoor"
http://images.cocodataset.org/val2017/000000001353.jpg,Several children on a small  indoor kiddie train.,9,"vehicle, person"
http://images.cocodataset.org/val2017/000000001425.jpg,A meal is lying on a plate on a table.,10,"kitchen, food"
http://images.cocodataset.org/val2017/000000001490.jpg,A man with a wet suit on standing on a surfboard in the water.,4,"sports, person"
http://images.cocodataset.org/val2017/000000001503.jpg,Two apple computers are on a white desk,11,electronic
http://images.cocodataset.org/val2017/000000001532.jpg,A street scene with focus on the street signs on an overpass.,12,vehicle
http://images.cocodataset.org/val2017/000000001584.jpg,A red bus is driving on the road.,9,"vehicle, person"
http://images.cocodataset.org/val2017/000000001675.jpg,The large cat is resting comfortably behind the laptop screen. ,13,"electronic, animal"
http://images.cocodataset.org/val2017/000000001761.jpg,Two planes flying in the sky over a bridge.,9,"vehicle, person"
http://images.cocodataset.org/val2017/000000001818.jpg,A baby giraffe drinking milk from it's mother in a field.,1,animal
http://images.cocodataset.org/val2017/000000001993.jpg,"A room with purple walls, carpet and bed comforter.",14,furniture
http://images.cocodataset.org/val2017/000000002006.jpg,City bus driving through pedestrian saturated area near crosswalk.,15,"vehicle, outdoor, accessory, person"
http://images.cocodataset.org/val2017/000000002149.jpg,A white bowl of green granny smith apples.,10,"kitchen, food"
http://images.cocodataset.org/val2017/000000002153.jpg,A baseball player with a bat in his hand as the pitcher gets ready to throw the ball. ,4,"sports, person"
http://images.cocodataset.org/val2017/000000002157.jpg,A nicely set dining table filled with food and a cake topped with berries.,16,"kitchen, furniture, food"
http://images.cocodataset.org/val2017/000000002261.jpg,A boy riding a boogie board in the ocean waves.,4,"sports, person"
http://images.cocodataset.org/val2017/000000002299.jpg,A black and white photo of a group of kids.,17,"accessory, person"
http://images.cocodataset.org/val2017/000000002431.jpg,A tray of food on the top of a table.,18,"kitchen, person, furniture"
http://images.cocodataset.org/val2017/000000002473.jpg,A skier is jumping while other skiers watch.,4,"sports, person"
http://images.cocodataset.org/val2017/000000002532.jpg,A person on skis and with poles in the snow and facing the blue sky.,4,"sports, person"
http://images.cocodataset.org/val2017/000000002587.jpg,Closeup of a bag containing a banana and a doughnut.,19,food
http://images.cocodataset.org/val2017/000000002592.jpg,There is a white coffee cup with a skull and bones on it next to a knife,20,"kitchen, furniture"
http://images.cocodataset.org/val2017/000000002685.jpg,Many people line up to taste some wine. ,21,"kitchen, accessory, person"
http://images.cocodataset.org/val2017/000000002923.jpg,ships in the distance behind a grassy marsh with egrets,22,"vehicle, animal"
http://images.cocodataset.org/val2017/000000003156.jpg,A man fixing a toilet in a black and white photo.,23,"appliance, person, furniture"
http://images.cocodataset.org/val2017/000000003255.jpg,The paths of some snowboarders carved in a mountain slope.,24,"accessory, sports, person"
http://images.cocodataset.org/val2017/000000003501.jpg,"A bean and corn mixture, rice, and broccoli on a plate",10,"kitchen, food"
http://images.cocodataset.org/val2017/000000003553.jpg,A person wearing sneakers balancing on a skateboard on a wooden platform.,4,"sports, person"
http://images.cocodataset.org/val2017/000000003661.jpg,A closeup of a group of bananas on a table ,25,"electronic, kitchen, food"
http://images.cocodataset.org/val2017/000000003845.jpg,"A plate of vegetables, chicken, and white rice.",16,"kitchen, furniture, food"
http://images.cocodataset.org/val2017/000000003934.jpg,A little girl holding a white Nintendo Wii game controller.,26,"electronic, kitchen, person, furniture"
http://images.cocodataset.org/val2017/000000004134.jpg,Two men are shaking hands at a social gathering.,27,"kitchen, accessory, person, furniture"
http://images.cocodataset.org/val2017/000000004395.jpg,A man in a shirt and tie motioning with his hand.,17,"accessory, person"
http://images.cocodataset.org/val2017/000000004495.jpg,"A television, couch and chair in the corner of a room.",28,"electronic, furniture"
http://images.cocodataset.org/val2017/000000004765.jpg,A man in a yellow shirt and wetsuit surfing.,4,"sports, person"
http://images.cocodataset.org/val2017/000000004795.jpg,A cat sitting in front of a computer monitor.,13,"electronic, animal"
http://images.cocodataset.org/val2017/000000005001.jpg,A group of people holding a large pair of scissors to a ribbon.,29,"vehicle, accessory, person, indoor"
http://images.cocodataset.org/val2017/000000005037.jpg,A bus sitting still on the side of the road. ,9,"vehicle, person"
http://images.cocodataset.org/val2017/000000005060.jpg,A man in green shirt with cellphone reflecting in a mirror.,30,"electronic, person"
http://images.cocodataset.org/val2017/000000005193.jpg,A group of people pose for a picture while a man holds two surfboards. ,31,"kitchen, sports, person"
http://images.cocodataset.org/val2017/000000005477.jpg,A brown LOT airliner sitting on the tarmac,12,vehicle
http://images.cocodataset.org/val2017/000000005503.jpg,A photo of a duvet style toilet shooting water.,14,furniture
http://images.cocodataset.org/val2017/000000005529.jpg,A MAN IS SKIING ON THE SNOW SLOPES,4,"sports, person"
http://images.cocodataset.org/val2017/000000005586.jpg,"Indoor tennis match, with a full crowd of spectators.",4,"sports, person"
http://images.cocodataset.org/val2017/000000005600.jpg,"There are some appealing support ready to expend. 
",32,kitchen
http://images.cocodataset.org/val2017/000000005992.jpg,Group of sheep standing next to a brick building. ,1,animal
http://images.cocodataset.org/val2017/000000006012.jpg,Six bananas and a red fruit make an artistic sight paired with a blue background.,19,food
http://images.cocodataset.org/val2017/000000006040.jpg,A large white and blue train on a train track.,9,"vehicle, person"
http://images.cocodataset.org/val2017/000000006213.jpg,"A bathroom has two sinks, a bathtub, and a shower.",5,appliance
http://images.cocodataset.org/val2017/000000006460.jpg,A man is surfing and a wave is crashing,4,"sports, person"
http://images.cocodataset.org/val2017/000000006471.jpg,A man at bat waiting for a pitch with a catcher and umpire behind him and players from the opposing team in the dugout.,33,"kitchen, outdoor, sports, person"
http://images.cocodataset.org/val2017/000000006614.jpg,a black and white photo of nuts and fruit,19,food
http://images.cocodataset.org/val2017/000000006723.jpg,A street with a row of older red brick building on one side.,12,vehicle
http://images.cocodataset.org/val2017/000000006763.jpg,A man and a women posing next to one another in front of a table.,34,"electronic, accessory, person, furniture"
http://images.cocodataset.org/val2017/000000006771.jpg,A women in costume who is talking on a cell phone. ,30,"electronic, person"
http://images.cocodataset.org/val2017/000000006818.jpg,"a shower room with two buckets, tolet paper holder and soap.",14,furniture
http://images.cocodataset.org/val2017/000000006894.jpg,A man getting a kiss on the neck from an elephant's trunk,35,"person, animal"
http://images.cocodataset.org/val2017/000000006954.jpg,A group of children sitting in the grass with two of them holding a Frisbee .,4,"sports, person"
http://images.cocodataset.org/val2017/000000007088.jpg,A little girl holding an umbrella in the rain. ,36,"vehicle, accessory, person"
http://images.cocodataset.org/val2017/000000007108.jpg,A herd of elephants walking away from a watering hole.,1,animal
http://images.cocodataset.org/val2017/000000007278.jpg,"A man in a wet suit riding a wave on a surf board.
",4,"sports, person"
http://images.cocodataset.org/val2017/000000007281.jpg,two guys horseback riding and playing on the beach.,35,"person, animal"
http://images.cocodataset.org/val2017/000000007386.jpg,A motorcycle frame that has been made in to a tricycle. ,22,"vehicle, animal"
http://images.cocodataset.org/val2017/000000007511.jpg,A man flying a kite with two strings on a beach.,24,"accessory, sports, person"
http://images.cocodataset.org/val2017/000000007574.jpg,"A kitchen with two sinks, a counter, detergent, a stove and a refrigerator in it.",37,"appliance, kitchen, indoor"
http://images.cocodataset.org/val2017/000000007784.jpg,A large orange and white kite flying in a blue sky.,38,sports
http://images.cocodataset.org/val2017/000000007795.jpg,Two beds are in a hotel room type setting.,39,"electronic, furniture, indoor"
http://images.cocodataset.org/val2017/000000007816.jpg,a rider dressed in white riding a matching white motorcycle ,9,"vehicle, person"
http://images.cocodataset.org/val2017/000000007818.jpg,A photo of the table with a vase and flour.,40,"kitchen, furniture, indoor"
http://images.cocodataset.org/val2017/000000007888.jpg,A poll that has a clock on the top of it.,41,indoor
http://images.cocodataset.org/val2017/000000007977.jpg,a boy on a skateboard at a skatepark,4,"sports, person"
http://images.cocodataset.org/val2017/000000007991.jpg,Carrots and small green beans on a white plate. ,10,"kitchen, food"
http://images.cocodataset.org/val2017/000000008021.jpg,People watching an on screen presentation of a gentleman in a suit.,21,"kitchen, accessory, person"
http://images.cocodataset.org/val2017/000000008211.jpg,Two men sitting on the street in front of a building.,42,"vehicle, person, furniture"
http://images.cocodataset.org/val2017/000000008277.jpg,A white plate topped wti chicken and a cup of guacamole.,10,"kitchen, food"
http://images.cocodataset.org/val2017/000000008532.jpg,A man wearing a cat and sunglasses with a red neck tie.,17,"accessory, person"
http://images.cocodataset.org/val2017/000000008629.jpg,Pictures of several different types of quiche prepared differently.,10,"kitchen, food"
http://images.cocodataset.org/val2017/000000008690.jpg,Two girls pet a goat that is in a pen.,35,"person, animal"
http://images.cocodataset.org/val2017/000000008762.jpg,A dusky evening with a green street light shining.,3,"vehicle, outdoor"
http://images.cocodataset.org/val2017/000000008844.jpg,a black woman standing over a bushel of yellow bananas,43,"person, food"
http://images.cocodataset.org/val2017/000000008899.jpg,a red bricked building with a green door and graffiti,3,"vehicle, outdoor"
http://images.cocodataset.org/val2017/000000009378.jpg,A man spins a frisbee as the audience looks on.,4,"sports, person"
http://images.cocodataset.org/val2017/000000009400.jpg,A group of people that are sitting in front of laptops.,44,"kitchen, electronic, person"
http://images.cocodataset.org/val2017/000000009448.jpg,A little girl holds up a big blue umbrella.,17,"accessory, person"
http://images.cocodataset.org/val2017/000000009483.jpg,"A man by desk with mixing equipment, a keyboard and a computer monitor.",30,"electronic, person"
http://images.cocodataset.org/val2017/000000009590.jpg,A group of people sitting around a wooden table.,45,"kitchen, person, furniture, indoor"
http://images.cocodataset.org/val2017/000000009769.jpg,A red pick up truck with a plow blade drives down a snowy suburban road. ,46,"vehicle, outdoor, person"
http://images.cocodataset.org/val2017/000000009772.jpg,A view of a bathroom in what appears to be a hotel.,47,"appliance, electronic, person"
http://images.cocodataset.org/val2017/000000009891.jpg,Two men handling luggage in a parking structure.,36,"vehicle, accessory, person"
http://images.cocodataset.org/val2017/000000009914.jpg,A grilled chicken sandwich sits beside french fries made with real potatoes. ,16,"kitchen, furniture, food"
http://images.cocodataset.org/val2017/000000010092.jpg,Bed covered in mosquito netting in a bedroom with windows on three walls.,48,"furniture, animal"
http://images.cocodataset.org/val2017/000000010363.jpg,Grey color cat standing on hood of car in garage,49,"vehicle, kitchen, animal"
http://images.cocodataset.org/val2017/000000010583.jpg,a plate of meat topped with potatoes veggies and gravy,16,"kitchen, furniture, food"
http://images.cocodataset.org/val2017/000000010707.jpg,A man playing a video game while two men sit on a couch. ,50,"electronic, kitchen, accessory, person, furniture"
http://images.cocodataset.org/val2017/000000010764.jpg,A catches crouches on a patch of dirt.,4,"sports, person"
http://images.cocodataset.org/val2017/000000010977.jpg,A toilet lid is closed next to a bathtub with a white curtain and pink tile wall.,51,"appliance, furniture"
http://images.cocodataset.org/val2017/000000010995.jpg,The bedroom with the bedspread is dimly lit.,14,furniture
http://images.cocodataset.org/val2017/000000011051.jpg,Girl looks back as she fixes flower on boy's suit,17,"accessory, person"
http://images.cocodataset.org/val2017/000000011122.jpg,A red stop sign behind a chain link fence.,52,outdoor
http://images.cocodataset.org/val2017/000000011149.jpg,A man sitting on a motorcycle near several bicycles with a partially visible person standing nearby.,9,"vehicle, person"
http://images.cocodataset.org/val2017/000000011197.jpg,Couple of people standing at an intersection waiting to cross.,15,"vehicle, outdoor, accessory, person"
http://images.cocodataset.org/val2017/000000011511.jpg,A metal statue of two women sitting on a bench.,15,"vehicle, outdoor, accessory, person"
http://images.cocodataset.org/val2017/000000011615.jpg,Four signs are stacked together under two others. ,12,vehicle
http://images.cocodataset.org/val2017/000000011699.jpg,A woman and girl standing with luggage and giving a peace sign.,17,"accessory, person"
http://images.cocodataset.org/val2017/000000011760.jpg,Three zebra standing side by side on a dirt field next to a flowery forest.,1,animal
http://images.cocodataset.org/val2017/000000011813.jpg,a tripod sitting next to  a laptop,28,"electronic, furniture"
http://images.cocodataset.org/val2017/000000012062.jpg,A freshly shorn sheep standing near a pile of wool.,53,"sports, animal"
http://images.cocodataset.org/val2017/000000012120.jpg,Two women playing in a professional tennis match.,54,"sports, person, furniture"
http://images.cocodataset.org/val2017/000000012280.jpg,A lone woman walks across the terminal with her bags.,55,"electronic, accessory, person"
http://images.cocodataset.org/val2017/000000012576.jpg,A grandmother looks at her family's pizza dinner,56,"food, electronic, kitchen, person, furniture"
http://images.cocodataset.org/val2017/000000012639.jpg,A little boy holding a bat standing at home plate.,4,"sports, person"
http://images.cocodataset.org/val2017/000000012667.jpg,A phone with a banana where the receiver should be.,19,food
http://images.cocodataset.org/val2017/000000012670.jpg,A crowd of people standing around each other.,57,"electronic, accessory, person, indoor"
http://images.cocodataset.org/val2017/000000012748.jpg,A man and child next to a horse.,35,"person, animal"
http://images.cocodataset.org/val2017/000000013004.jpg,A white plate topped with a banana and pudding.,58,"furniture, food"
http://images.cocodataset.org/val2017/000000013177.jpg,a man is working on a hub cap on the ground,9,"vehicle, person"
http://images.cocodataset.org/val2017/000000013201.jpg,A man is airborne on a skateboard pointing to the sky behind him.,4,"sports, person"
http://images.cocodataset.org/val2017/000000013291.jpg,A group of people in a field smile holding frisbees.,4,"sports, person"
http://images.cocodataset.org/val2017/000000013348.jpg,a large air plane on a terminal ,9,"vehicle, person"
http://images.cocodataset.org/val2017/000000013546.jpg,A boy riding his skateboard on a ledge in a park.,59,"outdoor, sports, person"
http://images.cocodataset.org/val2017/000000013597.jpg,A piece of chocolate pie sitting on top of a plate.,58,"furniture, food"
http://images.cocodataset.org/val2017/000000013659.jpg,a table with two laptops and chairs ,60,"kitchen, electronic, person, furniture"
http://images.cocodataset.org/val2017/000000013729.jpg,Four people standing in a room playing a video game. ,26,"electronic, kitchen, person, furniture"
http://images.cocodataset.org/val2017/000000013774.jpg,A man standing on top of a river next to the sun and a flying kite.,4,"sports, person"
http://images.cocodataset.org/val2017/000000013923.jpg,"A living room and kitchen areas features red, white, and wooden furniture.",61,"electronic, kitchen, furniture, indoor"
http://images.cocodataset.org/val2017/000000014007.jpg,A brown colored cat is on top of a tall gray cabinet.,62,"appliance, animal"
http://images.cocodataset.org/val2017/000000014038.jpg,A long room with balloons and arrows on the floor.,63,"electronic, indoor, kitchen, appliance, furniture"
http://images.cocodataset.org/val2017/000000014226.jpg,A person is sitting in a chair at a table with a laptop computer.,64,"electronic, person, furniture, food"
http://images.cocodataset.org/val2017/000000014380.jpg,A long bridge with cars has a train going underneath.,12,vehicle
http://images.cocodataset.org/val2017/000000014439.jpg,A woman and a young girl holding a kite on a green field.,65,"sports, accessory, furniture, person"
http://images.cocodataset.org/val2017/000000014473.jpg,a red and black train is coming down the tracks,9,"vehicle, person"
http://images.cocodataset.org/val2017/000000014831.jpg,A brown and white animal laying on top of a bed.,48,"furniture, animal"
http://images.cocodataset.org/val2017/000000014888.jpg,"A cow getting relief as it is being milked.
",1,animal
http://images.cocodataset.org/val2017/000000015079.jpg,a delicious looking sandwich on a plate with a knife,10,"kitchen, food"
http://images.cocodataset.org/val2017/000000015254.jpg,Four plastic containers filled with food on a table.,10,"kitchen, food"
http://images.cocodataset.org/val2017/000000015272.jpg,A red light is a wonderful contrast to the pink leaves on trees,52,outdoor
http://images.cocodataset.org/val2017/000000015278.jpg,Cooked broccoli sitting on a plate with salmon.,19,food
http://images.cocodataset.org/val2017/000000015335.jpg,"A man, woman, and boy are sitting at a table.",26,"electronic, kitchen, person, furniture"
http://images.cocodataset.org/val2017/000000015338.jpg,A yellow bus driving down a street next to a ball building.,12,vehicle
http://images.cocodataset.org/val2017/000000015440.jpg,A stop sign sitting on top of a metal column.,3,"vehicle, outdoor"
http://images.cocodataset.org/val2017/000000015497.jpg,A cat playing with an old computer mouse.,66,"electronic, furniture, animal"
http://images.cocodataset.org/val2017/000000015517.jpg,The view of a metropolitan area behind many buses.,12,vehicle
http://images.cocodataset.org/val2017/000000015597.jpg,a male shirtless skateboarder is doing a trick,67,"vehicle, sports, person"
http://images.cocodataset.org/val2017/000000015660.jpg,A windsurfer watches people kite surfing at the beach,4,"sports, person"
http://images.cocodataset.org/val2017/000000015746.jpg,A fire hydrant in front of a house with overgrown grass,52,outdoor
http://images.cocodataset.org/val2017/000000015751.jpg,A few birds are on the roof of a house.,1,animal
http://images.cocodataset.org/val2017/000000015956.jpg,A woman training her beautiful brown horse. ,68,"person, indoor, animal"
http://images.cocodataset.org/val2017/000000016010.jpg,An outdoor area with many animals inluding a zebra and a rhinoceros.  ,1,animal
http://images.cocodataset.org/val2017/000000016228.jpg,A trolley that is being pulled by a white horse.,69,"animal, vehicle, outdoor, accessory, person"
http://images.cocodataset.org/val2017/000000016249.jpg,Several older men sit and relax on shady benches.,70,"outdoor, accessory, person, furniture"
http://images.cocodataset.org/val2017/000000016439.jpg,A lap top computer is open and on and is sitting on a desk next to a glass of liquid and a lamp.,71,"electronic, kitchen"
http://images.cocodataset.org/val2017/000000016451.jpg,Several items including two surf boards on the beach,72,"sports, accessory, person, furniture"
http://images.cocodataset.org/val2017/000000016502.jpg,A mountain goat stands on top of a rock on a hill.,1,animal
http://images.cocodataset.org/val2017/000000016598.jpg,a woman with blue hair holding her phone up,55,"electronic, accessory, person"
http://images.cocodataset.org/val2017/000000016958.jpg,View of two desks with chairs next to a fireplace in an old style living room.,2,"furniture, indoor"
http://images.cocodataset.org/val2017/000000017029.jpg,a dog jumping to catch a frisbee in a yard,73,"vehicle, sports, animal"
http://images.cocodataset.org/val2017/000000017031.jpg,a giraffe is making a funny face at the camera,1,animal
http://images.cocodataset.org/val2017/000000017115.jpg,A couple of zebra standing next to each other on a field.,1,animal
http://images.cocodataset.org/val2017/000000017178.jpg,horses stand around on a neighborhood street in front of a car,22,"vehicle, animal"
http://images.cocodataset.org/val2017/000000017182.jpg,A desk in a classroom with a blackboard behind it,74,"food, furniture, indoor"
http://images.cocodataset.org/val2017/000000017207.jpg,A passenger bus that is leaning to the right.,9,"vehicle, person"
http://images.cocodataset.org/val2017/000000017379.jpg,A flat screen TV adorns a bathroom mirror.,47,"appliance, electronic, person"
http://images.cocodataset.org/val2017/000000017436.jpg,A man sitting on a bench with a tall building behind him.,75,"outdoor, person"
http://images.cocodataset.org/val2017/000000017627.jpg,A green car has parked on the curb in a parking lot,9,"vehicle, person"
http://images.cocodataset.org/val2017/000000017714.jpg,Food on a train with a pie and some vegetable,16,"kitchen, furniture, food"
http://images.cocodataset.org/val2017/000000017899.jpg,An older woman preparing cookies and bread at a table.,76,"food, kitchen, animal, person, furniture"
http://images.cocodataset.org/val2017/000000017905.jpg,A man standing next to a traffic light in Australia ,75,"outdoor, person"
http://images.cocodataset.org/val2017/000000017959.jpg,many large kites flying in the sky ,6,"sports, accessory, person"
http://images.cocodataset.org/val2017/000000018150.jpg,A young man and a small boy are talking about a piece of pizza. ,77,"food, kitchen, accessory, person, furniture"
http://images.cocodataset.org/val2017/000000018193.jpg,A woman in green sweater eating a hotdog by campfire.,78,"person, furniture, food"
http://images.cocodataset.org/val2017/000000018380.jpg,a large family enjoying a dinner on a large table ,79,"food, indoor, kitchen, person, furniture"
http://images.cocodataset.org/val2017/000000018491.jpg,A boy catches a ball as a player slides to the base.,59,"outdoor, sports, person"
http://images.cocodataset.org/val2017/000000018519.jpg,The man in the helmet is jumping while wearing roller skates. ,80,person
http://images.cocodataset.org/val2017/000000018575.jpg,"A place setting, including a burger, fries, a glass and condiments..",16,"kitchen, furniture, food"
http://images.cocodataset.org/val2017/000000018737.jpg,a motorcycle parked on the road in a desert,12,vehicle
http://images.cocodataset.org/val2017/000000018770.jpg,A man is wearing a black suit and a printed tie,17,"accessory, person"
http://images.cocodataset.org/val2017/000000018833.jpg,A cat that is laying with its head upon a sneaker. ,1,animal
http://images.cocodataset.org/val2017/000000018837.jpg,A large truck on a city street with two works sitting on top and one worker climbing in through door.,9,"vehicle, person"
http://images.cocodataset.org/val2017/000000019042.jpg,a bird is sitting out on some rocks in the water,22,"vehicle, animal"
http://images.cocodataset.org/val2017/000000019109.jpg,Numerous motor scooters parked by backing in facing the street,36,"vehicle, accessory, person"
http://images.cocodataset.org/val2017/000000019221.jpg,A worm sits on top of a piece of broccoli.,43,"person, food"
http://images.cocodataset.org/val2017/000000019402.jpg,"Two youths wearing parka style coats, one eating and the other laughing.",43,"person, food"
http://images.cocodataset.org/val2017/000000019432.jpg,A man playing tennis on a blue tennis court,54,"sports, person, furniture"
http://images.cocodataset.org/val2017/000000019742.jpg,A picture of a cup on the table.,41,indoor
http://images.cocodataset.org/val2017/000000019786.jpg,One person standing and another bending over in the foreground.,81,"electronic, person, furniture"
http://images.cocodataset.org/val2017/000000019924.jpg,"A woman with a hat, tie and striped halter smoking a long cigarette.",17,"accessory, person"
http://images.cocodataset.org/val2017/000000020059.jpg,Two zebras at the zoo eating some grass.,1,animal
http://images.cocodataset.org/val2017/000000020107.jpg,A rusty and old looking fire hydrant sits on the concrete in front of a mural.,52,outdoor
http://images.cocodataset.org/val2017/000000020247.jpg,"Two bears, one running on some rocky soil.",1,animal
http://images.cocodataset.org/val2017/000000020333.jpg,A little boy dipping his hand into water.,21,"kitchen, accessory, person"
http://images.cocodataset.org/val2017/000000020553.jpg,The old stuff animal is on an old couch next to bottles.,82,"kitchen, accessory, furniture, indoor"
http://images.cocodataset.org/val2017/000000020571.jpg,A few fishing boats tied to a dock.,36,"vehicle, accessory, person"
http://images.cocodataset.org/val2017/000000020992.jpg,A woman holding food up to her mouth.,43,"person, food"
http://images.cocodataset.org/val2017/000000021167.jpg,some people standing in a room in formal wear,21,"kitchen, accessory, person"
http://images.cocodataset.org/val2017/000000021465.jpg,A blue shelving unit has a vase and metal cups on it. ,2,"furniture, indoor"
http://images.cocodataset.org/val2017/000000021503.jpg,"Crackers coated with spread, sitting on a plate, ready to eat.",83,"electronic, food"
http://images.cocodataset.org/val2017/000000021604.jpg,A man in a suit is wearing a lit up tie.,17,"accessory, person"
http://images.cocodataset.org/val2017/000000021839.jpg,a person walking across the street with a traffic light above,15,"vehicle, outdoor, accessory, person"
http://images.cocodataset.org/val2017/000000021879.jpg,Young girl on surfboard riding wave with young boys nearby looking on.,4,"sports, person"
http://images.cocodataset.org/val2017/000000021903.jpg,a man handing an elephant a stick in an enclosure at a zoo,35,"person, animal"
http://images.cocodataset.org/val2017/000000022192.jpg,"A dog sitting on a bed covered with clothing, blankets and other items.",84,"accessory, furniture, animal"
http://images.cocodataset.org/val2017/000000022371.jpg,A man contemplating something at a desk with a laptop.,57,"electronic, accessory, person, indoor"
http://images.cocodataset.org/val2017/000000022396.jpg,A commercial plane flying by the perspective of a half moon.,12,vehicle
http://images.cocodataset.org/val2017/000000022479.jpg,A person doing a trick on a skateboard,59,"outdoor, sports, person"
http://images.cocodataset.org/val2017/000000022589.jpg,Two sheep in a pasture behind a wire fence,1,animal
http://images.cocodataset.org/val2017/000000022623.jpg,Some control buttons on an orange and silver electronic device.,11,electronic
http://images.cocodataset.org/val2017/000000022705.jpg,A women holding a drink in front of the refrigerator. ,85,"appliance, kitchen, person"
http://images.cocodataset.org/val2017/000000022755.jpg,a big yellow school bus shown through the rear view of another school bus,12,vehicle
http://images.cocodataset.org/val2017/000000022892.jpg,A cats sits on the table with a dog outside.,48,"furniture, animal"
http://images.cocodataset.org/val2017/000000022935.jpg,A soccer player in uniform runs toward the ball.,4,"sports, person"
http://images.cocodataset.org/val2017/000000022969.jpg,A large giraffe looks at a smaller giraffe looking over a fence.,1,animal
http://images.cocodataset.org/val2017/000000023023.jpg,"Duffel bag, plastic travel bag, and suitcase sit on carpet in front of drapes.",86,accessory
http://images.cocodataset.org/val2017/000000023034.jpg,a man standing on rocks near a man riding horses on a trail in the woods,87,"accessory, person, animal"
http://images.cocodataset.org/val2017/000000023126.jpg,A man is standing on top of two horses that are running.,35,"person, animal"
http://images.cocodataset.org/val2017/000000023230.jpg,A gaggle of geese swim in a body of water. ,1,animal
http://images.cocodataset.org/val2017/000000023272.jpg,A calico cat sits on  the hood of a black car.,22,"vehicle, animal"
http://images.cocodataset.org/val2017/000000023359.jpg,A young man is snowboarding on top of some snow. ,4,"sports, person"
http://images.cocodataset.org/val2017/000000023666.jpg,a bath tub with a toilet beside it,14,furniture
http://images.cocodataset.org/val2017/000000023751.jpg,A statue of a boy is holding a kite in his hand and standing next to a girl statue.,38,sports
http://images.cocodataset.org/val2017/000000023781.jpg,a variety of different vegetables and some strawberries,19,food
http://images.cocodataset.org/val2017/000000023899.jpg,A group of men playing a game with remote controllers.,81,"electronic, person, furniture"
http://images.cocodataset.org/val2017/000000023937.jpg,Several cows sitting out in the grass of a green pasture.,1,animal
http://images.cocodataset.org/val2017/000000024021.jpg,A class picture of the Goodmayes Boys' School in April of 1929.,17,"accessory, person"
http://images.cocodataset.org/val2017/000000024027.jpg,A kite flying over a city park on a windy day.,4,"sports, person"
http://images.cocodataset.org/val2017/000000024144.jpg,A pizza sitting on top of a pizza box covered in cheese.,19,food
http://images.cocodataset.org/val2017/000000024243.jpg,"Two ladies seated with cups of drinks, one smoking while the other seated inside a fridge",85,"appliance, kitchen, person"
http://images.cocodataset.org/val2017/000000024567.jpg,There is a man looking at a lot if hot dogs in a bun in a pan,78,"person, furniture, food"
http://images.cocodataset.org/val2017/000000024610.jpg,A simple room with minimal decor and furniture. ,88,"electronic, indoor, kitchen, accessory, furniture"
http://images.cocodataset.org/val2017/000000024919.jpg,A couple of elephants standing in the grass.,1,animal
http://images.cocodataset.org/val2017/000000025057.jpg,A man without a shirt in a park holding a beer and a frisbee. ,31,"kitchen, sports, person"
http://images.cocodataset.org/val2017/000000025096.jpg,A boy cutting a cake in the shape of a skateboard.,89,"sports, kitchen, animal, person, furniture"
http://images.cocodataset.org/val2017/000000025139.jpg,A zebra putting its face up close to a fence rail.,1,animal
http://images.cocodataset.org/val2017/000000025181.jpg,A train pulling into a station beside a platform.,15,"vehicle, outdoor, accessory, person"
http://images.cocodataset.org/val2017/000000025228.jpg,A woman looks to her right while straddling a surfboard in the ocean.,4,"sports, person"
http://images.cocodataset.org/val2017/000000025386.jpg,The man is using chopsticks to eat his meal.,78,"person, furniture, food"
http://images.cocodataset.org/val2017/000000025393.jpg,Two men standing on the street wearing a suit and tie,36,"vehicle, accessory, person"
http://images.cocodataset.org/val2017/000000025394.jpg,A bartender opens a wine bottle with a towel. ,90,"kitchen, person"
http://images.cocodataset.org/val2017/000000025424.jpg,A male tennis player swinging at a tennis ball.,4,"sports, person"
http://images.cocodataset.org/val2017/000000025560.jpg,A cat is standing on top of a shelf and staring down.,91,"kitchen, electronic, person, animal"
http://images.cocodataset.org/val2017/000000025603.jpg,A YOUNG GIRL EATING PIZZA DRESSED AS A EGYPTION,79,"food, indoor, kitchen, person, furniture"
http://images.cocodataset.org/val2017/000000025986.jpg,a table with a bunch of plates of food on it,10,"kitchen, food"
http://images.cocodataset.org/val2017/000000026204.jpg,many vehicles stopped on a city street ,46,"vehicle, outdoor, person"
http://images.cocodataset.org/val2017/000000026465.jpg,A computer sitting on top of a table.,81,"electronic, person, furniture"
http://images.cocodataset.org/val2017/000000026564.jpg,a desk with a laptop some keyboards and some books,92,"kitchen, electronic, indoor"
http://images.cocodataset.org/val2017/000000026690.jpg,A man is high in the air as he skateboards on the ramp.,93,"appliance, sports, person"
http://images.cocodataset.org/val2017/000000026926.jpg,"This is an image of an outside district.
",3,"vehicle, outdoor"
http://images.cocodataset.org/val2017/000000026941.jpg,A pile of suitcases that are stacked on a green roller.,17,"accessory, person"
http://images.cocodataset.org/val2017/000000027186.jpg,The little girl is intently playing the video game.,81,"electronic, person, furniture"
http://images.cocodataset.org/val2017/000000027620.jpg,A desk that has a laptop computer on it.,94,"electronic, kitchen, furniture"
http://images.cocodataset.org/val2017/000000027696.jpg,A person is eating pizza with a knife and fork.,95,"kitchen, person, food"
http://images.cocodataset.org/val2017/000000027768.jpg,Red and white bus parked next to a glass building. ,9,"vehicle, person"
http://images.cocodataset.org/val2017/000000027932.jpg,A baseball hat on top of a baseball glove in the sand.,38,sports
http://images.cocodataset.org/val2017/000000027972.jpg,A man is surfing in the crystal blue water,4,"sports, person"
http://images.cocodataset.org/val2017/000000027982.jpg,A small bathroom with marble tiles and counter.,51,"appliance, furniture"
http://images.cocodataset.org/val2017/000000028285.jpg,A large white and blue clock tower sitting over a roof.,41,indoor
http://images.cocodataset.org/val2017/000000028449.jpg,a family of elephants standing together in the jungle,1,animal
http://images.cocodataset.org/val2017/000000028452.jpg,The refrigerator has a drink and a carton of eggs in it.,96,"appliance, kitchen"
http://images.cocodataset.org/val2017/000000028809.jpg,A picture of a bunch of bananas sitting on a table. ,19,food
http://images.cocodataset.org/val2017/000000028993.jpg,a couple of yellow poles are on the street,75,"outdoor, person"
http://images.cocodataset.org/val2017/000000029187.jpg,A horse and horserace holing a person on a cart.,35,"person, animal"
http://images.cocodataset.org/val2017/000000029393.jpg,A dog standing on a ledge in front of a lemon tree.,97,"food, animal"
http://images.cocodataset.org/val2017/000000029397.jpg,an image of boy standing on top of  a bench,75,"outdoor, person"
http://images.cocodataset.org/val2017/000000029596.jpg,a small room with living room and dining room stuff,61,"electronic, kitchen, furniture, indoor"
http://images.cocodataset.org/val2017/000000029640.jpg,a recipe consisting of ham broccoli and carrots,98,"appliance, kitchen, food"
http://images.cocodataset.org/val2017/000000029675.jpg,Three hotdgs on a dark plate have been topped with mustard.,58,"furniture, food"
http://images.cocodataset.org/val2017/000000029984.jpg,Four people are swimming in the sea with chairs on the beach.,99,"accessory, person, furniture"
http://images.cocodataset.org/val2017/000000030213.jpg,Kitchen with many old appliances and many pots and pans.,100,"appliance, kitchen, furniture, food"
http://images.cocodataset.org/val2017/000000030494.jpg,A dog playing with something in the woods,53,"sports, animal"
http://images.cocodataset.org/val2017/000000030504.jpg,A tall man is on snow skis on a pathway.,24,"accessory, sports, person"
http://images.cocodataset.org/val2017/000000030675.jpg,The train engine number 6309 is operated by BNSF. ,12,vehicle
http://images.cocodataset.org/val2017/000000030785.jpg,A plate with a bowl filled with broccoli and two crackers with a spread.,16,"kitchen, furniture, food"
http://images.cocodataset.org/val2017/000000030828.jpg,"A person with an orange blanket covering them, sleeping on a wooden park bench.",15,"vehicle, outdoor, accessory, person"
http://images.cocodataset.org/val2017/000000031050.jpg,A vase with various flowers in it on a display case.,41,indoor
http://images.cocodataset.org/val2017/000000031093.jpg,a man doing a skateboard trick on top of pool ,24,"accessory, sports, person"
http://images.cocodataset.org/val2017/000000031118.jpg,A city square decorated with a tree and lights,101,"vehicle, person, indoor"
http://images.cocodataset.org/val2017/000000031217.jpg,A man playing tennis on the tennis court.,4,"sports, person"
http://images.cocodataset.org/val2017/000000031248.jpg,A room with furniture and a fire place.,40,"kitchen, furniture, indoor"
http://images.cocodataset.org/val2017/000000031269.jpg,three zebras in a field near bushes ,1,animal
http://images.cocodataset.org/val2017/000000031296.jpg,Diners in a restaurant sit at a long table. ,102,"electronic, indoor, kitchen, accessory, person, furniture"
http://images.cocodataset.org/val2017/000000031322.jpg,A group of white swans swimming on a lake.,103,"vehicle, person, animal"
http://images.cocodataset.org/val2017/000000031620.jpg,A bride and groom about to cut into their cake,77,"food, kitchen, accessory, person, furniture"
http://images.cocodataset.org/val2017/000000031735.jpg,A living room painted red with black couches and coffee tables,2,"furniture, indoor"
http://images.cocodataset.org/val2017/000000031749.jpg,A demonic looking chucky like doll standing next to a white clock.,41,indoor
http://images.cocodataset.org/val2017/000000031817.jpg,A man on a motor scooter waiting in a group of motor scooters.,9,"vehicle, person"
http://images.cocodataset.org/val2017/000000032038.jpg,A large cheese pizza being served to customers.,104,"kitchen, person, furniture, food"
http://images.cocodataset.org/val2017/000000032081.jpg,A woman on the tennis court playing tennis,4,"sports, person"
http://images.cocodataset.org/val2017/000000032285.jpg,A bathroom with brown tile and a bare pantry.,14,furniture
http://images.cocodataset.org/val2017/000000032334.jpg,Some friends pose for a picture while holding wine glasses.,105,"vehicle, kitchen, person, furniture"
http://images.cocodataset.org/val2017/000000032570.jpg,A man riding a wave on top of a white surfboard.,4,"sports, person"
http://images.cocodataset.org/val2017/000000032610.jpg,there are many lap tops on top of a small table,106,"electronic, accessory"
http://images.cocodataset.org/val2017/000000032735.jpg,A person in the air with skiing equipment. ,4,"sports, person"
http://images.cocodataset.org/val2017/000000032811.jpg,A bird sitting on the window sill of a boat floating on a lake.,1,animal
http://images.cocodataset.org/val2017/000000032817.jpg,Two men stand over the green water spilled from a toilet.,107,"person, furniture"
http://images.cocodataset.org/val2017/000000032861.jpg,A man holding an umbrella in a  hallway.,17,"accessory, person"
http://images.cocodataset.org/val2017/000000032887.jpg,A man holding a stick standing next to a  green hillside.,55,"electronic, accessory, person"
http://images.cocodataset.org/val2017/000000032901.jpg,four men are posing for a picture at an event,27,"kitchen, accessory, person, furniture"
http://images.cocodataset.org/val2017/000000032941.jpg,A yellow sign sitting in the middle of a road.,46,"vehicle, outdoor, person"
http://images.cocodataset.org/val2017/000000033005.jpg,A tennis player getting ready to his a tennis ball.,4,"sports, person"
http://images.cocodataset.org/val2017/000000033104.jpg,A group of skiers greeting each other on the slope.,59,"outdoor, sports, person"
http://images.cocodataset.org/val2017/000000033109.jpg,A semi truck is driving down a street.,12,vehicle
http://images.cocodataset.org/val2017/000000033114.jpg,A few meters are sitting near an Air plane. ,3,"vehicle, outdoor"
http://images.cocodataset.org/val2017/000000033221.jpg,A group of people standing on top of a beach.,108,"vehicle, accessory, sports, person"
http://images.cocodataset.org/val2017/000000033368.jpg,there is a male tennis player wearing a blue shirt playing on the court,4,"sports, person"
http://images.cocodataset.org/val2017/000000033638.jpg,A woman wearing shorts bends over a frying pan on a stove.,85,"appliance, kitchen, person"
http://images.cocodataset.org/val2017/000000033707.jpg,Two giraffes are standing next to a building.,1,animal
http://images.cocodataset.org/val2017/000000033759.jpg,a boy swinging his baseball bat at a baseball,67,"vehicle, sports, person"
http://images.cocodataset.org/val2017/000000033854.jpg,Two cars facing towards a variety of motorcycles.,9,"vehicle, person"
http://images.cocodataset.org/val2017/000000034071.jpg,The photo of the double parking meter has a blurry city in the background.,52,outdoor
http://images.cocodataset.org/val2017/000000034139.jpg,Two people standing next to a life size replica of a suitcase.,17,"accessory, person"
http://images.cocodataset.org/val2017/000000034205.jpg,The meal is prepared and ready to be eaten. ,19,food
http://images.cocodataset.org/val2017/000000034257.jpg,A display of healthy vegetables on a stand ,19,food
http://images.cocodataset.org/val2017/000000034417.jpg,View through window of donut being made in kitchen assembly line.,109,"accessory, person, food"
http://images.cocodataset.org/val2017/000000034452.jpg,A man bending over in the woods with a frisbee in each hand.,4,"sports, person"
http://images.cocodataset.org/val2017/000000034760.jpg,a bathroom with a long counter that has cleaning products on it ,110,"appliance, kitchen, furniture"
http://images.cocodataset.org/val2017/000000034873.jpg,a black counter a sink and a table and two chairs,111,"food, electronic, kitchen, appliance, furniture"
http://images.cocodataset.org/val2017/000000035062.jpg,Child in bed covered with a flower patterned blanket. ,107,"person, furniture"
http://images.cocodataset.org/val2017/000000035197.jpg,A black and white photograph of a person wearing DC shoes on a skateboard in the sun. ,4,"sports, person"
http://images.cocodataset.org/val2017/000000035279.jpg,unable to see this image in this particular hit,112,"sports, electronic, indoor, kitchen, accessory, person"
http://images.cocodataset.org/val2017/000000035326.jpg,A stove back splash with a granite design.,96,"appliance, kitchen"
http://images.cocodataset.org/val2017/000000035682.jpg,A meal of donuts and a beverage is seen in front of a man at a restaurant.,77,"food, kitchen, accessory, person, furniture"
http://images.cocodataset.org/val2017/000000035770.jpg,A store with a variety of toilets of different colors and designs.,51,"appliance, furniture"
http://images.cocodataset.org/val2017/000000035963.jpg,A cross with teddy bears tied to it.,41,indoor
http://images.cocodataset.org/val2017/000000036494.jpg,the people are all in a restaurant some are sitting ,113,"indoor, kitchen, appliance, person, furniture"
http://images.cocodataset.org/val2017/000000036539.jpg,A man and a child who are in the snow.,4,"sports, person"
http://images.cocodataset.org/val2017/000000036660.jpg,a cellophone broken into pieces by a womans feet,30,"electronic, person"
http://images.cocodataset.org/val2017/000000036678.jpg,Old English castle sitting on side of river.,114,"vehicle, indoor"
http://images.cocodataset.org/val2017/000000036844.jpg,A spacious living room with three windows and a wooden floor.,115,"electronic, kitchen, appliance, vehicle, furniture"
http://images.cocodataset.org/val2017/000000036861.jpg,A double parking meter on a pole with a bicycle rack.,52,outdoor
http://images.cocodataset.org/val2017/000000036936.jpg,A couple sits on a couch while playing wii.,116,"electronic, indoor, kitchen, person, furniture"
http://images.cocodataset.org/val2017/000000037670.jpg,Someone demonstrating how a remote control toilet works.,81,"electronic, person, furniture"
http://images.cocodataset.org/val2017/000000037689.jpg,People doing tricks in the air on their snow boards. ,4,"sports, person"
http://images.cocodataset.org/val2017/000000037740.jpg,A wooden desk with a laptop computer sitting on it.,39,"electronic, furniture, indoor"
http://images.cocodataset.org/val2017/000000037751.jpg,a person riding a motorcycle with mountains in the background,36,"vehicle, accessory, person"
http://images.cocodataset.org/val2017/000000037777.jpg,A small kitchen has various appliances and a table.,117,"appliance, furniture, food"
http://images.cocodataset.org/val2017/000000037988.jpg,a woman is throwing a tennis ball to serve,4,"sports, person"
http://images.cocodataset.org/val2017/000000038048.jpg,The red and white fire hydrant is embedded in the street.,15,"vehicle, outdoor, accessory, person"
http://images.cocodataset.org/val2017/000000038070.jpg,Looking down into a toilet in a very small stall.,14,furniture
http://images.cocodataset.org/val2017/000000038118.jpg,A man on his skis on a snowy slope. ,4,"sports, person"
http://images.cocodataset.org/val2017/000000038210.jpg,a skier is prepared to go down a mountain.,4,"sports, person"
http://images.cocodataset.org/val2017/000000038576.jpg,"A computer, mouse and keyboard on a desk.",11,electronic
http://images.cocodataset.org/val2017/000000038678.jpg,A woman sitting on a train is showing off a bagel.,95,"kitchen, person, food"
http://images.cocodataset.org/val2017/000000038825.jpg,A pair of zebras stand together and eat grass.,1,animal
http://images.cocodataset.org/val2017/000000038829.jpg,Two boys riding on a single bicycle on a city street ,36,"vehicle, accessory, person"
http://images.cocodataset.org/val2017/000000039405.jpg,A member of a tennis doubles team just returned a volley.,118,"sports, outdoor, accessory, person, furniture"
http://images.cocodataset.org/val2017/000000039477.jpg,"A small room with a futon couch, a sewing machine on a table, and a flatscreen TV.",39,"electronic, furniture, indoor"
http://images.cocodataset.org/val2017/000000039480.jpg,Lady on tennis court wearing red tennis outfit and holding racket.,4,"sports, person"
http://images.cocodataset.org/val2017/000000039484.jpg,A variety of cars on a street with buildings.,119,"vehicle, outdoor, person, furniture"
http://images.cocodataset.org/val2017/000000039551.jpg,A female tennis player prepares to swing at a tennis ball.,4,"sports, person"
http://images.cocodataset.org/val2017/000000039670.jpg,A train traveling through rural countryside lined with trees.,12,vehicle
http://images.cocodataset.org/val2017/000000039769.jpg,A couple of cats laying on top of a pink blanket.,66,"electronic, furniture, animal"
http://images.cocodataset.org/val2017/000000039785.jpg,A person is surfing in a wave pool.,59,"outdoor, sports, person"
http://images.cocodataset.org/val2017/000000039914.jpg,A woman and small child are trying to fly a kite.,4,"sports, person"
http://images.cocodataset.org/val2017/000000039951.jpg,A young boy taking a swing at a tennis ball,4,"sports, person"
http://images.cocodataset.org/val2017/000000039956.jpg,A messy bedroom has one red brick wall.,14,furniture
http://images.cocodataset.org/val2017/000000040036.jpg,A person jumping a horse over a box.,120,"person, furniture, animal"
http://images.cocodataset.org/val2017/000000040083.jpg,two men sitting under an umbrella on the sidewalk ,121,"kitchen, vehicle, accessory, person, furniture"
http://images.cocodataset.org/val2017/000000040471.jpg,An all white painted kitchen with a ceiling fan.,98,"appliance, kitchen, food"
http://images.cocodataset.org/val2017/000000040757.jpg,A child is landing on a shallow pillow.,81,"electronic, person, furniture"
http://images.cocodataset.org/val2017/000000041633.jpg,A classic red truck is parked in the lot.,12,vehicle
http://images.cocodataset.org/val2017/000000041635.jpg,A group of cows that are sitting on the ground.,1,animal
http://images.cocodataset.org/val2017/000000041872.jpg,a large bedroom with a fireplace and tv,39,"electronic, furniture, indoor"
http://images.cocodataset.org/val2017/000000041888.jpg,three strange looking birds walking on the grass,1,animal
http://images.cocodataset.org/val2017/000000041990.jpg,Three young people on skis pose for a picture.,4,"sports, person"
http://images.cocodataset.org/val2017/000000042070.jpg,A large bus on the side of a street.,9,"vehicle, person"
http://images.cocodataset.org/val2017/000000042102.jpg,a man dressed as a woman stands on a red carpet,17,"accessory, person"
http://images.cocodataset.org/val2017/000000042178.jpg,Railway cars in large yard with many power poles.,12,vehicle
http://images.cocodataset.org/val2017/000000042276.jpg,A bathroom with ski equipment laid out on the floor.,14,furniture
http://images.cocodataset.org/val2017/000000042296.jpg,A polar bear pulling a green and ball chain.,53,"sports, animal"
http://images.cocodataset.org/val2017/000000042528.jpg,A woman standing on a chair next to a person holding a cell phone.,81,"electronic, person, furniture"
http://images.cocodataset.org/val2017/000000042563.jpg,A train riding on a snow covered track near trees. ,12,vehicle
http://images.cocodataset.org/val2017/000000042628.jpg,Many persons are busy in clearing the snow.,122,"outdoor, accessory, sports, person"
http://images.cocodataset.org/val2017/000000042889.jpg,A teddy bear that is dress in glasses and is listening to an iPod.,123,"electronic, indoor"
http://images.cocodataset.org/val2017/000000043314.jpg,a person on skis doing a trick over the snow ,6,"sports, accessory, person"
http://images.cocodataset.org/val2017/000000043435.jpg,Surfers ride towering waves on the open ocean.,4,"sports, person"
http://images.cocodataset.org/val2017/000000043581.jpg,A restaurant table with a plate of vegetable pizza and garnishment,16,"kitchen, furniture, food"
http://images.cocodataset.org/val2017/000000043737.jpg,A snow covered  city street lined with small shops,114,"vehicle, indoor"
http://images.cocodataset.org/val2017/000000043816.jpg,Batter takes a swing at the incoming ball during the baseball game,4,"sports, person"
http://images.cocodataset.org/val2017/000000044068.jpg,A teddy bear sitting on a chair inside a room. ,2,"furniture, indoor"
http://images.cocodataset.org/val2017/000000044195.jpg,a person holding skis on a snowy surface ,4,"sports, person"
http://images.cocodataset.org/val2017/000000044260.jpg,"Crisp, delicious apples hang on the dying branches of the tree.",19,food
http://images.cocodataset.org/val2017/000000044279.jpg,People are cooking on grills in a commercial kitchen.,85,"appliance, kitchen, person"
http://images.cocodataset.org/val2017/000000044590.jpg,A group of motorcyclists are stopped at the side of the road. ,9,"vehicle, person"
http://images.cocodataset.org/val2017/000000044652.jpg,An single passanger in an airplane flying through the sky,12,vehicle
http://images.cocodataset.org/val2017/000000044699.jpg,A group of animals grazing on a lush green field.,1,animal
http://images.cocodataset.org/val2017/000000044877.jpg,There is a lady in a wheelchair holding a tennis racket.,4,"sports, person"
http://images.cocodataset.org/val2017/000000045070.jpg,A little girl wearing a black hat can be seen on a saddle riding.,35,"person, animal"
http://images.cocodataset.org/val2017/000000045090.jpg,People riding the high waves on their surfboards.,4,"sports, person"
http://images.cocodataset.org/val2017/000000045229.jpg,"An apartment room with a stove, spices, and bookcase.",124,"appliance, kitchen, furniture, indoor"
http://images.cocodataset.org/val2017/000000045472.jpg,A pineapple and some oranges sit on a table.,10,"kitchen, food"
http://images.cocodataset.org/val2017/000000045550.jpg,Bearded man shows off his grilled cheese sandwiches.,125,"kitchen, person, indoor, food"
http://images.cocodataset.org/val2017/000000045596.jpg,The passage between the modern buildings is used by bicycle riders.,36,"vehicle, accessory, person"
http://images.cocodataset.org/val2017/000000045728.jpg,A cake with cream topping on the plate.,32,kitchen
http://images.cocodataset.org/val2017/000000046031.jpg,A small tablet computer next to a larger monitor and keyboard.,11,electronic
http://images.cocodataset.org/val2017/000000046048.jpg,A little girl sitting on top of a bed next to a lamp.,126,"person, furniture, indoor"
http://images.cocodataset.org/val2017/000000046252.jpg,A baseball player holding a bat during a game. ,4,"sports, person"
http://images.cocodataset.org/val2017/000000046378.jpg,A white cat caught a bird outside on a patio.,1,animal
http://images.cocodataset.org/val2017/000000046463.jpg,"A sandwich with cheese, lettuce and a tomato.",127,"appliance, person, food"
http://images.cocodataset.org/val2017/000000046497.jpg,Two little girls sitting on the side of a white boat.,9,"vehicle, person"
http://images.cocodataset.org/val2017/000000046804.jpg,A sheep standing in grass next to a rock wall.,1,animal
http://images.cocodataset.org/val2017/000000046872.jpg,a man standing beside a large truck in a parking lot,9,"vehicle, person"
http://images.cocodataset.org/val2017/000000047010.jpg,Three giraffes with heads pointing ahead walk on a dirt path.,1,animal
http://images.cocodataset.org/val2017/000000047112.jpg,A pizza sitting on a plate in front of a glass of wine.,104,"kitchen, person, furniture, food"
http://images.cocodataset.org/val2017/000000047121.jpg,A black cat drinking water out of a water faucet.,128,"appliance, kitchen, animal"
http://images.cocodataset.org/val2017/000000047571.jpg,"A pair of people ride a small, horse drawn buggy near a large puddle of water.",35,"person, animal"
http://images.cocodataset.org/val2017/000000047585.jpg,A man holds an umbrella for a new bride,17,"accessory, person"
http://images.cocodataset.org/val2017/000000047740.jpg,A man laying on top of a sandy beach.,4,"sports, person"
http://images.cocodataset.org/val2017/000000047769.jpg,A small living room with seating and a television.,28,"electronic, furniture"
http://images.cocodataset.org/val2017/000000047801.jpg,Man eating a piece of cake off of a white played outdoors. ,95,"kitchen, person, food"
http://images.cocodataset.org/val2017/000000047819.jpg,A man standing next to a donkey with a lot of baggage on it.,87,"accessory, person, animal"
http://images.cocodataset.org/val2017/000000047828.jpg,A blue lighted bridge over water at night.,9,"vehicle, person"
http://images.cocodataset.org/val2017/000000048153.jpg,A lady wearing a pink shoe and blue jeans.,75,"outdoor, person"
http://images.cocodataset.org/val2017/000000048396.jpg,A woman and child are about to cut a cake,104,"kitchen, person, furniture, food"
http://images.cocodataset.org/val2017/000000048504.jpg,Two elephants walking around the center ring of a circus.,129,"outdoor, person, animal"
http://images.cocodataset.org/val2017/000000048555.jpg,A black and white photo of jockeys riding their horses,35,"person, animal"
http://images.cocodataset.org/val2017/000000048564.jpg,boy on ski slope talking on cell phone.,30,"electronic, person"
http://images.cocodataset.org/val2017/000000048924.jpg,a motorcycle parked next to a green tent in a field,130,"vehicle, accessory"
http://images.cocodataset.org/val2017/000000049060.jpg,A train sitting next to a loading platform with people standing on it.,9,"vehicle, person"
http://images.cocodataset.org/val2017/000000049259.jpg,A man with his shirt off sitting by the shoreline sunning himself. ,80,person
http://images.cocodataset.org/val2017/000000049269.jpg,A horse and a dog positions for a picture outside.,1,animal
http://images.cocodataset.org/val2017/000000049759.jpg,The boys are playing volleyball in the gym.,4,"sports, person"
http://images.cocodataset.org/val2017/000000049761.jpg,Wild zebra and wildebeest grazing near a watering hole. ,1,animal
http://images.cocodataset.org/val2017/000000049810.jpg,A little cat looking at itself in a mirror.,131,"outdoor, animal"
http://images.cocodataset.org/val2017/000000050006.jpg,A lot of boats that is parked in the water and one is docking.,36,"vehicle, accessory, person"
http://images.cocodataset.org/val2017/000000050145.jpg,A shirtless man walking a bike down a rural street.,36,"vehicle, accessory, person"
http://images.cocodataset.org/val2017/000000050149.jpg,A group of bunches of bananas are shown hanging together.,10,"kitchen, food"
http://images.cocodataset.org/val2017/000000050165.jpg,A small train moving along the tracks with a mountain town in the background.,12,vehicle
http://images.cocodataset.org/val2017/000000050326.jpg,A man on a beach trying to launch a kite. ,54,"sports, person, furniture"
http://images.cocodataset.org/val2017/000000050331.jpg,Two clay pots with leafy green plants in them.,58,"furniture, food"
http://images.cocodataset.org/val2017/000000050380.jpg,a may leading a a boy on a pony with a rope,120,"person, furniture, animal"
http://images.cocodataset.org/val2017/000000050638.jpg,A little boy holding a teddy bear walking past purple flowers.,132,"person, indoor"
http://images.cocodataset.org/val2017/000000050679.jpg,A close-up of an orange on the side of the road.,133,"vehicle, food"
http://images.cocodataset.org/val2017/000000050811.jpg,A person is sitting next to a brown table. ,50,"electronic, kitchen, accessory, person, furniture"
http://images.cocodataset.org/val2017/000000050828.jpg,Two twin beds with no comforters on them.,134,"electronic, accessory, furniture"
http://images.cocodataset.org/val2017/000000050844.jpg,a pair of teddy bears laying on a bed,41,indoor
http://images.cocodataset.org/val2017/000000050896.jpg,There is a big bowl of oranges on the counter.,16,"kitchen, furniture, food"
http://images.cocodataset.org/val2017/000000050943.jpg,Man surfing a wave on a dull day.,4,"sports, person"
http://images.cocodataset.org/val2017/000000051008.jpg,A cat sitting in front of a laptop computer.,13,"electronic, animal"
http://images.cocodataset.org/val2017/000000051309.jpg,A group of horses gathered around a feeder ,1,animal
http://images.cocodataset.org/val2017/000000051314.jpg,a man riding a surfboard on a wave in the ocean.,4,"sports, person"
http://images.cocodataset.org/val2017/000000051326.jpg,"Three decorated, carved jack-o-lanterns, one with pink flowers and a vase inside it",41,indoor
http://images.cocodataset.org/val2017/000000051598.jpg,"The bathroom has a wall sink, medicine cabinet, toothbrush holder, and bare walls.",96,"appliance, kitchen"
http://images.cocodataset.org/val2017/000000051610.jpg,A young girl watches a laptop on a bed. ,81,"electronic, person, furniture"
http://images.cocodataset.org/val2017/000000051712.jpg,A man with goggles on snow skiing on a mountain,4,"sports, person"
http://images.cocodataset.org/val2017/000000051738.jpg,A hotel room with a bed and a chair and white walls.,135,"accessory, furniture"
http://images.cocodataset.org/val2017/000000051938.jpg,a skier approaches a red bar stuck into the snow on a snowy hill,4,"sports, person"
http://images.cocodataset.org/val2017/000000051961.jpg,A parking meter and wall that has graffiti on it.,52,outdoor
http://images.cocodataset.org/val2017/000000051976.jpg,A person on a surf board riding a wave.,4,"sports, person"
http://images.cocodataset.org/val2017/000000052007.jpg,"A bus stopped at a bus stop, letting people board.",36,"vehicle, accessory, person"
http://images.cocodataset.org/val2017/000000052017.jpg,I am unable to see an image above.,9,"vehicle, person"
http://images.cocodataset.org/val2017/000000052412.jpg,a big parking with a bunch of cars parked in it,12,vehicle
http://images.cocodataset.org/val2017/000000052413.jpg,A photo of someone holding a fake pink cell phone.,60,"kitchen, electronic, person, furniture"
http://images.cocodataset.org/val2017/000000052462.jpg,Two zebras are walking through tall brown grass.,1,animal
http://images.cocodataset.org/val2017/000000052507.jpg,Surfer in board shorts walking in to the ocean,4,"sports, person"
http://images.cocodataset.org/val2017/000000052565.jpg,a cow standing in some sand next to some water,1,animal
http://images.cocodataset.org/val2017/000000052591.jpg,A girl posing with ski equipment in the snow,4,"sports, person"
http://images.cocodataset.org/val2017/000000052891.jpg,A very cute looking dog with a disc on the beach.,136,"sports, person, animal"
http://images.cocodataset.org/val2017/000000052996.jpg,A group of people standing in a kitchen.,137,"indoor, kitchen, appliance, accessory, person, furniture"
http://images.cocodataset.org/val2017/000000053505.jpg,There are a variety of bottles and two towels over the toilet.,20,"kitchen, furniture"
http://images.cocodataset.org/val2017/000000053529.jpg,A dog sitting in a vehicle with a St. Patrick hat on.,103,"vehicle, person, animal"
http://images.cocodataset.org/val2017/000000053624.jpg,An elephant drinking water in an enclosure at a zoo.,35,"person, animal"
http://images.cocodataset.org/val2017/000000053626.jpg,A group of people standing on ski's in the snow.,4,"sports, person"
http://images.cocodataset.org/val2017/000000053909.jpg,A picture of a person holding a phone displaying a picture of a person holding a phone twice,30,"electronic, person"
http://images.cocodataset.org/val2017/000000053994.jpg,A parking meter is on a sidewalk next to some green bushes.,3,"vehicle, outdoor"
http://images.cocodataset.org/val2017/000000054123.jpg,A group of zebra grazing grass with a backdrop of bushes.,1,animal
http://images.cocodataset.org/val2017/000000054164.jpg,a man in a wetsuit riding a wave on a surfboard,4,"sports, person"
http://images.cocodataset.org/val2017/000000054592.jpg,"Two people with snow gear on, carrying equipment.",24,"accessory, sports, person"
http://images.cocodataset.org/val2017/000000054593.jpg,a young kid with a baseball bat gets ready for the pitch,138,"sports, kitchen, vehicle, accessory, person, furniture"
http://images.cocodataset.org/val2017/000000054605.jpg,a shake is sitting next to a cake,104,"kitchen, person, furniture, food"
http://images.cocodataset.org/val2017/000000054628.jpg,A wedding cake with flowers in a banquet hall.,78,"person, furniture, food"
http://images.cocodataset.org/val2017/000000054654.jpg,A woman stirring a pot on the stove while holding a plate.,139,"appliance, person"
http://images.cocodataset.org/val2017/000000054931.jpg,a woman with a rope leading a horse,35,"person, animal"
http://images.cocodataset.org/val2017/000000054967.jpg,A city street with cars and street lights.,46,"vehicle, outdoor, person"
http://images.cocodataset.org/val2017/000000055002.jpg,A metallic toilet sitting in a small bathroom.,107,"person, furniture"
http://images.cocodataset.org/val2017/000000055022.jpg,a row of bicycles for sale in a store,9,"vehicle, person"
http://images.cocodataset.org/val2017/000000055072.jpg,A single giraffe looks over the green brush.,1,animal
http://images.cocodataset.org/val2017/000000055150.jpg,Two little children on stroller in a parking lot.,29,"vehicle, accessory, person, indoor"
http://images.cocodataset.org/val2017/000000055167.jpg,A yellow and blue bus drives down the road.,36,"vehicle, accessory, person"
http://images.cocodataset.org/val2017/000000055299.jpg,The animal is sitting on the rocks looking at the water,140,"accessory, animal"
http://images.cocodataset.org/val2017/000000055528.jpg,Young man wearing glasses holding up a toothbrush.,141,"electronic, person, furniture, indoor"
http://images.cocodataset.org/val2017/000000055950.jpg,a man playing tennis on a tennis court,4,"sports, person"
http://images.cocodataset.org/val2017/000000056127.jpg,A picture of a restaurant interior is taken through a fish-eye lens.,142,"appliance, kitchen, outdoor"
http://images.cocodataset.org/val2017/000000056288.jpg,A tall sandwich with pickle on a white plate.,83,"electronic, food"
http://images.cocodataset.org/val2017/000000056344.jpg,"Looking down at a desktop with two monitors, a key board, mouse and cell phones on it.",11,electronic
http://images.cocodataset.org/val2017/000000056350.jpg,A picture of people is on the floor near a urinal.,107,"person, furniture"
http://images.cocodataset.org/val2017/000000056545.jpg,The bird is sitting on the small branch of the tree.,1,animal
http://images.cocodataset.org/val2017/000000057027.jpg,A baby elephant walking along the same path as its mother. ,1,animal
http://images.cocodataset.org/val2017/000000057149.jpg,A school bus and a silver car waiting at a railroad crossing for a train to go past.,3,"vehicle, outdoor"
http://images.cocodataset.org/val2017/000000057150.jpg,Two girls with a large white teddy bear.,143,"accessory, person, indoor"
http://images.cocodataset.org/val2017/000000057232.jpg,Two white cushions on a chair made of baseball bats.,144,"sports, furniture, indoor"
http://images.cocodataset.org/val2017/000000057238.jpg,A corner of a kitchen with a big fridge.,51,"appliance, furniture"
http://images.cocodataset.org/val2017/000000057244.jpg,A very old and rusted train parked on the tracks.,12,vehicle
http://images.cocodataset.org/val2017/000000057597.jpg,young females playing soccer on a green soccer field,145,"sports, vehicle, outdoor, accessory, person"
http://images.cocodataset.org/val2017/000000057672.jpg,A long canoe paddled along by a large group of people. ,9,"vehicle, person"
http://images.cocodataset.org/val2017/000000057725.jpg,A large brick building has a clock tower on it.,41,indoor
http://images.cocodataset.org/val2017/000000057760.jpg,A group of people on an island beach.,136,"sports, person, animal"
http://images.cocodataset.org/val2017/000000058029.jpg,Interior bathroom shot of a glass shower and white sink fixtures.,51,"appliance, furniture"
http://images.cocodataset.org/val2017/000000058111.jpg,An orange and white cat laying on top of a sink.,146,"indoor, animal"
http://images.cocodataset.org/val2017/000000058350.jpg,a young woman with a slice of pizza in her mouth,104,"kitchen, person, furniture, food"
http://images.cocodataset.org/val2017/000000058384.jpg,A herd of elephants standing next to each other.,22,"vehicle, animal"
http://images.cocodataset.org/val2017/000000058393.jpg,A couple is sitting on a bench in front of the water. ,75,"outdoor, person"
http://images.cocodataset.org/val2017/000000058539.jpg,A man with a red hat is in the city.,36,"vehicle, accessory, person"
http://images.cocodataset.org/val2017/000000058655.jpg,A slender high rise building is fashioned behind a pole clock.,41,indoor
http://images.cocodataset.org/val2017/000000058705.jpg,A man and a woman posing together for a picture,109,"accessory, person, food"
http://images.cocodataset.org/val2017/000000059044.jpg,A group of people are standing around holding video game controllers.,30,"electronic, person"
http://images.cocodataset.org/val2017/000000059386.jpg,A group of giraffes that are standing in the grass.,22,"vehicle, animal"
http://images.cocodataset.org/val2017/000000059598.jpg,"A soda, banana and muffin are set near a laptop.",64,"electronic, person, furniture, food"
http://images.cocodataset.org/val2017/000000059635.jpg,a black and white photo of people with surf boards,67,"vehicle, sports, person"
http://images.cocodataset.org/val2017/000000059920.jpg,a bathroom with a both a toilet and bidet,14,furniture
http://images.cocodataset.org/val2017/000000060052.jpg,A person that is holding an umbrella in her left hand.,17,"accessory, person"
http://images.cocodataset.org/val2017/000000060090.jpg,A yellow passenger train pulling up to a station.,9,"vehicle, person"
http://images.cocodataset.org/val2017/000000060102.jpg,Soccer players try to gain possession of the ball.,4,"sports, person"
http://images.cocodataset.org/val2017/000000060347.jpg,A man sitting on a bench in a wood.,75,"outdoor, person"
http://images.cocodataset.org/val2017/000000060363.jpg,A large clock mounted to the side of a building.,146,"indoor, animal"
http://images.cocodataset.org/val2017/000000060449.jpg,"a laptop on a table on balcony, blue sky.",28,"electronic, furniture"
http://images.cocodataset.org/val2017/000000060507.jpg,A batter swings at a pitch during a baseball game.,147,"electronic, sports, person, furniture"
http://images.cocodataset.org/val2017/000000060770.jpg,Two zebras in an open field with grass.,1,animal
http://images.cocodataset.org/val2017/000000060823.jpg,What has attracted this many birds to the plaza?,148,"kitchen, person, animal"
http://images.cocodataset.org/val2017/000000060835.jpg,"A dog sitting inside a cage, in the dirt.",149,"kitchen, furniture, animal"
http://images.cocodataset.org/val2017/000000060855.jpg,Bunch of apples and oranges sitting on a white surface.,19,food
http://images.cocodataset.org/val2017/000000060886.jpg,A baseball team crowd together on the field,4,"sports, person"
http://images.cocodataset.org/val2017/000000060899.jpg,A toddler holding a hairbrush above his head.,150,"indoor, person, furniture, animal"
http://images.cocodataset.org/val2017/000000060932.jpg,a couple of people that are dressed up dancing,99,"accessory, person, furniture"
http://images.cocodataset.org/val2017/000000061108.jpg,A dog sitting in a basket mounted on the front of a blue bike.,151,"vehicle, outdoor, animal"
http://images.cocodataset.org/val2017/000000061171.jpg,Cows and ponies are eating hay in the barn,1,animal
http://images.cocodataset.org/val2017/000000061268.jpg,a big long train that has some storage containers on it,15,"vehicle, outdoor, accessory, person"
http://images.cocodataset.org/val2017/000000061333.jpg,The caramel-colored kitten is  lying on the small blanket on top of the unmade bed.,152,"indoor, furniture, animal"
http://images.cocodataset.org/val2017/000000061418.jpg,Several children attentively play a game of curling together.,42,"vehicle, person, furniture"
http://images.cocodataset.org/val2017/000000061471.jpg,A brown dog standing next to a toilet in a bathroom.,149,"kitchen, furniture, animal"
http://images.cocodataset.org/val2017/000000061584.jpg,A couple posing on a horse statue in a courtyard.,120,"person, furniture, animal"
http://images.cocodataset.org/val2017/000000061658.jpg,A white dish filled with broccoli and cauliflower.,19,food
http://images.cocodataset.org/val2017/000000061747.jpg,A smiling woman snow skier is dressed in purple.,4,"sports, person"
http://images.cocodataset.org/val2017/000000061960.jpg,A man lays on a bed wearing women's clothing complete with stockings and high heels.,107,"person, furniture"
http://images.cocodataset.org/val2017/000000062025.jpg,A small bathroom where the vanity is over the sink and toilet.,110,"appliance, kitchen, furniture"
http://images.cocodataset.org/val2017/000000062353.jpg,Several giraffes leaning over a fence towards some people.,35,"person, animal"
http://images.cocodataset.org/val2017/000000062355.jpg,A baseball player crosses home plate as his teammate waits. ,4,"sports, person"
http://images.cocodataset.org/val2017/000000062554.jpg,a plate of broccoli on a table next to some other plates of food ,16,"kitchen, furniture, food"
http://images.cocodataset.org/val2017/000000062692.jpg,a tennis player with a racket on the court,4,"sports, person"
http://images.cocodataset.org/val2017/000000062808.jpg,A guy taking a picture of a very big pizza.,56,"food, electronic, kitchen, person, furniture"
http://images.cocodataset.org/val2017/000000063047.jpg,A man carries a bag of food and a drink away from a roadside eatery.,90,"kitchen, person"
http://images.cocodataset.org/val2017/000000063154.jpg,A surfer paddles over a wave in clear blue water.,4,"sports, person"
http://images.cocodataset.org/val2017/000000063552.jpg,A cat looking directly into a magnifying glass on a table.,1,animal
http://images.cocodataset.org/val2017/000000063602.jpg,A laptop computer sitting on top of a white desk.,153,"electronic, kitchen, indoor"
http://images.cocodataset.org/val2017/000000063740.jpg,a laptop computer a keyboard and two monitors,154,"kitchen, electronic, person, food"
http://images.cocodataset.org/val2017/000000063965.jpg,A woman holding a plate of cake covered in frosting.,95,"kitchen, person, food"
http://images.cocodataset.org/val2017/000000064084.jpg,A batch of bread slices sitting on a plate.,104,"kitchen, person, furniture, food"
http://images.cocodataset.org/val2017/000000064359.jpg,Some zoo animals are walking and having fun in the zoo. ,1,animal
http://images.cocodataset.org/val2017/000000064462.jpg,A female skier stops and poses for a picture,4,"sports, person"
http://images.cocodataset.org/val2017/000000064495.jpg,"A parking meeter next to a wall that reads ""tie.""",52,outdoor
http://images.cocodataset.org/val2017/000000064499.jpg,two zebra standing on a sidewalk next to a wall,1,animal
http://images.cocodataset.org/val2017/000000064523.jpg,An all female tennis team taking a group photo on a tennis court,67,"vehicle, sports, person"
http://images.cocodataset.org/val2017/000000064718.jpg,A man is swinging a tennis racket at a ball.,4,"sports, person"
http://images.cocodataset.org/val2017/000000064868.jpg,A man acting like he's going to put his dog in an oven.,155,"kitchen, animal, appliance, person, furniture"
http://images.cocodataset.org/val2017/000000064898.jpg,Two surfers paddle back to the beach on their surfboards. ,4,"sports, person"
http://images.cocodataset.org/val2017/000000065074.jpg,this is a bed with a blanket on it,2,"furniture, indoor"
http://images.cocodataset.org/val2017/000000065288.jpg,A small bird sitting on a chair by a table.,156,"animal, vehicle, accessory, person, furniture"
http://images.cocodataset.org/val2017/000000065350.jpg,A skateboarder wearing a helmet doing a trick at a skate park.,157,"sports, vehicle, accessory, person"
http://images.cocodataset.org/val2017/000000065455.jpg,A group of children feeding two giraffes at a zoo.,35,"person, animal"
http://images.cocodataset.org/val2017/000000065485.jpg,A dog is sitting inside a red car.,22,"vehicle, animal"
http://images.cocodataset.org/val2017/000000065736.jpg,A woman in black shirt and skirt playing a game of tennis.,4,"sports, person"
http://images.cocodataset.org/val2017/000000065798.jpg,A baseball player preparing to bat during a game.,4,"sports, person"
http://images.cocodataset.org/val2017/000000066038.jpg,A group of people sit underneath umbrellas on the beach.,158,"accessory, person, furniture, animal"
http://images.cocodataset.org/val2017/000000066135.jpg,a long yellow train that is on a train track,12,vehicle
http://images.cocodataset.org/val2017/000000066231.jpg,a number of people in a kitchen preparing food ,159,"appliance, kitchen, person, food"
http://images.cocodataset.org/val2017/000000066523.jpg,A bed topped with three white pillows covered in a canopy.,14,furniture
http://images.cocodataset.org/val2017/000000066561.jpg,A large white sheep laying next to a baby sheep.,1,animal
http://images.cocodataset.org/val2017/000000066635.jpg,"A desk area with a computer monitor, keyboard and mouse.",11,electronic
http://images.cocodataset.org/val2017/000000066706.jpg,"A meal, coffee, pictures and a notebook on a table.",95,"kitchen, person, food"
http://images.cocodataset.org/val2017/000000066771.jpg,"Two people at a restaurant, one of whom is looking at a cellphone.",60,"kitchen, electronic, person, furniture"
http://images.cocodataset.org/val2017/000000066817.jpg,"A meal of fried food, beans, rice, cream and fruit.",16,"kitchen, furniture, food"
http://images.cocodataset.org/val2017/000000066841.jpg," A whimsical artistic toaster has eyes, a mouth, a nose, spoon feet, spoon ears, and a mixing beater tail.",96,"appliance, kitchen"
http://images.cocodataset.org/val2017/000000066886.jpg,A girl grabs her hair and holds onto her hairbrush. ,80,person
http://images.cocodataset.org/val2017/000000066926.jpg,Several glazed doughnuts lined up on a bakery tray. ,19,food
http://images.cocodataset.org/val2017/000000067180.jpg,A woman sitting on a wooden bench on a wall.,75,"outdoor, person"
http://images.cocodataset.org/val2017/000000067213.jpg,A dog jumping through the air into a pool.,103,"vehicle, person, animal"
http://images.cocodataset.org/val2017/000000067310.jpg,A man is in the air as he performs a stunt on a skateboard.,4,"sports, person"
http://images.cocodataset.org/val2017/000000067315.jpg,"Somebody is in the photograph not certain who that individual is. 
",17,"accessory, person"
http://images.cocodataset.org/val2017/000000067406.jpg,Two people standing in a field flying a kite,4,"sports, person"
http://images.cocodataset.org/val2017/000000067534.jpg,A man wearing a shirt and a pixilated looking neck tie.,99,"accessory, person, furniture"
http://images.cocodataset.org/val2017/000000067616.jpg,A restaurant with patrons in the outdoor eating area.,160,"indoor, vehicle, outdoor, person, furniture"
http://images.cocodataset.org/val2017/000000067896.jpg,A clock with scroll work on the side of a building.,41,indoor
http://images.cocodataset.org/val2017/000000068078.jpg,A dog that is standing on a rug in a bathroom.,161,"appliance, kitchen, furniture, animal"
http://images.cocodataset.org/val2017/000000068093.jpg,Two people posing together outside with their motorcycle.,9,"vehicle, person"
http://images.cocodataset.org/val2017/000000068286.jpg,Crisp white bedding creates a stately environment when combined with a cherry ensemble.,14,furniture
http://images.cocodataset.org/val2017/000000068387.jpg,A baseball game in progress with the batter up to plate.,4,"sports, person"
http://images.cocodataset.org/val2017/000000068409.jpg,School boys sit cross legged in front of a chalkboard sign in a vintage black and white photo.,17,"accessory, person"
http://images.cocodataset.org/val2017/000000068628.jpg,A skateboarder does a jump trick over stairs.,4,"sports, person"
http://images.cocodataset.org/val2017/000000068765.jpg,A keyboard sitting on a desk next to a computer mouse.,11,electronic
http://images.cocodataset.org/val2017/000000068833.jpg,A kitchen with lots of cupboard space and a microwave oven.,63,"electronic, indoor, kitchen, appliance, furniture"
http://images.cocodataset.org/val2017/000000068933.jpg,There are three zebras eating the grass and hay.,1,animal
http://images.cocodataset.org/val2017/000000069106.jpg,A group of zebras stand together by a rock wall. ,1,animal
http://images.cocodataset.org/val2017/000000069138.jpg,A red traffic light with a sad face drawn over it.,3,"vehicle, outdoor"
http://images.cocodataset.org/val2017/000000069213.jpg,Two men in blazers and fedoras with a moped in the background.,9,"vehicle, person"
http://images.cocodataset.org/val2017/000000069224.jpg,A man and a woman eat doughnuts from a box.,104,"kitchen, person, furniture, food"
http://images.cocodataset.org/val2017/000000069356.jpg,A woman standing in front of a fruit stand.,162,"vehicle, person, food"
http://images.cocodataset.org/val2017/000000069795.jpg,A purple flower is in a watering can on the window sill.,2,"furniture, indoor"
http://images.cocodataset.org/val2017/000000070048.jpg,a table that has some food on top of it,16,"kitchen, furniture, food"
http://images.cocodataset.org/val2017/000000070158.jpg,A group of zebras walk along the sand.,1,animal
http://images.cocodataset.org/val2017/000000070229.jpg,A black and white teddy bear sitting on a park bench.,163,"outdoor, person, indoor"
http://images.cocodataset.org/val2017/000000070254.jpg,Passengers wait at the platform as a passenger train approaches.,15,"vehicle, outdoor, accessory, person"
http://images.cocodataset.org/val2017/000000070739.jpg,Two women sitting at a table with wine glasses in their hands. ,90,"kitchen, person"
http://images.cocodataset.org/val2017/000000070774.jpg,"A motorbike parked, with several bicycles stacked on on the back of it.",22,"vehicle, animal"
http://images.cocodataset.org/val2017/000000071226.jpg,Two dogs and a cat sleeping on a bed.,152,"indoor, furniture, animal"
http://images.cocodataset.org/val2017/000000071451.jpg,Bed made with folded towels and walls with window,14,furniture
http://images.cocodataset.org/val2017/000000071711.jpg,A large airplane museum with old war planes.,36,"vehicle, accessory, person"
http://images.cocodataset.org/val2017/000000071756.jpg,Two bears walking together in the night. ,1,animal
http://images.cocodataset.org/val2017/000000071877.jpg,A man in a hat balancing his skateboard on a highway barrier.,59,"outdoor, sports, person"
http://images.cocodataset.org/val2017/000000071938.jpg,A boy asleep with a cell phone on his face.,81,"electronic, person, furniture"
http://images.cocodataset.org/val2017/000000072281.jpg,A man that is in the air with a surfboard.,4,"sports, person"
http://images.cocodataset.org/val2017/000000072795.jpg,A baseball player is at bat as the crowd watches.,4,"sports, person"
http://images.cocodataset.org/val2017/000000072813.jpg,Brown dog lying on unmade bed in bedroom of home.,66,"electronic, furniture, animal"
http://images.cocodataset.org/val2017/000000072852.jpg,A dilapidated bicycle frame underneath a Pedestrian Zone Sign.,36,"vehicle, accessory, person"
http://images.cocodataset.org/val2017/000000073118.jpg,Two brown teddy bears sitting side by side.,41,indoor
http://images.cocodataset.org/val2017/000000073153.jpg,A close up of bark on a tree with a young man on a cell phone in the background,30,"electronic, person"
http://images.cocodataset.org/val2017/000000073326.jpg,an open refrigerator in a kitchen next to a counter,96,"appliance, kitchen"
http://images.cocodataset.org/val2017/000000073533.jpg,A few boys read comic books together outside,30,"electronic, person"
http://images.cocodataset.org/val2017/000000073702.jpg,A man with an umbrella hat stands next to another man.,17,"accessory, person"
http://images.cocodataset.org/val2017/000000073946.jpg,Two men fake biting a surfboard for a picture.,54,"sports, person, furniture"
http://images.cocodataset.org/val2017/000000074058.jpg,A sidewalk next to the outdoor sitting area of a restaurant.,164,"vehicle, accessory, person, furniture"
http://images.cocodataset.org/val2017/000000074092.jpg,A person jumping in the air with a tennis racket in their hand.,4,"sports, person"
http://images.cocodataset.org/val2017/000000074200.jpg,A group of surfboards sitting up against wooden poles.,4,"sports, person"
http://images.cocodataset.org/val2017/000000074209.jpg,A black and stainless steel kitchen with a snack bar and bar stools. ,165,"food, indoor, kitchen, appliance, furniture"
http://images.cocodataset.org/val2017/000000074256.jpg,Two women in winter types clothes sitting at a train station,166,"electronic, vehicle, accessory, person"
http://images.cocodataset.org/val2017/000000074457.jpg,Single paddle boarder walking on the shore of a beach.,4,"sports, person"
http://images.cocodataset.org/val2017/000000074646.jpg,People flying kites on a sandy beach while a bucket sits in the sand.,167,"kitchen, sports, person, furniture"
http://images.cocodataset.org/val2017/000000074733.jpg,A table topped with three mugs of beer and two pizza's.,104,"kitchen, person, furniture, food"
http://images.cocodataset.org/val2017/000000074860.jpg,A man sitting in the snow with his snowboard on. ,4,"sports, person"
http://images.cocodataset.org/val2017/000000075393.jpg,Some wooden objects and beads in a display case.,32,kitchen
http://images.cocodataset.org/val2017/000000075456.jpg,A pizza with Canadian bacon and pineapple in a fluted pan.,19,food
http://images.cocodataset.org/val2017/000000075612.jpg,a bunch of kids are standing in a room,81,"electronic, person, furniture"
http://images.cocodataset.org/val2017/000000076211.jpg,An old and somewhat rundown building with a clock above the door.,41,indoor
http://images.cocodataset.org/val2017/000000076261.jpg,two birds flying by in front of a mountain ,1,animal
http://images.cocodataset.org/val2017/000000076416.jpg,A double decker bus that is parked in front of a big building. ,168,"vehicle, electronic, person"
http://images.cocodataset.org/val2017/000000076417.jpg,a dog in a car on a street near a traffic light,151,"vehicle, outdoor, animal"
http://images.cocodataset.org/val2017/000000076468.jpg,two tennis players on a court with rackets,54,"sports, person, furniture"
http://images.cocodataset.org/val2017/000000076547.jpg,a male in a white shirt a bicycle and an orange and white train,169,"electronic, vehicle, outdoor, accessory, person, furniture"
http://images.cocodataset.org/val2017/000000076625.jpg,A blue train traveling past a train station next to a lush green mountain.,166,"electronic, vehicle, accessory, person"
http://images.cocodataset.org/val2017/000000076731.jpg,A yellow pen on top of a closed lap top computer.,11,electronic
http://images.cocodataset.org/val2017/000000077396.jpg,"One cat lying on the floor, and another with its front paws up on a stool",170,"electronic, indoor, furniture, animal"
http://images.cocodataset.org/val2017/000000077460.jpg,A group of people standing on a field under a cloudy blue sky.,4,"sports, person"
http://images.cocodataset.org/val2017/000000077595.jpg,A cat laying on a bed next to a laptop.,66,"electronic, furniture, animal"
http://images.cocodataset.org/val2017/000000078032.jpg,Benches on a paved deck overlooking a waterway,3,"vehicle, outdoor"
http://images.cocodataset.org/val2017/000000078170.jpg,Two woman are sitting on a passenger train.,171,"electronic, kitchen, vehicle, accessory, person, furniture"
http://images.cocodataset.org/val2017/000000078266.jpg,The cramped interior of a passenger ship's kitchen.,98,"appliance, kitchen, food"
http://images.cocodataset.org/val2017/000000078404.jpg,The bench's maximum weight capacity may be strained.,172,"outdoor, accessory, person"
http://images.cocodataset.org/val2017/000000078420.jpg,A cat curled up by the keyboard of a laptop.,66,"electronic, furniture, animal"
http://images.cocodataset.org/val2017/000000078426.jpg,A gray cat lying on a desk near a telephone.,149,"kitchen, furniture, animal"
http://images.cocodataset.org/val2017/000000078565.jpg,Sail boats sail over a body of water while people stand near the shoreline. ,103,"vehicle, person, animal"
http://images.cocodataset.org/val2017/000000078748.jpg,Large group of people outdoors with their motorcycles.,36,"vehicle, accessory, person"
http://images.cocodataset.org/val2017/000000078823.jpg,a dog with a bandana on the trunk of a car,173,"vehicle, furniture, animal"
http://images.cocodataset.org/val2017/000000078843.jpg,A man kisses the top of a woman's head.,17,"accessory, person"
http://images.cocodataset.org/val2017/000000078915.jpg,A women is reaching to hit a tennis ball.,4,"sports, person"
http://images.cocodataset.org/val2017/000000078959.jpg,A strange plant hanging off a banana tree.,19,food
http://images.cocodataset.org/val2017/000000079014.jpg,there is a man in the mirror throwing a ball in the air,43,"person, food"
http://images.cocodataset.org/val2017/000000079031.jpg,A young surf boarder is riding in the water,4,"sports, person"
http://images.cocodataset.org/val2017/000000079034.jpg,a blue fire hydrant standing close to a tree ,3,"vehicle, outdoor"
http://images.cocodataset.org/val2017/000000079144.jpg,Couple of young bears playing together on tree limbs,1,animal
http://images.cocodataset.org/val2017/000000079188.jpg,Two Giraffe are out in the wilderness looking at the camera. ,1,animal
http://images.cocodataset.org/val2017/000000079229.jpg,A man rides a horse and his dog follows.,35,"person, animal"
http://images.cocodataset.org/val2017/000000079408.jpg,Stop sign with a tree branch touching it.,52,outdoor
http://images.cocodataset.org/val2017/000000079565.jpg,An adult and a younger giraffe are facing the same direction.,1,animal
http://images.cocodataset.org/val2017/000000079588.jpg,A courtyard with people walking about it next to clock tower.,132,"person, indoor"
http://images.cocodataset.org/val2017/000000079651.jpg,A row of beer bottles and bananas on a wooden counter.,10,"kitchen, food"
http://images.cocodataset.org/val2017/000000079837.jpg,a lake with a lot of boats on it,12,vehicle
http://images.cocodataset.org/val2017/000000079969.jpg,The man is playing a game of tennis on the court.,54,"sports, person, furniture"
http://images.cocodataset.org/val2017/000000080022.jpg,A tennis player returns the ball using a backhand.,4,"sports, person"
http://images.cocodataset.org/val2017/000000080057.jpg,A teddy bear with a hammer next to a peg board toy.,41,indoor
http://images.cocodataset.org/val2017/000000080153.jpg,A man on snow skis with his dog.,136,"sports, person, animal"
http://images.cocodataset.org/val2017/000000080273.jpg,A man looking behind while skating on the snow ,4,"sports, person"
http://images.cocodataset.org/val2017/000000080274.jpg,Elephant mama and baby in their zoo enclosure.,1,animal
http://images.cocodataset.org/val2017/000000080340.jpg,A boy in a tie holding a small suit case.,27,"kitchen, accessory, person, furniture"
http://images.cocodataset.org/val2017/000000080413.jpg,A small tan teddy bear is wedged into a spot on the dashboard of this car.,41,indoor
http://images.cocodataset.org/val2017/000000080659.jpg,a group of racing horses are racing around the track,35,"person, animal"
http://images.cocodataset.org/val2017/000000080666.jpg,A cat sitting on a bench in front of a house,131,"outdoor, animal"
http://images.cocodataset.org/val2017/000000080671.jpg,The woman is learning how to ski on the snow.,4,"sports, person"
http://images.cocodataset.org/val2017/000000080932.jpg,A child taking a bite of a pizza slice on a plate.,104,"kitchen, person, furniture, food"
http://images.cocodataset.org/val2017/000000080949.jpg,A KITTEN NAPPING ON THE KEYBOARD OF A LAPTOP.,174,"electronic, kitchen, animal"
http://images.cocodataset.org/val2017/000000081061.jpg,"A couch, chair, and suitcase sitting on the curb.",135,"accessory, furniture"
http://images.cocodataset.org/val2017/000000081394.jpg,A decoratively painted business truck for a motor company,9,"vehicle, person"
http://images.cocodataset.org/val2017/000000081594.jpg,a woman is holding a black umbrella and smiling,17,"accessory, person"
http://images.cocodataset.org/val2017/000000081738.jpg,A hand holding a knife and about to cut a large birthday cake.,104,"kitchen, person, furniture, food"
http://images.cocodataset.org/val2017/000000081766.jpg,Three dogs sitting on the levels of an empty tiered garden.,1,animal
http://images.cocodataset.org/val2017/000000081988.jpg,"children and an instructor on  a beach, with the children sitting on surfboards",4,"sports, person"
http://images.cocodataset.org/val2017/000000082085.jpg,A man stands near a passenger train holding a flag.,9,"vehicle, person"
http://images.cocodataset.org/val2017/000000082180.jpg,A teddy bear and a stuffed raccoon sitting on a faded wooden outdoor chair.,2,"furniture, indoor"
http://images.cocodataset.org/val2017/000000082688.jpg,Two old people in motion while playing a Wii.,30,"electronic, person"
http://images.cocodataset.org/val2017/000000082696.jpg,A bird walking through a cafeteria next to a table. ,175,"kitchen, person, furniture, animal"
http://images.cocodataset.org/val2017/000000082715.jpg,A man on a surfboard riding an ocean wave.,4,"sports, person"
http://images.cocodataset.org/val2017/000000082765.jpg,a bed with a square object on it next to a window.,28,"electronic, furniture"
http://images.cocodataset.org/val2017/000000082807.jpg,There is a dog that is seated at the table with a frosted cup cake in front of the dog,176,"food, furniture, animal"
http://images.cocodataset.org/val2017/000000082812.jpg,A group of people wait for the subway.,36,"vehicle, accessory, person"
http://images.cocodataset.org/val2017/000000082821.jpg,Group of paddle boats tied up alongside a pear on the water. ,46,"vehicle, outdoor, person"
http://images.cocodataset.org/val2017/000000082846.jpg,A trolley car parked in a parking lot.,3,"vehicle, outdoor"
http://images.cocodataset.org/val2017/000000082986.jpg,A trio of men throwing a Frisbee in a field.,24,"accessory, sports, person"
http://images.cocodataset.org/val2017/000000083113.jpg,"Elephants with large tusks, standing around behind a fence. ",1,animal
http://images.cocodataset.org/val2017/000000083172.jpg,A woman tennis player serving a tennis ball.,54,"sports, person, furniture"
http://images.cocodataset.org/val2017/000000083531.jpg,A BBQ topped with lots of sausages sitting side by side.,95,"kitchen, person, food"
http://images.cocodataset.org/val2017/000000083540.jpg,A person in the snow on some skis.,4,"sports, person"
http://images.cocodataset.org/val2017/000000084031.jpg,A batter swinging a bat at a baseball with the catcher and umpire behind him.,4,"sports, person"
http://images.cocodataset.org/val2017/000000084170.jpg,A bus and a few cars are riding in the rain.,9,"vehicle, person"
http://images.cocodataset.org/val2017/000000084241.jpg,Three women cooking in a professional kitchen together.,177,"food, kitchen, appliance, person, furniture"
http://images.cocodataset.org/val2017/000000084270.jpg,Travelers making their way through a busy transport hub.,143,"accessory, person, indoor"
http://images.cocodataset.org/val2017/000000084362.jpg,A toddler and cat are in a living room with open curtains.,178,"electronic, animal, vehicle, person, furniture"
http://images.cocodataset.org/val2017/000000084431.jpg,A piece of pizza sitting on a plate while a t.v. is on. ,83,"electronic, food"
http://images.cocodataset.org/val2017/000000084477.jpg,A chair and umbrella sitting on a beach near a person.,99,"accessory, person, furniture"
http://images.cocodataset.org/val2017/000000084492.jpg,A skate boarder 50/50 grinds a hand rail,179,"vehicle, outdoor, sports, person"
http://images.cocodataset.org/val2017/000000084650.jpg,A brown cat lying on a black suitcase.,140,"accessory, animal"
http://images.cocodataset.org/val2017/000000084664.jpg,A plate filled with strange exotic fruits and eggs.,20,"kitchen, furniture"
http://images.cocodataset.org/val2017/000000084674.jpg,a girl holds a baby eating a bagel with a boy standing next to them,180,"food, electronic, indoor, person, furniture"
http://images.cocodataset.org/val2017/000000084752.jpg,A bred and silver plane resting on stands outside.,12,vehicle
http://images.cocodataset.org/val2017/000000085089.jpg,Three wine glasses being clinked together in a toast.,90,"kitchen, person"
http://images.cocodataset.org/val2017/000000085157.jpg,Group of men and women sitting at a table eating and talking,104,"kitchen, person, furniture, food"
http://images.cocodataset.org/val2017/000000085195.jpg,some kind of cake that is on a white plate,16,"kitchen, furniture, food"
http://images.cocodataset.org/val2017/000000085329.jpg,Painting of girl that has multiple piercings on face,17,"accessory, person"
http://images.cocodataset.org/val2017/000000085376.jpg,A green motorcycle is in a large parking lot.,9,"vehicle, person"
http://images.cocodataset.org/val2017/000000085478.jpg,a polar bear pokes his head and one paw out of the water,1,animal
http://images.cocodataset.org/val2017/000000085576.jpg,Two empty toilet paper roll holders hang in the stall while the empties lay around and a nice roll sets on the bar.,14,furniture
http://images.cocodataset.org/val2017/000000085665.jpg,A painting of a blue fish flying through the canvas,38,sports
http://images.cocodataset.org/val2017/000000085682.jpg,The people are waiting to ski on the snowy mountain.,4,"sports, person"
http://images.cocodataset.org/val2017/000000085772.jpg,A young man taking a swing at a tennis ball.,4,"sports, person"
http://images.cocodataset.org/val2017/000000085823.jpg,A group of zebra standing on top of a grass covered field.,1,animal
http://images.cocodataset.org/val2017/000000085911.jpg,A kite has fallen from the air in to the water,38,sports
http://images.cocodataset.org/val2017/000000086220.jpg,a car in front of a train on train tracks,9,"vehicle, person"
http://images.cocodataset.org/val2017/000000086483.jpg,"A sign that says ""Abbey Road NW8 City of Westminster"".",9,"vehicle, person"
http://images.cocodataset.org/val2017/000000086582.jpg,A laptop computer sitting on top of a desk.,81,"electronic, person, furniture"
http://images.cocodataset.org/val2017/000000086755.jpg,two snow skiers are coming down a hill,6,"sports, accessory, person"
http://images.cocodataset.org/val2017/000000086956.jpg,Three people standing next to each other all smiling .,72,"sports, accessory, person, furniture"
http://images.cocodataset.org/val2017/000000087038.jpg,a man falls off his skateboard in a skate park.,67,"vehicle, sports, person"
http://images.cocodataset.org/val2017/000000087144.jpg,a couple and their small baby girl are sitting on a bench,15,"vehicle, outdoor, accessory, person"
http://images.cocodataset.org/val2017/000000087244.jpg,A fire hydrant sits by itself in front of a business,75,"outdoor, person"
http://images.cocodataset.org/val2017/000000087470.jpg,a big heard of cows walking down a road in a row with green tags on their ears,35,"person, animal"
http://images.cocodataset.org/val2017/000000087476.jpg,He is teaching the boy how to ride a skateboard.,4,"sports, person"
http://images.cocodataset.org/val2017/000000087742.jpg,a vase on a table with flowers inside,41,indoor
http://images.cocodataset.org/val2017/000000087875.jpg,A fire hydrant that is sitting in the grass.,52,outdoor
http://images.cocodataset.org/val2017/000000088040.jpg,A display of fine food and spices on a wooden table.,20,"kitchen, furniture"
http://images.cocodataset.org/val2017/000000088218.jpg,A traffic sign is shown with traffic signs above it.,52,outdoor
http://images.cocodataset.org/val2017/000000088250.jpg,two elephants holding their trunks together like they were hugging ,1,animal
http://images.cocodataset.org/val2017/000000088265.jpg,A horse drawn carriage driving down a small road.,1,animal
http://images.cocodataset.org/val2017/000000088269.jpg,A bowl of tomato soup is next to grilled cheese.,10,"kitchen, food"
http://images.cocodataset.org/val2017/000000088345.jpg,A woman posing in front of a sculpture at a bar.,132,"person, indoor"
http://images.cocodataset.org/val2017/000000088432.jpg,The street corner of a busy intersection in a town.,3,"vehicle, outdoor"
http://images.cocodataset.org/val2017/000000088462.jpg,A school bus waits in traffic behind a car. ,3,"vehicle, outdoor"
http://images.cocodataset.org/val2017/000000088485.jpg,A man outside playing frisbee in front of a building.,4,"sports, person"
http://images.cocodataset.org/val2017/000000088848.jpg,Two pictures of a fire hydrant with two pictures of people.,15,"vehicle, outdoor, accessory, person"
http://images.cocodataset.org/val2017/000000088951.jpg,A man and his dog sit at the park.,129,"outdoor, person, animal"
http://images.cocodataset.org/val2017/000000088970.jpg,A MAN IS  PLAYING TENNIS ON THE TENNIS COURT,4,"sports, person"
http://images.cocodataset.org/val2017/000000089045.jpg,a living room with a couch and piano ,2,"furniture, indoor"
http://images.cocodataset.org/val2017/000000089078.jpg,A woman that is standing on a snowboard in the snow.,4,"sports, person"
http://images.cocodataset.org/val2017/000000089271.jpg,Cat wearing a baseball cap with ears sticking out. ,1,animal
http://images.cocodataset.org/val2017/000000089296.jpg,A man in red jacket and shorts in a batting cage.,4,"sports, person"
http://images.cocodataset.org/val2017/000000089556.jpg,some cars a yellow fire hydrant and some buildings,3,"vehicle, outdoor"
http://images.cocodataset.org/val2017/000000089648.jpg,A crowd of people sitting down next to each other.,181,"electronic, indoor, accessory, person, furniture"
http://images.cocodataset.org/val2017/000000089670.jpg,"A patty, with frosting on it, in the middle.",10,"kitchen, food"
http://images.cocodataset.org/val2017/000000089697.jpg,a couple of people are sitting on a wood bench,75,"outdoor, person"
http://images.cocodataset.org/val2017/000000089761.jpg,A white toilet bowl with no tank near a tree,14,furniture
http://images.cocodataset.org/val2017/000000089880.jpg,Two puppies playing in the green grass of their yard.,1,animal
http://images.cocodataset.org/val2017/000000090003.jpg,Two dogs in a grassy field with one dog holding an orange disc.,53,"sports, animal"
http://images.cocodataset.org/val2017/000000090062.jpg,A cow with a bell around its neck standing near a wood pile.,1,animal
http://images.cocodataset.org/val2017/000000090108.jpg,a bathroom with blue and white walls ,110,"appliance, kitchen, furniture"
http://images.cocodataset.org/val2017/000000090155.jpg,This is a extremely long freight train heading south.,12,vehicle
http://images.cocodataset.org/val2017/000000090208.jpg,The picture of three buses on a lot.,12,vehicle
http://images.cocodataset.org/val2017/000000090284.jpg,A young lady swinging a tennis racquet on top of a tennis court.,4,"sports, person"
http://images.cocodataset.org/val2017/000000090631.jpg,A colorful fighter jet flying through a blue sky.,12,vehicle
http://images.cocodataset.org/val2017/000000090891.jpg,A group of men surrounded by clusters of bananas,43,"person, food"
http://images.cocodataset.org/val2017/000000090956.jpg,"The skier speeds around a flag, heading down the slope.",4,"sports, person"
http://images.cocodataset.org/val2017/000000091406.jpg,A group of women standing behind a table filled with pizza.,182,"food, electronic, indoor, kitchen, person, furniture"
http://images.cocodataset.org/val2017/000000091495.jpg,Two baseball players one catching the ball the other sliding into base,4,"sports, person"
http://images.cocodataset.org/val2017/000000091500.jpg,two people sitting in chairs playing nintendo wii ,183,"food, electronic, kitchen, appliance, person, furniture"
http://images.cocodataset.org/val2017/000000091615.jpg,"A kitchen has light wooden colored cabinetry, beige countertops, and stainless steel appliances in an open concept house.",184,"appliance, electronic, kitchen, indoor"
http://images.cocodataset.org/val2017/000000091619.jpg,an over head view of a stop sign,52,outdoor
http://images.cocodataset.org/val2017/000000091654.jpg,The asian dish is filled with several different ingredients.,20,"kitchen, furniture"
http://images.cocodataset.org/val2017/000000091779.jpg,Three sausages in buns are covered with various toppings.,16,"kitchen, furniture, food"
http://images.cocodataset.org/val2017/000000091921.jpg,a grassy field with two zebras in it,1,animal
http://images.cocodataset.org/val2017/000000092053.jpg,A bunch of plates with food on them on a table. ,104,"kitchen, person, furniture, food"
http://images.cocodataset.org/val2017/000000092091.jpg,A toddler standing with a brush in her mouth.,185,"electronic, indoor, vehicle, person, furniture"
http://images.cocodataset.org/val2017/000000092124.jpg,Bathroom with orange shower and mirror/cabinet curtains ,110,"appliance, kitchen, furniture"
http://images.cocodataset.org/val2017/000000092177.jpg,The birthday cake has dark and light blue frosting.,186,"sports, food"
http://images.cocodataset.org/val2017/000000092416.jpg,A young man in a suit and tie with a beer in his hand.,187,"vehicle, kitchen, accessory, person"
http://images.cocodataset.org/val2017/000000092660.jpg,An unbaked pizza with cheese and herbs on one half and broccoli on the second.,10,"kitchen, food"
http://images.cocodataset.org/val2017/000000092839.jpg,The polar bear has his chin up as he lies on his chest,1,animal
http://images.cocodataset.org/val2017/000000092939.jpg,A happy couple is cutting a decorated cake.,104,"kitchen, person, furniture, food"
http://images.cocodataset.org/val2017/000000093154.jpg,The cars are travelling down the wet road.,3,"vehicle, outdoor"
http://images.cocodataset.org/val2017/000000093261.jpg,A man kneels on the beach preparing a kite.,4,"sports, person"
http://images.cocodataset.org/val2017/000000093353.jpg,A partial sliced open piece of bread with some hotdogs in the middle,188,"furniture, person, food, indoor"
http://images.cocodataset.org/val2017/000000093437.jpg,An older man is wearing a funny hat in his dining room.,45,"kitchen, person, furniture, indoor"
http://images.cocodataset.org/val2017/000000093717.jpg,a collage of a skateboarders trick on his skateboard,67,"vehicle, sports, person"
http://images.cocodataset.org/val2017/000000093965.jpg,Two zebras made of Lego stand in a field.,1,animal
http://images.cocodataset.org/val2017/000000094157.jpg,"A large, ornate clock tower rises above another skyscraper.",132,"person, indoor"
http://images.cocodataset.org/val2017/000000094185.jpg,The store front of a teddy bear shop ,132,"person, indoor"
http://images.cocodataset.org/val2017/000000094326.jpg,The statue on the bench is reading a large newspaper.,75,"outdoor, person"
http://images.cocodataset.org/val2017/000000094336.jpg,A cat is sitting inside of a bathroom sink.,62,"appliance, animal"
http://images.cocodataset.org/val2017/000000094614.jpg,A man is skiing in fresh powder past a tree.,6,"sports, accessory, person"
http://images.cocodataset.org/val2017/000000094751.jpg,A parking lot is on the side of the ocean.,46,"vehicle, outdoor, person"
http://images.cocodataset.org/val2017/000000094852.jpg,A big elephant and a little elephant walking ,1,animal
http://images.cocodataset.org/val2017/000000094871.jpg,A group of people standing around sheep on a field.,87,"accessory, person, animal"
http://images.cocodataset.org/val2017/000000094944.jpg,The snowboarder is posing for a picture on the mountain. ,24,"accessory, sports, person"
http://images.cocodataset.org/val2017/000000095069.jpg,Several green spires on towers are part of the architecture.,41,indoor
http://images.cocodataset.org/val2017/000000095155.jpg,A snow boarder wearing red snow gear carving down a mountain.,4,"sports, person"
http://images.cocodataset.org/val2017/000000095707.jpg,Baked dessert items being prepared in kitchen area.,16,"kitchen, furniture, food"
http://images.cocodataset.org/val2017/000000095786.jpg,there are three vases made of clay on a table,189,"kitchen, indoor"
http://images.cocodataset.org/val2017/000000095843.jpg,A large blue and white bus on a road.,12,vehicle
http://images.cocodataset.org/val2017/000000095862.jpg,A professional baseball game seen from the stands,4,"sports, person"
http://images.cocodataset.org/val2017/000000095899.jpg,a construction site sits in front of a stop sign ,52,outdoor
http://images.cocodataset.org/val2017/000000096001.jpg,Several antique trinkets are arranged on a table. ,190,"kitchen, accessory, indoor"
http://images.cocodataset.org/val2017/000000096427.jpg,Two young boys play tennis inside a gym,4,"sports, person"
http://images.cocodataset.org/val2017/000000096493.jpg,A boy sitting on top of a couch under a pink blanket.,81,"electronic, person, furniture"
http://images.cocodataset.org/val2017/000000096549.jpg,Egyptair airplane standing on the tarmac at airport,12,vehicle
http://images.cocodataset.org/val2017/000000096825.jpg,The elderly man  on skis is making his way down the edge of the snow-covered road. ,6,"sports, accessory, person"
http://images.cocodataset.org/val2017/000000096960.jpg,A polar bear swimming in water near a rock wall.,1,animal
http://images.cocodataset.org/val2017/000000097022.jpg,An angled shot of a fully stocked kitchen with wooden cabinets.,191,"appliance, electronic"
http://images.cocodataset.org/val2017/000000097230.jpg,There are two elephants standing in tall brush,1,animal
http://images.cocodataset.org/val2017/000000097278.jpg,Young man on top of a snowboard wearing maroon jacket. ,4,"sports, person"
http://images.cocodataset.org/val2017/000000097337.jpg,This is a nice living room set up with two couches and a television.,81,"electronic, person, furniture"
http://images.cocodataset.org/val2017/000000097585.jpg,Assorted vases hanging on a wall next to each other.,41,indoor
http://images.cocodataset.org/val2017/000000097679.jpg,Two car facing opposite side to side in overcast day,67,"vehicle, sports, person"
http://images.cocodataset.org/val2017/000000097924.jpg,This is a horse being put into a trailer.,103,"vehicle, person, animal"
http://images.cocodataset.org/val2017/000000097988.jpg,A man in racing gear and number under a banner.,46,"vehicle, outdoor, person"
http://images.cocodataset.org/val2017/000000097994.jpg,a office with three computers spread out everywhere,92,"kitchen, electronic, indoor"
http://images.cocodataset.org/val2017/000000098018.jpg,a garage area with some appliances inside of it ,189,"kitchen, indoor"
http://images.cocodataset.org/val2017/000000098261.jpg,A bird feeding her baby bird some food.,1,animal
http://images.cocodataset.org/val2017/000000098287.jpg,A group of people are playing baseball on a field.,59,"outdoor, sports, person"
http://images.cocodataset.org/val2017/000000098392.jpg,"A photo of a busy intersection with a bus, several cars and a clock tower.",101,"vehicle, person, indoor"
http://images.cocodataset.org/val2017/000000098520.jpg,A large commercial airplane sitting on a runway,12,vehicle
http://images.cocodataset.org/val2017/000000098633.jpg,"A cake with white icing, mint leaves and strawberries.",19,food
http://images.cocodataset.org/val2017/000000098716.jpg,A man sitting on a bench with a view of the ocean behind him.,75,"outdoor, person"
http://images.cocodataset.org/val2017/000000098839.jpg,A cat curiously looking sideways at a television.,174,"electronic, kitchen, animal"
http://images.cocodataset.org/val2017/000000098853.jpg,There is a man hitting a tennis ball.,54,"sports, person, furniture"
http://images.cocodataset.org/val2017/000000099024.jpg,A child is sitting on the floor and making a kite.,192,"sports, person, indoor"
http://images.cocodataset.org/val2017/000000099039.jpg,a table thath as some pizza and wine on it,95,"kitchen, person, food"
http://images.cocodataset.org/val2017/000000099053.jpg,"A yellow and black bowl holding noodles, beef and broccoli.",16,"kitchen, furniture, food"
http://images.cocodataset.org/val2017/000000099054.jpg,An airplane is at an airport with yellow hoses by it.,9,"vehicle, person"
http://images.cocodataset.org/val2017/000000099114.jpg,A group of people walk across a crosswalk.,15,"vehicle, outdoor, accessory, person"
http://images.cocodataset.org/val2017/000000099182.jpg,A man in a black jacket is flipping through a large book.,126,"person, furniture, indoor"
http://images.cocodataset.org/val2017/000000099242.jpg,An older man downhill skiing down a slope.,4,"sports, person"
http://images.cocodataset.org/val2017/000000099428.jpg,a laptop and three cellphones on a yellow table,11,electronic
http://images.cocodataset.org/val2017/000000099810.jpg,A boy is eating donut holes while sitting at a dinner table. ,78,"person, furniture, food"
http://images.cocodataset.org/val2017/000000100238.jpg,A group of adults and a child holding frisbees.,193,"kitchen, accessory, sports, person"
http://images.cocodataset.org/val2017/000000100274.jpg,A long train pulling several cars along the tracks,12,vehicle
http://images.cocodataset.org/val2017/000000100283.jpg,A STOP sign on a city street at night.,3,"vehicle, outdoor"
http://images.cocodataset.org/val2017/000000100428.jpg,two men with ties taking a creepy looking photo,17,"accessory, person"
http://images.cocodataset.org/val2017/000000100489.jpg,A blue bird sitting on the top of a branch with autumn leaves,1,animal
http://images.cocodataset.org/val2017/000000100510.jpg,A person on a horse jumping over a obstacle.,120,"person, furniture, animal"
http://images.cocodataset.org/val2017/000000100582.jpg,Lettuce and tomatoes on a slice of pita bread.,16,"kitchen, furniture, food"
http://images.cocodataset.org/val2017/000000100624.jpg,a woman standing on a sidewalk while using a cell phone ,194,"vehicle, electronic, accessory, person"
http://images.cocodataset.org/val2017/000000100723.jpg,Crown marching in one direction in a lightly attended protest.,172,"outdoor, accessory, person"
http://images.cocodataset.org/val2017/000000101068.jpg,a man is swinging a baseball bat outside,4,"sports, person"
http://images.cocodataset.org/val2017/000000101420.jpg,A cat sitting on the back of a sofa looking out a window.,48,"furniture, animal"
http://images.cocodataset.org/val2017/000000101762.jpg,A small cat is walking behind a bike.,22,"vehicle, animal"
http://images.cocodataset.org/val2017/000000101780.jpg,A giraffe eating some leaves from a tree at the zoo,1,animal
http://images.cocodataset.org/val2017/000000101787.jpg,An airplane flies high above in the sky with telephone lines in the picture as well. ,12,vehicle
http://images.cocodataset.org/val2017/000000101884.jpg,A clock that is on the side of a building.,114,"vehicle, indoor"
http://images.cocodataset.org/val2017/000000102331.jpg,A boy is jumping in the air on his dirt bike.,9,"vehicle, person"
http://images.cocodataset.org/val2017/000000102356.jpg,Woman on a motorcycle with a sidecar in front of scenic backdrop in a showroom.,9,"vehicle, person"
http://images.cocodataset.org/val2017/000000102411.jpg,A man riding a motorcycle with a woman on the back.,36,"vehicle, accessory, person"
http://images.cocodataset.org/val2017/000000102644.jpg,"A bathroom with a glass shower door, a toilet and a towel handle. ",14,furniture
http://images.cocodataset.org/val2017/000000102707.jpg,A clear bottle and a glass set behind a burner on a stove,96,"appliance, kitchen"
http://images.cocodataset.org/val2017/000000102805.jpg,The man found the frisbee by the parked cars.,108,"vehicle, accessory, sports, person"
http://images.cocodataset.org/val2017/000000102820.jpg,A young child that is sitting by a red cake.,43,"person, food"
http://images.cocodataset.org/val2017/000000103548.jpg,A runner wearing spandex has come across a large herd traveling down the dirt road.,35,"person, animal"
http://images.cocodataset.org/val2017/000000103585.jpg,a bathroom with two sinks with a light on above them.,195,"appliance, furniture, indoor"
http://images.cocodataset.org/val2017/000000103723.jpg,A woman is watching an elephant in an enclosure.,35,"person, animal"
http://images.cocodataset.org/val2017/000000104119.jpg,A group of chickens looking for food in the grass.,1,animal
http://images.cocodataset.org/val2017/000000104198.jpg,Very detailed white roof behind a stop sign.,52,outdoor
http://images.cocodataset.org/val2017/000000104424.jpg,Lady standing on the tennis court posing with the racquet,4,"sports, person"
http://images.cocodataset.org/val2017/000000104455.jpg,A zebra eating hay scattered on the ground while another zebra lays in the shade.,1,animal
http://images.cocodataset.org/val2017/000000104572.jpg,"There is an empty tiled bathroom, with two sinks and two mirrors.",51,"appliance, furniture"
http://images.cocodataset.org/val2017/000000104603.jpg,there is a black bear that can be seen walking own a hill,1,animal
http://images.cocodataset.org/val2017/000000104612.jpg,The dinner on the plate is ready to eat. ,19,food
http://images.cocodataset.org/val2017/000000104619.jpg,A small giraffe walking around in an exhibit.,1,animal
http://images.cocodataset.org/val2017/000000104666.jpg,"A room with a painting, books, and guitars. ",39,"electronic, furniture, indoor"
http://images.cocodataset.org/val2017/000000104669.jpg,A white plate served on a multi colored table cloth,16,"kitchen, furniture, food"
http://images.cocodataset.org/val2017/000000104782.jpg,"A street sign reads ""Bacchanalia"" above a stop sign.",52,outdoor
http://images.cocodataset.org/val2017/000000104803.jpg,A dirty white toilet in a small room.,14,furniture
http://images.cocodataset.org/val2017/000000105014.jpg,"A salad is in a red container and has lettuce, tomatoes and bits of carrots in it.",16,"kitchen, furniture, food"
http://images.cocodataset.org/val2017/000000105249.jpg,A very small bathroom with only the essentials.,51,"appliance, furniture"
http://images.cocodataset.org/val2017/000000105264.jpg,a few people running around some kind of animal,35,"person, animal"
http://images.cocodataset.org/val2017/000000105335.jpg,"A white bowl filled with meat, vegetables and broth.",95,"kitchen, person, food"
http://images.cocodataset.org/val2017/000000105455.jpg,A large painted clock tower in the middle of town,114,"vehicle, indoor"
http://images.cocodataset.org/val2017/000000105912.jpg,A red fire hydrant is on the brick sidewalk.,46,"vehicle, outdoor, person"
http://images.cocodataset.org/val2017/000000105923.jpg,The view of an elephant's head through a display window.,103,"vehicle, person, animal"
http://images.cocodataset.org/val2017/000000106048.jpg,A white bus driving past a tall building.,12,vehicle
http://images.cocodataset.org/val2017/000000106235.jpg,There is a cream colored couch behind the oval coffee table.,28,"electronic, furniture"
http://images.cocodataset.org/val2017/000000106266.jpg,A plate topped with potatoes pan cakes and other foods.,19,food
http://images.cocodataset.org/val2017/000000106281.jpg,A long silver train traveling through a small city.,12,vehicle
http://images.cocodataset.org/val2017/000000106330.jpg,an image of a stuffed teddy bear sitting up,41,indoor
http://images.cocodataset.org/val2017/000000106389.jpg,A cat is sitting on a bright orange chair.,152,"indoor, furniture, animal"
http://images.cocodataset.org/val2017/000000106563.jpg,An indoor archway with a clock on the end of it.,41,indoor
http://images.cocodataset.org/val2017/000000106757.jpg,The woman is looking at the elephant in amazement. ,35,"person, animal"
http://images.cocodataset.org/val2017/000000106881.jpg,A bird sits on a branch of a tree.,1,animal
http://images.cocodataset.org/val2017/000000106912.jpg,a person rising a skate board in a lot ,4,"sports, person"
http://images.cocodataset.org/val2017/000000107087.jpg,A cat inside of a car during the day.,173,"vehicle, furniture, animal"
http://images.cocodataset.org/val2017/000000107094.jpg,A man riding skis on top of snow covered ground.,6,"sports, accessory, person"
http://images.cocodataset.org/val2017/000000107226.jpg,The man is riding a bike led by several dogs.,196,"vehicle, accessory, person, animal"
http://images.cocodataset.org/val2017/000000107339.jpg,Two girls in a room are looking at something.,141,"electronic, person, furniture, indoor"
http://images.cocodataset.org/val2017/000000107554.jpg,A blue and white surfboard resting against a wheelbarrow in a backyard.,197,"vehicle, sports"
http://images.cocodataset.org/val2017/000000107851.jpg,A group of people walking through a field under the sun.,35,"person, animal"
http://images.cocodataset.org/val2017/000000108026.jpg,A computer user types one handed on a keyboard.,30,"electronic, person"
http://images.cocodataset.org/val2017/000000108244.jpg,A black cat in a box wearing a pirate hat.,1,animal
http://images.cocodataset.org/val2017/000000108253.jpg,Two plates both have food next to a bottle of Wine. ,104,"kitchen, person, furniture, food"
http://images.cocodataset.org/val2017/000000108440.jpg,A train on top of an overpass bridge set of train tracks with fields on both side.,12,vehicle
http://images.cocodataset.org/val2017/000000108495.jpg,a girl sitting on a skateboard in the driveway,4,"sports, person"
http://images.cocodataset.org/val2017/000000108503.jpg,Two surfers walking on a beach to the ocean.,4,"sports, person"
http://images.cocodataset.org/val2017/000000108864.jpg,Two elephants standing next to each other in a field.,1,animal
http://images.cocodataset.org/val2017/000000109055.jpg,a cat sitting next to a bunch of bikes parked next to each other,22,"vehicle, animal"
http://images.cocodataset.org/val2017/000000109118.jpg,This is three professional athletes from a long time ago.,54,"sports, person, furniture"
http://images.cocodataset.org/val2017/000000109313.jpg,A man playing Wii in a dirty room. ,116,"electronic, indoor, kitchen, person, furniture"
http://images.cocodataset.org/val2017/000000109441.jpg,A large office building has shining mirrored windows.,3,"vehicle, outdoor"
http://images.cocodataset.org/val2017/000000109798.jpg,Frosted and sprinkled donuts stacked on a paper plate.,58,"furniture, food"
http://images.cocodataset.org/val2017/000000109827.jpg,A brown teddy bear sitting up against a tree.,41,indoor
http://images.cocodataset.org/val2017/000000109900.jpg,A group of men standing near a vehicle and planes.,9,"vehicle, person"
http://images.cocodataset.org/val2017/000000109916.jpg,Twp cake pans sitting and cooling on the stove,10,"kitchen, food"
http://images.cocodataset.org/val2017/000000109976.jpg,An all white kitchen with an electric stovetop. ,96,"appliance, kitchen"
http://images.cocodataset.org/val2017/000000109992.jpg,A young boy rides his board in the snow.,4,"sports, person"
http://images.cocodataset.org/val2017/000000110042.jpg,A sign is placed over a toilet that is out on a lawn.,107,"person, furniture"
http://images.cocodataset.org/val2017/000000110211.jpg,A herd of zebra walking across a grass covered field.,1,animal
http://images.cocodataset.org/val2017/000000110282.jpg,A stop sign that is on the side of a pole.,52,outdoor
http://images.cocodataset.org/val2017/000000110359.jpg,Commercial jet passing overhead on bright cloudless sky.,12,vehicle
http://images.cocodataset.org/val2017/000000110449.jpg,"Two men are sitting near a table, one playing with a video game.",30,"electronic, person"
http://images.cocodataset.org/val2017/000000110638.jpg,A baby elephant is walking under a larger elephant.,1,animal
http://images.cocodataset.org/val2017/000000110721.jpg,A plane pulled up to a gate with the jet bridge out. ,9,"vehicle, person"
http://images.cocodataset.org/val2017/000000110784.jpg,A bus traveling down a street next to a tall building.,9,"vehicle, person"
http://images.cocodataset.org/val2017/000000110884.jpg,a room with a sink and a toilet in it,110,"appliance, kitchen, furniture"
http://images.cocodataset.org/val2017/000000110972.jpg,A black bear is standing outdoors in the wild. ,1,animal
http://images.cocodataset.org/val2017/000000110999.jpg,"A painting of a bowl of fruit sitting in front of another painting,",95,"kitchen, person, food"
http://images.cocodataset.org/val2017/000000111036.jpg,A kitchen stove laying in a dumpster. ,198,"appliance, vehicle"
http://images.cocodataset.org/val2017/000000111086.jpg,A row of cars parked next to a large boat,9,"vehicle, person"
http://images.cocodataset.org/val2017/000000111179.jpg,Looking up at a clock tower with a weather vane,41,indoor
http://images.cocodataset.org/val2017/000000111207.jpg,Two snapshots of a skate boarder doing stunts in an open area,59,"outdoor, sports, person"
http://images.cocodataset.org/val2017/000000111609.jpg,A man asleep in his bed next to his open laptop.,81,"electronic, person, furniture"
http://images.cocodataset.org/val2017/000000111951.jpg,Modern bathroom with two sinks a toilet and a shower ,195,"appliance, furniture, indoor"
http://images.cocodataset.org/val2017/000000112110.jpg,A man stepping over a briefcase on a sidewalk. ,17,"accessory, person"
http://images.cocodataset.org/val2017/000000112298.jpg,The man holds a ping pong paddle under the shelf on a wall.,31,"kitchen, sports, person"
http://images.cocodataset.org/val2017/000000112378.jpg,a table covered with banansas and a coconut,199,"outdoor, furniture, food"
http://images.cocodataset.org/val2017/000000112626.jpg,A large grey suitcase is places near a tan sofa.,135,"accessory, furniture"
http://images.cocodataset.org/val2017/000000112634.jpg,"Trees mark the far side of a fence that encloses a large environment space with man made rocks and two giraffes, one close up and very large, the other small, and seemingly far away.  ",1,animal
http://images.cocodataset.org/val2017/000000112798.jpg,A cat lying in the sun on a table.,200,"electronic, indoor, animal"
http://images.cocodataset.org/val2017/000000112997.jpg,a person is holding up an old cellphone,30,"electronic, person"
http://images.cocodataset.org/val2017/000000113051.jpg,A boat traveling into a water filled tunnel.,12,vehicle
http://images.cocodataset.org/val2017/000000113235.jpg,A person feeding a animal a whole carrot.,201,"vehicle, person, food, animal"
http://images.cocodataset.org/val2017/000000113354.jpg,Three zebras munching on grass in their natural habitat.,1,animal
http://images.cocodataset.org/val2017/000000113403.jpg,Three stuffed animals lay in a bed cuddled together.,2,"furniture, indoor"
http://images.cocodataset.org/val2017/000000113589.jpg,"A container holds apples, a banana, snap peas and triangle finger foods.",10,"kitchen, food"
http://images.cocodataset.org/val2017/000000113720.jpg,A couple is sitting at a table eating pizza.,104,"kitchen, person, furniture, food"
http://images.cocodataset.org/val2017/000000113867.jpg,The tower of the building has a clock displayed on it.,41,indoor
http://images.cocodataset.org/val2017/000000114049.jpg,People with luggage on an airport transfer bus.,34,"electronic, accessory, person, furniture"
http://images.cocodataset.org/val2017/000000114770.jpg,"A green military jeep, and motorcycle on display.",12,vehicle
http://images.cocodataset.org/val2017/000000114871.jpg,A banana sitting on top of a white plate next to a pastry.,58,"furniture, food"
http://images.cocodataset.org/val2017/000000114884.jpg,Buses lined up letting people aboard them. ,36,"vehicle, accessory, person"
http://images.cocodataset.org/val2017/000000114907.jpg,"A woman holding a milking attachment and standing in front of a cow, with a group of people in the audience.",103,"vehicle, person, animal"
http://images.cocodataset.org/val2017/000000115118.jpg,A train driving down the tracks near several trees.,12,vehicle
http://images.cocodataset.org/val2017/000000115245.jpg,Standing suit cases being stored in a room.,99,"accessory, person, furniture"
http://images.cocodataset.org/val2017/000000115870.jpg,A few people are sitting on a long coach together,116,"electronic, indoor, kitchen, person, furniture"
http://images.cocodataset.org/val2017/000000115885.jpg,A cat looking at a white laptop on a bed. ,66,"electronic, furniture, animal"
http://images.cocodataset.org/val2017/000000115898.jpg,A surfer is on the water and is waiting for a wave. ,4,"sports, person"
http://images.cocodataset.org/val2017/000000115946.jpg,A street intersection with old buildings in the background.,119,"vehicle, outdoor, person, furniture"
http://images.cocodataset.org/val2017/000000116068.jpg,Man walking down a beach with a multicolored kite.,4,"sports, person"
http://images.cocodataset.org/val2017/000000116206.jpg,Vegetable pieces and knife are kept on cutting board.Cabbage is on the table.,10,"kitchen, food"
http://images.cocodataset.org/val2017/000000116208.jpg,pizza on a serving tray with empty plates next to it,104,"kitchen, person, furniture, food"
http://images.cocodataset.org/val2017/000000116362.jpg,A bowl with a bunch of food in it sitting on a table,16,"kitchen, furniture, food"
http://images.cocodataset.org/val2017/000000116439.jpg,A woman riding in a boat down a river.,164,"vehicle, accessory, person, furniture"
http://images.cocodataset.org/val2017/000000116479.jpg,A canopy bed with white see through curtains. ,14,furniture
http://images.cocodataset.org/val2017/000000116589.jpg,The group of zebra are eating hay together.,1,animal
http://images.cocodataset.org/val2017/000000116825.jpg,A cat leans over a desk and paws at an army knife. ,149,"kitchen, furniture, animal"
http://images.cocodataset.org/val2017/000000117197.jpg,A woman sitting on the sidewalk talking on her cell phone. ,30,"electronic, person"
http://images.cocodataset.org/val2017/000000117374.jpg,Two cats sitting in the dirt under a tree.,1,animal
http://images.cocodataset.org/val2017/000000117425.jpg,A toddler celebrates his birthday with a cupcake.,104,"kitchen, person, furniture, food"
http://images.cocodataset.org/val2017/000000117492.jpg,"A group of people, mostly children, are gathering around a tent.",202,"accessory, person, furniture, indoor"
http://images.cocodataset.org/val2017/000000117525.jpg,A man in a red Santa hat and a dog pose in front of a Christmas tree.,35,"person, animal"
http://images.cocodataset.org/val2017/000000117645.jpg,a couple skiers going down the snowy hill,4,"sports, person"
http://images.cocodataset.org/val2017/000000117719.jpg,A man changes a light bulb in a darkened bar.,90,"kitchen, person"
http://images.cocodataset.org/val2017/000000117744.jpg,a small girl is holding a yellow racket,4,"sports, person"
http://images.cocodataset.org/val2017/000000117908.jpg,A cat standing next to an open refrigerator door.,203,"appliance, kitchen, person, animal"
http://images.cocodataset.org/val2017/000000117914.jpg,The interior layout of an average clean bathroom.,110,"appliance, kitchen, furniture"
http://images.cocodataset.org/val2017/000000118209.jpg,Two horses stand by a wire framed fence.,1,animal
http://images.cocodataset.org/val2017/000000118367.jpg,"A sandwich has cilantro, carrots, and other vegetables.",43,"person, food"
http://images.cocodataset.org/val2017/000000118405.jpg,"A blue and white street sign that reads ""Othello.""",90,"kitchen, person"
http://images.cocodataset.org/val2017/000000118515.jpg,A small kitten sitting on a slatted bench.,131,"outdoor, animal"
http://images.cocodataset.org/val2017/000000118594.jpg,"the cog is grazing on the grass, he has big horns",1,animal
http://images.cocodataset.org/val2017/000000118921.jpg,a woman is wearing a pink and black jacket is sking,4,"sports, person"
http://images.cocodataset.org/val2017/000000119038.jpg,Three white cows are standing in a grassy field.,1,animal
http://images.cocodataset.org/val2017/000000119088.jpg,Three men are wading in water reaching for a frisbee.,4,"sports, person"
http://images.cocodataset.org/val2017/000000119233.jpg,A black and white cat laying across the keyboard of a laptop.,204,"kitchen, electronic, animal"
http://images.cocodataset.org/val2017/000000119365.jpg,A couple of children sitting down next to a laptop computer.,30,"electronic, person"
http://images.cocodataset.org/val2017/000000119445.jpg,a baseball player swinging a bat at a ball,4,"sports, person"
http://images.cocodataset.org/val2017/000000119452.jpg,a big pile of fruit that is on top of each other,19,food
http://images.cocodataset.org/val2017/000000119516.jpg,A woman wearing a dark colored dress stands curbside near a large building.,205,"electronic, vehicle, outdoor, accessory, person"
http://images.cocodataset.org/val2017/000000119641.jpg,People are riding on elephants in a river.,87,"accessory, person, animal"
http://images.cocodataset.org/val2017/000000119677.jpg,a fork and a piece of cheese cake on a gray platter,10,"kitchen, food"
http://images.cocodataset.org/val2017/000000119828.jpg,a cat sits down in front of a laptop ,204,"kitchen, electronic, animal"
http://images.cocodataset.org/val2017/000000119911.jpg,The boy plays with his skate board in the street.,67,"vehicle, sports, person"
http://images.cocodataset.org/val2017/000000119995.jpg,a tennis player swinging his racket on a tennis court,4,"sports, person"
http://images.cocodataset.org/val2017/000000120420.jpg,A man in a green shirt is taking a picture with his cell phone.,206,"electronic, animal, outdoor, accessory, person"
http://images.cocodataset.org/val2017/000000120572.jpg,There is a church near a cemetary. ,207,"outdoor, indoor"
http://images.cocodataset.org/val2017/000000120584.jpg,A clock high up on a wall in a room.,41,indoor
http://images.cocodataset.org/val2017/000000120777.jpg,"A tray a drink, a salt shaker and two plates that contain sandwiches and potato chips.",10,"kitchen, food"
http://images.cocodataset.org/val2017/000000120853.jpg,A yummy looking sandwich with a salad and a drink.,208,"electronic, kitchen, furniture, food"
http://images.cocodataset.org/val2017/000000121031.jpg,Men are riding horses while going through the river.,35,"person, animal"
http://images.cocodataset.org/val2017/000000121242.jpg,A horse drawn carriage parked on top of a field.,103,"vehicle, person, animal"
http://images.cocodataset.org/val2017/000000121417.jpg,a woman is sitting with an umbrella outside,209,"electronic, outdoor, accessory, person"
http://images.cocodataset.org/val2017/000000121497.jpg,A handlebar controlled device mounted to an acrylic stand.,80,person
http://images.cocodataset.org/val2017/000000121506.jpg,An umbrella on a backyard patio is upturned from the wind. ,210,"vehicle, outdoor, accessory, furniture"
http://images.cocodataset.org/val2017/000000121586.jpg,Office space with cat on the television and work.,211,"electronic, animal, indoor"
http://images.cocodataset.org/val2017/000000121591.jpg,A young man is skateboarding on a wall and holding onto a bar. ,4,"sports, person"
http://images.cocodataset.org/val2017/000000121673.jpg,a person riding a surf board on a wave ,4,"sports, person"
http://images.cocodataset.org/val2017/000000121744.jpg,A tennis player with his leg up in the air and a racket in one hand.,4,"sports, person"
http://images.cocodataset.org/val2017/000000122046.jpg,A woman poses for a photo as she sits on a chair with an umbrella,99,"accessory, person, furniture"
http://images.cocodataset.org/val2017/000000122166.jpg,a person riding on a bicycle on the street in front of some cars,15,"vehicle, outdoor, accessory, person"
http://images.cocodataset.org/val2017/000000122217.jpg,Two male skateboarders rolling down a paved slope.,4,"sports, person"
http://images.cocodataset.org/val2017/000000122606.jpg,A front shot of a Crosstown bus is parked on the side of the road. ,9,"vehicle, person"
http://images.cocodataset.org/val2017/000000122672.jpg,A man surfing on a surfboard in the ocean.,4,"sports, person"
http://images.cocodataset.org/val2017/000000122745.jpg,A red stop sign is glowing against the dark sky.,52,outdoor
http://images.cocodataset.org/val2017/000000122927.jpg,Two birds walking down the road in the daytime.,1,animal
http://images.cocodataset.org/val2017/000000122962.jpg,Many children are sitting at a dining table eating pizza.,64,"electronic, person, furniture, food"
http://images.cocodataset.org/val2017/000000122969.jpg,two zebras standing by each other and some plants ,1,animal
http://images.cocodataset.org/val2017/000000123131.jpg,A large black semi parked in a parking lot.,12,vehicle
http://images.cocodataset.org/val2017/000000123213.jpg,batter receiving a pitch at a baseball game,212,"outdoor, sports, person, furniture"
http://images.cocodataset.org/val2017/000000123321.jpg,The bowl of soup contains a large amount of broccoli.,10,"kitchen, food"
http://images.cocodataset.org/val2017/000000123480.jpg,A shocked looking man in the mirror about to brush his teeth.,8,"electronic, person, indoor"
http://images.cocodataset.org/val2017/000000123585.jpg,a pigeon eating out of a bread bowl. ,213,"kitchen, animal"
http://images.cocodataset.org/val2017/000000123633.jpg,an image of a woman doing arts and crafts with kids,45,"kitchen, person, furniture, indoor"
http://images.cocodataset.org/val2017/000000124277.jpg,A train that is going over a bridge overlooking the city.,12,vehicle
http://images.cocodataset.org/val2017/000000124442.jpg,A man is flying a kite on a beach.,4,"sports, person"
http://images.cocodataset.org/val2017/000000124636.jpg,A cow standing next to a calf in the corner of a paddock with a dirt floor.,1,animal
http://images.cocodataset.org/val2017/000000124659.jpg,A basement living area with different types of furniture.,39,"electronic, furniture, indoor"
http://images.cocodataset.org/val2017/000000124798.jpg,a bus that is  next to a bunch of cars,36,"vehicle, accessory, person"
http://images.cocodataset.org/val2017/000000124975.jpg,Two zebras facing opposite directions in a grassy field.,1,animal
http://images.cocodataset.org/val2017/000000125062.jpg,A row of white teddy bears on shelf next to DVDs.,41,indoor
http://images.cocodataset.org/val2017/000000125072.jpg,Cows graze an open field next to the ocean.,1,animal
http://images.cocodataset.org/val2017/000000125129.jpg,A person on a cell phone sitting at a table.,141,"electronic, person, furniture, indoor"
http://images.cocodataset.org/val2017/000000125211.jpg,A zebra standing on top of a grass covered field.,1,animal
http://images.cocodataset.org/val2017/000000125245.jpg,closeup of an aquarium full of water and fish,19,food
http://images.cocodataset.org/val2017/000000125257.jpg,A snow boarder is going down the slope on his board.,4,"sports, person"
http://images.cocodataset.org/val2017/000000125405.jpg,Two brown and white dogs running in a park. ,53,"sports, animal"
http://images.cocodataset.org/val2017/000000125472.jpg,A man is doing tricks on a skateboard.,4,"sports, person"
http://images.cocodataset.org/val2017/000000125572.jpg,a woman riding a bike in the street and a building with a clock in the background,214,"indoor, vehicle, outdoor, accessory, person"
http://images.cocodataset.org/val2017/000000125778.jpg,a living room with a couch and a chair ,215,"vehicle, kitchen, furniture, indoor"
http://images.cocodataset.org/val2017/000000125806.jpg,Two black cows facing each other with woods behind them.,1,animal
http://images.cocodataset.org/val2017/000000125850.jpg,A cat that has curled up in a bowl.,213,"kitchen, animal"
http://images.cocodataset.org/val2017/000000125936.jpg,A man is at the counter by a bowl of fruit.,95,"kitchen, person, food"
http://images.cocodataset.org/val2017/000000125952.jpg,A wheel along back pack with a jacket strapped to the top,86,accessory
http://images.cocodataset.org/val2017/000000126107.jpg,A bird that is flying over the sand.,103,"vehicle, person, animal"
http://images.cocodataset.org/val2017/000000126110.jpg,The dog is perched on the seat of the car looking out the window,103,"vehicle, person, animal"
http://images.cocodataset.org/val2017/000000126137.jpg,Male tennis player delivery service during a game,54,"sports, person, furniture"
http://images.cocodataset.org/val2017/000000126216.jpg,The elephants are walking through the trees in the shade.,1,animal
http://images.cocodataset.org/val2017/000000126226.jpg,A dug out filled with baseball players next to baseball equipment.,4,"sports, person"
http://images.cocodataset.org/val2017/000000126592.jpg,A stop sign is posted next to a parking lot.,3,"vehicle, outdoor"
http://images.cocodataset.org/val2017/000000127092.jpg,A historic trolley sign is across the street from a large building.,216,"vehicle, outdoor, accessory, person, furniture"
http://images.cocodataset.org/val2017/000000127182.jpg,A home kitchen with white cabinets and silver appliances,124,"appliance, kitchen, furniture, indoor"
http://images.cocodataset.org/val2017/000000127263.jpg,A couple of men playing a game of frisbee.,67,"vehicle, sports, person"
http://images.cocodataset.org/val2017/000000127270.jpg,A woman prepares to swing her tennis racket,118,"sports, outdoor, accessory, person, furniture"
http://images.cocodataset.org/val2017/000000127394.jpg,People sitting around a table several pans of food. ,104,"kitchen, person, furniture, food"
http://images.cocodataset.org/val2017/000000127476.jpg,A pizza sits half eaten on a plate.,19,food
http://images.cocodataset.org/val2017/000000127494.jpg,A white plate of food on a table.,32,kitchen
http://images.cocodataset.org/val2017/000000127517.jpg,A row of surfboards leaned up against a wood rail in the sand.,217,"sports, accessory"
http://images.cocodataset.org/val2017/000000127530.jpg,A man in blue shirt and white shorts playing tennis.,4,"sports, person"
http://images.cocodataset.org/val2017/000000127624.jpg,grainy image of two trains on tracks moving through a city,12,vehicle
http://images.cocodataset.org/val2017/000000127660.jpg,A girl with a black eye and pig tails sits in a suitcase.,17,"accessory, person"
http://images.cocodataset.org/val2017/000000127955.jpg,The two brown bears are playing in water.,1,animal
http://images.cocodataset.org/val2017/000000127987.jpg,A bobble head baseball figurine on a desk. ,11,electronic
http://images.cocodataset.org/val2017/000000128051.jpg,A bus has the top part of a van attached to its roof.,130,"vehicle, accessory"
http://images.cocodataset.org/val2017/000000128112.jpg,A man skiing down a mountain side following a trail way. ,4,"sports, person"
http://images.cocodataset.org/val2017/000000128148.jpg,Two brown leather couches in a living room,39,"electronic, furniture, indoor"
http://images.cocodataset.org/val2017/000000128372.jpg,People loading onto a orange and silver metro bus.,36,"vehicle, accessory, person"
http://images.cocodataset.org/val2017/000000128476.jpg,Large collection of cakes shaped like hearts on a display.,95,"kitchen, person, food"
http://images.cocodataset.org/val2017/000000128598.jpg,"A group of red, yellow and orange fruit  mixed together.",19,food
http://images.cocodataset.org/val2017/000000128654.jpg,a person jumping in the air while playing with a frisbee,4,"sports, person"
http://images.cocodataset.org/val2017/000000128658.jpg,a waffle with powdered sugar surrounded by berries ,19,food
http://images.cocodataset.org/val2017/000000128675.jpg,Several para-sailers on a lake by the woods,4,"sports, person"
http://images.cocodataset.org/val2017/000000128699.jpg,A boy jumping on a brick patterned ramp on his skateboard. ,4,"sports, person"
http://images.cocodataset.org/val2017/000000128748.jpg,a baseball player talks with an umpire ,4,"sports, person"
http://images.cocodataset.org/val2017/000000129054.jpg,A herd of zebra stand on a plain in the wild.,1,animal
http://images.cocodataset.org/val2017/000000129062.jpg,Outdoor patio and front of a bar that serves hot dogs,70,"outdoor, accessory, person, furniture"
http://images.cocodataset.org/val2017/000000129113.jpg,An old corroded spoon setting on a bamboo mat.,20,"kitchen, furniture"
http://images.cocodataset.org/val2017/000000129135.jpg,A train that is on the tracks sitting in front of a bench.,3,"vehicle, outdoor"
http://images.cocodataset.org/val2017/000000129322.jpg,A narrow bathroom with little room for movement. ,14,furniture
http://images.cocodataset.org/val2017/000000129416.jpg,a herd of cows graze lazily by the pond,1,animal
http://images.cocodataset.org/val2017/000000129492.jpg,two young children sitting on the ground playing nintendo ,141,"electronic, person, furniture, indoor"
http://images.cocodataset.org/val2017/000000129756.jpg,A man is standing on a grassy hill with some sheep and dogs.,35,"person, animal"
http://images.cocodataset.org/val2017/000000129812.jpg,Sunset with a skiers feet and skis in the foreground,4,"sports, person"
http://images.cocodataset.org/val2017/000000129945.jpg,A baseball player swings the bat while the catcher & umpire look on,4,"sports, person"
http://images.cocodataset.org/val2017/000000130386.jpg,a large blue sign is next to a building,46,"vehicle, outdoor, person"
http://images.cocodataset.org/val2017/000000130465.jpg,this is a church made of white stone,41,indoor
http://images.cocodataset.org/val2017/000000130566.jpg,A train pulls a large number of cars through a junction.,12,vehicle
http://images.cocodataset.org/val2017/000000130579.jpg,A baseball pitcher standing on the pitcher's mound palming a ball.,4,"sports, person"
http://images.cocodataset.org/val2017/000000130586.jpg,A kid is running while pulling a kite behind him. ,4,"sports, person"
http://images.cocodataset.org/val2017/000000130599.jpg,A man pretending to punch a giraffe sculpture.,80,person
http://images.cocodataset.org/val2017/000000130613.jpg,A foil plate holding fried fish and vegetables.,16,"kitchen, furniture, food"
http://images.cocodataset.org/val2017/000000130699.jpg,Men playing soccer on a field at dusk.,67,"vehicle, sports, person"
http://images.cocodataset.org/val2017/000000130826.jpg,Two men sitting next to each other on a wooden bench.,172,"outdoor, accessory, person"
http://images.cocodataset.org/val2017/000000131131.jpg,A kitten is trying to interact with a kitten that is on television.,13,"electronic, animal"
http://images.cocodataset.org/val2017/000000131138.jpg,Large office desk with computers near a window.,218,"electronic, person, kitchen, furniture"
http://images.cocodataset.org/val2017/000000131273.jpg,A husky riding in the front seat of the car,1,animal
http://images.cocodataset.org/val2017/000000131379.jpg,The browned cracked crust of a baked berry pie.,19,food
http://images.cocodataset.org/val2017/000000131386.jpg,The planes are all flying in the same direction.,12,vehicle
http://images.cocodataset.org/val2017/000000131431.jpg,An image of a clock on a building.,41,indoor
http://images.cocodataset.org/val2017/000000131444.jpg,a man that is in a suite and a tie,17,"accessory, person"
http://images.cocodataset.org/val2017/000000131556.jpg,a man skiing along a rail on the snowy hill ,4,"sports, person"
http://images.cocodataset.org/val2017/000000131938.jpg,Cat sitting up with a fake tie around it's neck.,140,"accessory, animal"
http://images.cocodataset.org/val2017/000000132116.jpg,Two bowls of stir fried beef and broccoli with chopsticks next to the bowls.,16,"kitchen, furniture, food"
http://images.cocodataset.org/val2017/000000132329.jpg,A refrigerator mostly empty with only a few bottles of water inside.,96,"appliance, kitchen"
http://images.cocodataset.org/val2017/000000132375.jpg,A vase filled with pink flowers on top of a table.,219,"vehicle, person, furniture, indoor"
http://images.cocodataset.org/val2017/000000132408.jpg,"Two brown horses pull a plow, steered by a man behind.",35,"person, animal"
http://images.cocodataset.org/val2017/000000132544.jpg,A girls' softball game where the batter just hit the pitch.,157,"sports, vehicle, accessory, person"
http://images.cocodataset.org/val2017/000000132587.jpg,A man seated on a bench with a plastic bottle,220,"kitchen, outdoor, person, animal"
http://images.cocodataset.org/val2017/000000132622.jpg,A white bear stalking in the tall grass,1,animal
http://images.cocodataset.org/val2017/000000132703.jpg,A guy doing tricks on his kate board,4,"sports, person"
http://images.cocodataset.org/val2017/000000132796.jpg,three people riding on the backs of elephants ,221,"animal, outdoor, accessory, person, furniture"
http://images.cocodataset.org/val2017/000000132931.jpg,A baseball game is in progress during the day time.,4,"sports, person"
http://images.cocodataset.org/val2017/000000133000.jpg,Commuter train on tracks that set above the city.,9,"vehicle, person"
http://images.cocodataset.org/val2017/000000133087.jpg,Night time view of empty streets in commercial district.,52,outdoor
http://images.cocodataset.org/val2017/000000133233.jpg,A marina filled with boats floating in crystal blue water.,12,vehicle
http://images.cocodataset.org/val2017/000000133244.jpg,A man holding a tennis racquet on a tennis court.,167,"kitchen, sports, person, furniture"
http://images.cocodataset.org/val2017/000000133343.jpg,A young man wearing a tie and sunglasses is looking away.,17,"accessory, person"
http://images.cocodataset.org/val2017/000000133418.jpg,A tennis playing tennis on a dirt court. ,4,"sports, person"
http://images.cocodataset.org/val2017/000000133567.jpg,An Amtrack train is on the railroad tracks.,9,"vehicle, person"
http://images.cocodataset.org/val2017/000000133631.jpg,An elephant standing inside of a dirt pen.,1,animal
http://images.cocodataset.org/val2017/000000133645.jpg,A white boat with a canopy at water's edge. ,3,"vehicle, outdoor"
http://images.cocodataset.org/val2017/000000133778.jpg,A mother cow with a young calf feeding in a grassy area.,1,animal
http://images.cocodataset.org/val2017/000000133819.jpg,a citi bus parked in the street with buildings in teh background,15,"vehicle, outdoor, accessory, person"
http://images.cocodataset.org/val2017/000000133969.jpg,some baseballs players watching a batter at home plate ,59,"outdoor, sports, person"
http://images.cocodataset.org/val2017/000000134034.jpg,Two horses grazing in a fenced in field.,1,animal
http://images.cocodataset.org/val2017/000000134096.jpg,A calico cat drinking from a sink faucet.,222,"appliance, furniture, animal"
http://images.cocodataset.org/val2017/000000134112.jpg,Small brown and white dog sitting in front of the laptop. ,66,"electronic, furniture, animal"
http://images.cocodataset.org/val2017/000000134322.jpg,People congregated around a lake flying a large kite. ,4,"sports, person"
http://images.cocodataset.org/val2017/000000134689.jpg,A giraffe is standing by some brush in a field.,1,animal
http://images.cocodataset.org/val2017/000000134722.jpg,a long passenger train pulling up to a station,3,"vehicle, outdoor"
http://images.cocodataset.org/val2017/000000134856.jpg,Three people in the distance riding horses along the beach.,35,"person, animal"
http://images.cocodataset.org/val2017/000000134882.jpg,a cat in a bedroom laying on a striped covered bed.,170,"electronic, indoor, furniture, animal"
http://images.cocodataset.org/val2017/000000134886.jpg,A playing flying over a van with multiple people around it.,9,"vehicle, person"
http://images.cocodataset.org/val2017/000000135410.jpg,A stack of balls that is next to a parking meter.,46,"vehicle, outdoor, person"
http://images.cocodataset.org/val2017/000000135561.jpg,"A small, white formica kitchen with a refrigerator, sink and small electrical appliances",37,"appliance, kitchen, indoor"
http://images.cocodataset.org/val2017/000000135604.jpg,a young boy is playing soccer on a field ,67,"vehicle, sports, person"
http://images.cocodataset.org/val2017/000000135670.jpg,A bike hanging from a rail inside a train.,12,vehicle
http://images.cocodataset.org/val2017/000000135673.jpg,A pro plane and a jet play flying close to each other in the sky.,12,vehicle
http://images.cocodataset.org/val2017/000000135872.jpg,a desk with a laptop and a desktop computer ,61,"electronic, kitchen, furniture, indoor"
http://images.cocodataset.org/val2017/000000135890.jpg,A building in shadow with a clock tower.,132,"person, indoor"
http://images.cocodataset.org/val2017/000000135902.jpg,A red and yellow train is shown on the train tracks.,9,"vehicle, person"
http://images.cocodataset.org/val2017/000000136033.jpg,A bathroom with orange walls and black tile features.,51,"appliance, furniture"
http://images.cocodataset.org/val2017/000000136334.jpg,A person skiing down a hill maneuvers around a flag. ,4,"sports, person"
http://images.cocodataset.org/val2017/000000136355.jpg,A kitchen table and chairs with greenery and tulips.,165,"food, indoor, kitchen, appliance, furniture"
http://images.cocodataset.org/val2017/000000136466.jpg,"An oven with a stove top, a teapot and another pot sitting on top.",223,"appliance, indoor"
http://images.cocodataset.org/val2017/000000136600.jpg,A laptop computer is surrounded by jars and candles.,224,"kitchen, electronic"
http://images.cocodataset.org/val2017/000000136633.jpg,An umbrella is opened over a table at an outdoor market. ,21,"kitchen, accessory, person"
http://images.cocodataset.org/val2017/000000136715.jpg,A policeman on a motorcycle leads the way in a parade.,9,"vehicle, person"
http://images.cocodataset.org/val2017/000000136772.jpg,A glass bowl contains peeled tangerines and cut strawberries.,10,"kitchen, food"
http://images.cocodataset.org/val2017/000000136915.jpg,A man standing with a baseball bat in a room.,225,"sports, indoor, accessory, person, furniture"
http://images.cocodataset.org/val2017/000000137106.jpg,A child's hand holding onto a white counter top.,107,"person, furniture"
http://images.cocodataset.org/val2017/000000137246.jpg,A woman holding a hot dog on the street.,226,"food, outdoor, accessory, person, furniture"
http://images.cocodataset.org/val2017/000000137294.jpg,A gentleman is removing food from a cooker in a yard.,139,"appliance, person"
http://images.cocodataset.org/val2017/000000137576.jpg,A group of cows in a fenced in area.,1,animal
http://images.cocodataset.org/val2017/000000137727.jpg,A motorized cart fills a train with luggage,36,"vehicle, accessory, person"
http://images.cocodataset.org/val2017/000000137950.jpg,An old photo of a small plane in the air.,12,vehicle
http://images.cocodataset.org/val2017/000000138115.jpg,An old man making duck lips while holding an orange.,43,"person, food"
http://images.cocodataset.org/val2017/000000138241.jpg,A burrito sitting on top of a white plate.,58,"furniture, food"
http://images.cocodataset.org/val2017/000000138492.jpg,A dog is reaching up to grab a Frisbee in his mouth.,53,"sports, animal"
http://images.cocodataset.org/val2017/000000138550.jpg,an orange fire hydrant between two white poles on the side of a sidewalk,227,"outdoor, furniture"
http://images.cocodataset.org/val2017/000000138639.jpg,"A city view with buildings, bikers and walkers.  ",15,"vehicle, outdoor, accessory, person"
http://images.cocodataset.org/val2017/000000138819.jpg,The view of a bathroom with a wall mounted sink.,51,"appliance, furniture"
http://images.cocodataset.org/val2017/000000138856.jpg,A loaf of freshly baked artisan bread. ,96,"appliance, kitchen"
http://images.cocodataset.org/val2017/000000138954.jpg,"The plate has sliced zucchinis, sliced apples, and diced meats.",58,"furniture, food"
http://images.cocodataset.org/val2017/000000138979.jpg,A bus boarding at a curb near a drug store. ,9,"vehicle, person"
http://images.cocodataset.org/val2017/000000139077.jpg,a little kid playing a game with the wii driving remote,8,"electronic, person, indoor"
http://images.cocodataset.org/val2017/000000139099.jpg,A woman is showing a watermelon slice to a woman on a scooter.,228,"food, animal, vehicle, accessory, person"
http://images.cocodataset.org/val2017/000000139260.jpg,A traditional banana split with whipped cream and spoons.,16,"kitchen, furniture, food"
http://images.cocodataset.org/val2017/000000139684.jpg,a living room witj a couch some chairs and a tv,170,"electronic, indoor, furniture, animal"
http://images.cocodataset.org/val2017/000000139871.jpg,a small plane is sitting on a runway,12,vehicle
http://images.cocodataset.org/val2017/000000139872.jpg,A happy dog sitting on the grass next to a frisbee.,136,"sports, person, animal"
http://images.cocodataset.org/val2017/000000139883.jpg,A Frisbee golf net in a park with several Frisbee in it.,38,sports
http://images.cocodataset.org/val2017/000000140076.jpg,A table that has a vase on it near a blanket hanging on a wall.,40,"kitchen, furniture, indoor"
http://images.cocodataset.org/val2017/000000140203.jpg,A vehicle displays a customized license plate and milk advertisements.,103,"vehicle, person, animal"
http://images.cocodataset.org/val2017/000000140270.jpg,a woman dressed in English riding clothes rides a horse ,35,"person, animal"
http://images.cocodataset.org/val2017/000000140286.jpg,A horse and carriage parked beside a building.,35,"person, animal"
http://images.cocodataset.org/val2017/000000140420.jpg,A motorcycle is parked on a dirt road in a forest.,12,vehicle
http://images.cocodataset.org/val2017/000000140439.jpg,A. clear vase containing bouquet of pink with white tipped  tulips ,2,"furniture, indoor"
http://images.cocodataset.org/val2017/000000140556.jpg,A orange fire hydrant with a couple of men standing around it.,46,"vehicle, outdoor, person"
http://images.cocodataset.org/val2017/000000140583.jpg,A group of donkeys on the side of the road.,103,"vehicle, person, animal"
http://images.cocodataset.org/val2017/000000140640.jpg,a couple of women in hates cutting some cake ,104,"kitchen, person, furniture, food"
http://images.cocodataset.org/val2017/000000140658.jpg,A clock on the very top of a building.,41,indoor
http://images.cocodataset.org/val2017/000000140840.jpg,many kites with different shapes all laying on the ground,67,"vehicle, sports, person"
http://images.cocodataset.org/val2017/000000140929.jpg,a black and white clock is hanging up outside,41,indoor
http://images.cocodataset.org/val2017/000000140987.jpg,A little girl grins at her plate of pizza.,104,"kitchen, person, furniture, food"
http://images.cocodataset.org/val2017/000000141328.jpg,The bowl of noodle salad has broccoli and meat in it.,10,"kitchen, food"
http://images.cocodataset.org/val2017/000000141597.jpg,A parked van with a compact car behind it.,12,vehicle
http://images.cocodataset.org/val2017/000000141671.jpg,Horses and bikes are traveling down a track.,229,"vehicle, outdoor, person, animal"
http://images.cocodataset.org/val2017/000000141821.jpg,A close-up of a misshapen piece of pizza and a can of soda.,95,"kitchen, person, food"
http://images.cocodataset.org/val2017/000000142092.jpg,A pizza with vegetables and cheese resting on a board.,19,food
http://images.cocodataset.org/val2017/000000142238.jpg,Men playing Aussie Rules football on a green field,4,"sports, person"
http://images.cocodataset.org/val2017/000000142324.jpg,A group of people riding motorcycles and bikes down a city street.,36,"vehicle, accessory, person"
http://images.cocodataset.org/val2017/000000142472.jpg,A city filled with lots of vehicles and pedestrian traffic.,9,"vehicle, person"
http://images.cocodataset.org/val2017/000000142585.jpg,Cars crowd a street in a busy city.,46,"vehicle, outdoor, person"
http://images.cocodataset.org/val2017/000000142620.jpg,The man is sitting outside with food on the table.,104,"kitchen, person, furniture, food"
http://images.cocodataset.org/val2017/000000142790.jpg,Two snow boarders during a snowy day at the hill.,4,"sports, person"
http://images.cocodataset.org/val2017/000000142971.jpg,A man and three children are on the surfboards,4,"sports, person"
http://images.cocodataset.org/val2017/000000143068.jpg,A group of people flying kites on top of a sandy beach.,4,"sports, person"
http://images.cocodataset.org/val2017/000000143556.jpg,People riding motorcycles across a bridge beside each other.,9,"vehicle, person"
http://images.cocodataset.org/val2017/000000143572.jpg,A man holding a tennis racquet on top of a tennis court.,4,"sports, person"
http://images.cocodataset.org/val2017/000000143931.jpg,A political candidate advertisement on the side of a coach bus.,9,"vehicle, person"
http://images.cocodataset.org/val2017/000000143961.jpg,People are gathered together sitting for an event.,87,"accessory, person, animal"
http://images.cocodataset.org/val2017/000000143998.jpg,A bunch of carrots on a knife sitting on a cutting board.,16,"kitchen, furniture, food"
http://images.cocodataset.org/val2017/000000144003.jpg,A group of women standing around a cake sitting on top of a table.,183,"food, electronic, kitchen, appliance, person, furniture"
http://images.cocodataset.org/val2017/000000144114.jpg,A small red and white plane flying in the sky.,9,"vehicle, person"
http://images.cocodataset.org/val2017/000000144300.jpg,A motorcycle that is sitting in the street on a stand.,9,"vehicle, person"
http://images.cocodataset.org/val2017/000000144333.jpg,A woman sitting on a bike with a cellphone.,194,"vehicle, electronic, accessory, person"
http://images.cocodataset.org/val2017/000000144706.jpg,the view on a street through a window on a rainy day,3,"vehicle, outdoor"
http://images.cocodataset.org/val2017/000000144784.jpg,a close up of a blender on a counter being operated by a person,80,person
http://images.cocodataset.org/val2017/000000144798.jpg,Bathroom tub with children's toys and books on floor and tub.,40,"kitchen, furniture, indoor"
http://images.cocodataset.org/val2017/000000144932.jpg,Tug boats do a good job handling water emergencies.,9,"vehicle, person"
http://images.cocodataset.org/val2017/000000144984.jpg,A boy in an orange t-shirt plays a video game.,81,"electronic, person, furniture"
http://images.cocodataset.org/val2017/000000145020.jpg,A person who is in a duck costume.,132,"person, indoor"
http://images.cocodataset.org/val2017/000000145591.jpg,A clock that is on the top of a pole.,41,indoor
http://images.cocodataset.org/val2017/000000145597.jpg,A bunch of girls sit on the grass with several things on a blanket.,230,"kitchen, accessory, person, food"
http://images.cocodataset.org/val2017/000000145620.jpg,A person is riding a dirt bike along a path.,9,"vehicle, person"
http://images.cocodataset.org/val2017/000000145665.jpg,A man lying on the ground in a parking spot.,4,"sports, person"
http://images.cocodataset.org/val2017/000000145781.jpg,A dog laying on the floor with it's mouth on a bottle of beer.,213,"kitchen, animal"
http://images.cocodataset.org/val2017/000000146155.jpg,Two  men standing near a bar drinking together,90,"kitchen, person"
http://images.cocodataset.org/val2017/000000146358.jpg,A married couple is in front of a wedding cake getting ready to cut it.,77,"food, kitchen, accessory, person, furniture"
http://images.cocodataset.org/val2017/000000146363.jpg,A beach chair with an umbrella on a beach by the water.,135,"accessory, furniture"
http://images.cocodataset.org/val2017/000000146457.jpg,Two little girls standing next to each other making pizza.,104,"kitchen, person, furniture, food"
http://images.cocodataset.org/val2017/000000146489.jpg,A piece of pizza on a cutting board beside a bottle and glasses,231,"kitchen, electronic, furniture, food"
http://images.cocodataset.org/val2017/000000146498.jpg,A street sign is pictured on a hill behind some fences.,12,vehicle
http://images.cocodataset.org/val2017/000000146667.jpg,A woman digging through the storage compartment on her moped.,232,"vehicle, accessory, person, food"
http://images.cocodataset.org/val2017/000000146825.jpg,Several people stand by a train in a train station.,29,"vehicle, accessory, person, indoor"
http://images.cocodataset.org/val2017/000000146831.jpg,a person that is standing on a skateboard,67,"vehicle, sports, person"
http://images.cocodataset.org/val2017/000000147205.jpg,Some food that is on a glass plate.,58,"furniture, food"
http://images.cocodataset.org/val2017/000000147223.jpg,A bus is parked next to the sidewalk.,12,vehicle
http://images.cocodataset.org/val2017/000000147338.jpg,A yellow fire hydrant with a cartoon face drawn on it.,3,"vehicle, outdoor"
http://images.cocodataset.org/val2017/000000147415.jpg,A woman is taking notes in front of her laptop,116,"electronic, indoor, kitchen, person, furniture"
http://images.cocodataset.org/val2017/000000147498.jpg,A flock of birds flies over a beach.,1,animal
http://images.cocodataset.org/val2017/000000147518.jpg,Small residential bath room decorated in wood tones,195,"appliance, furniture, indoor"
http://images.cocodataset.org/val2017/000000147725.jpg,a public transit bus on a city street ,9,"vehicle, person"
http://images.cocodataset.org/val2017/000000147729.jpg,A man holding up his smart phone to take a picture.,30,"electronic, person"
http://images.cocodataset.org/val2017/000000147740.jpg,A woman walking while carrying bananas on her hat.,232,"vehicle, accessory, person, food"
http://images.cocodataset.org/val2017/000000147745.jpg,Two utility trucks on pavement with sky in background.,12,vehicle
http://images.cocodataset.org/val2017/000000148508.jpg,A red double-decker bus travels down the road,9,"vehicle, person"
http://images.cocodataset.org/val2017/000000148620.jpg,Computer equipment displayed on desk in open room.,11,electronic
http://images.cocodataset.org/val2017/000000148662.jpg,A young bearded man holding a partially eaten hot dog.,43,"person, food"
http://images.cocodataset.org/val2017/000000148707.jpg,A tree with lots of leaves and two lemons in it.,19,food
http://images.cocodataset.org/val2017/000000148719.jpg,A red Dodge truck is parked near another Dodge. ,9,"vehicle, person"
http://images.cocodataset.org/val2017/000000148730.jpg,a boat is sitting next to a dock,12,vehicle
http://images.cocodataset.org/val2017/000000148739.jpg,The person in the bodysuit is surfing a wave.,4,"sports, person"
http://images.cocodataset.org/val2017/000000148783.jpg,A couple of zebras in a dirt field.,1,animal
http://images.cocodataset.org/val2017/000000148957.jpg,A box contains six donuts with varying types of glazes and toppings.,19,food
http://images.cocodataset.org/val2017/000000148999.jpg,Large bulletin board of a train and a group of people.,229,"vehicle, outdoor, person, animal"
http://images.cocodataset.org/val2017/000000149222.jpg,The computer monitor has a framed picture near it.,233,"electronic, person, food, animal"
http://images.cocodataset.org/val2017/000000149375.jpg,A young person riding a skateboard at a skate park.,4,"sports, person"
http://images.cocodataset.org/val2017/000000149406.jpg,A motorcycle parked in front of green doors. ,12,vehicle
http://images.cocodataset.org/val2017/000000149568.jpg,A man and two dogs playing with an object.,136,"sports, person, animal"
http://images.cocodataset.org/val2017/000000149622.jpg,Two small owls on a branch in a tree.,1,animal
http://images.cocodataset.org/val2017/000000149770.jpg,A single surfer striking a pose after catching a wave.,4,"sports, person"
http://images.cocodataset.org/val2017/000000150224.jpg,People lay on blankets and sit in chairs on the beach under an umbrella. ,99,"accessory, person, furniture"
http://images.cocodataset.org/val2017/000000150265.jpg,Two people are walking close to each other on the side of the road. ,172,"outdoor, accessory, person"
http://images.cocodataset.org/val2017/000000150417.jpg,A woman sitting at a table with a cake in front of her.,177,"food, kitchen, appliance, person, furniture"
http://images.cocodataset.org/val2017/000000150638.jpg,"Outdoor impromptu bar scene on wooden bench, ice coolers, blender, bottles and several other items, appearing very crowded. ",18,"kitchen, person, furniture"
http://images.cocodataset.org/val2017/000000150649.jpg,Many young men ride their skateboards on a ramp. ,4,"sports, person"
http://images.cocodataset.org/val2017/000000150726.jpg,A pair of giraffes walking in an area between a rock and a tree.,1,animal
http://images.cocodataset.org/val2017/000000150930.jpg,The clock shown above has someone's name on it.,41,indoor
http://images.cocodataset.org/val2017/000000151000.jpg,A woman taking a picture up at the sky with her phone.,55,"electronic, accessory, person"
http://images.cocodataset.org/val2017/000000151051.jpg,A man on skis sliding down a snowy mountain.,4,"sports, person"
http://images.cocodataset.org/val2017/000000151480.jpg,The baseball team getting ready to walk off the field.,6,"sports, accessory, person"
http://images.cocodataset.org/val2017/000000151516.jpg,The brown eagle is soaring over the ocean.,1,animal
http://images.cocodataset.org/val2017/000000151629.jpg,A young male tennis player in action on a court.,4,"sports, person"
http://images.cocodataset.org/val2017/000000151657.jpg,A man and woman in costume like clothing standing together.,17,"accessory, person"
http://images.cocodataset.org/val2017/000000151662.jpg,A giraffe at a zoo eating some grass.,1,animal
http://images.cocodataset.org/val2017/000000151820.jpg,A group of people sitting down to eat and having conversations.,27,"kitchen, accessory, person, furniture"
http://images.cocodataset.org/val2017/000000151857.jpg,A train sitting on train tracks and driving by.,12,vehicle
http://images.cocodataset.org/val2017/000000151938.jpg,A long wooden table with a woman sitting under an umbrella.,27,"kitchen, accessory, person, furniture"
http://images.cocodataset.org/val2017/000000151962.jpg,The reflection of a dogs head out of a car window in one of the cars wing mirrors,103,"vehicle, person, animal"
http://images.cocodataset.org/val2017/000000152120.jpg,The man is riding his motorcycle around the bend. ,9,"vehicle, person"
http://images.cocodataset.org/val2017/000000152214.jpg,A guy in a business suit and glasses smiling,17,"accessory, person"
http://images.cocodataset.org/val2017/000000152465.jpg,A fire hydrant with a tire underneath it.,52,outdoor
http://images.cocodataset.org/val2017/000000152686.jpg,Tennis player serving  a tennis ball on a clay court,4,"sports, person"
http://images.cocodataset.org/val2017/000000152740.jpg,Numerous head of cattle are grazing in the grass.,1,animal
http://images.cocodataset.org/val2017/000000152771.jpg,A lone bicycle parked in a parking lot with cars parked on a street.,3,"vehicle, outdoor"
http://images.cocodataset.org/val2017/000000152870.jpg,A single giraffe is standing in some tall brush looking all around.,1,animal
http://images.cocodataset.org/val2017/000000153011.jpg,People get a meal from outdoor food trucks.,164,"vehicle, accessory, person, furniture"
http://images.cocodataset.org/val2017/000000153217.jpg,A black cat meanders up the walkway in front of a motorcycle in front of a house.,22,"vehicle, animal"
http://images.cocodataset.org/val2017/000000153229.jpg,Some people are playing a Frisbee game in the middle a field. ,4,"sports, person"
http://images.cocodataset.org/val2017/000000153299.jpg,Two giraffes in a sanctuary standing close to the wall,1,animal
http://images.cocodataset.org/val2017/000000153343.jpg,"big statues of two beers dressed in clothes, outside",41,indoor
http://images.cocodataset.org/val2017/000000153510.jpg,A dish with meat and vegetables set on a bed of rice.,19,food
http://images.cocodataset.org/val2017/000000153527.jpg,Several pieces of wood lined up near a lot with several axes around.,105,"vehicle, kitchen, person, furniture"
http://images.cocodataset.org/val2017/000000153529.jpg,A woman stands beside her luggage at an airport. ,17,"accessory, person"
http://images.cocodataset.org/val2017/000000153568.jpg,A stop sign with additional warnings taped to it.,52,outdoor
http://images.cocodataset.org/val2017/000000153632.jpg,Some interesting food sitting on a white plate by a knife,20,"kitchen, furniture"
http://images.cocodataset.org/val2017/000000153669.jpg,A man taking a swing of a bat at a baseball game,59,"outdoor, sports, person"
http://images.cocodataset.org/val2017/000000153782.jpg,A large clock standing among a building with a lamp in the from of the picture,41,indoor
http://images.cocodataset.org/val2017/000000153797.jpg,a baseball pitcher is throwing the ball ,4,"sports, person"
http://images.cocodataset.org/val2017/000000154000.jpg,Two large trucks are parked near each other.,12,vehicle
http://images.cocodataset.org/val2017/000000154004.jpg,A group of people on a beach looking towards the water. ,4,"sports, person"
http://images.cocodataset.org/val2017/000000154087.jpg,A group of people standing on a snow covered hill.,4,"sports, person"
http://images.cocodataset.org/val2017/000000154213.jpg,A pie sitting in a pan on top of a table next to a pair of scissors.,41,indoor
http://images.cocodataset.org/val2017/000000154339.jpg,Gauges attached to pipes displayed in dimly lit area.,41,indoor
http://images.cocodataset.org/val2017/000000154358.jpg,"A living room filled with furniture and a table,",202,"accessory, person, furniture, indoor"
http://images.cocodataset.org/val2017/000000154425.jpg,A small boy trying to fly a small kite,4,"sports, person"
http://images.cocodataset.org/val2017/000000154431.jpg,A black sculpture of a torso is on the floor next to a TV.,123,"electronic, indoor"
http://images.cocodataset.org/val2017/000000154644.jpg,Woman listening on her phone while smoking a cigarette.,44,"kitchen, electronic, person"
http://images.cocodataset.org/val2017/000000154705.jpg,A computer sitting on top of a white table with another computer.,123,"electronic, indoor"
http://images.cocodataset.org/val2017/000000154718.jpg,A person is standing over a dirty toilet in a bathroom stall. ,107,"person, furniture"
http://images.cocodataset.org/val2017/000000154947.jpg,Single sheep in a field looking back at camera.,1,animal
http://images.cocodataset.org/val2017/000000155051.jpg,The night sky with the moon and a clock face.,41,indoor
http://images.cocodataset.org/val2017/000000155145.jpg,a blue boat is sitting in the water,36,"vehicle, accessory, person"
http://images.cocodataset.org/val2017/000000155154.jpg,A bathroom with significant modifications made to it.,14,furniture
http://images.cocodataset.org/val2017/000000155179.jpg,A large round cake is sitting on a plate.,58,"furniture, food"
http://images.cocodataset.org/val2017/000000155291.jpg,A cat is sleeping in a window sill. ,1,animal
http://images.cocodataset.org/val2017/000000155341.jpg,A red car on street with utility vehicles in background.,9,"vehicle, person"
http://images.cocodataset.org/val2017/000000155443.jpg,A train is coming up to a passenger loading area.,3,"vehicle, outdoor"
http://images.cocodataset.org/val2017/000000155451.jpg,The city street is quiet during this time of night. ,3,"vehicle, outdoor"
http://images.cocodataset.org/val2017/000000155571.jpg,An elephant walking along a trail next to a grass field.,1,animal
http://images.cocodataset.org/val2017/000000156071.jpg,A young child mutton busting at a rodeo event,103,"vehicle, person, animal"
http://images.cocodataset.org/val2017/000000156076.jpg,Some people are seen eating several large pizzas.,56,"food, electronic, kitchen, person, furniture"
http://images.cocodataset.org/val2017/000000156278.jpg,a kitchen with a countertop and talbe with open cabinets,165,"food, indoor, kitchen, appliance, furniture"
http://images.cocodataset.org/val2017/000000156292.jpg,A person is looking at a display of clocks,143,"accessory, person, indoor"
http://images.cocodataset.org/val2017/000000156372.jpg,A chair in the corner on a boat.,234,"vehicle, accessory, furniture"
http://images.cocodataset.org/val2017/000000156643.jpg,Person cutting cake at a theme restaurant characters in background.,79,"food, indoor, kitchen, person, furniture"
http://images.cocodataset.org/val2017/000000156924.jpg,A man and woman playing games on the Nintendo Wii.,81,"electronic, person, furniture"
http://images.cocodataset.org/val2017/000000157046.jpg,A Nintendo Wii remote is being used to control a projector,30,"electronic, person"
http://images.cocodataset.org/val2017/000000157098.jpg,Two giraffes make contact while a third eats from a tree.,1,animal
http://images.cocodataset.org/val2017/000000157124.jpg,A white sink placed in the middle of a constructed kitchen.,5,appliance
http://images.cocodataset.org/val2017/000000157138.jpg,The remains of a piece of white cake sits on a red plate.,10,"kitchen, food"
http://images.cocodataset.org/val2017/000000157213.jpg,An elephant in a grassy area with trees around.,1,animal
http://images.cocodataset.org/val2017/000000157365.jpg,A man riding a skateboard down a sidewalk.,179,"vehicle, outdoor, sports, person"
http://images.cocodataset.org/val2017/000000157390.jpg,Broccoli and carrots together in a bowl on a table.,16,"kitchen, furniture, food"
http://images.cocodataset.org/val2017/000000157418.jpg,A can of spam next to sandwiches on a plate,16,"kitchen, furniture, food"
http://images.cocodataset.org/val2017/000000157601.jpg,A woman eating a sandwich with a drink in front of her.,104,"kitchen, person, furniture, food"
http://images.cocodataset.org/val2017/000000157756.jpg,"A view of a clock tower, in the middle of the night.",214,"indoor, vehicle, outdoor, accessory, person"
http://images.cocodataset.org/val2017/000000157767.jpg,A group of men standing around a table of food in wooden room.,102,"electronic, indoor, kitchen, accessory, person, furniture"
http://images.cocodataset.org/val2017/000000157807.jpg,A tabby cat standing on a closed toilet lid.,222,"appliance, furniture, animal"
http://images.cocodataset.org/val2017/000000157847.jpg,A lone bird soaring over a lush green valley.,1,animal
http://images.cocodataset.org/val2017/000000157928.jpg,"Two men with backpacks on, one of which is fastening skis to a sled.",108,"vehicle, accessory, sports, person"
http://images.cocodataset.org/val2017/000000158227.jpg,A young boy in a baseball uniform getting ready to swing at a pitch.,4,"sports, person"
http://images.cocodataset.org/val2017/000000158548.jpg,a couple of people that are walking in some grass,103,"vehicle, person, animal"
http://images.cocodataset.org/val2017/000000158660.jpg,A bowl of bananas next to a bowl of apples on a counter.,159,"appliance, kitchen, person, food"
http://images.cocodataset.org/val2017/000000158744.jpg,"A pair of chairs on a curb, and a man carrying a chair on the sidewalk.",216,"vehicle, outdoor, accessory, person, furniture"
http://images.cocodataset.org/val2017/000000158945.jpg,A PICTURE OF A ELEPHANT WITH A CART ON ITS BACK ,120,"person, furniture, animal"
http://images.cocodataset.org/val2017/000000158956.jpg,A woman is cutting into a cake with a large knife.,77,"food, kitchen, accessory, person, furniture"
http://images.cocodataset.org/val2017/000000159112.jpg,"A pizza topped with cheese, vegetables and lemon wedges.",19,food
http://images.cocodataset.org/val2017/000000159282.jpg,A vase filled  with yellow flowers next to a window.,2,"furniture, indoor"
http://images.cocodataset.org/val2017/000000159311.jpg,Two zebra stand near bushes and tall grass.,1,animal
http://images.cocodataset.org/val2017/000000159399.jpg,A woman with backpack flying a kite in grassy field.,24,"accessory, sports, person"
http://images.cocodataset.org/val2017/000000159458.jpg,a bed room with a dog in a neatly made bed,48,"furniture, animal"
http://images.cocodataset.org/val2017/000000159684.jpg,A large long train on a steel track.,114,"vehicle, indoor"
http://images.cocodataset.org/val2017/000000159791.jpg,A refrigerator with a variety of magnets and pictures on it.,155,"kitchen, animal, appliance, person, furniture"
http://images.cocodataset.org/val2017/000000159977.jpg,a zebra and a giraffe in the wild,1,animal
http://images.cocodataset.org/val2017/000000160012.jpg,A pizza that is sitting on a wooden platter.,235,"food, kitchen, vehicle, person, furniture"
http://images.cocodataset.org/val2017/000000160556.jpg,A peson talks on a phone while playing on a computer,236,"appliance, electronic, person, indoor"
http://images.cocodataset.org/val2017/000000160666.jpg,A toothbrush with toothpaste next to a tube on a counter.,41,indoor
http://images.cocodataset.org/val2017/000000160728.jpg,A couple of people getting ready to go boating.,67,"vehicle, sports, person"
http://images.cocodataset.org/val2017/000000160772.jpg,A large boat is making waves towards the camera.,9,"vehicle, person"
http://images.cocodataset.org/val2017/000000160864.jpg,Baseball team holding batting practice on the field,54,"sports, person, furniture"
http://images.cocodataset.org/val2017/000000161008.jpg,An open pair of scissors sitting on a wooden box.,41,indoor
http://images.cocodataset.org/val2017/000000161032.jpg,Lady bent over with red polka dot umbrella inside a brick building.,17,"accessory, person"
http://images.cocodataset.org/val2017/000000161044.jpg,The two airplanes are in the air next to eachother,12,vehicle
http://images.cocodataset.org/val2017/000000161128.jpg,A street sign in the city with various symbols on it. ,46,"vehicle, outdoor, person"
http://images.cocodataset.org/val2017/000000161397.jpg,a couple of thigs are sitting on a wood table,132,"person, indoor"
http://images.cocodataset.org/val2017/000000161609.jpg,A brown dog sitting in a mans back pack.,87,"accessory, person, animal"
http://images.cocodataset.org/val2017/000000161642.jpg,A multi colored clock hangs on the wall.,41,indoor
http://images.cocodataset.org/val2017/000000161781.jpg,A woman is skiing down a hill with safety netting.,4,"sports, person"
http://images.cocodataset.org/val2017/000000161799.jpg,A skateboarder rolling across a thin plank on two wheels,4,"sports, person"
http://images.cocodataset.org/val2017/000000161820.jpg,some bunches of green bananas on purple material,19,food
http://images.cocodataset.org/val2017/000000161861.jpg,A female tennis player is posed and ready for the ball to come.,4,"sports, person"
http://images.cocodataset.org/val2017/000000161875.jpg,A girl standing in a field in a dress.,17,"accessory, person"
http://images.cocodataset.org/val2017/000000161879.jpg,a skateboarder in a gray sweatshirt is doing a trick,4,"sports, person"
http://images.cocodataset.org/val2017/000000161925.jpg,Two girls working outside cooking and cutting pizza.,43,"person, food"
http://images.cocodataset.org/val2017/000000161978.jpg,A collage of people's feet on a skateboard.,4,"sports, person"
http://images.cocodataset.org/val2017/000000162035.jpg,a sign with teddy bears and some people walking on a wet street,132,"person, indoor"
http://images.cocodataset.org/val2017/000000162092.jpg,A woman holding a plastic utensil passing out a piece of cake.,104,"kitchen, person, furniture, food"
http://images.cocodataset.org/val2017/000000162130.jpg,A wooden bench is sitting next to a grassy field.,52,outdoor
http://images.cocodataset.org/val2017/000000162366.jpg,A parking meter sitting in front of a brick building.,52,outdoor
http://images.cocodataset.org/val2017/000000162415.jpg,A girl smiles while holding a baseball glove.,4,"sports, person"
http://images.cocodataset.org/val2017/000000162543.jpg,a herd of elephants standing side by side in an enclosed area,140,"accessory, animal"
http://images.cocodataset.org/val2017/000000162581.jpg,A man wearing a white tshirt hits a tennis ball.,4,"sports, person"
http://images.cocodataset.org/val2017/000000162732.jpg,A group of soccer players on a field,4,"sports, person"
http://images.cocodataset.org/val2017/000000162858.jpg,cars setting at traffic light leading to capitol building,46,"vehicle, outdoor, person"
http://images.cocodataset.org/val2017/000000163057.jpg,People flying kites in a park on a windy day.,67,"vehicle, sports, person"
http://images.cocodataset.org/val2017/000000163117.jpg,A crowd of people standing on a field flying kites.,6,"sports, accessory, person"
http://images.cocodataset.org/val2017/000000163118.jpg,two people jumping up to try to catch a frisbee,4,"sports, person"
http://images.cocodataset.org/val2017/000000163155.jpg,a cat sitting in a pouncing position next to a brick wall,1,animal
http://images.cocodataset.org/val2017/000000163257.jpg,A man in a florescent green hoodie holding a fuchsia umbrella.  ,17,"accessory, person"
http://images.cocodataset.org/val2017/000000163258.jpg,"A clean and white bathroom with a tub, shower and sink.",51,"appliance, furniture"
http://images.cocodataset.org/val2017/000000163290.jpg,A giraffe eats a hanging tree limb while a zebra grazes nearby. ,1,animal
http://images.cocodataset.org/val2017/000000163314.jpg,People are walking in front of some shops.,17,"accessory, person"
http://images.cocodataset.org/val2017/000000163562.jpg,The young man is holding a clear Frisbee.,4,"sports, person"
http://images.cocodataset.org/val2017/000000163611.jpg,A pizza sitting on top of a metal pan on a table.,16,"kitchen, furniture, food"
http://images.cocodataset.org/val2017/000000163640.jpg,A man holding a piece of food by a string.,230,"kitchen, accessory, person, food"
http://images.cocodataset.org/val2017/000000163682.jpg,A smiling man is wearing a hot pink tie.,99,"accessory, person, furniture"
http://images.cocodataset.org/val2017/000000163746.jpg,people on the beach really close to the water,9,"vehicle, person"
http://images.cocodataset.org/val2017/000000163951.jpg,A rotten banana in a small chair with a little radio.,58,"furniture, food"
http://images.cocodataset.org/val2017/000000164115.jpg,A yellow surfboard sits next to a bicycle on a brick sidewalk.,197,"vehicle, sports"
http://images.cocodataset.org/val2017/000000164363.jpg,There is an old clock showing the current time,41,indoor
http://images.cocodataset.org/val2017/000000164602.jpg,A guy and a pretty girl taking a picture in the mirror.,237,"appliance, person, indoor"
http://images.cocodataset.org/val2017/000000164637.jpg,I am unable to see an image above.,5,appliance
http://images.cocodataset.org/val2017/000000164883.jpg,A man holding his face up to a TV with a video game on display.,30,"electronic, person"
http://images.cocodataset.org/val2017/000000164885.jpg,A male skier nonchalantly goes off of a jump. ,4,"sports, person"
http://images.cocodataset.org/val2017/000000164969.jpg,A pizza cut into six slices with three different toppings.,19,food
http://images.cocodataset.org/val2017/000000165039.jpg,A bus pulls over to the curb close to an intersection.,46,"vehicle, outdoor, person"
http://images.cocodataset.org/val2017/000000165257.jpg,"A kitchen with a sink, dishwasher and some boxes on the counter.",5,appliance
http://images.cocodataset.org/val2017/000000165336.jpg,Two giraffe standing next to each other on a field.,1,animal
http://images.cocodataset.org/val2017/000000165351.jpg,A food that is topped with bananas and a brown sauce.,58,"furniture, food"
http://images.cocodataset.org/val2017/000000165500.jpg,Three buffalo grazing on the side of the road.,1,animal
http://images.cocodataset.org/val2017/000000165518.jpg,A man drives a motorcycle down a road in the fog.,9,"vehicle, person"
http://images.cocodataset.org/val2017/000000165681.jpg,Several people near a lot holding a huge quantity of motorcycles.,42,"vehicle, person, furniture"
http://images.cocodataset.org/val2017/000000165713.jpg,A rusted silver fire hydrant next to two poles.,52,outdoor
http://images.cocodataset.org/val2017/000000165831.jpg,here is a large tray of vegetables sitting on a counter top.,16,"kitchen, furniture, food"
http://images.cocodataset.org/val2017/000000166165.jpg,Two women on a tennis court playing a game of tennis. ,4,"sports, person"
http://images.cocodataset.org/val2017/000000166166.jpg,A TV sitting in a living room on a hard wood floor.,39,"electronic, furniture, indoor"
http://images.cocodataset.org/val2017/000000166259.jpg,A group of fur ducks walks along a wooden walkway.,1,animal
http://images.cocodataset.org/val2017/000000166277.jpg,A cat is drinking something from a glass.,213,"kitchen, animal"
http://images.cocodataset.org/val2017/000000166287.jpg,Three cows standing at a watering hole with birds flying overhead.,1,animal
http://images.cocodataset.org/val2017/000000166391.jpg,A large and wide street covered in lots of traffic lights.,3,"vehicle, outdoor"
http://images.cocodataset.org/val2017/000000166426.jpg,Beef and vegetables on a plate sitting on a table.,20,"kitchen, furniture"
http://images.cocodataset.org/val2017/000000166478.jpg,I am unable to see an image above.,116,"electronic, indoor, kitchen, person, furniture"
http://images.cocodataset.org/val2017/000000166509.jpg,A traffic light sitting on the side of a road next to a tree.,52,outdoor
http://images.cocodataset.org/val2017/000000166521.jpg,A flat screen television next to an older tube television.,39,"electronic, furniture, indoor"
http://images.cocodataset.org/val2017/000000166563.jpg,An advertising billboard featuring the statue of an elephant with a howdah on its back.,1,animal
http://images.cocodataset.org/val2017/000000166642.jpg,An elephant standing on rocks next to a wood bridge.,1,animal
http://images.cocodataset.org/val2017/000000166664.jpg,A big elephant makes its way across the road with onlookers in the car.,22,"vehicle, animal"
http://images.cocodataset.org/val2017/000000166747.jpg,Group of people standing on a train behind a white horse.,69,"animal, vehicle, outdoor, accessory, person"
http://images.cocodataset.org/val2017/000000166768.jpg,An older man has a woman standing next to him.,17,"accessory, person"
http://images.cocodataset.org/val2017/000000166918.jpg,A group of people sitting down at a dining room table next to dishes.,18,"kitchen, person, furniture"
http://images.cocodataset.org/val2017/000000167067.jpg,A man is posing for a camera in a room.,17,"accessory, person"
http://images.cocodataset.org/val2017/000000167122.jpg,an image of a night scene with a cat on top of a car,103,"vehicle, person, animal"
http://images.cocodataset.org/val2017/000000167128.jpg,A couple of adult elephants with a baby one following along.,1,animal
http://images.cocodataset.org/val2017/000000167159.jpg,"A vintage baby doll with the book ""Goody two Shoes"" on it's lap",2,"furniture, indoor"
http://images.cocodataset.org/val2017/000000167240.jpg,A vase siting on top of a wooden shelf near a map.,41,indoor
http://images.cocodataset.org/val2017/000000167353.jpg,An old wooden  clock attached to the wall,41,indoor
http://images.cocodataset.org/val2017/000000167486.jpg,A girl is onstage singing while the guest on the bike enjoys himself.,238,"electronic, vehicle, person"
http://images.cocodataset.org/val2017/000000167540.jpg,an airplane flying overhead in a blue sky,12,vehicle
http://images.cocodataset.org/val2017/000000167572.jpg,A sandwich with nachos and a salad on a plate.,104,"kitchen, person, furniture, food"
http://images.cocodataset.org/val2017/000000167898.jpg,a bath room with a sink a toilet and a mirror,110,"appliance, kitchen, furniture"
http://images.cocodataset.org/val2017/000000167902.jpg,Black and yellow bird with colorful beak sitting on a branch. ,1,animal
http://images.cocodataset.org/val2017/000000168330.jpg,A street corner has a clock on a post.,239,"vehicle, outdoor, indoor"
http://images.cocodataset.org/val2017/000000168337.jpg,a city scene of a sidewalk with a red fire hydrant on a sidewalk next to an ATM,172,"outdoor, accessory, person"
http://images.cocodataset.org/val2017/000000168458.jpg,A vase filled with purple flowers on to of a wooden table.,41,indoor
http://images.cocodataset.org/val2017/000000168593.jpg,Two refrigerators standing side by side in a room.,51,"appliance, furniture"
http://images.cocodataset.org/val2017/000000168619.jpg,A road traveling along a field under a cloudy sky.,52,outdoor
http://images.cocodataset.org/val2017/000000168883.jpg,A group of people with their faces painted in makeup,55,"electronic, accessory, person"
http://images.cocodataset.org/val2017/000000168974.jpg,a small child sitting playing with a cell phone,30,"electronic, person"
http://images.cocodataset.org/val2017/000000169076.jpg,A television is on a tv stand next to a bureau. ,240,"electronic, person, furniture, animal"
http://images.cocodataset.org/val2017/000000169169.jpg,A sign announcing the season a people walk on the sidewalk.,119,"vehicle, outdoor, person, furniture"
http://images.cocodataset.org/val2017/000000169356.jpg,A man flying through the air while riding a skateboard.,4,"sports, person"
http://images.cocodataset.org/val2017/000000169996.jpg,A street filled with traffic and men on bikes.,46,"vehicle, outdoor, person"
http://images.cocodataset.org/val2017/000000170099.jpg,A man in shirt and tie standing by a photograph.,99,"accessory, person, furniture"
http://images.cocodataset.org/val2017/000000170116.jpg,A wall mounted with a list and other papers.,139,"appliance, person"
http://images.cocodataset.org/val2017/000000170191.jpg,A man is wearing a leopard print robe.,99,"accessory, person, furniture"
http://images.cocodataset.org/val2017/000000170278.jpg,A large dog sleeps on a duvet comforter. ,48,"furniture, animal"
http://images.cocodataset.org/val2017/000000170474.jpg,A young man serving a tennis ball with a green wall behind him.,54,"sports, person, furniture"
http://images.cocodataset.org/val2017/000000170545.jpg,It is night and there are street lights on.,3,"vehicle, outdoor"
http://images.cocodataset.org/val2017/000000170595.jpg,"The plate has bread, meat, eggs and tomatoes.",58,"furniture, food"
http://images.cocodataset.org/val2017/000000170613.jpg,Two people standing in the surf with their surfboards.,4,"sports, person"
http://images.cocodataset.org/val2017/000000170670.jpg,An outdoor table containing assorted bowls of food and beer.,16,"kitchen, furniture, food"
http://images.cocodataset.org/val2017/000000170739.jpg,Three elephants reaching over a metal fence with their trunks.,1,animal
http://images.cocodataset.org/val2017/000000170893.jpg,A dog is standing next to a toilet playing with tissue,48,"furniture, animal"
http://images.cocodataset.org/val2017/000000170955.jpg,A president in a nice suit walking near a building.,17,"accessory, person"
http://images.cocodataset.org/val2017/000000171050.jpg,A fire hydrant across from a red bricked building. ,52,outdoor
http://images.cocodataset.org/val2017/000000171190.jpg,a large group of people are gathered around the table,18,"kitchen, person, furniture"
http://images.cocodataset.org/val2017/000000171298.jpg,The reflection of a large metal structure in the windshield of a bus,12,vehicle
http://images.cocodataset.org/val2017/000000171382.jpg,a man is doing skateboard tricks off the side of a busy street,241,"sports, electronic, vehicle, outdoor, accessory, person"
http://images.cocodataset.org/val2017/000000171611.jpg,A man on a boat with his dog.,103,"vehicle, person, animal"
http://images.cocodataset.org/val2017/000000171740.jpg,a living room with with a couch and a table ,40,"kitchen, furniture, indoor"
http://images.cocodataset.org/val2017/000000171757.jpg,The group of people are really into the game.,81,"electronic, person, furniture"
http://images.cocodataset.org/val2017/000000171788.jpg,A man lunging to hit a tennis ball on a court,4,"sports, person"
http://images.cocodataset.org/val2017/000000172083.jpg,Counter top inside a house designed with different colors. ,5,appliance
http://images.cocodataset.org/val2017/000000172330.jpg,A grey and white cat standing in the grass in a parking lot. ,22,"vehicle, animal"
http://images.cocodataset.org/val2017/000000172396.jpg,A pizza being made within the oven ,242,"appliance, food"
http://images.cocodataset.org/val2017/000000172547.jpg,A very green hillside in the day time.,1,animal
http://images.cocodataset.org/val2017/000000172571.jpg,A very thick pizza is on a plate with one piece taken.,95,"kitchen, person, food"
http://images.cocodataset.org/val2017/000000172595.jpg,A desk with multiple computers inside a office ,88,"electronic, indoor, kitchen, accessory, furniture"
http://images.cocodataset.org/val2017/000000172617.jpg,A woman sitting on stone steps with a suitcase full of books.,143,"accessory, person, indoor"
http://images.cocodataset.org/val2017/000000172648.jpg,a man reaches in the back of a truck ,9,"vehicle, person"
http://images.cocodataset.org/val2017/000000172649.jpg,A guy wear a short khaki pants and brown tee is on a skate board.,4,"sports, person"
http://images.cocodataset.org/val2017/000000172856.jpg,A leaning stop sign has a street sign on top.,52,outdoor
http://images.cocodataset.org/val2017/000000172877.jpg,A man dressed with a tie sits in a chair. ,243,"indoor, kitchen, accessory, person, furniture"
http://images.cocodataset.org/val2017/000000172935.jpg,a person flying backwards on skis over water,67,"vehicle, sports, person"
http://images.cocodataset.org/val2017/000000172946.jpg,a group of people standing and holding video game remote controllers.,30,"electronic, person"
http://images.cocodataset.org/val2017/000000172977.jpg,A Zebra standing on a dirt ground inside a fenced area.,1,animal
http://images.cocodataset.org/val2017/000000173004.jpg,pizza with olives on black plate setting on table,16,"kitchen, furniture, food"
http://images.cocodataset.org/val2017/000000173008.jpg,Man taking a bite of a half peeled banana. ,244,"food, indoor, kitchen, appliance, person"
http://images.cocodataset.org/val2017/000000173033.jpg,A display of a momma bear and her cub.,1,animal
http://images.cocodataset.org/val2017/000000173044.jpg,A building with a clock that is in front of a building.,41,indoor
http://images.cocodataset.org/val2017/000000173057.jpg,A large clock tower in front of a building next to a fountain.,163,"outdoor, person, indoor"
http://images.cocodataset.org/val2017/000000173091.jpg,"A carryout lunch including sandwich, fruit, and frappucino. ",16,"kitchen, furniture, food"
http://images.cocodataset.org/val2017/000000173302.jpg,a kitchen with tables chairs stools and counters,245,"appliance, kitchen, person, furniture"
http://images.cocodataset.org/val2017/000000173371.jpg,The pizza has small plates with various foods around it.,16,"kitchen, furniture, food"
http://images.cocodataset.org/val2017/000000173383.jpg,a two layered cake sits on a table top ,16,"kitchen, furniture, food"
http://images.cocodataset.org/val2017/000000173799.jpg,Two men herding a pack of elephants across a field.,35,"person, animal"
http://images.cocodataset.org/val2017/000000173830.jpg,A skier crouched and skiing down a slope.,4,"sports, person"
http://images.cocodataset.org/val2017/000000174004.jpg,A truck is sitting in the middle of a wooded area.,12,vehicle
http://images.cocodataset.org/val2017/000000174018.jpg,Two teddy bears are laying side by side on a quilt. ,41,indoor
http://images.cocodataset.org/val2017/000000174123.jpg,a person holding a knife and fork over a pizza,104,"kitchen, person, furniture, food"
http://images.cocodataset.org/val2017/000000174231.jpg,A cat is laying inside of a half open lap top.,66,"electronic, furniture, animal"
http://images.cocodataset.org/val2017/000000174371.jpg,Six females gathered around a cell phone smiling.,246,"kitchen, person, electronic"
http://images.cocodataset.org/val2017/000000174482.jpg,a bike sits parked next to a street ,3,"vehicle, outdoor"
http://images.cocodataset.org/val2017/000000175251.jpg,"A young child with no shirt on, in a bathroom and brushing their teeth with a green colored toothbrush.",132,"person, indoor"
http://images.cocodataset.org/val2017/000000175364.jpg,a kitchen view of a table counter top and cabinets,110,"appliance, kitchen, furniture"
http://images.cocodataset.org/val2017/000000175387.jpg,Bathroom stall with green door in commercial business.,14,furniture
http://images.cocodataset.org/val2017/000000175438.jpg,A clock on a pole is in the intersection of the streets.,247,"vehicle, outdoor, furniture, indoor"
http://images.cocodataset.org/val2017/000000175443.jpg,Teddy bear with a red bow hanging on a Christmas tree.,2,"furniture, indoor"
http://images.cocodataset.org/val2017/000000175535.jpg,A couple of sandwich slices with lettuce sitting next to condiments.,16,"kitchen, furniture, food"
http://images.cocodataset.org/val2017/000000176037.jpg,A white and blue bus is on a city street at night.,15,"vehicle, outdoor, accessory, person"
http://images.cocodataset.org/val2017/000000176232.jpg,Leaves and purple flowers come out of a brown vase on a desk.,41,indoor
http://images.cocodataset.org/val2017/000000176446.jpg,there is a yellow notebook on a black desk ,123,"electronic, indoor"
http://images.cocodataset.org/val2017/000000176606.jpg,A goat leans propped against a grassy surface.,248,"electronic, vehicle, person, animal"
http://images.cocodataset.org/val2017/000000176634.jpg,A zebra playing on a field with logs of tree,1,animal
http://images.cocodataset.org/val2017/000000176778.jpg,"A bathroom with a toilet, bathtub, and a cat in a bathroom.",48,"furniture, animal"
http://images.cocodataset.org/val2017/000000176799.jpg,a kid on a skate board does a trick off a roof,249,"electronic, sports, person"
http://images.cocodataset.org/val2017/000000176847.jpg,Black birds picking berries out of the tree,1,animal
http://images.cocodataset.org/val2017/000000176857.jpg,People in a hall with a camera taking a picture,250,"electronic, accessory, person, animal"
http://images.cocodataset.org/val2017/000000176901.jpg,Three people are skiing on the snowy mountain.,4,"sports, person"
http://images.cocodataset.org/val2017/000000177015.jpg,A cat sitting on the man's lap while the man types on the laptop. ,251,"electronic, animal, appliance, person, furniture"
http://images.cocodataset.org/val2017/000000177065.jpg,The children are learning how to play tennis.,24,"accessory, sports, person"
http://images.cocodataset.org/val2017/000000177213.jpg,Small pizza sits on a plate on a restaurant table. ,104,"kitchen, person, furniture, food"
http://images.cocodataset.org/val2017/000000177357.jpg,a man is riding on a surfboard at the beach,4,"sports, person"
http://images.cocodataset.org/val2017/000000177383.jpg,A train riding on a track near a platform. ,12,vehicle
http://images.cocodataset.org/val2017/000000177489.jpg,a man and a woman sitting at table,104,"kitchen, person, furniture, food"
http://images.cocodataset.org/val2017/000000177539.jpg,a person sitting on a surf board on a beach,4,"sports, person"
http://images.cocodataset.org/val2017/000000177714.jpg,A serving of food on a white plate.,10,"kitchen, food"
http://images.cocodataset.org/val2017/000000177861.jpg,people holding onto umbrellas while walking down a wet road ,164,"vehicle, accessory, person, furniture"
http://images.cocodataset.org/val2017/000000177893.jpg,a city bus sits parked next to a side walk,12,vehicle
http://images.cocodataset.org/val2017/000000177934.jpg,A group of people standing near the motorcycles on the street. ,252,"vehicle, kitchen, person"
http://images.cocodataset.org/val2017/000000177935.jpg,A kitchen has a vintage gas range and yellow walls.,37,"appliance, kitchen, indoor"
http://images.cocodataset.org/val2017/000000178028.jpg,"A bathroom sink with a towel rack, hair dryer and a mirror.",37,"appliance, kitchen, indoor"
http://images.cocodataset.org/val2017/000000178469.jpg,a page left open on  a laptop on a cluttered desk.,153,"electronic, kitchen, indoor"
http://images.cocodataset.org/val2017/000000178618.jpg,A large brown elephant standing on the dirt ground.,1,animal
http://images.cocodataset.org/val2017/000000178744.jpg,A small model yellow boat floating on top of a river.,9,"vehicle, person"
http://images.cocodataset.org/val2017/000000178982.jpg,A view of a sign that leads to Brooklyn and Queens.,46,"vehicle, outdoor, person"
http://images.cocodataset.org/val2017/000000179112.jpg,A woman holding a smart phone in a room.,30,"electronic, person"
http://images.cocodataset.org/val2017/000000179141.jpg,A group of friends gathered around a box of pizza.,104,"kitchen, person, furniture, food"
http://images.cocodataset.org/val2017/000000179174.jpg,very many travelling bags placed on the floor,17,"accessory, person"
http://images.cocodataset.org/val2017/000000179214.jpg,A pizza with several vegetable toppings sitting on a storage tub.,19,food
http://images.cocodataset.org/val2017/000000179265.jpg,A yellow bus with tinted windows driving uphill down a street.,46,"vehicle, outdoor, person"
http://images.cocodataset.org/val2017/000000179285.jpg,A Penn tennis bill resting on a tennis racquet,38,sports
http://images.cocodataset.org/val2017/000000179392.jpg,Cat sitting on a desk with a computer behind him.,200,"electronic, indoor, animal"
http://images.cocodataset.org/val2017/000000179487.jpg,A woman hitting a tennis ball with her knees bent.,4,"sports, person"
http://images.cocodataset.org/val2017/000000179642.jpg,A shirtless man sitting down at a tennis match with a fan in his back.,167,"kitchen, sports, person, furniture"
http://images.cocodataset.org/val2017/000000179653.jpg,A tall clock sitting next to a fence and a forest.,41,indoor
http://images.cocodataset.org/val2017/000000179765.jpg,A black Honda motorcycle with a dark burgundy seat.,12,vehicle
http://images.cocodataset.org/val2017/000000179898.jpg,A child is holding two hot dogs up to the photographer.,253,"food, indoor, accessory, person, furniture"
http://images.cocodataset.org/val2017/000000180011.jpg,"Four young giraffes in a zoo, with one of them being fed leaves by a person",35,"person, animal"
http://images.cocodataset.org/val2017/000000180101.jpg,a young kid sits in front of a birth day cake ,104,"kitchen, person, furniture, food"
http://images.cocodataset.org/val2017/000000180135.jpg,A young man holding a microphone and a skate board.,4,"sports, person"
http://images.cocodataset.org/val2017/000000180188.jpg,An old train with graffiti on the tracks.,12,vehicle
http://images.cocodataset.org/val2017/000000180296.jpg,A girl doll sitting in a suit case with a bag.,135,"accessory, furniture"
http://images.cocodataset.org/val2017/000000180383.jpg,A cow sculpture with a TV sticking out of it's center.,254,"electronic, animal, person, indoor"
http://images.cocodataset.org/val2017/000000180487.jpg,A man sits at a table outside wearing an umbrella hat.,27,"kitchen, accessory, person, furniture"
http://images.cocodataset.org/val2017/000000180560.jpg,"2 women, one holding a cake, the other holding up her index finger",43,"person, food"
http://images.cocodataset.org/val2017/000000180751.jpg,a man pouring a drink into a wine glass ,255,"electronic, kitchen, appliance, person, furniture"
http://images.cocodataset.org/val2017/000000180792.jpg,"A small bathroom features a toilet, window and piping.",14,furniture
http://images.cocodataset.org/val2017/000000180798.jpg,a phone that is sitting on a blue blanket,11,electronic
http://images.cocodataset.org/val2017/000000180878.jpg,A table topped with a smart phone next to a white bag.,256,"vehicle, electronic, food"
http://images.cocodataset.org/val2017/000000181303.jpg,A child standing outdoors in the yard playing with a kite,4,"sports, person"
http://images.cocodataset.org/val2017/000000181421.jpg,Three people on a canoe in the rain with an umbrella up. ,36,"vehicle, accessory, person"
http://images.cocodataset.org/val2017/000000181499.jpg,A hand is holding a cd by a laptop computer.,30,"electronic, person"
http://images.cocodataset.org/val2017/000000181542.jpg,A woman walking on a cross walk with cars driving on it.,9,"vehicle, person"
http://images.cocodataset.org/val2017/000000181666.jpg,The nomadic sheepherd walks behind a large group of livestock in their desert habitat.,35,"person, animal"
http://images.cocodataset.org/val2017/000000181753.jpg,"A living room with matching couch, and chairs.",257,"animal, kitchen, furniture, indoor"
http://images.cocodataset.org/val2017/000000181796.jpg,A plate on a wooden table topped with lots of food.,20,"kitchen, furniture"
http://images.cocodataset.org/val2017/000000181816.jpg,A statue is sitting on a street bench.,119,"vehicle, outdoor, person, furniture"
http://images.cocodataset.org/val2017/000000181859.jpg,A striped cat is laying on the sink and looking at the camera. ,62,"appliance, animal"
http://images.cocodataset.org/val2017/000000181969.jpg,"An animal, curled into a ball, takes a nap.",48,"furniture, animal"
http://images.cocodataset.org/val2017/000000182021.jpg,Blurry shot of batter and catcher in game of baseball.,4,"sports, person"
http://images.cocodataset.org/val2017/000000182155.jpg,A picture of two people playing a video game.,81,"electronic, person, furniture"
http://images.cocodataset.org/val2017/000000182162.jpg,A living room with hard wood flooring and black furniture.,258,"electronic, accessory, furniture, indoor"
http://images.cocodataset.org/val2017/000000182202.jpg,A vodafone sitting on a table next to a Mac laptop.,28,"electronic, furniture"
http://images.cocodataset.org/val2017/000000182417.jpg,There is a piece of cake on a plate with decorations on it.,16,"kitchen, furniture, food"
http://images.cocodataset.org/val2017/000000182441.jpg,A bunch of birds flying around a couple of waves near the ocean.,35,"person, animal"
http://images.cocodataset.org/val2017/000000182611.jpg,A man making his plate with a table full of food. ,177,"food, kitchen, appliance, person, furniture"
http://images.cocodataset.org/val2017/000000182805.jpg,A woman and a dog sitting on the ground.,87,"accessory, person, animal"
http://images.cocodataset.org/val2017/000000182923.jpg,A woman swinging a tennis racquet on a tennis court.,6,"sports, accessory, person"
http://images.cocodataset.org/val2017/000000183049.jpg,Three level book shelve with many books in front of blue wall.,41,indoor
http://images.cocodataset.org/val2017/000000183104.jpg,Two zebras stare at the camera in a zoo.,1,animal
http://images.cocodataset.org/val2017/000000183127.jpg,A man on a surfboard surfing a large wave.,4,"sports, person"
http://images.cocodataset.org/val2017/000000183246.jpg,A busy intersection with cars waiting for a red light.,46,"vehicle, outdoor, person"
http://images.cocodataset.org/val2017/000000183391.jpg,A MAN IS PLAYING TENNIS ON THE COURT RACKET IN HAND,54,"sports, person, furniture"
http://images.cocodataset.org/val2017/000000183437.jpg,Two women are going for a ride on an elephant ,35,"person, animal"
http://images.cocodataset.org/val2017/000000183500.jpg,An old biplane that is flying low for the crowd.,9,"vehicle, person"
http://images.cocodataset.org/val2017/000000183648.jpg,three people standing by an elephant behind a fence ,35,"person, animal"
http://images.cocodataset.org/val2017/000000183675.jpg,"Cowboy riding a horse in a huge pasture..
",35,"person, animal"
http://images.cocodataset.org/val2017/000000183709.jpg,A group of people wait to cross an intersection.,15,"vehicle, outdoor, accessory, person"
http://images.cocodataset.org/val2017/000000183716.jpg,Two little girls are dressed in uniform preparing for the day,99,"accessory, person, furniture"
http://images.cocodataset.org/val2017/000000183965.jpg,A close up of two pastries and a cup of coffee.,16,"kitchen, furniture, food"
http://images.cocodataset.org/val2017/000000184321.jpg,A train coming down the tracks arriving at a station.,12,vehicle
http://images.cocodataset.org/val2017/000000184324.jpg,A picture of a city intersection with period buildings and store fronts. ,15,"vehicle, outdoor, accessory, person"
http://images.cocodataset.org/val2017/000000184338.jpg,A truck with a barn on its bed painted in various colors.,12,vehicle
http://images.cocodataset.org/val2017/000000184384.jpg,A plate of food attractively arranged on a table.,104,"kitchen, person, furniture, food"
http://images.cocodataset.org/val2017/000000184400.jpg,a train on a train track on an elevated bridge,3,"vehicle, outdoor"
http://images.cocodataset.org/val2017/000000184611.jpg,People riding and pushing tricycle carriages down the street.,36,"vehicle, accessory, person"
http://images.cocodataset.org/val2017/000000184762.jpg,The clock inside the house has a large face. ,41,indoor
http://images.cocodataset.org/val2017/000000184791.jpg,"A painting of a candlestick holder with a candle, several pieces of fruit and a vase, with a gold frame around the painting.",10,"kitchen, food"
http://images.cocodataset.org/val2017/000000184978.jpg,there is a snowboarder coming down a very steep hill,4,"sports, person"
http://images.cocodataset.org/val2017/000000185157.jpg,A sign that might read parking here where bicycles are parked.,12,vehicle
http://images.cocodataset.org/val2017/000000185250.jpg,a man watches as a dig looks at a toy in the air ,136,"sports, person, animal"
http://images.cocodataset.org/val2017/000000185292.jpg,a person riding a surf board on a body of water ,4,"sports, person"
http://images.cocodataset.org/val2017/000000185409.jpg,A number of zebras running in the grass. ,1,animal
http://images.cocodataset.org/val2017/000000185472.jpg,A person getting off a bike and a train coming on the tracks.,36,"vehicle, accessory, person"
http://images.cocodataset.org/val2017/000000185473.jpg,A group of men leading a pack of horses through a field.,35,"person, animal"
http://images.cocodataset.org/val2017/000000185599.jpg,Many apples and oranges are stacked near to each other.,19,food
http://images.cocodataset.org/val2017/000000185802.jpg,A giant banana is sitting in beach chair which is overlooking turquoise water.,259,"accessory, furniture, food"
http://images.cocodataset.org/val2017/000000185890.jpg,A couple of women holding video game console controllers,60,"kitchen, electronic, person, furniture"
http://images.cocodataset.org/val2017/000000185950.jpg,A man doing a trick on a skateboard over some steps.,4,"sports, person"
http://images.cocodataset.org/val2017/000000186042.jpg,A person in the snow on some skis.,4,"sports, person"
http://images.cocodataset.org/val2017/000000186282.jpg,A desktop computer monitor sitting on top of a desk next to a mouse.,11,electronic
http://images.cocodataset.org/val2017/000000186296.jpg,A young cat on a mat with a flip flop shoe.,1,animal
http://images.cocodataset.org/val2017/000000186345.jpg,4 different colored sea horses flying with 4 birds.,53,"sports, animal"
http://images.cocodataset.org/val2017/000000186422.jpg,A bear is coming out of the water and onto the rocks. ,1,animal
http://images.cocodataset.org/val2017/000000186449.jpg,An elderly woman sits on a bench with a crowd behind her.,172,"outdoor, accessory, person"
http://images.cocodataset.org/val2017/000000186624.jpg,a person standing next to a green and black train,36,"vehicle, accessory, person"
http://images.cocodataset.org/val2017/000000186632.jpg,"A fancy bathroom has glass sinks, a chandelier, and a TV.",184,"appliance, electronic, kitchen, indoor"
http://images.cocodataset.org/val2017/000000186637.jpg,A giraffe eating out of a food bucket in its enclosure.,1,animal
http://images.cocodataset.org/val2017/000000186873.jpg,Large canoe with many people on lake with trees lining shore.,9,"vehicle, person"
http://images.cocodataset.org/val2017/000000186929.jpg,Lots of oranges are sliced iin several sizes..,19,food
http://images.cocodataset.org/val2017/000000186938.jpg,A small bird standing on a rocky ground.,1,animal
http://images.cocodataset.org/val2017/000000186980.jpg,A wooden table with two chairs next to a sink.,110,"appliance, kitchen, furniture"
http://images.cocodataset.org/val2017/000000187055.jpg, A man throws tennis balls to waiting tennis players.,4,"sports, person"
http://images.cocodataset.org/val2017/000000187144.jpg,THERE IS A BUS PARKED ON THE SIDE OF THE STREET,36,"vehicle, accessory, person"
http://images.cocodataset.org/val2017/000000187236.jpg,Three cats are napping on the carpeted floor.,48,"furniture, animal"
http://images.cocodataset.org/val2017/000000187243.jpg,A person is laying on their back on the floor of a bathroom.,23,"appliance, person, furniture"
http://images.cocodataset.org/val2017/000000187249.jpg,A bottle of mineral water by a TV that is on.,260,"electronic, person, kitchen"
http://images.cocodataset.org/val2017/000000187271.jpg,A fridge in the middle of some cabinets ,5,appliance
http://images.cocodataset.org/val2017/000000187362.jpg,A man and his surfboard survey a stormy sea,4,"sports, person"
http://images.cocodataset.org/val2017/000000187513.jpg,a bathroom with a sink a mirror a toilet and a shower,51,"appliance, furniture"
http://images.cocodataset.org/val2017/000000187585.jpg,a young man is on his skateboard doing a trick ,4,"sports, person"
http://images.cocodataset.org/val2017/000000187734.jpg,some people holding wii tennis motes as they look at a screen,54,"sports, person, furniture"
http://images.cocodataset.org/val2017/000000187745.jpg,A small plane flying through a blue sky.,12,vehicle
http://images.cocodataset.org/val2017/000000187990.jpg,A man who is skateboarding on a ramp.,4,"sports, person"
http://images.cocodataset.org/val2017/000000188296.jpg,Two football players reach for the ball at the same time.,67,"vehicle, sports, person"
http://images.cocodataset.org/val2017/000000188439.jpg,A small white truck on the road next to trees.,9,"vehicle, person"
http://images.cocodataset.org/val2017/000000188465.jpg, Mn swinging a baseball bat on a field.,54,"sports, person, furniture"
http://images.cocodataset.org/val2017/000000188592.jpg,A child in green pants is eating an apple. ,43,"person, food"
http://images.cocodataset.org/val2017/000000188689.jpg,Black and white photograph of boats pulled up onto the beach,12,vehicle
http://images.cocodataset.org/val2017/000000188906.jpg,A very artistic and tasty looking treat is in a plate.,19,food
http://images.cocodataset.org/val2017/000000189078.jpg,Several assorted mixed fruits and vegetables on a fruit plate.,19,food
http://images.cocodataset.org/val2017/000000189213.jpg,Garbage and old chairs are thrown onto a curb.,51,"appliance, furniture"
http://images.cocodataset.org/val2017/000000189226.jpg,A red fire hydrant on a curb near graffiti on a wall.,52,outdoor
http://images.cocodataset.org/val2017/000000189310.jpg,A chair by a window in a living room,14,furniture
http://images.cocodataset.org/val2017/000000189436.jpg,The large bear is made up of clay.,258,"electronic, accessory, furniture, indoor"
http://images.cocodataset.org/val2017/000000189451.jpg,A piece of cake and a knife on a plate.,10,"kitchen, food"
http://images.cocodataset.org/val2017/000000189475.jpg,A family dines at a packed sushi bar and buffet,261,"food, indoor, kitchen, appliance, person, furniture"
http://images.cocodataset.org/val2017/000000189698.jpg,A picture of a road sign labeled bodacious drive.,12,vehicle
http://images.cocodataset.org/val2017/000000189752.jpg,"Pizza, salad, and a glass of Hefevwsen beer",104,"kitchen, person, furniture, food"
http://images.cocodataset.org/val2017/000000189775.jpg,The tennis player is ready to return the ball.,54,"sports, person, furniture"
http://images.cocodataset.org/val2017/000000189806.jpg,A cat observing a dog that's sniffing something on the floor.,48,"furniture, animal"
http://images.cocodataset.org/val2017/000000189820.jpg,a room with some office products in it,61,"electronic, kitchen, furniture, indoor"
http://images.cocodataset.org/val2017/000000189828.jpg,An airplane flying in the sky over some trees.,12,vehicle
http://images.cocodataset.org/val2017/000000190007.jpg,Man on surfboard riding large breaking wave at ocean.,4,"sports, person"
http://images.cocodataset.org/val2017/000000190140.jpg,A man driving a boat with his dog looking out over the bow.,103,"vehicle, person, animal"
http://images.cocodataset.org/val2017/000000190236.jpg,Office setting with a lot of computer screens.,262,"sports, electronic, indoor, kitchen, accessory, furniture"
http://images.cocodataset.org/val2017/000000190307.jpg,A female surfer dressed in black riding a small wave.,4,"sports, person"
http://images.cocodataset.org/val2017/000000190637.jpg,A young boy laying in bed holding Nintendo Wii controllers.,81,"electronic, person, furniture"
http://images.cocodataset.org/val2017/000000190648.jpg,a bed that looks like it has blood on it and a big hole in the paneling ,14,furniture
http://images.cocodataset.org/val2017/000000190676.jpg,There is a group of people gathered around an airplane outdoors. ,9,"vehicle, person"
http://images.cocodataset.org/val2017/000000190753.jpg,There is a group of four men sitting on park benches.,263,"sports, vehicle, outdoor, accessory, person, furniture"
http://images.cocodataset.org/val2017/000000190756.jpg,a person jumping in the air on  a motorcycle,9,"vehicle, person"
http://images.cocodataset.org/val2017/000000190841.jpg,A man attempts a trick after riding off of a low ramp.,4,"sports, person"
http://images.cocodataset.org/val2017/000000190853.jpg,A woman's hand holding a half peeled banana with a large bite out of it,43,"person, food"
http://images.cocodataset.org/val2017/000000190923.jpg,A slanted picture of a woman waiting to cross the street. ,15,"vehicle, outdoor, accessory, person"
http://images.cocodataset.org/val2017/000000191013.jpg,A large clock on the side of a building above cars on the street.,101,"vehicle, person, indoor"
http://images.cocodataset.org/val2017/000000191288.jpg,The horse is jumping over the poles outside.,35,"person, animal"
http://images.cocodataset.org/val2017/000000191471.jpg,The stop sign is visible for everyone to see.,52,outdoor
http://images.cocodataset.org/val2017/000000191580.jpg,some food is laying on a white plate,16,"kitchen, furniture, food"
http://images.cocodataset.org/val2017/000000191614.jpg,A horse standing in a lush green grass field.,35,"person, animal"
http://images.cocodataset.org/val2017/000000191672.jpg,a person riding a skate board on a wave,4,"sports, person"
http://images.cocodataset.org/val2017/000000191761.jpg,A plate of bananas and sliced oranges covered in butterflies.,10,"kitchen, food"
http://images.cocodataset.org/val2017/000000191845.jpg,a crowded street of people all with umbrellas,17,"accessory, person"
http://images.cocodataset.org/val2017/000000192047.jpg,An all-white bathroom with a light fixture and small mirror above a sink,5,appliance
http://images.cocodataset.org/val2017/000000192191.jpg,A frozen pizza in the oven already cooked,242,"appliance, food"
http://images.cocodataset.org/val2017/000000192607.jpg,A man standing next to a muddy pick up truck.,9,"vehicle, person"
http://images.cocodataset.org/val2017/000000192670.jpg,A young boys is hitting a baseball while another young boy is playing catcher.,264,"sports, kitchen, vehicle, person, furniture"
http://images.cocodataset.org/val2017/000000192699.jpg,Two people wearing helmets while riding their motorcycles.,36,"vehicle, accessory, person"
http://images.cocodataset.org/val2017/000000192716.jpg,a stop sign has some graffiti on it ,46,"vehicle, outdoor, person"
http://images.cocodataset.org/val2017/000000192871.jpg,A close up of oranges and apples in a bowl.,16,"kitchen, furniture, food"
http://images.cocodataset.org/val2017/000000192904.jpg,A tray on a bed with food and drink.,16,"kitchen, furniture, food"
http://images.cocodataset.org/val2017/000000192964.jpg,A man is performing tricks on a skateboard.,59,"outdoor, sports, person"
http://images.cocodataset.org/val2017/000000193162.jpg,A black and white cow walking across a lush green field.,35,"person, animal"
http://images.cocodataset.org/val2017/000000193181.jpg,A man holding a baseball bat on a field.,4,"sports, person"
http://images.cocodataset.org/val2017/000000193245.jpg,A field beside a lake is occupied by many kite flyers.,4,"sports, person"
http://images.cocodataset.org/val2017/000000193348.jpg,A child brushing their teeth in a bathroom.,132,"person, indoor"
http://images.cocodataset.org/val2017/000000193429.jpg,Man sitting in snow with snowboard attached to shoes. ,4,"sports, person"
http://images.cocodataset.org/val2017/000000193494.jpg,A bed in a ten with a colorful ceiling.,14,furniture
http://images.cocodataset.org/val2017/000000193674.jpg,Woman with surfboard getting kisses from dog at waters edge.,136,"sports, person, animal"
http://images.cocodataset.org/val2017/000000193717.jpg,a hydrant  well tired up placed at the middle of the town,15,"vehicle, outdoor, accessory, person"
http://images.cocodataset.org/val2017/000000193743.jpg,Man on tennis court with hand up to say stop.,4,"sports, person"
http://images.cocodataset.org/val2017/000000193884.jpg,stop sign on a street of a cemetary,52,outdoor
http://images.cocodataset.org/val2017/000000193926.jpg,A compilation photo demonstrating how to use a banana storage container.,265,"food, kitchen, vehicle, accessory, person"
http://images.cocodataset.org/val2017/000000194216.jpg,An outdoor area with a large bear and two smaller bears facing the wooded tree area.,1,animal
http://images.cocodataset.org/val2017/000000194471.jpg,A man riding a skateboard up the side of a ramp.,4,"sports, person"
http://images.cocodataset.org/val2017/000000194506.jpg,Two baby bears are playing with each other in the lake. ,1,animal
http://images.cocodataset.org/val2017/000000194716.jpg,A smiling young mother holding her infant child.,168,"vehicle, electronic, person"
http://images.cocodataset.org/val2017/000000194724.jpg,"A small pizza and a soda pop sit upon a table with magazines, a phone and other items.",266,"food, electronic, indoor, kitchen, appliance, furniture"
http://images.cocodataset.org/val2017/000000194746.jpg,a food being cooked in an oven that has overflown ,242,"appliance, food"
http://images.cocodataset.org/val2017/000000194832.jpg,The inside of a commuter city bus with palide seats,267,"vehicle, electronic, furniture"
http://images.cocodataset.org/val2017/000000194875.jpg,Here are motorcyclists parked outside a Polish gathering spot for women,268,"indoor, kitchen, vehicle, accessory, person, furniture"
http://images.cocodataset.org/val2017/000000194940.jpg,"A bowl of carrots, broccoli, and peppers on a table.",10,"kitchen, food"
http://images.cocodataset.org/val2017/000000195045.jpg,A storage building located near a town park.,52,outdoor
http://images.cocodataset.org/val2017/000000195165.jpg,A bathroom sink is all piled up with toiletries.,110,"appliance, kitchen, furniture"
http://images.cocodataset.org/val2017/000000195754.jpg,A very big country style living room with a wagon wheel.,28,"electronic, furniture"
http://images.cocodataset.org/val2017/000000195842.jpg,a person standing in a living room with a remote control,116,"electronic, indoor, kitchen, person, furniture"
http://images.cocodataset.org/val2017/000000195918.jpg,"An office work station with two computer monitors, and laptop.",28,"electronic, furniture"
http://images.cocodataset.org/val2017/000000196009.jpg,A spoon laying beside a few big carrots,10,"kitchen, food"
http://images.cocodataset.org/val2017/000000196141.jpg,A young man swinging a baseball bat in front of a catcher.,67,"vehicle, sports, person"
http://images.cocodataset.org/val2017/000000196185.jpg,A passenger jet airline taking off from the runway.,12,vehicle
http://images.cocodataset.org/val2017/000000196442.jpg,A snow skier is being pulled by a rope overhead.,4,"sports, person"
http://images.cocodataset.org/val2017/000000196754.jpg,There is a stop sign outside of a bus window.,227,"outdoor, furniture"
http://images.cocodataset.org/val2017/000000196759.jpg,a van parked in a outdoor parking lot,12,vehicle
http://images.cocodataset.org/val2017/000000196843.jpg,"A painted school bus reads ""Van Gogh Museum Bus"".",12,vehicle
http://images.cocodataset.org/val2017/000000197004.jpg,The sandwich features a large portion of meat.,83,"electronic, food"
http://images.cocodataset.org/val2017/000000197022.jpg,I want the pizza that has extra cheese on it.,19,food
http://images.cocodataset.org/val2017/000000197388.jpg,Cross country skiers travel through the snow during a race.,4,"sports, person"
http://images.cocodataset.org/val2017/000000197528.jpg,A cat is sitting in the window in front of the window blinds.,1,animal
http://images.cocodataset.org/val2017/000000197658.jpg,Cather preparing to catch ball in an empty field ,4,"sports, person"
http://images.cocodataset.org/val2017/000000197796.jpg,Cluttered bathroom with sink in foreground and towel on a rack.,96,"appliance, kitchen"
http://images.cocodataset.org/val2017/000000197870.jpg,a close up of a chicken under a bench near a field,129,"outdoor, person, animal"
http://images.cocodataset.org/val2017/000000198489.jpg,a little girl grabbing for a pink umbrella ,164,"vehicle, accessory, person, furniture"
http://images.cocodataset.org/val2017/000000198510.jpg,A man carrying a bag walking down the train tracks. ,9,"vehicle, person"
http://images.cocodataset.org/val2017/000000198641.jpg,A cat is on a desk looking at the computer screens.,200,"electronic, indoor, animal"
http://images.cocodataset.org/val2017/000000198805.jpg,A yellow pickup truck parked in a parking lot.,12,vehicle
http://images.cocodataset.org/val2017/000000198928.jpg,A woman stands next to a traffic light.,46,"vehicle, outdoor, person"
http://images.cocodataset.org/val2017/000000198960.jpg,Two sheep and a ram stand next to a fence in the yard ,1,animal
http://images.cocodataset.org/val2017/000000199055.jpg,A man wearing sunglasses getting ready to ride a skate board.,4,"sports, person"
http://images.cocodataset.org/val2017/000000199236.jpg,A knight riding on the back of a brown horse through a lush green field.,35,"person, animal"
http://images.cocodataset.org/val2017/000000199310.jpg,An old person is holding a tennis racket. ,4,"sports, person"
http://images.cocodataset.org/val2017/000000199395.jpg,A man flying a colorful kite over a sandy beach.,67,"vehicle, sports, person"
http://images.cocodataset.org/val2017/000000199442.jpg,A man surfs at the top of the wave.,4,"sports, person"
http://images.cocodataset.org/val2017/000000199551.jpg,A boy asleep on a large bed under a mosquito net,107,"person, furniture"
http://images.cocodataset.org/val2017/000000199681.jpg,A stuffed toy bunny lurking inside a microwave oven.,223,"appliance, indoor"
http://images.cocodataset.org/val2017/000000199771.jpg,A group of people in chef outfits at a kitchen counter.,269,"kitchen, person, food, indoor"
http://images.cocodataset.org/val2017/000000199977.jpg,An airplane is letting off white smoke against a blue sky.,12,vehicle
http://images.cocodataset.org/val2017/000000200162.jpg,a black train is coming down some tracks,3,"vehicle, outdoor"
http://images.cocodataset.org/val2017/000000200252.jpg,A pair of green sneakers on a single bed with a nightstand next to it,2,"furniture, indoor"
http://images.cocodataset.org/val2017/000000200421.jpg,A young boy in a birthday hat holds a tennis racquet,54,"sports, person, furniture"
http://images.cocodataset.org/val2017/000000200667.jpg,A very cute cow by a big metal piece of equipment.,1,animal
http://images.cocodataset.org/val2017/000000200839.jpg,A book mobile bus from a library sitting by a street side.,101,"vehicle, person, indoor"
http://images.cocodataset.org/val2017/000000200961.jpg,A man bent over in an open grassy field with something in his hand.,67,"vehicle, sports, person"
http://images.cocodataset.org/val2017/000000201025.jpg,A couple of elephants peeking through a couple of trees.,1,animal
http://images.cocodataset.org/val2017/000000201072.jpg,A man in white is playing on a tennis court.,4,"sports, person"
http://images.cocodataset.org/val2017/000000201148.jpg,A train drives down rail road tracks next to a brick building.,46,"vehicle, outdoor, person"
http://images.cocodataset.org/val2017/000000201418.jpg,Adult standing at luggage carousel in airport area.,55,"electronic, accessory, person"
http://images.cocodataset.org/val2017/000000201426.jpg,Two small children sit at the table and eat pizza,104,"kitchen, person, furniture, food"
http://images.cocodataset.org/val2017/000000201646.jpg,A man is staring at something in his hand.,81,"electronic, person, furniture"
http://images.cocodataset.org/val2017/000000201676.jpg,Three zebras stand in a field near a tree.,1,animal
http://images.cocodataset.org/val2017/000000201775.jpg,Men's restroom with toilet and urinals along tiled walls.,51,"appliance, furniture"
http://images.cocodataset.org/val2017/000000201934.jpg,A white bus stopped alongside a sidewalk in the street.,12,vehicle
http://images.cocodataset.org/val2017/000000202001.jpg,A woman with a nose ring using a phone,81,"electronic, person, furniture"
http://images.cocodataset.org/val2017/000000202228.jpg,A young man takes a picture of himself in the mirror.,80,person
http://images.cocodataset.org/val2017/000000202339.jpg,A man at a bus station holding up a sign.,36,"vehicle, accessory, person"
http://images.cocodataset.org/val2017/000000202445.jpg,"A cat facing away from the camera, among blankets on a bed.",48,"furniture, animal"
http://images.cocodataset.org/val2017/000000203095.jpg,a bunch of food is layed out next to an oven,242,"appliance, food"
http://images.cocodataset.org/val2017/000000203294.jpg,Three women standing near a bus that has the face of a cat painted on the front.,36,"vehicle, accessory, person"
http://images.cocodataset.org/val2017/000000203317.jpg,A red bicycle leaned against a red stucco building with a graffiti covered door. ,12,vehicle
http://images.cocodataset.org/val2017/000000203389.jpg,A group of men who are on motorcycles.,36,"vehicle, accessory, person"
http://images.cocodataset.org/val2017/000000203488.jpg,There's a warning not to park under this tree.,52,outdoor
http://images.cocodataset.org/val2017/000000203546.jpg,The bear is inside of the river stream. ,1,animal
http://images.cocodataset.org/val2017/000000203580.jpg,An umbrella is placed outside of a shop.,270,"outdoor, accessory, furniture"
http://images.cocodataset.org/val2017/000000203629.jpg,The man is giving a thumbs up while on his phone.,260,"electronic, person, kitchen"
http://images.cocodataset.org/val2017/000000203639.jpg,A girl in a dress and shirt standing in a field.,17,"accessory, person"
http://images.cocodataset.org/val2017/000000203864.jpg,two tennis players on a court with rackets,4,"sports, person"
http://images.cocodataset.org/val2017/000000203931.jpg,A baseball player at home plate preparing to swing.,59,"outdoor, sports, person"
http://images.cocodataset.org/val2017/000000204186.jpg,Spectators enjoying a show of two men on four-wheelers.,36,"vehicle, accessory, person"
http://images.cocodataset.org/val2017/000000204329.jpg,A surf board sticking up in the sand.,4,"sports, person"
http://images.cocodataset.org/val2017/000000204871.jpg,A red fire hydrant with graphic art decal.,46,"vehicle, outdoor, person"
http://images.cocodataset.org/val2017/000000205105.jpg,Tennis player preparing to hit ball on standard court.,4,"sports, person"
http://images.cocodataset.org/val2017/000000205282.jpg,A group of giraffes that are standing in the grass.,1,animal
http://images.cocodataset.org/val2017/000000205289.jpg,A picture of an antique truck parked in a field.,9,"vehicle, person"
http://images.cocodataset.org/val2017/000000205324.jpg,A group of young men chasing a frisbee.,4,"sports, person"
http://images.cocodataset.org/val2017/000000205333.jpg,A couple skiers on a snowy mountain side,4,"sports, person"
http://images.cocodataset.org/val2017/000000205401.jpg,A plane floating on top of a lake surrounded by mountains.,9,"vehicle, person"
http://images.cocodataset.org/val2017/000000205514.jpg,The large living room has been decorated in modern furnishings.,39,"electronic, furniture, indoor"
http://images.cocodataset.org/val2017/000000205542.jpg,a brown teddy bear sitting on an odd looking chair,41,indoor
http://images.cocodataset.org/val2017/000000205647.jpg,A delivery truck travels along the road by a hill side.,12,vehicle
http://images.cocodataset.org/val2017/000000205776.jpg,A big brown bear asleep in a hammock.,1,animal
http://images.cocodataset.org/val2017/000000205834.jpg,a close up of a dog near a bowl,213,"kitchen, animal"
http://images.cocodataset.org/val2017/000000206025.jpg,The man in the business suit wears a striped blue and white tie.,17,"accessory, person"
http://images.cocodataset.org/val2017/000000206027.jpg,A piece of pizza with thousand island dressing and a Coke Zero on the side.,16,"kitchen, furniture, food"
http://images.cocodataset.org/val2017/000000206135.jpg,There are four cows standing on the side of a road,146,"indoor, animal"
http://images.cocodataset.org/val2017/000000206218.jpg,An all terrain robot with a laptop sitting on it in a lab.,11,electronic
http://images.cocodataset.org/val2017/000000206271.jpg,two urinals near one another with trash cans,14,furniture
http://images.cocodataset.org/val2017/000000206411.jpg,A person sprays the inside of a toilet.,107,"person, furniture"
http://images.cocodataset.org/val2017/000000206487.jpg,A man riding a motorcycle with a woman on back of it.,9,"vehicle, person"
http://images.cocodataset.org/val2017/000000206579.jpg,A man blowing out candles on a birthday cake.,79,"food, indoor, kitchen, person, furniture"
http://images.cocodataset.org/val2017/000000206831.jpg,A dog holding a donut like toy in its mouth ,1,animal
http://images.cocodataset.org/val2017/000000206838.jpg,Two bikini clad women riding horses in an ocean,35,"person, animal"
http://images.cocodataset.org/val2017/000000206994.jpg,A train is near an empty outdoor station.,3,"vehicle, outdoor"
http://images.cocodataset.org/val2017/000000207306.jpg,A large white stuffed bear sits on a trash can.,132,"person, indoor"
http://images.cocodataset.org/val2017/000000207538.jpg,A white microwave hangs above the oven under cabinets,5,appliance
http://images.cocodataset.org/val2017/000000207585.jpg,A group of stuffed animals sitting on top of a wall.,271,"accessory, indoor"
http://images.cocodataset.org/val2017/000000207728.jpg,A mother sheep and a baby sheep pictured here.,1,animal
http://images.cocodataset.org/val2017/000000207844.jpg,a large beach filled with many people and umbrellas,243,"indoor, kitchen, accessory, person, furniture"
http://images.cocodataset.org/val2017/000000208208.jpg,A view of mountains out of an airplane window.,12,vehicle
http://images.cocodataset.org/val2017/000000208363.jpg,"Fourteen college guys, and one woman, all eating pizza together.",78,"person, furniture, food"
http://images.cocodataset.org/val2017/000000208423.jpg,A distant view of several kites flying in the air.,67,"vehicle, sports, person"
http://images.cocodataset.org/val2017/000000208901.jpg,A modern jet airplane flying up in the sky,12,vehicle
http://images.cocodataset.org/val2017/000000209142.jpg,"a bowl of peas, broccoli and carrots with utensils",10,"kitchen, food"
http://images.cocodataset.org/val2017/000000209222.jpg,Some people are sitting on the benches and relaxing. ,15,"vehicle, outdoor, accessory, person"
http://images.cocodataset.org/val2017/000000209530.jpg,A few guys at a restaurant talking and eating.,272,"electronic, kitchen, person, food"
http://images.cocodataset.org/val2017/000000209613.jpg,Three look alike dogs are herding sheep into a pile.,1,animal
http://images.cocodataset.org/val2017/000000209747.jpg,Kitten looking puzzled sitting in a bathroom sink,62,"appliance, animal"
http://images.cocodataset.org/val2017/000000209753.jpg,A young woman looking at her cell phone.,30,"electronic, person"
http://images.cocodataset.org/val2017/000000209757.jpg,A man in a baseball cap riding a skateboard grinding an edge.,4,"sports, person"
http://images.cocodataset.org/val2017/000000209829.jpg,A man that is standing on a surfboard in the water.,4,"sports, person"
http://images.cocodataset.org/val2017/000000209972.jpg,A sail boat stuck in the sand on the beach,12,vehicle
http://images.cocodataset.org/val2017/000000210030.jpg,A decadent piece of cake that waits to be finished by its owner.,16,"kitchen, furniture, food"
http://images.cocodataset.org/val2017/000000210032.jpg,This is two birds pecking at the remnants of a burger at an outdoor restaurant.,76,"food, kitchen, animal, person, furniture"
http://images.cocodataset.org/val2017/000000210099.jpg,An orange cat sunning itself on a lawn chair.,48,"furniture, animal"
http://images.cocodataset.org/val2017/000000210230.jpg,a bunch of women serving hot dogs ,43,"person, food"
http://images.cocodataset.org/val2017/000000210273.jpg,a bunch of vehicles are coming down the road,9,"vehicle, person"
http://images.cocodataset.org/val2017/000000210299.jpg,A little boy riding his bike and wearing a helmet,9,"vehicle, person"
http://images.cocodataset.org/val2017/000000210388.jpg,The people are trying to climb the mountain. ,17,"accessory, person"
http://images.cocodataset.org/val2017/000000210394.jpg,A city passenger bus stopping to take on passengers.,9,"vehicle, person"
http://images.cocodataset.org/val2017/000000210502.jpg,this the outside of a train with a slanted striped door.,12,vehicle
http://images.cocodataset.org/val2017/000000210520.jpg,A table with plates of food that include corn and fruit.,40,"kitchen, furniture, indoor"
http://images.cocodataset.org/val2017/000000210708.jpg,A couple of elephants standing in the water.,1,animal
http://images.cocodataset.org/val2017/000000210789.jpg,An adult standing behind a little girl while holding an umbrella.,36,"vehicle, accessory, person"
http://images.cocodataset.org/val2017/000000210855.jpg,A very nice bathroom with toilet and mirror. ,124,"appliance, kitchen, furniture, indoor"
http://images.cocodataset.org/val2017/000000210915.jpg,A man on a surfboard that is in the water.,4,"sports, person"
http://images.cocodataset.org/val2017/000000211042.jpg,A cat pears into the bowl of a toilet.,48,"furniture, animal"
http://images.cocodataset.org/val2017/000000211069.jpg,Some giraffes are walking around near some bushes.,1,animal
http://images.cocodataset.org/val2017/000000211120.jpg,Small teddy bears clothing on blankets with small bowls.,273,"vehicle, kitchen, indoor"
http://images.cocodataset.org/val2017/000000211674.jpg,A double decker bus driving down a street.,42,"vehicle, person, furniture"
http://images.cocodataset.org/val2017/000000211825.jpg,A man blowing out candles on a cake,274,"indoor, appliance, person, food"
http://images.cocodataset.org/val2017/000000212072.jpg,A stop sign leans to the right at a small town intersection,52,outdoor
http://images.cocodataset.org/val2017/000000212166.jpg,A little boy making a mess with his dinner.,80,person
http://images.cocodataset.org/val2017/000000212226.jpg,Women worker looking at rear view mirror smiling,9,"vehicle, person"
http://images.cocodataset.org/val2017/000000212453.jpg,A white toilet in a trendy wall papered bathroom.,107,"person, furniture"
http://images.cocodataset.org/val2017/000000212559.jpg,A herd of sheep grazing on a pile of hay.,1,animal
http://images.cocodataset.org/val2017/000000212573.jpg,A man and a woman stand under an umbrella at a street crossing on a rainy day.,15,"vehicle, outdoor, accessory, person"
http://images.cocodataset.org/val2017/000000212800.jpg,Several people holding umbrella's riding in a boat.,36,"vehicle, accessory, person"
http://images.cocodataset.org/val2017/000000212895.jpg,a single giraffe standing in the middle of a field ,1,animal
http://images.cocodataset.org/val2017/000000213033.jpg,A man in a red jacket holding an umbrella outside near a harbor. ,36,"vehicle, accessory, person"
http://images.cocodataset.org/val2017/000000213035.jpg,Two men holding smart phones next to each other.,44,"kitchen, electronic, person"
http://images.cocodataset.org/val2017/000000213086.jpg,A man holding open an oven door in a kitchen.,237,"appliance, person, indoor"
http://images.cocodataset.org/val2017/000000213171.jpg,A baseball player is posing on a baseball field.,4,"sports, person"
http://images.cocodataset.org/val2017/000000213224.jpg,Two vases filled with flowers on a table.,2,"furniture, indoor"
http://images.cocodataset.org/val2017/000000213255.jpg,A man is grilling off the street with a modest and small cart.,275,"food, kitchen, vehicle, outdoor, person"
http://images.cocodataset.org/val2017/000000213422.jpg,The bed and desk in a modern hotel room,14,furniture
http://images.cocodataset.org/val2017/000000213445.jpg,A cutting sitting upright in a pottery bowl on a coffee table,276,"kitchen, indoor, furniture, animal"
http://images.cocodataset.org/val2017/000000213547.jpg,Woman holding a small birthday cake rides a coin-operated children's ride in a convenience store.,277,"food, indoor, kitchen, animal, appliance, person"
http://images.cocodataset.org/val2017/000000213593.jpg,A red stop sign sitting on the side of a tall building.,46,"vehicle, outdoor, person"
http://images.cocodataset.org/val2017/000000213605.jpg,A congested road where different vehicles are running.,9,"vehicle, person"
http://images.cocodataset.org/val2017/000000213816.jpg,A photo of the open door of a train.,12,vehicle
http://images.cocodataset.org/val2017/000000213830.jpg,Couple of men during couples match playing tennis about to contact ball,54,"sports, person, furniture"
http://images.cocodataset.org/val2017/000000213935.jpg,there is apples oranges and pears on the table,19,food
http://images.cocodataset.org/val2017/000000214192.jpg,two people on dirt bikes making turns on a track,9,"vehicle, person"
http://images.cocodataset.org/val2017/000000214200.jpg,A stop sign with a eating animals sticker on it.,3,"vehicle, outdoor"
http://images.cocodataset.org/val2017/000000214205.jpg,An airplane flying high with a full moon in the background. ,12,vehicle
http://images.cocodataset.org/val2017/000000214224.jpg,"a home bar with different drink ingredients under a large decorative sign saying, ""PUB"".",189,"kitchen, indoor"
http://images.cocodataset.org/val2017/000000214539.jpg,A crowd is watching the two teams play soccer. ,59,"outdoor, sports, person"
http://images.cocodataset.org/val2017/000000214703.jpg,Two young people are body boarding in the open water.,4,"sports, person"
http://images.cocodataset.org/val2017/000000214720.jpg,A man sitting at a table in front of a plate of food.,104,"kitchen, person, furniture, food"
http://images.cocodataset.org/val2017/000000214753.jpg,Two riders guide their horses along a rock strewn sandy beach.,35,"person, animal"
http://images.cocodataset.org/val2017/000000214869.jpg,Someone pointing at their cell phone in a case on their hip.,30,"electronic, person"
http://images.cocodataset.org/val2017/000000215072.jpg,A couple of people sitting in chairs under an umbrella.,27,"kitchen, accessory, person, furniture"
http://images.cocodataset.org/val2017/000000215114.jpg,a person sitting inside of an empty refrigerator ,85,"appliance, kitchen, person"
http://images.cocodataset.org/val2017/000000215245.jpg,a bunch of zebras out in a grassy field,1,animal
http://images.cocodataset.org/val2017/000000215259.jpg,Two people playing wii in a living room.,81,"electronic, person, furniture"
http://images.cocodataset.org/val2017/000000215644.jpg,A kitchen is shown in midst of repairs.,96,"appliance, kitchen"
http://images.cocodataset.org/val2017/000000215723.jpg,Workers in fluorescent yellow jackets standing under a fluorescent orange umbrella.,15,"vehicle, outdoor, accessory, person"
http://images.cocodataset.org/val2017/000000215778.jpg,A laptop with mouse set up on a desk.,92,"kitchen, electronic, indoor"
http://images.cocodataset.org/val2017/000000216277.jpg,A half-eaten apple sits next to a cell phone.,278,"electronic, person, food"
http://images.cocodataset.org/val2017/000000216296.jpg,A man standing on a tennis court holding a racquet.,192,"sports, person, indoor"
http://images.cocodataset.org/val2017/000000216419.jpg,"A clock tower that is blue reading ""Lenox Hill Hospital""",207,"outdoor, indoor"
http://images.cocodataset.org/val2017/000000216497.jpg,In an unfinished room a counter sits with three chairs while a stove and cabinets sit in the distance.,51,"appliance, furniture"
http://images.cocodataset.org/val2017/000000216516.jpg,A man that is standing on ski's in the snow.,4,"sports, person"
http://images.cocodataset.org/val2017/000000216636.jpg,A cake sitting on top of a table next to a candle.,19,food
http://images.cocodataset.org/val2017/000000216739.jpg,A giraffe sticking his head in the sky next to a tree.,1,animal
http://images.cocodataset.org/val2017/000000217060.jpg,A prop plane is flying through the sky.,12,vehicle
http://images.cocodataset.org/val2017/000000217219.jpg,a white pillow white sheets and an orange and tan bedspread,14,furniture
http://images.cocodataset.org/val2017/000000217285.jpg,A baseball player holding a baseball bat during a game.,54,"sports, person, furniture"
http://images.cocodataset.org/val2017/000000217400.jpg,A commuter train at the station at night,9,"vehicle, person"
http://images.cocodataset.org/val2017/000000217425.jpg,a large clock tower structure lit up in the early night sky,41,indoor
http://images.cocodataset.org/val2017/000000217614.jpg,A giraffe standing in some tall grass outside.,1,animal
http://images.cocodataset.org/val2017/000000217753.jpg,"Apples, lemons, grapes, oranges and other fruits in crates.",19,food
http://images.cocodataset.org/val2017/000000217872.jpg,Woman snow boarding off of a cliff in the air.,4,"sports, person"
http://images.cocodataset.org/val2017/000000217948.jpg,A family of bears in front of a fence at a humane facility.,1,animal
http://images.cocodataset.org/val2017/000000217957.jpg,An ornate clock on the side of a building next to a tree.,41,indoor
http://images.cocodataset.org/val2017/000000218091.jpg,A hotel suite with a desk sofa and bed,28,"electronic, furniture"
http://images.cocodataset.org/val2017/000000218249.jpg,A food tray with french fries and a sandwich.,58,"furniture, food"
http://images.cocodataset.org/val2017/000000218362.jpg,Multiple time pieces displayed on the wall and on a flat surface.,41,indoor
http://images.cocodataset.org/val2017/000000218424.jpg,Four zebras stand together in a grassy plain.,1,animal
http://images.cocodataset.org/val2017/000000218439.jpg,Man brushing his teeth and looking at his phone.,116,"electronic, indoor, kitchen, person, furniture"
http://images.cocodataset.org/val2017/000000218997.jpg,A child sits with a ball and bats around them.,4,"sports, person"
http://images.cocodataset.org/val2017/000000219271.jpg,The black and white photo shows a truck tilting a large cargo crate.,9,"vehicle, person"
http://images.cocodataset.org/val2017/000000219283.jpg,A teddy bear sitting on the ground in front of many boxes.,279,"kitchen, food, indoor"
http://images.cocodataset.org/val2017/000000219440.jpg,a cow staring into a camera standing on a field ,1,animal
http://images.cocodataset.org/val2017/000000219485.jpg,Cat in window sill of colored panes on building,1,animal
http://images.cocodataset.org/val2017/000000219578.jpg,A dog and a cat curled up together on a couch.,48,"furniture, animal"
http://images.cocodataset.org/val2017/000000220310.jpg,A teddy bear inside a basket full of stuff.,41,indoor
http://images.cocodataset.org/val2017/000000220584.jpg,A surfer loses his balance at the end of a ride,4,"sports, person"
http://images.cocodataset.org/val2017/000000220732.jpg,Many trucks and city buses drive down the crowded street.,9,"vehicle, person"
http://images.cocodataset.org/val2017/000000220764.jpg,A person riding skis across snow covered ground.,24,"accessory, sports, person"
http://images.cocodataset.org/val2017/000000220858.jpg,Row boat at the beach's edge ready to go.,103,"vehicle, person, animal"
http://images.cocodataset.org/val2017/000000221017.jpg,A rooster walking on a beach near the ocean.,1,animal
http://images.cocodataset.org/val2017/000000221155.jpg,"Black and white photo of cows near a windmill, house and shed.",1,animal
http://images.cocodataset.org/val2017/000000221213.jpg,A long train sitting on a railroad track. ,12,vehicle
http://images.cocodataset.org/val2017/000000221281.jpg,two giraffes running across a field in the mud,1,animal
http://images.cocodataset.org/val2017/000000221291.jpg,A little boy standing in a field below a kite.,4,"sports, person"
http://images.cocodataset.org/val2017/000000221502.jpg,A memorial park bench with two pots of cut flowers.,227,"outdoor, furniture"
http://images.cocodataset.org/val2017/000000221693.jpg,A small black and brown dog with a frisbee in it's mouth.,53,"sports, animal"
http://images.cocodataset.org/val2017/000000221708.jpg,A kitchen with a table and four chairs.,280,"appliance, electronic, furniture"
http://images.cocodataset.org/val2017/000000221754.jpg,There is very little traffic at this city intersection.,46,"vehicle, outdoor, person"
http://images.cocodataset.org/val2017/000000221872.jpg,"A tray with carrots, peas, rice, and a hard boiled egg.",10,"kitchen, food"
http://images.cocodataset.org/val2017/000000222094.jpg,a stop sighn in a grass feild next to a road. ,3,"vehicle, outdoor"
http://images.cocodataset.org/val2017/000000222118.jpg,A woman holding a purse and a cellphone.,55,"electronic, accessory, person"
http://images.cocodataset.org/val2017/000000222235.jpg,A cat is playing with a plan in a park.,1,animal
http://images.cocodataset.org/val2017/000000222299.jpg,assorted items sitting neatly on a bed ,281,"kitchen, electronic, furniture, indoor"
http://images.cocodataset.org/val2017/000000222317.jpg,A dog lying on a couch with blankets and pillows.,66,"electronic, furniture, animal"
http://images.cocodataset.org/val2017/000000222455.jpg,A vending machine for microwaved food with a microwave at the bottom.,5,appliance
http://images.cocodataset.org/val2017/000000222458.jpg,People walking through the snow past park benches.,75,"outdoor, person"
http://images.cocodataset.org/val2017/000000222559.jpg,A large body of water with boats in the water and various people in the water at the shoreline.,67,"vehicle, sports, person"
http://images.cocodataset.org/val2017/000000222735.jpg,A remote control on a table for the television. ,81,"electronic, person, furniture"
http://images.cocodataset.org/val2017/000000222825.jpg,A kitchen with a stove top oven next to a white fridge.,96,"appliance, kitchen"
http://images.cocodataset.org/val2017/000000222863.jpg,A large cow with horns by some bushes.,1,animal
http://images.cocodataset.org/val2017/000000222991.jpg,An umbrella and rain boots in a corner ,86,accessory
http://images.cocodataset.org/val2017/000000223090.jpg,"A knife, carrots, and cabbage on a white cutting board.",10,"kitchen, food"
http://images.cocodataset.org/val2017/000000223130.jpg,A giraffe reaching up to some tree branches,1,animal
http://images.cocodataset.org/val2017/000000223182.jpg,a tennis player drying off his face with a towel ,282,"sports, kitchen, outdoor, person, furniture"
http://images.cocodataset.org/val2017/000000223188.jpg,"An Elvis look-alike is seated on the  back of a statue of what appears to be a bull, or water buffalo, against a backdrop of green foliage. ",283,"indoor, person, animal"
http://images.cocodataset.org/val2017/000000223738.jpg,Young man in orange jersey swinging a baseball bat.,4,"sports, person"
http://images.cocodataset.org/val2017/000000223747.jpg,A young man and his cute cat enjoy a nap together.,120,"person, furniture, animal"
http://images.cocodataset.org/val2017/000000223789.jpg,This is someones sink in their bathroom in their home.,96,"appliance, kitchen"
http://images.cocodataset.org/val2017/000000223955.jpg,A person stretches to catch a red Frisbee.,4,"sports, person"
http://images.cocodataset.org/val2017/000000223959.jpg,a male tennis player in a white shirt is holding his racket,4,"sports, person"
http://images.cocodataset.org/val2017/000000224051.jpg,Bicycle parked by the side of busy highway on a concrete slab. ,12,vehicle
http://images.cocodataset.org/val2017/000000224093.jpg,A field with a bunch of cows grazing.,1,animal
http://images.cocodataset.org/val2017/000000224119.jpg,The interior of a dimly lit plane or train.,30,"electronic, person"
http://images.cocodataset.org/val2017/000000224200.jpg,A large dog is tied up to a fire hydrant.,131,"outdoor, animal"
http://images.cocodataset.org/val2017/000000224222.jpg,three guys are catching waves and one is on a surfboard,4,"sports, person"
http://images.cocodataset.org/val2017/000000224337.jpg,A man holds pizza crust in his mouth.,43,"person, food"
http://images.cocodataset.org/val2017/000000224664.jpg,people on a quiet beach playing with kites,4,"sports, person"
http://images.cocodataset.org/val2017/000000224675.jpg,A woman and a boy untangling a kite on a street.,6,"sports, accessory, person"
http://images.cocodataset.org/val2017/000000224724.jpg,There is a woman standing on a city street.,36,"vehicle, accessory, person"
http://images.cocodataset.org/val2017/000000224807.jpg,People sitting down in the restaurant eating meals,27,"kitchen, accessory, person, furniture"
http://images.cocodataset.org/val2017/000000225184.jpg,Three sheep and a dog standing in a field.,1,animal
http://images.cocodataset.org/val2017/000000225405.jpg,Two young boys kick a soccer ball on a soccer field,4,"sports, person"
http://images.cocodataset.org/val2017/000000225532.jpg,A highway filled with lots of traffic nest to a traffic light.,12,vehicle
http://images.cocodataset.org/val2017/000000225670.jpg,a black dog in the air catching a frisbee,284,"outdoor, sports, animal"
http://images.cocodataset.org/val2017/000000225757.jpg,"A computer desk with a laptop, desktop monitors and a television.",11,electronic
http://images.cocodataset.org/val2017/000000225946.jpg,a green white engine is pulling some gray train cars,3,"vehicle, outdoor"
http://images.cocodataset.org/val2017/000000226058.jpg,A boy and girl teddy bear are posed next to each other on a couch.,2,"furniture, indoor"
http://images.cocodataset.org/val2017/000000226130.jpg,Two hot dogs on a white plate with piece of parsley.,58,"furniture, food"
http://images.cocodataset.org/val2017/000000226147.jpg,A woman taking a photo of her food with a cell phone.,285,"food, electronic, indoor, kitchen, accessory, person, furniture"
http://images.cocodataset.org/val2017/000000226154.jpg,a green tour bus driving down the road,9,"vehicle, person"
http://images.cocodataset.org/val2017/000000226171.jpg,"A desk with a computer, computer keyboard, mug, empty plastic bottle, red pen, and a laptop.",71,"electronic, kitchen"
http://images.cocodataset.org/val2017/000000226408.jpg,Child laying down with arms extended in the air.,126,"person, furniture, indoor"
http://images.cocodataset.org/val2017/000000226417.jpg,Many people are driving motorcycles through an intersection.,15,"vehicle, outdoor, accessory, person"
http://images.cocodataset.org/val2017/000000226592.jpg,a bedroom with a blanket and some pillows,14,furniture
http://images.cocodataset.org/val2017/000000226662.jpg,A customized motorcycle with a large rear and skinny front tire,9,"vehicle, person"
http://images.cocodataset.org/val2017/000000226802.jpg,"An Asian city square, with people, buses, and a McDonald's.",9,"vehicle, person"
http://images.cocodataset.org/val2017/000000226883.jpg,A horse is grazing near a building in the grass.,1,animal
http://images.cocodataset.org/val2017/000000226903.jpg,"A counter with cakes, food and serving utensils. ",235,"food, kitchen, vehicle, person, furniture"
http://images.cocodataset.org/val2017/000000226984.jpg,"A kitchen with white appliances, countertop and oak cabinets.",110,"appliance, kitchen, furniture"
http://images.cocodataset.org/val2017/000000227044.jpg,A cat idly looks by on top of a sink,161,"appliance, kitchen, furniture, animal"
http://images.cocodataset.org/val2017/000000227187.jpg,a table that has some bananas on it,97,"food, animal"
http://images.cocodataset.org/val2017/000000227399.jpg,A white and yellow train traveling down a road next to a red motorcycle.,36,"vehicle, accessory, person"
http://images.cocodataset.org/val2017/000000227478.jpg,Two women sit next to each other on a park bench. ,172,"outdoor, accessory, person"
http://images.cocodataset.org/val2017/000000227482.jpg,"A young man is catching or throwing a frisbee,",4,"sports, person"
http://images.cocodataset.org/val2017/000000227491.jpg,A female skier sits down on a bench eating a bagel.,286,"kitchen, outdoor, person, food"
http://images.cocodataset.org/val2017/000000227511.jpg,There are plenty of cars parked on the side of the street. ,3,"vehicle, outdoor"
http://images.cocodataset.org/val2017/000000227686.jpg,A horse with blinder and a colorful harness in the woods,1,animal
http://images.cocodataset.org/val2017/000000227765.jpg,A large pot of vegetable soup with a large wooden spoon.,10,"kitchen, food"
http://images.cocodataset.org/val2017/000000227898.jpg,A picture of a person riding a horse.,229,"vehicle, outdoor, person, animal"
http://images.cocodataset.org/val2017/000000227985.jpg,A plate with two ham sandwiches garnished with lettuce,16,"kitchen, furniture, food"
http://images.cocodataset.org/val2017/000000228144.jpg,"A chair sitting in the middle of the room, in a black and white photo.",14,furniture
http://images.cocodataset.org/val2017/000000228214.jpg,A full dressed marine is looking at his cell phone.,287,"kitchen, accessory, electronic, person"
http://images.cocodataset.org/val2017/000000228436.jpg,A bike parked up against a  fence with a bag over it's seat.,12,vehicle
http://images.cocodataset.org/val2017/000000228942.jpg,A bunch of cars are crossing an intersection.,46,"vehicle, outdoor, person"
http://images.cocodataset.org/val2017/000000228981.jpg,A table with three different electronic devices. ,11,electronic
http://images.cocodataset.org/val2017/000000229111.jpg,a boy holds up a homemade game controller,30,"electronic, person"
http://images.cocodataset.org/val2017/000000229216.jpg,Two women sitting on a ledge deep in thought.,30,"electronic, person"
http://images.cocodataset.org/val2017/000000229221.jpg,a black and white cow is standing in a field,1,animal
http://images.cocodataset.org/val2017/000000229311.jpg,A stainless steel kitchen sink on a black granite countertop.,37,"appliance, kitchen, indoor"
http://images.cocodataset.org/val2017/000000229358.jpg,A man standing in front of a mirror in a room.,288,"electronic, indoor, kitchen, appliance, accessory, person"
http://images.cocodataset.org/val2017/000000229553.jpg,A guy squatting on a skateboard trying to balance.,4,"sports, person"
http://images.cocodataset.org/val2017/000000229601.jpg,A baseball player who is running on a baseball field.,4,"sports, person"
http://images.cocodataset.org/val2017/000000229659.jpg,A laptop computer sitting on top of a wooden table.,116,"electronic, indoor, kitchen, person, furniture"
http://images.cocodataset.org/val2017/000000229747.jpg,An air plane flies in a dark grey sky,12,vehicle
http://images.cocodataset.org/val2017/000000229753.jpg,Two tall giraffes are next to bare trees.,1,animal
http://images.cocodataset.org/val2017/000000229849.jpg,A person leaping into the air while holding a tennis racquet.,54,"sports, person, furniture"
http://images.cocodataset.org/val2017/000000229858.jpg,An antelope walking out of the bushes towards a baby antelope.,1,animal
http://images.cocodataset.org/val2017/000000229948.jpg,there are two horses that are pulling a carriage,196,"vehicle, accessory, person, animal"
http://images.cocodataset.org/val2017/000000229997.jpg,Black bear outside with large birds and fallen trees.,1,animal
http://images.cocodataset.org/val2017/000000230008.jpg,a traffic motorcycle cop waits to give a ticket,9,"vehicle, person"
http://images.cocodataset.org/val2017/000000230166.jpg,A herd of sheep grazing in a field.,1,animal
http://images.cocodataset.org/val2017/000000230362.jpg,Several sailboats are docked at a lake under cloudy skies.,12,vehicle
http://images.cocodataset.org/val2017/000000230450.jpg,A row of parking meters on a curb side.,3,"vehicle, outdoor"
http://images.cocodataset.org/val2017/000000230819.jpg,A wetsuit clad surfer catching a wave in front of a pier.,4,"sports, person"
http://images.cocodataset.org/val2017/000000230983.jpg,A man in black shirt doing a trick on a skateboard.,67,"vehicle, sports, person"
http://images.cocodataset.org/val2017/000000230993.jpg,Two women with open umbrellas walking down a street.,17,"accessory, person"
http://images.cocodataset.org/val2017/000000231088.jpg,Several umbrellas of different colors are hanging in the sun.,86,accessory
http://images.cocodataset.org/val2017/000000231097.jpg,"Broccoli, carrots and a small amount of potatoes on a plate.",16,"kitchen, furniture, food"
http://images.cocodataset.org/val2017/000000231125.jpg,A person putting doughnuts into a bag in a shop.,43,"person, food"
http://images.cocodataset.org/val2017/000000231169.jpg,Small train coming down the rail road tracks.,12,vehicle
http://images.cocodataset.org/val2017/000000231237.jpg,Flower are placed in a vase covered in shells.,2,"furniture, indoor"
http://images.cocodataset.org/val2017/000000231339.jpg,A child in front of a well stocked refrigerator.,85,"appliance, kitchen, person"
http://images.cocodataset.org/val2017/000000231508.jpg,The pitcher  on the mound has just let go of a baseball directed to the batter. ,289,"sports, vehicle, outdoor, person, furniture"
http://images.cocodataset.org/val2017/000000231527.jpg,Oranges and two jars of an orange substance on a wooden table.,16,"kitchen, furniture, food"
http://images.cocodataset.org/val2017/000000231549.jpg,A bed flanked on both sides by two room lights and desks.,40,"kitchen, furniture, indoor"
http://images.cocodataset.org/val2017/000000231580.jpg,a man talks in front of a group of kids ,120,"person, furniture, animal"
http://images.cocodataset.org/val2017/000000231747.jpg,Several museum displays of baseball uniforms and bats.,4,"sports, person"
http://images.cocodataset.org/val2017/000000231822.jpg,Two sandwiches and macaroni and cheese and desert on a cafeteria tray.,16,"kitchen, furniture, food"
http://images.cocodataset.org/val2017/000000231831.jpg,A cat stands with its paws against a desk. ,170,"electronic, indoor, furniture, animal"
http://images.cocodataset.org/val2017/000000231879.jpg,A woman holding a birthday cake with one candle near a man with a baby in his lap.,78,"person, furniture, food"
http://images.cocodataset.org/val2017/000000232088.jpg,A living room filled with furniture and decor. ,28,"electronic, furniture"
http://images.cocodataset.org/val2017/000000232244.jpg,An elephant draped with a colorful blanket wearing a decorative head piece.,1,animal
http://images.cocodataset.org/val2017/000000232348.jpg,Toaster and blender plugged in on a kitchen counter.,5,appliance
http://images.cocodataset.org/val2017/000000232489.jpg,A couple of slices of pizza on top of a white plate.,19,food
http://images.cocodataset.org/val2017/000000232538.jpg,A passenger train stopped near a train station.,3,"vehicle, outdoor"
http://images.cocodataset.org/val2017/000000232563.jpg,A man in a black jacket holding a zebra print umbrella.,17,"accessory, person"
http://images.cocodataset.org/val2017/000000232646.jpg,A snow covered road with a stop sign next to it.,52,outdoor
http://images.cocodataset.org/val2017/000000232649.jpg,a woman taking a picture in a bathroom mirror and a toilet and sink,23,"appliance, person, furniture"
http://images.cocodataset.org/val2017/000000232684.jpg,A man uses a laptop in an otherwise dark room.,30,"electronic, person"
http://images.cocodataset.org/val2017/000000232692.jpg,Man in black shirt wake boarding over a rail.,4,"sports, person"
http://images.cocodataset.org/val2017/000000233033.jpg,The wooden patio deck has plenty of seating. ,135,"accessory, furniture"
http://images.cocodataset.org/val2017/000000233139.jpg,A display of clocks inside a shop window.,41,indoor
http://images.cocodataset.org/val2017/000000233238.jpg,People are lined up along a long picnic table.,18,"kitchen, person, furniture"
http://images.cocodataset.org/val2017/000000233370.jpg,A woman lies on the ground under a suitcase.,17,"accessory, person"
http://images.cocodataset.org/val2017/000000233567.jpg,The goats are standing together on the straw.,1,animal
http://images.cocodataset.org/val2017/000000233727.jpg,a bus that is parked outside of some buildings,9,"vehicle, person"
http://images.cocodataset.org/val2017/000000233771.jpg,A lady in a crowd holding an umbrella with a British flag design.,29,"vehicle, accessory, person, indoor"
http://images.cocodataset.org/val2017/000000233825.jpg,some windows a fireplace books tables and a couch,39,"electronic, furniture, indoor"
http://images.cocodataset.org/val2017/000000234366.jpg,A clock tower in the middle of a town square.,41,indoor
http://images.cocodataset.org/val2017/000000234413.jpg,A toilet right next to a shower stall. ,14,furniture
http://images.cocodataset.org/val2017/000000234526.jpg,Kids feeding a giraffe at a zoo with plants.,35,"person, animal"
http://images.cocodataset.org/val2017/000000234607.jpg,A man and a women in an odd position holding Wii remotes.,30,"electronic, person"
http://images.cocodataset.org/val2017/000000234660.jpg,two trains on a track near one another ,12,vehicle
http://images.cocodataset.org/val2017/000000234757.jpg,A bunch of water covering a lot of stuff in the streer,52,outdoor
http://images.cocodataset.org/val2017/000000234779.jpg,Two sloppy joe sandwiches on two separate plates,19,food
http://images.cocodataset.org/val2017/000000234807.jpg,a number of horses in a field near a building ,1,animal
http://images.cocodataset.org/val2017/000000235057.jpg,A giraffe extends its tongue to drink water,1,animal
http://images.cocodataset.org/val2017/000000235064.jpg,A bear walking across a stone wall near trees.,1,animal
http://images.cocodataset.org/val2017/000000235241.jpg,A young lady that is making a diving catch to get the frisbee. ,24,"accessory, sports, person"
http://images.cocodataset.org/val2017/000000235252.jpg,A small herd of giraffe standing in a plain.,1,animal
http://images.cocodataset.org/val2017/000000235399.jpg,a moving truck with a dog sitting in the back,173,"vehicle, furniture, animal"
http://images.cocodataset.org/val2017/000000235778.jpg,a teenager hanging paper tassels from a long string,4,"sports, person"
http://images.cocodataset.org/val2017/000000235784.jpg,A women who is walking in the snow on skis.,17,"accessory, person"
http://images.cocodataset.org/val2017/000000235836.jpg,A toddler hitting the ball with a baseball bat in his backyard.,54,"sports, person, furniture"
http://images.cocodataset.org/val2017/000000235857.jpg,Three cows two black and one brown grazing in a green field.,1,animal
http://images.cocodataset.org/val2017/000000236166.jpg,A man holding a small white dog while wearing a black hat.,35,"person, animal"
http://images.cocodataset.org/val2017/000000236308.jpg,Two people dressed in red skiing across a snowy landscape.,24,"accessory, sports, person"
http://images.cocodataset.org/val2017/000000236412.jpg,A pizza pie sits in a dish on a table. ,10,"kitchen, food"
http://images.cocodataset.org/val2017/000000236426.jpg,A tennis player is playing tennis while a crowd watches.,54,"sports, person, furniture"
http://images.cocodataset.org/val2017/000000236592.jpg,A dog watches something cooking in an oven.,62,"appliance, animal"
http://images.cocodataset.org/val2017/000000236599.jpg,Kites tied to a fence flying on a windy day.,4,"sports, person"
http://images.cocodataset.org/val2017/000000236690.jpg,an image of a bird flying over the water,1,animal
http://images.cocodataset.org/val2017/000000236721.jpg,A breakfast was delivered to a hotel room on a tray.,10,"kitchen, food"
http://images.cocodataset.org/val2017/000000236730.jpg,A large lone zebra poses for a picture inside a zoo,1,animal
http://images.cocodataset.org/val2017/000000236784.jpg,there are two large dogs sleeping on the couch,48,"furniture, animal"
http://images.cocodataset.org/val2017/000000236845.jpg,there is a street sign that has been written on,12,vehicle
http://images.cocodataset.org/val2017/000000236914.jpg,Two stuffed bears are positioned at a table with a jar of honey,40,"kitchen, furniture, indoor"
http://images.cocodataset.org/val2017/000000237071.jpg,A man running with a racket trying to .hit a tennis ball,4,"sports, person"
http://images.cocodataset.org/val2017/000000237118.jpg,A middle aged man takes a selfie in a mirror.,290,"appliance, accessory, person"
http://images.cocodataset.org/val2017/000000237316.jpg,The lid is up on a toilet viewed through the open door of a bathroom.,51,"appliance, furniture"
http://images.cocodataset.org/val2017/000000237517.jpg,A patio table with two dinner plates of food and two bowls of salad.,20,"kitchen, furniture"
http://images.cocodataset.org/val2017/000000237864.jpg,Adult elephant running after a small brown dog. ,1,animal
http://images.cocodataset.org/val2017/000000237928.jpg,Small kitchen with cabinets and a microwave on the counter.,5,appliance
http://images.cocodataset.org/val2017/000000237984.jpg,a bench sits in front of a chair ,227,"outdoor, furniture"
http://images.cocodataset.org/val2017/000000238013.jpg,A man prepares to hit a tennis ball,4,"sports, person"
http://images.cocodataset.org/val2017/000000238039.jpg,a small animal walking down a rock road,1,animal
http://images.cocodataset.org/val2017/000000238410.jpg,A group of people gathered around a table outdoors having a meeting.,243,"indoor, kitchen, accessory, person, furniture"
http://images.cocodataset.org/val2017/000000238866.jpg,A rack topped with glazed donuts sitting side by side.,19,food
http://images.cocodataset.org/val2017/000000239041.jpg,Bathroom scene showing a television and a hair dryer.,184,"appliance, electronic, kitchen, indoor"
http://images.cocodataset.org/val2017/000000239274.jpg,A group of people mingle on a yacht beside the coast.,9,"vehicle, person"
http://images.cocodataset.org/val2017/000000239318.jpg,a laptop on a desk with an extra keyboard,28,"electronic, furniture"
http://images.cocodataset.org/val2017/000000239347.jpg,A photo of a man and his wife on a bed,99,"accessory, person, furniture"
http://images.cocodataset.org/val2017/000000239537.jpg,A man in white shirt and shorts playing a game of tennis.,4,"sports, person"
http://images.cocodataset.org/val2017/000000239627.jpg,A sink that has a few dishes and cleaning products.,96,"appliance, kitchen"
http://images.cocodataset.org/val2017/000000239717.jpg,a smiling man holding a little plate of food ,90,"kitchen, person"
http://images.cocodataset.org/val2017/000000239773.jpg,Baseball player in blue and white uniform swinging at a ball. ,4,"sports, person"
http://images.cocodataset.org/val2017/000000239843.jpg,Two street signs on top of a stop sign.,52,outdoor
http://images.cocodataset.org/val2017/000000239857.jpg,A woman is about to throw a frisbee in the dirt.,54,"sports, person, furniture"
http://images.cocodataset.org/val2017/000000240023.jpg,An athlete wiping sweat from his brow with his shirt.,54,"sports, person, furniture"
http://images.cocodataset.org/val2017/000000240049.jpg,A woman holding a young child in her arms.,35,"person, animal"
http://images.cocodataset.org/val2017/000000240250.jpg,A woman sitting down at a table with pizza.,104,"kitchen, person, furniture, food"
http://images.cocodataset.org/val2017/000000240754.jpg,A small cow in a enclosure with straw on the floor. ,1,animal
http://images.cocodataset.org/val2017/000000240940.jpg,a cat siting on the ground watching a tv,291,"electronic, indoor, animal, appliance, vehicle"
http://images.cocodataset.org/val2017/000000241297.jpg,A train with a yellow front driving on a track.,12,vehicle
http://images.cocodataset.org/val2017/000000241319.jpg,A bathroom sink with two toothbrushes facing each other.,292,"appliance, kitchen, accessory, indoor"
http://images.cocodataset.org/val2017/000000241326.jpg,A big chair with a gray cat laying on top of it next to a black dog.,48,"furniture, animal"
http://images.cocodataset.org/val2017/000000241602.jpg,Feminine ambience style restroom with wide open feel,124,"appliance, kitchen, furniture, indoor"
http://images.cocodataset.org/val2017/000000241668.jpg,There are two people enjoying a wedding reception,293,"accessory, person, furniture, food"
http://images.cocodataset.org/val2017/000000241677.jpg,a bunch of people on camels walk up some stairs ,35,"person, animal"
http://images.cocodataset.org/val2017/000000242060.jpg,A plate of cupcakes on a napkin with spoons and drink glasses.,16,"kitchen, furniture, food"
http://images.cocodataset.org/val2017/000000242287.jpg,"Bicycle leaning up against a dirty board, near outdoor market.",12,vehicle
http://images.cocodataset.org/val2017/000000242411.jpg,A clock tower on top of a store building in a busy city.,294,"vehicle, outdoor, person, indoor"
http://images.cocodataset.org/val2017/000000242678.jpg,Horse above hurdle at Kentucky horse show event. ,35,"person, animal"
http://images.cocodataset.org/val2017/000000242724.jpg,Two very sexy women in bikinis riding horses in the ocean.,35,"person, animal"
http://images.cocodataset.org/val2017/000000242934.jpg,A large living room is seen in this image.,39,"electronic, furniture, indoor"
http://images.cocodataset.org/val2017/000000242946.jpg,A group of women sitting around a table sharing a meal.,104,"kitchen, person, furniture, food"
http://images.cocodataset.org/val2017/000000243034.jpg,A tall clock tower at the end of a palm tree lined pool.,132,"person, indoor"
http://images.cocodataset.org/val2017/000000243075.jpg,A polar bear is sitting next to a sheet of ice.,1,animal
http://images.cocodataset.org/val2017/000000243148.jpg,A skier bending down to help a toddler with his little skis.,4,"sports, person"
http://images.cocodataset.org/val2017/000000243199.jpg,A plaid comforter with a laptop sitting on it.,28,"electronic, furniture"
http://images.cocodataset.org/val2017/000000243204.jpg,A man is cooking while wearing a jacket and scarf,159,"appliance, kitchen, person, food"
http://images.cocodataset.org/val2017/000000243344.jpg,A cat sitting on top of a metallic refrigerator freezer.,62,"appliance, animal"
http://images.cocodataset.org/val2017/000000243495.jpg,"A bathroom with a soap dispenser, toilet and rolls of toilet paper.",14,furniture
http://images.cocodataset.org/val2017/000000243626.jpg,a pork chop some green beans on a white plate and a fork,32,kitchen
http://images.cocodataset.org/val2017/000000243867.jpg,A bus and a car travelling in the same direction on a sunny day. ,9,"vehicle, person"
http://images.cocodataset.org/val2017/000000243989.jpg,THERE ARE PEOPLE STADING ON THE STREET WITH SKATE BOARD,4,"sports, person"
http://images.cocodataset.org/val2017/000000244019.jpg,A rusty fire hydrant is red white and blue.,52,outdoor
http://images.cocodataset.org/val2017/000000244099.jpg,A PERSON IS RIDING A HORSE THAT IS RUNNING VERY FAST,35,"person, animal"
http://images.cocodataset.org/val2017/000000244181.jpg,a close up of sandwiches on a plate,16,"kitchen, furniture, food"
http://images.cocodataset.org/val2017/000000244379.jpg,View down a two lane road at a red stop signal.,3,"vehicle, outdoor"
http://images.cocodataset.org/val2017/000000244411.jpg,Two cows in a large green grassy field.,1,animal
http://images.cocodataset.org/val2017/000000244496.jpg,A bald man with glasses stares forward while wearing a robot tie.,17,"accessory, person"
http://images.cocodataset.org/val2017/000000244592.jpg,"Three trapped, captive zebras standing around a food or water trough. ",1,animal
http://images.cocodataset.org/val2017/000000244750.jpg,A table topped with three wine glasses and a laptop.,18,"kitchen, person, furniture"
http://images.cocodataset.org/val2017/000000244833.jpg,there are two motorcycles that are parked behind seats,295,"electronic, vehicle, person, furniture"
http://images.cocodataset.org/val2017/000000245026.jpg,A woman in glasses holding up a cake with frosting.,296,"indoor, kitchen, person, food"
http://images.cocodataset.org/val2017/000000245102.jpg,The entrance and exit to a snowy parking garage.,52,outdoor
http://images.cocodataset.org/val2017/000000245173.jpg,High stone tower with windows in an old village.,114,"vehicle, indoor"
http://images.cocodataset.org/val2017/000000245311.jpg,Two adults working behind a counter displaying pastries.,95,"kitchen, person, food"
http://images.cocodataset.org/val2017/000000245320.jpg,A man performing on a skateboard ramp jump.,67,"vehicle, sports, person"
http://images.cocodataset.org/val2017/000000245448.jpg,A man standing next to a parked motorcycle.,9,"vehicle, person"
http://images.cocodataset.org/val2017/000000245513.jpg,A giraffe and bird in a grassy area with a fence.,131,"outdoor, animal"
http://images.cocodataset.org/val2017/000000245576.jpg,An orange cat sitting on top of a computer desk.,297,"indoor, electronic, kitchen, animal"
http://images.cocodataset.org/val2017/000000245651.jpg,A large white multi layered cake sitting on top of a table.,19,food
http://images.cocodataset.org/val2017/000000245764.jpg,A cat is laying on a toilet seat,48,"furniture, animal"
http://images.cocodataset.org/val2017/000000245915.jpg,A herd of elephants splashing and playing in a river.,1,animal
http://images.cocodataset.org/val2017/000000246308.jpg,A desk with a computer and collectible figurines above.,28,"electronic, furniture"
http://images.cocodataset.org/val2017/000000246436.jpg,an image of a man slicing a small pizza,159,"appliance, kitchen, person, food"
http://images.cocodataset.org/val2017/000000246454.jpg,A little girl kneeling down to pet two dogs on a leash.,87,"accessory, person, animal"
http://images.cocodataset.org/val2017/000000246522.jpg,A spire over a beautiful brick building behind red tiled roofs.,41,indoor
http://images.cocodataset.org/val2017/000000246883.jpg,two male surfers carrying their surfboards at the beach,4,"sports, person"
http://images.cocodataset.org/val2017/000000246963.jpg,A group of people on motorcycles stopped at a stop sign.,46,"vehicle, outdoor, person"
http://images.cocodataset.org/val2017/000000246968.jpg,A woman standing in a kitchen making food.,183,"food, electronic, kitchen, appliance, person, furniture"
http://images.cocodataset.org/val2017/000000247806.jpg,We are looking up at an old clock tower.,41,indoor
http://images.cocodataset.org/val2017/000000247838.jpg,A herd of buffalo are standing in the snow.,1,animal
http://images.cocodataset.org/val2017/000000247917.jpg,Two adult men stands with a group of little league baseball players for a group photo,4,"sports, person"
http://images.cocodataset.org/val2017/000000248111.jpg,some cans sitting on the kitchen floor ,298,"appliance, kitchen, accessory"
http://images.cocodataset.org/val2017/000000248112.jpg,The man is swinging the tennis racket in the air. ,4,"sports, person"
http://images.cocodataset.org/val2017/000000248284.jpg,a woman is walking down the street with an umbrella,172,"outdoor, accessory, person"
http://images.cocodataset.org/val2017/000000248314.jpg,Portioned lunch in front of laptop in nice workspace.,299,"kitchen, electronic, furniture"
http://images.cocodataset.org/val2017/000000248334.jpg,a boat filled with people going down a river,9,"vehicle, person"
http://images.cocodataset.org/val2017/000000248400.jpg,A boy holding open and gesturing towards a pizza box kid with a message written on it.,104,"kitchen, person, furniture, food"
http://images.cocodataset.org/val2017/000000248616.jpg,Three images of the same man hitting a tennis ball,4,"sports, person"
http://images.cocodataset.org/val2017/000000248631.jpg,A Windows laptop computer with a large mouse.,11,electronic
http://images.cocodataset.org/val2017/000000248752.jpg,A baseball player is getting ready for a pitch.,4,"sports, person"
http://images.cocodataset.org/val2017/000000248810.jpg,A very cute giraffe standing by a fence.,35,"person, animal"
http://images.cocodataset.org/val2017/000000248980.jpg,"A plate of food sitting on a table, it appears to be a salad.",19,food
http://images.cocodataset.org/val2017/000000249025.jpg,A beautiful yellow rose is seen in a small vase.,41,indoor
http://images.cocodataset.org/val2017/000000249129.jpg,The room is full of stuffed animals arranged in chairs.,40,"kitchen, furniture, indoor"
http://images.cocodataset.org/val2017/000000249180.jpg,Two men walking opposite directions on a staircase.,30,"electronic, person"
http://images.cocodataset.org/val2017/000000249219.jpg,A double decker bus driving down the road.,12,vehicle
http://images.cocodataset.org/val2017/000000249550.jpg,A spare bedroom with a bed with a flowered blanket.,14,furniture
http://images.cocodataset.org/val2017/000000249643.jpg,A train running along a track near a station.,9,"vehicle, person"
http://images.cocodataset.org/val2017/000000249786.jpg,a man jumping skis at a ski area,4,"sports, person"
http://images.cocodataset.org/val2017/000000250127.jpg,A young lady under an umbrella by a train,166,"electronic, vehicle, accessory, person"
http://images.cocodataset.org/val2017/000000250137.jpg,A woman reaching in her purse while holding an umbrella.,21,"kitchen, accessory, person"
http://images.cocodataset.org/val2017/000000250205.jpg,Two seagulls standing on a rock looking out over the beach.,1,animal
http://images.cocodataset.org/val2017/000000250282.jpg,A group of young children sitting next to each other.,17,"accessory, person"
http://images.cocodataset.org/val2017/000000250619.jpg,A woman laying on the beach under an umbrella.,17,"accessory, person"
http://images.cocodataset.org/val2017/000000250758.jpg,A zebra with a left side pose while standing in a field.,1,animal
http://images.cocodataset.org/val2017/000000250766.jpg,A dinner plate with a colorful salad and grilled meat.,16,"kitchen, furniture, food"
http://images.cocodataset.org/val2017/000000250901.jpg,A group of people getting their food from a bag.,300,"indoor, person, food"
http://images.cocodataset.org/val2017/000000251065.jpg,A white toilet with a black seat sitting in a small stall.,14,furniture
http://images.cocodataset.org/val2017/000000251119.jpg,Sandwich with container of fruit and container of juice in small cardboard box.,19,food
http://images.cocodataset.org/val2017/000000251140.jpg,A sign explaining the components of a 10 speed bike.,101,"vehicle, person, indoor"
http://images.cocodataset.org/val2017/000000251537.jpg,A singke vegetable and some herbs that are sitting on a cutting board. ,58,"furniture, food"
http://images.cocodataset.org/val2017/000000251572.jpg,A woman laying on a couch with a white and brown puppy.,120,"person, furniture, animal"
http://images.cocodataset.org/val2017/000000251824.jpg,A person is removing an object from the plastic casing.,132,"person, indoor"
http://images.cocodataset.org/val2017/000000252216.jpg,Some animals that are standing in the grass together.,1,animal
http://images.cocodataset.org/val2017/000000252219.jpg,People are walking on the street by a homeless person.,301,"kitchen, outdoor, accessory, person"
http://images.cocodataset.org/val2017/000000252294.jpg,A person is sitting behind a curtain with another person behind them.,18,"kitchen, person, furniture"
http://images.cocodataset.org/val2017/000000252332.jpg,A close up of a Stop sign near woods. ,52,outdoor
http://images.cocodataset.org/val2017/000000252507.jpg,A man riding skis across a snow covered slope.,4,"sports, person"
http://images.cocodataset.org/val2017/000000252559.jpg,People walking by a building with a unique drainpipe.,80,person
http://images.cocodataset.org/val2017/000000252701.jpg,A boy riding waves on his surf board in the ocean. ,4,"sports, person"
http://images.cocodataset.org/val2017/000000252716.jpg,The woman walks far away from the Frisbee laying near a tree.,4,"sports, person"
http://images.cocodataset.org/val2017/000000252776.jpg,A man is on the court holding his racket. ,59,"outdoor, sports, person"
http://images.cocodataset.org/val2017/000000253002.jpg,The side of a buss with a sign on it.,12,vehicle
http://images.cocodataset.org/val2017/000000253386.jpg,A black and brown dog wearing a chain around it's neck.,35,"person, animal"
http://images.cocodataset.org/val2017/000000253433.jpg,The teddy bear is all chained up on the bed,2,"furniture, indoor"
http://images.cocodataset.org/val2017/000000253452.jpg,Several plates of food and a cup of coffee on a table.,16,"kitchen, furniture, food"
http://images.cocodataset.org/val2017/000000253695.jpg,outfield baseball player looking up to catch fly ball,4,"sports, person"
http://images.cocodataset.org/val2017/000000253742.jpg,Several people holding umbrellas and standing next to deer.,17,"accessory, person"
http://images.cocodataset.org/val2017/000000253819.jpg,A man that is jumping in the air with a skateboard.,4,"sports, person"
http://images.cocodataset.org/val2017/000000253835.jpg,A woman standing on the side walk with her child.,302,"indoor, kitchen, vehicle, outdoor, accessory, person"
http://images.cocodataset.org/val2017/000000254016.jpg,a doughnut factory making doughnuts in oil ,95,"kitchen, person, food"
http://images.cocodataset.org/val2017/000000254368.jpg,A black and white picture of a man eating in his bed. ,107,"person, furniture"
http://images.cocodataset.org/val2017/000000254516.jpg,A major league baseball player gets ready to hit a ball.,59,"outdoor, sports, person"
http://images.cocodataset.org/val2017/000000254814.jpg,A crowded city street filled with motorcycle and car traffic. ,46,"vehicle, outdoor, person"
http://images.cocodataset.org/val2017/000000255165.jpg,"a desk filled with some paperwork, a laptop and a computer with two monitors",153,"electronic, kitchen, indoor"
http://images.cocodataset.org/val2017/000000255401.jpg,This bathroom seems to be very dirty and old,110,"appliance, kitchen, furniture"
http://images.cocodataset.org/val2017/000000255483.jpg,"An old, captioned picture of a telegraph editor readying stories for a paper.",132,"person, indoor"
http://images.cocodataset.org/val2017/000000255536.jpg,4 chairs rest on the concrete outside in front of a fence.,164,"vehicle, accessory, person, furniture"
http://images.cocodataset.org/val2017/000000255664.jpg,A dog is on the grass playing frisbee.,53,"sports, animal"
http://images.cocodataset.org/val2017/000000255718.jpg,A close up of a rusty fire hydrant.,52,outdoor
http://images.cocodataset.org/val2017/000000255747.jpg,An open faced corn beef sandwich sits on a white plate.,58,"furniture, food"
http://images.cocodataset.org/val2017/000000255749.jpg,A bus is stopped on a dark road.,9,"vehicle, person"
http://images.cocodataset.org/val2017/000000255824.jpg,Half an eclair on a plate and a coffee mug on wooden table.,16,"kitchen, furniture, food"
http://images.cocodataset.org/val2017/000000255912.jpg,A white plate topped with a cut in half sandwich and a salad.,16,"kitchen, furniture, food"
http://images.cocodataset.org/val2017/000000255917.jpg,Some cars on a road with some buildings to the side,46,"vehicle, outdoor, person"
http://images.cocodataset.org/val2017/000000255965.jpg,A cat sitting on a street corner looking at the camera.,1,animal
http://images.cocodataset.org/val2017/000000256192.jpg,A yellow police motorcycle parked on a road near a large crowd behind a barrier.,36,"vehicle, accessory, person"
http://images.cocodataset.org/val2017/000000256195.jpg,A metro style train engine passing under a bridge.,12,vehicle
http://images.cocodataset.org/val2017/000000256407.jpg,A clock that has replaced numbers with teacups,189,"kitchen, indoor"
http://images.cocodataset.org/val2017/000000256518.jpg,A white plate topped with food next to a cup of coffee.,16,"kitchen, furniture, food"
http://images.cocodataset.org/val2017/000000256775.jpg,Three children flying a box kite near the ocean.,4,"sports, person"
http://images.cocodataset.org/val2017/000000256868.jpg,A man filming a person skateboarding on a wall.,59,"outdoor, sports, person"
http://images.cocodataset.org/val2017/000000256916.jpg,Pizzas are sitting on trays on a table.,16,"kitchen, furniture, food"
http://images.cocodataset.org/val2017/000000256941.jpg,Someone mounted an umbrella and a basket on that bicycle.,130,"vehicle, accessory"
http://images.cocodataset.org/val2017/000000257084.jpg,A person on a skateboard is balancing  on the edge of a ramp,54,"sports, person, furniture"
http://images.cocodataset.org/val2017/000000257169.jpg,A person is holding up a hair dryer in the bathroom. ,202,"accessory, person, furniture, indoor"
http://images.cocodataset.org/val2017/000000257370.jpg,two people are playing a baseball video game,81,"electronic, person, furniture"
http://images.cocodataset.org/val2017/000000257478.jpg,A baseball player has his hand on his hip and one hand is up in the air. ,4,"sports, person"
http://images.cocodataset.org/val2017/000000257566.jpg,People in a small boat traveling in water along a walkway,166,"electronic, vehicle, accessory, person"
http://images.cocodataset.org/val2017/000000257624.jpg,there is a young girl playing with soccer balls,4,"sports, person"
http://images.cocodataset.org/val2017/000000257865.jpg,A man holding a tennis racket picks rubs his eye.,4,"sports, person"
http://images.cocodataset.org/val2017/000000257896.jpg,a close up of a person wearing a suit and tie,17,"accessory, person"
http://images.cocodataset.org/val2017/000000258388.jpg,A teenager shoots flames at a friend balancing on a skateboard.,4,"sports, person"
http://images.cocodataset.org/val2017/000000258541.jpg,A man dressed in a shirt and tie standing in a lobby.,17,"accessory, person"
http://images.cocodataset.org/val2017/000000258793.jpg,A parking meter sitting next to a street with a very odd looking building next to it.,46,"vehicle, outdoor, person"
http://images.cocodataset.org/val2017/000000258883.jpg,Pitas on a grill get topped with vegetables.,296,"indoor, kitchen, person, food"
http://images.cocodataset.org/val2017/000000258911.jpg,a person standing next to cows behind containers,35,"person, animal"
http://images.cocodataset.org/val2017/000000259097.jpg,A guy is jumping to catch a frisbee in tall grass.,4,"sports, person"
http://images.cocodataset.org/val2017/000000259382.jpg,A young giraffe tries to stand up straight on it's legs.,1,animal
http://images.cocodataset.org/val2017/000000259571.jpg,Bunch of people sitting in the back of a dump truck,9,"vehicle, person"
http://images.cocodataset.org/val2017/000000259597.jpg,A BOY TAKING A PICTURE WITH HIS PHONE,303,"electronic, outdoor, person, furniture"
http://images.cocodataset.org/val2017/000000259625.jpg,An elephant walks around a fenced in area. ,1,animal
http://images.cocodataset.org/val2017/000000259640.jpg,People riding bikes between a food truck and a building.,232,"vehicle, accessory, person, food"
http://images.cocodataset.org/val2017/000000259690.jpg,A man standing next to another person in a wheel chair.,289,"sports, vehicle, outdoor, person, furniture"
http://images.cocodataset.org/val2017/000000259830.jpg,A building has many bikes pared outside of it,9,"vehicle, person"
http://images.cocodataset.org/val2017/000000259854.jpg,Two street signs are sitting on top of the pole,80,person
http://images.cocodataset.org/val2017/000000260105.jpg,Three over easy cooked eggs  with fried potatoes.,10,"kitchen, food"
http://images.cocodataset.org/val2017/000000260106.jpg,A man jumping a brown horse over an obstacle.,35,"person, animal"
http://images.cocodataset.org/val2017/000000260261.jpg,A man standing behind a truck filled with produce.,304,"kitchen, vehicle, person"
http://images.cocodataset.org/val2017/000000260266.jpg,A stop light in the middle of a small town. ,3,"vehicle, outdoor"
http://images.cocodataset.org/val2017/000000260470.jpg,A counter topped with a large white frosted cake sitting next to small pastry.,162,"vehicle, person, food"
http://images.cocodataset.org/val2017/000000260925.jpg,A cat laying on a white car outside. ,103,"vehicle, person, animal"
http://images.cocodataset.org/val2017/000000261036.jpg,A small child is throwing a purple Frisbee.,4,"sports, person"
http://images.cocodataset.org/val2017/000000261061.jpg,A blurred action photo of a girl throwing a disc,54,"sports, person, furniture"
http://images.cocodataset.org/val2017/000000261097.jpg,The tennis player is walking on the court.,212,"outdoor, sports, person, furniture"
http://images.cocodataset.org/val2017/000000261116.jpg,a table with a large cake and small plates of cake ,305,"food, kitchen, outdoor, person, furniture"
http://images.cocodataset.org/val2017/000000261161.jpg,A dog with a leash on is sitting near a park bench,131,"outdoor, animal"
http://images.cocodataset.org/val2017/000000261318.jpg,A man sitting in a chair is on the phone.,34,"electronic, accessory, person, furniture"
http://images.cocodataset.org/val2017/000000261535.jpg,A barefoot woman walking with a tennis racket and her hand on her butt. ,4,"sports, person"
http://images.cocodataset.org/val2017/000000261706.jpg,A black and white cat hoarding the channel control on the couch.,66,"electronic, furniture, animal"
http://images.cocodataset.org/val2017/000000261712.jpg,Two giraffes wander the open park in the same direction.,1,animal
http://images.cocodataset.org/val2017/000000261732.jpg,"A male tennis player jumping in the air while swinging his tennis racket, on a hard surface court, with a scoreboard behind him.",4,"sports, person"
http://images.cocodataset.org/val2017/000000261888.jpg,A bicyclist waiting in the roadway until two horses pass.,69,"animal, vehicle, outdoor, accessory, person"
http://images.cocodataset.org/val2017/000000261982.jpg,a guy having a spill on his skate board,67,"vehicle, sports, person"
http://images.cocodataset.org/val2017/000000262048.jpg,Beach goes lay out underneath a red umbrella. ,6,"sports, accessory, person"
http://images.cocodataset.org/val2017/000000262227.jpg,A computer monitor sitting on top of a desk.,123,"electronic, indoor"
http://images.cocodataset.org/val2017/000000262440.jpg,A bathroom with lighting and a toilet and other things.,110,"appliance, kitchen, furniture"
http://images.cocodataset.org/val2017/000000262487.jpg,A group of men on a field playing baseball.,4,"sports, person"
http://images.cocodataset.org/val2017/000000262587.jpg,A man riding a wave back to the shore,4,"sports, person"
http://images.cocodataset.org/val2017/000000262631.jpg,A large glass vase with leaves painted on it's sides.,306,"kitchen, person, indoor"
http://images.cocodataset.org/val2017/000000262682.jpg,Two sinks that are in a kitchen near a window.,110,"appliance, kitchen, furniture"
http://images.cocodataset.org/val2017/000000262895.jpg,"A man wearing a tie, jacket and white shirt.",17,"accessory, person"
http://images.cocodataset.org/val2017/000000262938.jpg,Two stuffed dogs under a blanket looking at a picture book.,146,"indoor, animal"
http://images.cocodataset.org/val2017/000000263068.jpg,a person riding a skate board at a skate park,4,"sports, person"
http://images.cocodataset.org/val2017/000000263299.jpg,A train going around a curve near the forest.,12,vehicle
http://images.cocodataset.org/val2017/000000263403.jpg,A surfer flies off the crest of a wave.,4,"sports, person"
http://images.cocodataset.org/val2017/000000263425.jpg,Two men are looking inside of a giant barbecue.,80,person
http://images.cocodataset.org/val2017/000000263463.jpg,a reflection of a dog looking out a window in a side view mirror ,151,"vehicle, outdoor, animal"
http://images.cocodataset.org/val2017/000000263474.jpg,A bathroom toilet seat lid is highly decorated.,14,furniture
http://images.cocodataset.org/val2017/000000263594.jpg,This is a picture of a car parked in a handicap space in a lot.,22,"vehicle, animal"
http://images.cocodataset.org/val2017/000000263644.jpg,"A Victorian style bed, and vanity in a room.",14,furniture
http://images.cocodataset.org/val2017/000000263679.jpg,A man standing on top of a sandy beach near a colorful kite.,4,"sports, person"
http://images.cocodataset.org/val2017/000000263796.jpg,An old toilet painted red with a wooden lid. ,14,furniture
http://images.cocodataset.org/val2017/000000263860.jpg,The elephants are touching each other with their trunks.,1,animal
http://images.cocodataset.org/val2017/000000263966.jpg,Looking through a circle at a horse as it stands near a fence.,35,"person, animal"
http://images.cocodataset.org/val2017/000000263969.jpg,Man and woman holding a knife up to a small cake. ,230,"kitchen, accessory, person, food"
http://images.cocodataset.org/val2017/000000264335.jpg,A birds is soaring across the blue sky ,1,animal
http://images.cocodataset.org/val2017/000000264441.jpg,A happy cat curls its paws under its face while it naps on a chair.,48,"furniture, animal"
http://images.cocodataset.org/val2017/000000264535.jpg,A man sitting alone on a park bench in a park.,163,"outdoor, person, indoor"
http://images.cocodataset.org/val2017/000000264968.jpg,A man with blue jersey holding a baseball bat.,4,"sports, person"
http://images.cocodataset.org/val2017/000000265108.jpg,A red balloon tied to a purse with an umbrella and luggage.,86,accessory
http://images.cocodataset.org/val2017/000000265518.jpg,"A plate with food on it, a fork and some kind of drink.",10,"kitchen, food"
http://images.cocodataset.org/val2017/000000265777.jpg,A woman sitting by a wooden table with green glasses and food.,104,"kitchen, person, furniture, food"
http://images.cocodataset.org/val2017/000000265816.jpg,White horse carrying a man in a black buggy.,120,"person, furniture, animal"
http://images.cocodataset.org/val2017/000000266082.jpg,A view of a modern building with skylight and a fire hydrant.,52,outdoor
http://images.cocodataset.org/val2017/000000266206.jpg,The bathroom door has three panels of frosted glass.,32,kitchen
http://images.cocodataset.org/val2017/000000266400.jpg,a number of motorcycles parked near each other,9,"vehicle, person"
http://images.cocodataset.org/val2017/000000266409.jpg,The person is standing in the deep snow. The trees are covered with snow.,4,"sports, person"
http://images.cocodataset.org/val2017/000000266768.jpg,A group of people sitting around a picnic table.,307,"electronic, kitchen, outdoor, person, furniture"
http://images.cocodataset.org/val2017/000000266892.jpg,A tennis match with a crowd watching the action.,54,"sports, person, furniture"
http://images.cocodataset.org/val2017/000000266981.jpg,Outside view of the MGM Grand in Las Vegas with people sitting and walking.,36,"vehicle, accessory, person"
http://images.cocodataset.org/val2017/000000267169.jpg,A baby elephant being fed a bottle of milk.,148,"kitchen, person, animal"
http://images.cocodataset.org/val2017/000000267191.jpg,A man that is on the back of a elephant.,35,"person, animal"
http://images.cocodataset.org/val2017/000000267300.jpg,A tan dog eating food scraps from a plate.,48,"furniture, animal"
http://images.cocodataset.org/val2017/000000267351.jpg,The white and yellow clock with a red roof reads 11:44.,41,indoor
http://images.cocodataset.org/val2017/000000267434.jpg,Several cows grazing in the field with a house in the background.,1,animal
http://images.cocodataset.org/val2017/000000267537.jpg,Black and white photograph of group sitting under umbrellas.,172,"outdoor, accessory, person"
http://images.cocodataset.org/val2017/000000267670.jpg,"A toilet, mirror and sink in a toilet",96,"appliance, kitchen"
http://images.cocodataset.org/val2017/000000267903.jpg,A very old and dirty rest room with sink and toilet.,51,"appliance, furniture"
http://images.cocodataset.org/val2017/000000267933.jpg,Horses travel along in a line along a river. ,1,animal
http://images.cocodataset.org/val2017/000000267940.jpg,A small ferry docked on calm water in Norway,3,"vehicle, outdoor"
http://images.cocodataset.org/val2017/000000268000.jpg,A passenger train on the tracks going under a bridge.,9,"vehicle, person"
http://images.cocodataset.org/val2017/000000268375.jpg,A goup of elephants in an enclosed area with a lot of trees behind them.,1,animal
http://images.cocodataset.org/val2017/000000268378.jpg,A group of people sitting at a table enjoying food.,18,"kitchen, person, furniture"
http://images.cocodataset.org/val2017/000000268729.jpg,Four zebras in some park during the day when it's sunny.,35,"person, animal"
http://images.cocodataset.org/val2017/000000268831.jpg,"A bathroom with bidet, toilet, tub, and a checkerboard floor.",51,"appliance, furniture"
http://images.cocodataset.org/val2017/000000269113.jpg,three dogs on a field of green grass,1,animal
http://images.cocodataset.org/val2017/000000269121.jpg,A guy in the middle of serving on a tennis court.,4,"sports, person"
http://images.cocodataset.org/val2017/000000269196.jpg,A herd of sheep gather near a fence on a snow covered ground.,1,animal
http://images.cocodataset.org/val2017/000000269314.jpg,A small cat sitting in the top of a banana tree.,97,"food, animal"
http://images.cocodataset.org/val2017/000000269316.jpg,A group of men playing a game of frisbee.,4,"sports, person"
http://images.cocodataset.org/val2017/000000269632.jpg,a yellow bus traveling down a street at night ,9,"vehicle, person"
http://images.cocodataset.org/val2017/000000269682.jpg,an intersection with different poles filled with street lights and a camera,52,outdoor
http://images.cocodataset.org/val2017/000000269866.jpg,Chrome colored toaster oven with time on 10.14,5,appliance
http://images.cocodataset.org/val2017/000000269932.jpg,A large red chair has a horse statue on it.,48,"furniture, animal"
http://images.cocodataset.org/val2017/000000269942.jpg,Vehicles on a street near a green traffic light.,3,"vehicle, outdoor"
http://images.cocodataset.org/val2017/000000270066.jpg,A white motorcycle sitting in front of a van.,12,vehicle
http://images.cocodataset.org/val2017/000000270122.jpg,A person on a surfboard in the water.,4,"sports, person"
http://images.cocodataset.org/val2017/000000270244.jpg,A zebra all by itself in the green forest.,1,animal
http://images.cocodataset.org/val2017/000000270297.jpg,A small train going down a steel track.,9,"vehicle, person"
http://images.cocodataset.org/val2017/000000270402.jpg,Two elephants standing in a pen in different spots.,1,animal
http://images.cocodataset.org/val2017/000000270474.jpg,A blond girl holding a baseball bat and smiling with her hand over her mouth.,4,"sports, person"
http://images.cocodataset.org/val2017/000000270677.jpg,Young man holding skateboard in front of fence.,4,"sports, person"
http://images.cocodataset.org/val2017/000000270705.jpg,A large bird perched on top of a stick near a window.,1,animal
http://images.cocodataset.org/val2017/000000270883.jpg,A woman in lingerie is bound to a bed.,126,"person, furniture, indoor"
http://images.cocodataset.org/val2017/000000270908.jpg,There is a tennis player laying down on the court,4,"sports, person"
http://images.cocodataset.org/val2017/000000271116.jpg,Some very nicely dressed men sitting at a big table.,50,"electronic, kitchen, accessory, person, furniture"
http://images.cocodataset.org/val2017/000000271402.jpg,Two cute girls with a scooter and tennis raquet.,4,"sports, person"
http://images.cocodataset.org/val2017/000000271457.jpg,Empty wooden bench by the shore brush on a lake.,52,outdoor
http://images.cocodataset.org/val2017/000000271471.jpg,A bunch of bananas on a plate with a sign on it.,43,"person, food"
http://images.cocodataset.org/val2017/000000271728.jpg,A orange cat is laying on a grey sofa.,308,"electronic, indoor, kitchen, animal, furniture"
http://images.cocodataset.org/val2017/000000271997.jpg,A photo of a young male in a suit jacket and tie.,17,"accessory, person"
http://images.cocodataset.org/val2017/000000272049.jpg,A yellow hauling truck waits at an airport,12,vehicle
http://images.cocodataset.org/val2017/000000272136.jpg,A military plane parked in a hanger with a person sitting nearby.,9,"vehicle, person"
http://images.cocodataset.org/val2017/000000272148.jpg,A group of people swimming in beach water,4,"sports, person"
http://images.cocodataset.org/val2017/000000272212.jpg,"With a foggy haze in the valley, some  cows lay low on the grassy hillside.",1,animal
http://images.cocodataset.org/val2017/000000272364.jpg,Four giraffes are reaching in the tree for food.,1,animal
http://images.cocodataset.org/val2017/000000272416.jpg,The toilet is very low to the ground.,14,furniture
http://images.cocodataset.org/val2017/000000272566.jpg,A man and young girl sit behind a display of fruits.,95,"kitchen, person, food"
http://images.cocodataset.org/val2017/000000273132.jpg,A woman is sitting on a bench near a fence. ,172,"outdoor, accessory, person"
http://images.cocodataset.org/val2017/000000273198.jpg,A man opens a fire hydrant and brown colored water is flowing out.,46,"vehicle, outdoor, person"
http://images.cocodataset.org/val2017/000000273232.jpg,A windsurfer and a dog walk along an ocean beach.,136,"sports, person, animal"
http://images.cocodataset.org/val2017/000000273420.jpg,a man on his phone in some kind of room,309,"electronic, kitchen, vehicle, person, furniture"
http://images.cocodataset.org/val2017/000000273493.jpg,Two men playing a game of tennis on a court.,4,"sports, person"
http://images.cocodataset.org/val2017/000000273551.jpg,Several motorcycles that are parked on the side of the street.,12,vehicle
http://images.cocodataset.org/val2017/000000273617.jpg,"An intersection with a street sign, traffic sign and a street light. ",52,outdoor
http://images.cocodataset.org/val2017/000000273642.jpg,A dog is laying down with the remote control.,13,"electronic, animal"
http://images.cocodataset.org/val2017/000000273711.jpg,A table covered in different kinds of baked goods and fruit.,104,"kitchen, person, furniture, food"
http://images.cocodataset.org/val2017/000000273712.jpg,A black refrigerator in a newly decorated house.,5,appliance
http://images.cocodataset.org/val2017/000000273715.jpg,A person on skis standing at a finish line.,4,"sports, person"
http://images.cocodataset.org/val2017/000000273760.jpg,a tennis player on a court with a racket,4,"sports, person"
http://images.cocodataset.org/val2017/000000274066.jpg,A group of people swimming in the ocean with a surfboard.,4,"sports, person"
http://images.cocodataset.org/val2017/000000274219.jpg,"Talk about a bad hair day, his is frightful.",17,"accessory, person"
http://images.cocodataset.org/val2017/000000274272.jpg,A large red bus driving in heavy traffic.,46,"vehicle, outdoor, person"
http://images.cocodataset.org/val2017/000000274411.jpg,woman in tennis garb preparing to serve tennis ball,67,"vehicle, sports, person"
http://images.cocodataset.org/val2017/000000274460.jpg,a bunch of people sitting on a beach ,310,"vehicle, sports, accessory, person"
http://images.cocodataset.org/val2017/000000274687.jpg,A black road bicycle leaning against a bed.,311,"vehicle, furniture"
http://images.cocodataset.org/val2017/000000274708.jpg,Several skiers are on the side of a steep slope.,4,"sports, person"
http://images.cocodataset.org/val2017/000000275058.jpg,A person holds onto rope above water on a board.,4,"sports, person"
http://images.cocodataset.org/val2017/000000275198.jpg,A woman standing next to a table covered with plates of mostly eaten food.,27,"kitchen, accessory, person, furniture"
http://images.cocodataset.org/val2017/000000275392.jpg,A woman on a horse smiling in a green grass.,35,"person, animal"
http://images.cocodataset.org/val2017/000000275727.jpg,A freight train riding on tracks through a forested area.,3,"vehicle, outdoor"
http://images.cocodataset.org/val2017/000000275749.jpg,A group of people standing in a room.,218,"electronic, person, kitchen, furniture"
http://images.cocodataset.org/val2017/000000275791.jpg,A large trains travels past a river that contains several different boats,12,vehicle
http://images.cocodataset.org/val2017/000000276018.jpg,a bunch of kids walking through some grass,132,"person, indoor"
http://images.cocodataset.org/val2017/000000276024.jpg,Two people on horseback herding cattle through the woods ,35,"person, animal"
http://images.cocodataset.org/val2017/000000276055.jpg,a women that has a carrot in her hand,77,"food, kitchen, accessory, person, furniture"
http://images.cocodataset.org/val2017/000000276284.jpg,A lone motorcycle parked in parking space at night.,12,vehicle
http://images.cocodataset.org/val2017/000000276285.jpg,A pizza and salad is sitting on a table.,104,"kitchen, person, furniture, food"
http://images.cocodataset.org/val2017/000000276434.jpg,A couple cuts into a wedding cake with grapes and oranges. ,104,"kitchen, person, furniture, food"
http://images.cocodataset.org/val2017/000000276707.jpg,Shopping district with a banned sign for anything with wheels.,9,"vehicle, person"
http://images.cocodataset.org/val2017/000000276720.jpg,A stone building with a blue door on it,12,vehicle
http://images.cocodataset.org/val2017/000000276804.jpg,A person stands at the base ready to hit a ball.,4,"sports, person"
http://images.cocodataset.org/val2017/000000276921.jpg,a couple of stuffed animals hang from a car mirror ,41,indoor
http://images.cocodataset.org/val2017/000000277005.jpg,A man crossing the street near a bus stop,36,"vehicle, accessory, person"
http://images.cocodataset.org/val2017/000000277020.jpg,A main sitting at a table being served,27,"kitchen, accessory, person, furniture"
http://images.cocodataset.org/val2017/000000277051.jpg,Two sparrows sit n a table with a red tablecloth at an outdoor cafe. ,149,"kitchen, furniture, animal"
http://images.cocodataset.org/val2017/000000277197.jpg,A large living room area features a white couch and a glass table.,2,"furniture, indoor"
http://images.cocodataset.org/val2017/000000277584.jpg,A cat sitting outside a glass window. ,131,"outdoor, animal"
http://images.cocodataset.org/val2017/000000277689.jpg,A fancy desert on a table with a number of drinking glasses.,16,"kitchen, furniture, food"
http://images.cocodataset.org/val2017/000000278353.jpg,A sheep that is standing under a wooden plank from a fence.,1,animal
http://images.cocodataset.org/val2017/000000278463.jpg,A cat sleeping on a desk next to an open laptop.,308,"electronic, indoor, kitchen, animal, furniture"
http://images.cocodataset.org/val2017/000000278705.jpg,Skateboarders riding down the street on boards next to cars.,67,"vehicle, sports, person"
http://images.cocodataset.org/val2017/000000278749.jpg,a black and white photo of a person holding a sign,36,"vehicle, accessory, person"
http://images.cocodataset.org/val2017/000000278848.jpg,A bunch of people standing together with some umbrellas.,36,"vehicle, accessory, person"
http://images.cocodataset.org/val2017/000000278973.jpg,A man in a wet suit is surfing.,4,"sports, person"
http://images.cocodataset.org/val2017/000000279145.jpg,A cat sits near a bench in a garden with many potted plants.,312,"outdoor, furniture, animal"
http://images.cocodataset.org/val2017/000000279278.jpg,Man in a crowd of people with a skateboard.,313,"sports, kitchen, animal, vehicle, accessory, person"
http://images.cocodataset.org/val2017/000000279541.jpg,A display of different pizzas in a restaurant. ,43,"person, food"
http://images.cocodataset.org/val2017/000000279714.jpg,A hand written sign is posted on an object outside,314,"vehicle, outdoor, sports"
http://images.cocodataset.org/val2017/000000279730.jpg,sandwhich with everything on it and a coke,95,"kitchen, person, food"
http://images.cocodataset.org/val2017/000000279769.jpg,A banana resting on a paper towel atop a wooden table.,58,"furniture, food"
http://images.cocodataset.org/val2017/000000279774.jpg,The Little League batter is taking a swing at home plate.,54,"sports, person, furniture"
http://images.cocodataset.org/val2017/000000279887.jpg,there are many different bikes that are on display,12,vehicle
http://images.cocodataset.org/val2017/000000279927.jpg,"The beach is filled with people, whom are expecting someone.",17,"accessory, person"
http://images.cocodataset.org/val2017/000000280325.jpg,Graffiti is on the wall next to the parking meter,52,outdoor
http://images.cocodataset.org/val2017/000000280710.jpg,A few warmly dressed pedestrians walking across a public square.,15,"vehicle, outdoor, accessory, person"
http://images.cocodataset.org/val2017/000000280779.jpg,A cross country skier in the falling snow.,6,"sports, accessory, person"
http://images.cocodataset.org/val2017/000000280891.jpg,A woman standing next to a young man near a pile of fruit.,230,"kitchen, accessory, person, food"
http://images.cocodataset.org/val2017/000000280918.jpg,Two ladies taking a turkey outside of an oven.,85,"appliance, kitchen, person"
http://images.cocodataset.org/val2017/000000280930.jpg,A girl holding a tray of food by an oven ready to put it in.,85,"appliance, kitchen, person"
http://images.cocodataset.org/val2017/000000281032.jpg,A man stirring something in a foil roasting pan.,85,"appliance, kitchen, person"
http://images.cocodataset.org/val2017/000000281179.jpg,A bright city street with a stop light and a big Christmas tree.,52,outdoor
http://images.cocodataset.org/val2017/000000281409.jpg,A man swinging a baseball bat as another looks on.,54,"sports, person, furniture"
http://images.cocodataset.org/val2017/000000281414.jpg,A beautiful woman sitting on a brick wall.,55,"electronic, accessory, person"
http://images.cocodataset.org/val2017/000000281447.jpg,a brown horse in the field gazing around,1,animal
http://images.cocodataset.org/val2017/000000281687.jpg,The woman uses her cell phone near many others standing on the sidewalk.,194,"vehicle, electronic, accessory, person"
http://images.cocodataset.org/val2017/000000281693.jpg,a large air plane on a run way ,12,vehicle
http://images.cocodataset.org/val2017/000000281754.jpg,a child holding an umbrella with a person near him,17,"accessory, person"
http://images.cocodataset.org/val2017/000000281759.jpg,"Five women walk down the street, holding umbrellas",36,"vehicle, accessory, person"
http://images.cocodataset.org/val2017/000000281929.jpg,A man in a suit standing beside his bicycle. ,36,"vehicle, accessory, person"
http://images.cocodataset.org/val2017/000000282037.jpg,some baseball players on a field playing baseball,54,"sports, person, furniture"
http://images.cocodataset.org/val2017/000000282046.jpg,A bench in the sand facing an empty beach.,52,outdoor
http://images.cocodataset.org/val2017/000000282296.jpg,An old refrigerator stands against a wood-panelled wall,96,"appliance, kitchen"
http://images.cocodataset.org/val2017/000000282298.jpg,Many people at a convention inside of a large building ,143,"accessory, person, indoor"
http://images.cocodataset.org/val2017/000000282912.jpg,A adult giraffe walking alone in a field,1,animal
http://images.cocodataset.org/val2017/000000283037.jpg,Street signs are displayed next to a road.,3,"vehicle, outdoor"
http://images.cocodataset.org/val2017/000000283038.jpg,a old rusty stop sign out sign some buildings.,3,"vehicle, outdoor"
http://images.cocodataset.org/val2017/000000283070.jpg,"One naval orange is whole, another cut in half and three orange pieces on the right.",19,food
http://images.cocodataset.org/val2017/000000283113.jpg,A hot dog in a bun is topped with mustard.,10,"kitchen, food"
http://images.cocodataset.org/val2017/000000283268.jpg,A white plate topped with a toy hot dog in a toy bun.,43,"person, food"
http://images.cocodataset.org/val2017/000000283318.jpg,A store on the corner with an American flag flying from it's side.,46,"vehicle, outdoor, person"
http://images.cocodataset.org/val2017/000000283412.jpg,A little poodle puppy laying near a newspaper with a look of guilt.,149,"kitchen, furniture, animal"
http://images.cocodataset.org/val2017/000000283520.jpg,Two men play around on a nature trail.,4,"sports, person"
http://images.cocodataset.org/val2017/000000283717.jpg,A microwave sitting on top of a wooden shelf.,5,appliance
http://images.cocodataset.org/val2017/000000283785.jpg,A man is wearing a costume and speaking to children.,132,"person, indoor"
http://images.cocodataset.org/val2017/000000284106.jpg,A play of food next to a bowl of rice and chopsticks. ,16,"kitchen, furniture, food"
http://images.cocodataset.org/val2017/000000284279.jpg,The bird is standing on the rim of the bird feeder.,1,animal
http://images.cocodataset.org/val2017/000000284282.jpg,An old blender and printer sitting on a table.,14,furniture
http://images.cocodataset.org/val2017/000000284296.jpg,three giraffes banding down to drink water with trees in the background,1,animal
http://images.cocodataset.org/val2017/000000284445.jpg,Pedestrians walking on a sidewalk by a badly tipped traffic light,15,"vehicle, outdoor, accessory, person"
http://images.cocodataset.org/val2017/000000284623.jpg,A black cat sits in a bathroom sink.,315,"appliance, kitchen, indoor, animal"
http://images.cocodataset.org/val2017/000000284698.jpg,A man taking a picture of himself in the rear view mirror.,9,"vehicle, person"
http://images.cocodataset.org/val2017/000000284725.jpg,A bus in China is parked along a curb. ,9,"vehicle, person"
http://images.cocodataset.org/val2017/000000284743.jpg,a close up of a person holding a bat in the dark,4,"sports, person"
http://images.cocodataset.org/val2017/000000284762.jpg,A traffic light near a street sign is red.,52,outdoor
http://images.cocodataset.org/val2017/000000284764.jpg,A man cutting up his meal before consumption.,26,"electronic, kitchen, person, furniture"
http://images.cocodataset.org/val2017/000000284991.jpg,A man puts a red bottle up to his mouth.,90,"kitchen, person"
http://images.cocodataset.org/val2017/000000285047.jpg,A person sitting at table with a cup looking at a cell phone.,44,"kitchen, electronic, person"
http://images.cocodataset.org/val2017/000000285349.jpg,A clear heart shaped jar filled with many colors of paper cranes.,41,indoor
http://images.cocodataset.org/val2017/000000285788.jpg,Two giraffes that are standing in the grass.,1,animal
http://images.cocodataset.org/val2017/000000285894.jpg,A giraffe has come to a fence line to greet visitors.,35,"person, animal"
http://images.cocodataset.org/val2017/000000286182.jpg,A man sitting near a table with a bunch of food on it,79,"food, indoor, kitchen, person, furniture"
http://images.cocodataset.org/val2017/000000286422.jpg,People and a dog are on a sail boat on a lake.,103,"vehicle, person, animal"
http://images.cocodataset.org/val2017/000000286458.jpg,A briefcase sitting on top of a bed with lots of items in them.,271,"accessory, indoor"
http://images.cocodataset.org/val2017/000000286503.jpg,An elephant reaching for a ball hanging above it.,35,"person, animal"
http://images.cocodataset.org/val2017/000000286507.jpg,a train in a rural area covered with heavy snow,12,vehicle
http://images.cocodataset.org/val2017/000000286523.jpg,The man in a red hat is listening on his cell phone. ,30,"electronic, person"
http://images.cocodataset.org/val2017/000000286553.jpg,Two people sitting at a table with two pizzas.,77,"food, kitchen, accessory, person, furniture"
http://images.cocodataset.org/val2017/000000286660.jpg,A woman holds a stuffed animal to her face.,132,"person, indoor"
http://images.cocodataset.org/val2017/000000286708.jpg,a cat wearing a hat on its head ,1,animal
http://images.cocodataset.org/val2017/000000286849.jpg,Four giraffes sticking their heads through a hole in some large rocks.,1,animal
http://images.cocodataset.org/val2017/000000286907.jpg,A simple blue bathroom with only one toilet.,14,furniture
http://images.cocodataset.org/val2017/000000286908.jpg,Several different pictures of various types of food.,16,"kitchen, furniture, food"
http://images.cocodataset.org/val2017/000000286994.jpg,A group of elephants with water in front and trees behind.,1,animal
http://images.cocodataset.org/val2017/000000287291.jpg,Cars and people stopped at a city intersection.,46,"vehicle, outdoor, person"
http://images.cocodataset.org/val2017/000000287347.jpg,A man and a woman standing over two pizzas.,272,"electronic, kitchen, person, food"
http://images.cocodataset.org/val2017/000000287527.jpg,two people standing side by side smiling and one wearing a tie,17,"accessory, person"
http://images.cocodataset.org/val2017/000000287545.jpg,Two giraffes look over a railing blockade. ,1,animal
http://images.cocodataset.org/val2017/000000287649.jpg,A cat sits on a desk next to a keyboard. ,200,"electronic, indoor, animal"
http://images.cocodataset.org/val2017/000000287667.jpg,A brown wooden table with a block of cheese with a carrot and two onion balls.,316,"kitchen, indoor, furniture, food"
http://images.cocodataset.org/val2017/000000287714.jpg,A white bathroom sink sitting under a bathroom mirror.,96,"appliance, kitchen"
http://images.cocodataset.org/val2017/000000287874.jpg,People are waiting beside the blue train pulling beside the platform. ,15,"vehicle, outdoor, accessory, person"
http://images.cocodataset.org/val2017/000000287959.jpg,The sandwich had been cut and was ready to eat.,19,food
http://images.cocodataset.org/val2017/000000288042.jpg,A man walking with an umbrella near a railing above a river.,36,"vehicle, accessory, person"
http://images.cocodataset.org/val2017/000000288062.jpg,A very cute toilet decorated with green woodlands style.,14,furniture
http://images.cocodataset.org/val2017/000000288391.jpg,A giant smart phone attached to a bunch of wires.,11,electronic
http://images.cocodataset.org/val2017/000000288430.jpg,People flying kites in the sand on a windy beach.,67,"vehicle, sports, person"
http://images.cocodataset.org/val2017/000000288584.jpg,A group of people collect around a giraffe head. ,99,"accessory, person, furniture"
http://images.cocodataset.org/val2017/000000288685.jpg,Many people watch a man and dog herd sheep.,317,"outdoor, accessory, person, animal"
http://images.cocodataset.org/val2017/000000288762.jpg,A fresh-looking salad on a square plate. ,16,"kitchen, furniture, food"
http://images.cocodataset.org/val2017/000000288862.jpg,a man standing on one hand holding onto a skateboard ,4,"sports, person"
http://images.cocodataset.org/val2017/000000288882.jpg,Two giraffes are standing next to each other.,1,animal
http://images.cocodataset.org/val2017/000000289059.jpg,a man leaning over waiting for a tennis ball to hit ,4,"sports, person"
http://images.cocodataset.org/val2017/000000289222.jpg,"A traffic signal at an intersection depicting ""horse crossing"".",46,"vehicle, outdoor, person"
http://images.cocodataset.org/val2017/000000289229.jpg,A man wearing a white lab coat holding a bone saw.,17,"accessory, person"
http://images.cocodataset.org/val2017/000000289343.jpg,A person riding a bicycle on a deserted street.,229,"vehicle, outdoor, person, animal"
http://images.cocodataset.org/val2017/000000289393.jpg,Set of toy animals sitting in front of a red wooden wagon.,48,"furniture, animal"
http://images.cocodataset.org/val2017/000000289415.jpg,this is a pizza that is sliced up in pieces,95,"kitchen, person, food"
http://images.cocodataset.org/val2017/000000289417.jpg,A boy standing on skis in the snow.,59,"outdoor, sports, person"
http://images.cocodataset.org/val2017/000000289516.jpg,An old time looking clock surrounded by greenery. ,41,indoor
http://images.cocodataset.org/val2017/000000289586.jpg,A giraffe points its head towards the sky,1,animal
http://images.cocodataset.org/val2017/000000289594.jpg,An old man walking down a sidewalk in black and white.,9,"vehicle, person"
http://images.cocodataset.org/val2017/000000289659.jpg,A giraffe walking about in a large enclosure. ,1,animal
http://images.cocodataset.org/val2017/000000289702.jpg,A dog sits on the floor in front of a mirror.,1,animal
http://images.cocodataset.org/val2017/000000289741.jpg,A giant cruise ship next to another giant cruise ship next to a long pier.,164,"vehicle, accessory, person, furniture"
http://images.cocodataset.org/val2017/000000289938.jpg,A hot dog cart across from the Radio City Music Hall.,265,"food, kitchen, vehicle, accessory, person"
http://images.cocodataset.org/val2017/000000289960.jpg,A person standing on top of a beach flying a kite.,4,"sports, person"
http://images.cocodataset.org/val2017/000000289992.jpg,The bathtub takes up one wall of the small bathroom.,5,appliance
http://images.cocodataset.org/val2017/000000290081.jpg,A group of oranges are sitting in the bowl,16,"kitchen, furniture, food"
http://images.cocodataset.org/val2017/000000290163.jpg,A young girl standing in front of a plate of food.,104,"kitchen, person, furniture, food"
http://images.cocodataset.org/val2017/000000290179.jpg,An aerial view of the city of London on a cloudy day.,101,"vehicle, person, indoor"
http://images.cocodataset.org/val2017/000000290248.jpg,A crowd of people standing in the middle of a street.,36,"vehicle, accessory, person"
http://images.cocodataset.org/val2017/000000290293.jpg,THIS IS A WELL LIT AND CLEAN SUBWAY STATION,9,"vehicle, person"
http://images.cocodataset.org/val2017/000000290592.jpg,a bunch of sheep are standing behind a fence,1,animal
http://images.cocodataset.org/val2017/000000290619.jpg,A banana laying next to a plastic container with lid.,19,food
http://images.cocodataset.org/val2017/000000290768.jpg,A small kitchen has a checkered floor and a window.,96,"appliance, kitchen"
http://images.cocodataset.org/val2017/000000290771.jpg,A living room with windows looking out onto a forest.,61,"electronic, kitchen, furniture, indoor"
http://images.cocodataset.org/val2017/000000290833.jpg,Two zebras graze in a field of short grass.,1,animal
http://images.cocodataset.org/val2017/000000290843.jpg,Cat staring at laptop screen as owner is online.,240,"electronic, person, furniture, animal"
http://images.cocodataset.org/val2017/000000291490.jpg,A cat laying on a bed in a room.,48,"furniture, animal"
http://images.cocodataset.org/val2017/000000291551.jpg,A man riding a skateboard on the edge of a ramp.,59,"outdoor, sports, person"
http://images.cocodataset.org/val2017/000000291619.jpg,A man leaping up to catch a frisbee with another man running behind him.,4,"sports, person"
http://images.cocodataset.org/val2017/000000291634.jpg,One bicycle is parked next to many motorcycles.,9,"vehicle, person"
http://images.cocodataset.org/val2017/000000291664.jpg,A dog sniffs the base of a fire hydrant.,131,"outdoor, animal"
http://images.cocodataset.org/val2017/000000291791.jpg,A vintage army motorcycle is shown on display.,36,"vehicle, accessory, person"
http://images.cocodataset.org/val2017/000000291861.jpg,a zebra is standing by a large rock,1,animal
http://images.cocodataset.org/val2017/000000292005.jpg,a bathroom with a tub and a shower curtain ,110,"appliance, kitchen, furniture"
http://images.cocodataset.org/val2017/000000292024.jpg,A woman smiling and looking at a delicious looking pizza,95,"kitchen, person, food"
http://images.cocodataset.org/val2017/000000292060.jpg,"A kitchen with ceiling fan, stove, and sink.",96,"appliance, kitchen"
http://images.cocodataset.org/val2017/000000292082.jpg,A man and child pose for a picture together,99,"accessory, person, furniture"
http://images.cocodataset.org/val2017/000000292155.jpg,A multi-colored umbrella that is blocking out the sun,17,"accessory, person"
http://images.cocodataset.org/val2017/000000292225.jpg,Two women play singles tennis outdoor surrounded by trees.,4,"sports, person"
http://images.cocodataset.org/val2017/000000292236.jpg,two men wait for a train at dusk,36,"vehicle, accessory, person"
http://images.cocodataset.org/val2017/000000292330.jpg,a full size dog is smelling a bat on a ballfield.,53,"sports, animal"
http://images.cocodataset.org/val2017/000000292415.jpg,A guy rides his skate board in a half pipe. ,4,"sports, person"
http://images.cocodataset.org/val2017/000000292446.jpg,some people in an office and then male is eating pizza,278,"electronic, person, food"
http://images.cocodataset.org/val2017/000000292456.jpg,a person riding a motorcycle in the reflection ,164,"vehicle, accessory, person, furniture"
http://images.cocodataset.org/val2017/000000292488.jpg,A person in a parka looking at a phone.,30,"electronic, person"
http://images.cocodataset.org/val2017/000000292908.jpg,A lone surfer trying to ride a small wave.,4,"sports, person"
http://images.cocodataset.org/val2017/000000292997.jpg,a car crashed against a light pole in the snow.,46,"vehicle, outdoor, person"
http://images.cocodataset.org/val2017/000000293044.jpg,"A lunch box with a sandwich, carrots, salad and a muffin.",16,"kitchen, furniture, food"
http://images.cocodataset.org/val2017/000000293071.jpg,A fire hydrant is being paint as an U.S.A flag.,3,"vehicle, outdoor"
http://images.cocodataset.org/val2017/000000293200.jpg,A young boy flying a kite with other people.,193,"kitchen, accessory, sports, person"
http://images.cocodataset.org/val2017/000000293245.jpg,A Yamaha motorcycle parked outside of a building.,311,"vehicle, furniture"
http://images.cocodataset.org/val2017/000000293300.jpg,Looking up at elephants in an enclosure at the zoo,35,"person, animal"
http://images.cocodataset.org/val2017/000000293324.jpg,A group of large passenger jets parked in front of an airport.,12,vehicle
http://images.cocodataset.org/val2017/000000293390.jpg,A VERY NICE BATHROOM IN THE MIDDLE OF A REMODEL,37,"appliance, kitchen, indoor"
http://images.cocodataset.org/val2017/000000293474.jpg,A yellow fire hydrant on a sidewalk by a storefront.,207,"outdoor, indoor"
http://images.cocodataset.org/val2017/000000293625.jpg,Young women holding remote game controls while playing.,60,"kitchen, electronic, person, furniture"
http://images.cocodataset.org/val2017/000000293794.jpg,Bunches of bananas are piled up at a market with some shoppers looking around.,232,"vehicle, accessory, person, food"
http://images.cocodataset.org/val2017/000000293804.jpg,THERE IS A FIRE BURNING IN THE FIREPLACE IN A SITTING ROOM,2,"furniture, indoor"
http://images.cocodataset.org/val2017/000000293858.jpg,a close up of a sandwich and vegetables on a plate ,16,"kitchen, furniture, food"
http://images.cocodataset.org/val2017/000000294162.jpg,The white laptop is turned off but left open. ,11,electronic
http://images.cocodataset.org/val2017/000000294163.jpg,A tree branch in the foreground with a clock tower set against a blue sky in the background.,41,indoor
http://images.cocodataset.org/val2017/000000294350.jpg,A group of people in a large kitchen.,159,"appliance, kitchen, person, food"
http://images.cocodataset.org/val2017/000000294695.jpg,A couple of beautiful women walking on a beach under a kite.,4,"sports, person"
http://images.cocodataset.org/val2017/000000294783.jpg,A large room with wooden floors and a bookshelf.,318,"accessory, furniture, indoor"
http://images.cocodataset.org/val2017/000000294831.jpg,Two slices of pizza on a black plate,56,"food, electronic, kitchen, person, furniture"
http://images.cocodataset.org/val2017/000000294855.jpg,A bottle in a ice bucket sits on a floor next to a luggage rack.,319,"kitchen, accessory"
http://images.cocodataset.org/val2017/000000295138.jpg,A skateboarder doing a stunt at a skatepark.,59,"outdoor, sports, person"
http://images.cocodataset.org/val2017/000000295231.jpg,the seven sheep are preparing to be sheered.,1,animal
http://images.cocodataset.org/val2017/000000295316.jpg,Several people are riding the waves on their surfboards.,4,"sports, person"
http://images.cocodataset.org/val2017/000000295420.jpg,a blue rubbish removal truck and two vehicles behind it,9,"vehicle, person"
http://images.cocodataset.org/val2017/000000295478.jpg,Woman walking a small white dog behind her. ,87,"accessory, person, animal"
http://images.cocodataset.org/val2017/000000295713.jpg,A beautiful woman sitting on a bench next to a bronze statue.,209,"electronic, outdoor, accessory, person"
http://images.cocodataset.org/val2017/000000295797.jpg,The top of the clock tower with a weathervane. ,41,indoor
http://images.cocodataset.org/val2017/000000295809.jpg,A freshly paved road with a bicycle lane marker on the pavement.,46,"vehicle, outdoor, person"
http://images.cocodataset.org/val2017/000000296222.jpg,A man eating food off of a plate ,77,"food, kitchen, accessory, person, furniture"
http://images.cocodataset.org/val2017/000000296224.jpg,a white bus is sitting by a curb,9,"vehicle, person"
http://images.cocodataset.org/val2017/000000296231.jpg,This small room is packed with personal memorabilia.,141,"electronic, person, furniture, indoor"
http://images.cocodataset.org/val2017/000000296284.jpg,A display case in a bakery filled with donuts.,19,food
http://images.cocodataset.org/val2017/000000296317.jpg,A large grassy field with giraffes and a few other animals.,1,animal
http://images.cocodataset.org/val2017/000000296634.jpg,"Three rectangular bowls with food; Big bowl has nine meat and sesame seed patties with brown sauce, next to it, a bowl of shredded cabbage and carrots with yogurt dollop atop, and behind that is a bowl of cut broccoli and tomatoes with seasoning.",10,"kitchen, food"
http://images.cocodataset.org/val2017/000000296649.jpg,People are walking and riding motorcycles on the street,103,"vehicle, person, animal"
http://images.cocodataset.org/val2017/000000296657.jpg,The six men wearing ties are jumping outside,209,"electronic, outdoor, accessory, person"
http://images.cocodataset.org/val2017/000000296969.jpg,A group of giraffes standing in dirt field with trees in background.,1,animal
http://images.cocodataset.org/val2017/000000297022.jpg,An older flat bed truck with equipment in it parked in a farm field with three men.,9,"vehicle, person"
http://images.cocodataset.org/val2017/000000297084.jpg,A woman in white sweater eating food from plate.,18,"kitchen, person, furniture"
http://images.cocodataset.org/val2017/000000297085.jpg,A cat sits in front of a large television.,200,"electronic, indoor, animal"
http://images.cocodataset.org/val2017/000000297147.jpg,A silver and black sports motorcycle parked near a building.,9,"vehicle, person"
http://images.cocodataset.org/val2017/000000297343.jpg,A stop sign has been placed upside-down in the grass beside a building. ,52,outdoor
http://images.cocodataset.org/val2017/000000297353.jpg,The man is standing on a bed playing guitar.,45,"kitchen, person, furniture, indoor"
http://images.cocodataset.org/val2017/000000297396.jpg,A plate of desserts with frosting and sprinkles.,16,"kitchen, furniture, food"
http://images.cocodataset.org/val2017/000000297427.jpg,A burger with a doughnut for the bun.,43,"person, food"
http://images.cocodataset.org/val2017/000000297562.jpg,A little baby is getting a haircut in a pink chair.,219,"vehicle, person, furniture, indoor"
http://images.cocodataset.org/val2017/000000297578.jpg,A man lighting a cigarette as he walks on a city street.,36,"vehicle, accessory, person"
http://images.cocodataset.org/val2017/000000297595.jpg,A person on a surfboard is surfing on a crashing wave.,4,"sports, person"
http://images.cocodataset.org/val2017/000000297681.jpg,A car that is trying to drive through a flood.,12,vehicle
http://images.cocodataset.org/val2017/000000297698.jpg,a man on skis fly through the sky ,4,"sports, person"
http://images.cocodataset.org/val2017/000000297830.jpg,happy dog poses outside a door with root beer bottle,213,"kitchen, animal"
http://images.cocodataset.org/val2017/000000298251.jpg,A field full of zebras on a savannah grazing.,1,animal
http://images.cocodataset.org/val2017/000000298396.jpg,A very clean and cozy looking kitchen that could be in a home magazine.,165,"food, indoor, kitchen, appliance, furniture"
http://images.cocodataset.org/val2017/000000298697.jpg,Horses are standing in an open field in the grass.,1,animal
http://images.cocodataset.org/val2017/000000298738.jpg,A panda bear sitting and eating a plant.,1,animal
http://images.cocodataset.org/val2017/000000298904.jpg,Rocks and plants displayed in water inside clear glass vase.,41,indoor
http://images.cocodataset.org/val2017/000000298994.jpg,some different vegetables laid out on a wooden pallet,19,food
http://images.cocodataset.org/val2017/000000299355.jpg,A plate topped with broccoli and vegetables on a table.,19,food
http://images.cocodataset.org/val2017/000000299553.jpg,A lot of people on a hillside watching hot air balloons.,4,"sports, person"
http://images.cocodataset.org/val2017/000000299609.jpg,A horse grazing with mountains behind him. ,1,animal
http://images.cocodataset.org/val2017/000000299720.jpg,A camel or a giraffe is playing with the camera-man. ,1,animal
http://images.cocodataset.org/val2017/000000299887.jpg,A man and a woman are posing next to a red motorcycle.,9,"vehicle, person"
http://images.cocodataset.org/val2017/000000300039.jpg,A person showing a picture on their cellular phone. ,320,"kitchen, person, electronic, furniture"
http://images.cocodataset.org/val2017/000000300155.jpg,A bird is sitting on a tree branch spreading its tail-feathers.,1,animal
http://images.cocodataset.org/val2017/000000300233.jpg,The ingredients are on the kitchen counter next to the blender.,32,kitchen
http://images.cocodataset.org/val2017/000000300276.jpg,"Two women standing behind table with cupcakes, cake and a warmer",305,"food, kitchen, outdoor, person, furniture"
http://images.cocodataset.org/val2017/000000300341.jpg,Two college age boys playing Wii while others look on ,30,"electronic, person"
http://images.cocodataset.org/val2017/000000300659.jpg,Seven jets fly in formation leaving trails of smoke behind them.,12,vehicle
http://images.cocodataset.org/val2017/000000300842.jpg,A skateboard that has its wheels on the floor.,38,sports
http://images.cocodataset.org/val2017/000000300913.jpg,A cat looking forward while laying down on a green cushion. ,48,"furniture, animal"
http://images.cocodataset.org/val2017/000000301061.jpg,A person is moving green hay towards an elephant that is inside the back of a white truck.,103,"vehicle, person, animal"
http://images.cocodataset.org/val2017/000000301135.jpg,a number of people sitting on benches ,15,"vehicle, outdoor, accessory, person"
http://images.cocodataset.org/val2017/000000301376.jpg,A street area with a building and cars.,15,"vehicle, outdoor, accessory, person"
http://images.cocodataset.org/val2017/000000301421.jpg,A powered on computer monitor sitting on a office desk.,267,"vehicle, electronic, furniture"
http://images.cocodataset.org/val2017/000000301563.jpg,A man riding skis down a snow covered slope.,24,"accessory, sports, person"
http://images.cocodataset.org/val2017/000000301718.jpg,two people seated at a dining table with a plate of food before them,18,"kitchen, person, furniture"
http://images.cocodataset.org/val2017/000000301867.jpg,three people standing near one another with an umbrella,17,"accessory, person"
http://images.cocodataset.org/val2017/000000301981.jpg,A giraffe at the zoo leans down to feed,1,animal
http://images.cocodataset.org/val2017/000000302030.jpg,"In home desk, covered with papers and two computers.",39,"electronic, furniture, indoor"
http://images.cocodataset.org/val2017/000000302107.jpg,A man swinging a baseball bat during a baseball game.,4,"sports, person"
http://images.cocodataset.org/val2017/000000302165.jpg,Cows resting in fresh straw bays at a rodeo,1,animal
http://images.cocodataset.org/val2017/000000302452.jpg,A woman feeding a giraffe with a bottle at the zoo,91,"kitchen, electronic, person, animal"
http://images.cocodataset.org/val2017/000000302536.jpg,A man in a living room playing video games.,147,"electronic, sports, person, furniture"
http://images.cocodataset.org/val2017/000000302760.jpg,An image of a bathroom with a sink and mirror ,96,"appliance, kitchen"
http://images.cocodataset.org/val2017/000000302882.jpg,The man is taking a photo of him self with his cellphone. ,30,"electronic, person"
http://images.cocodataset.org/val2017/000000302990.jpg,A man is on a surfboard riding a wave. ,4,"sports, person"
http://images.cocodataset.org/val2017/000000303305.jpg,A city bus parked on the side of a road.,9,"vehicle, person"
http://images.cocodataset.org/val2017/000000303499.jpg,2 men wearing red cloaks riding on horseback.,35,"person, animal"
http://images.cocodataset.org/val2017/000000303566.jpg,A market that has several boxes of fruit in it.,232,"vehicle, accessory, person, food"
http://images.cocodataset.org/val2017/000000303653.jpg,two ladies riding horses there's a reflection of one of them in a mirror,120,"person, furniture, animal"
http://images.cocodataset.org/val2017/000000303713.jpg,A male tennis player is getting ready to hit the ball.,321,"sports, electronic, accessory, person, furniture"
http://images.cocodataset.org/val2017/000000303818.jpg,A curve in a city road with a bus following a car and people walking on the side.,36,"vehicle, accessory, person"
http://images.cocodataset.org/val2017/000000303863.jpg,A train driving down the rail road tracks in a city.,36,"vehicle, accessory, person"
http://images.cocodataset.org/val2017/000000303893.jpg,Two kids witting on a sidewalk having a snack.,322,"outdoor, person, food"
http://images.cocodataset.org/val2017/000000303908.jpg,A wooden bench and life preserver near some water.,3,"vehicle, outdoor"
http://images.cocodataset.org/val2017/000000304180.jpg,A woman in a short red dress is holding her skateboard while getting food from a take out window.,4,"sports, person"
http://images.cocodataset.org/val2017/000000304291.jpg,A horse walking in a field with trees in the background.,1,animal
http://images.cocodataset.org/val2017/000000304365.jpg,A blue and yellow train is parked on the tracks.,36,"vehicle, accessory, person"
http://images.cocodataset.org/val2017/000000304396.jpg,A red and white brick building with a clock tower.,41,indoor
http://images.cocodataset.org/val2017/000000304404.jpg,A batter swings the bat as the crowd watches attentively.,6,"sports, accessory, person"
http://images.cocodataset.org/val2017/000000304545.jpg,a close up of a smaller luggage bag ,86,accessory
http://images.cocodataset.org/val2017/000000304560.jpg,A black cat sitting in a field of grass.,1,animal
http://images.cocodataset.org/val2017/000000304812.jpg,A person carrying a surfboard on the beach at sunset.,4,"sports, person"
http://images.cocodataset.org/val2017/000000304817.jpg,a close up of a snow board in a bush,38,sports
http://images.cocodataset.org/val2017/000000304984.jpg,A toasted sandwich with sliced fruit and a fork.,10,"kitchen, food"
http://images.cocodataset.org/val2017/000000305309.jpg,A kid hold a stick in his hands in the air.,4,"sports, person"
http://images.cocodataset.org/val2017/000000305317.jpg,Several people are flying kites in an open field of grass.,4,"sports, person"
http://images.cocodataset.org/val2017/000000305343.jpg,Two ceramic cups - one with a bird and the other with a fox.,213,"kitchen, animal"
http://images.cocodataset.org/val2017/000000305609.jpg,"Various plates of food that include hashbrowns, waffles and grits.",104,"kitchen, person, furniture, food"
http://images.cocodataset.org/val2017/000000305695.jpg,A bunch of zebras grazing near a road where vehicles are driving by.,22,"vehicle, animal"
http://images.cocodataset.org/val2017/000000306136.jpg,A bus stopped in front of a building with the Apple logo on it.,9,"vehicle, person"
http://images.cocodataset.org/val2017/000000306139.jpg,A group of people at a table working on small laptops.,50,"electronic, kitchen, accessory, person, furniture"
http://images.cocodataset.org/val2017/000000306437.jpg,The man is practicing his moves on his skateboard.,179,"vehicle, outdoor, sports, person"
http://images.cocodataset.org/val2017/000000306582.jpg,A group of cows standing next to a  line of laundry drying.,1,animal
http://images.cocodataset.org/val2017/000000306700.jpg,Woman showing off very large home made pizza.,104,"kitchen, person, furniture, food"
http://images.cocodataset.org/val2017/000000306733.jpg,"A bathroom with a sink, towel rack and shower stall.",110,"appliance, kitchen, furniture"
http://images.cocodataset.org/val2017/000000306893.jpg,Red and white train at the end of a train station.,46,"vehicle, outdoor, person"
http://images.cocodataset.org/val2017/000000307074.jpg,A city intersection with traffic lights on a stormy day.,3,"vehicle, outdoor"
http://images.cocodataset.org/val2017/000000307145.jpg,"A kitchen scene complete with an oven, range and a refrigerator.",5,appliance
http://images.cocodataset.org/val2017/000000307172.jpg,A pizza pie being enjoyed at a cafe of some sort.,104,"kitchen, person, furniture, food"
http://images.cocodataset.org/val2017/000000307598.jpg,A yellow and green train is coming down the track.,3,"vehicle, outdoor"
http://images.cocodataset.org/val2017/000000307658.jpg,a brown white and black bear and some trees,1,animal
http://images.cocodataset.org/val2017/000000308165.jpg,a guy jumping over a cone on a skate board.,4,"sports, person"
http://images.cocodataset.org/val2017/000000308193.jpg,A building with a clock built into it. ,41,indoor
http://images.cocodataset.org/val2017/000000308328.jpg,people at the airport offloading the baggage with their names on,36,"vehicle, accessory, person"
http://images.cocodataset.org/val2017/000000308394.jpg,There is a woman sitting alone on a train next to a bag,172,"outdoor, accessory, person"
http://images.cocodataset.org/val2017/000000308430.jpg,Someone is cooking a vegtable stir fry for dinner,165,"food, indoor, kitchen, appliance, furniture"
http://images.cocodataset.org/val2017/000000308466.jpg,"A picture of a white bathroom with a sink,toilet and bathtub.",51,"appliance, furniture"
http://images.cocodataset.org/val2017/000000308476.jpg,A large white bear standing near a rock.,53,"sports, animal"
http://images.cocodataset.org/val2017/000000308531.jpg,a pink clock tower rises above a tree line,239,"vehicle, outdoor, indoor"
http://images.cocodataset.org/val2017/000000308545.jpg,A young boy in a black jacket riding a white horse.,35,"person, animal"
http://images.cocodataset.org/val2017/000000308587.jpg,Several para sailors on choppy water under a cloudy sky.,67,"vehicle, sports, person"
http://images.cocodataset.org/val2017/000000308631.jpg,People stand around an antique motorcycle in a grassy area.,36,"vehicle, accessory, person"
http://images.cocodataset.org/val2017/000000308753.jpg,an animal laying down on top of some rocks.,1,animal
http://images.cocodataset.org/val2017/000000308793.jpg,A person walking in the snow with skis on their back.,24,"accessory, sports, person"
http://images.cocodataset.org/val2017/000000308799.jpg,A contemporary kitchen featuring wood floors and a stainless steel oven.,96,"appliance, kitchen"
http://images.cocodataset.org/val2017/000000309173.jpg,there is a red stop sign on this street,75,"outdoor, person"
http://images.cocodataset.org/val2017/000000309391.jpg,Several vehicles are moving down a city street.,46,"vehicle, outdoor, person"
http://images.cocodataset.org/val2017/000000309452.jpg,A yellow bird stands perched on a tree branch.,1,animal
http://images.cocodataset.org/val2017/000000309467.jpg,Two people carrying backpacks are cross country skiing.,6,"sports, accessory, person"
http://images.cocodataset.org/val2017/000000309484.jpg,A dog sits while a person brushes his teeth.,283,"indoor, person, animal"
http://images.cocodataset.org/val2017/000000309495.jpg,A toilet that is in a bathroom with the lid up.,14,furniture
http://images.cocodataset.org/val2017/000000309655.jpg,A woman on skis in front of people on a slope.,4,"sports, person"
http://images.cocodataset.org/val2017/000000309678.jpg,There is a tray filled with sauce covered food,78,"person, furniture, food"
http://images.cocodataset.org/val2017/000000309938.jpg,A dog sits near books with a shirt on.,146,"indoor, animal"
http://images.cocodataset.org/val2017/000000309964.jpg,A pair of friends sit beneath a massive blue umbrella.,36,"vehicle, accessory, person"
http://images.cocodataset.org/val2017/000000310072.jpg,Hat sits on empty park bench made of black iron,3,"vehicle, outdoor"
http://images.cocodataset.org/val2017/000000310200.jpg,The dessert has been split into two halves on the plate.,10,"kitchen, food"
http://images.cocodataset.org/val2017/000000310862.jpg,"An office view shows cubicles and overhead lights in the background, and to the front ,  a serious looking man with a beard, vest and colorful tie. ",99,"accessory, person, furniture"
http://images.cocodataset.org/val2017/000000310980.jpg,A person looks at a very big computer monitor. ,123,"electronic, indoor"
http://images.cocodataset.org/val2017/000000311002.jpg,A man holding a baseball bat during a baseball game.,4,"sports, person"
http://images.cocodataset.org/val2017/000000311081.jpg,A bathroom is adorned with beige and white tiles.,14,furniture
http://images.cocodataset.org/val2017/000000311180.jpg,Someone holding out their hand with a pair of scissors on it,132,"person, indoor"
http://images.cocodataset.org/val2017/000000311190.jpg,A sleepy dog wearing a cowboy hat in the back seat of a car,35,"person, animal"
http://images.cocodataset.org/val2017/000000311295.jpg,Zebras and wort hogs living together on the plains.,1,animal
http://images.cocodataset.org/val2017/000000311303.jpg,A cup with soda in front of a panini with a side of greens.,104,"kitchen, person, furniture, food"
http://images.cocodataset.org/val2017/000000311392.jpg,A black and white cow in a barn next to a man.,35,"person, animal"
http://images.cocodataset.org/val2017/000000311394.jpg,A child holds a toothbrush in their hand.,132,"person, indoor"
http://images.cocodataset.org/val2017/000000311518.jpg,a small green boa is on a lake,12,vehicle
http://images.cocodataset.org/val2017/000000311789.jpg,A cat sleeping on a keyboard on a table.,13,"electronic, animal"
http://images.cocodataset.org/val2017/000000311883.jpg,A train passes by a road on a railroad track,3,"vehicle, outdoor"
http://images.cocodataset.org/val2017/000000311909.jpg,A very big white bus parked by the curb.,12,vehicle
http://images.cocodataset.org/val2017/000000311928.jpg,A little boy is hitting a ball with a bat.,4,"sports, person"
http://images.cocodataset.org/val2017/000000311950.jpg,A hot dog with condiments and confetti all around,19,food
http://images.cocodataset.org/val2017/000000312192.jpg,A white plate of food on a table.,104,"kitchen, person, furniture, food"
http://images.cocodataset.org/val2017/000000312213.jpg,Gray and white cat sitting next to open laptop.,13,"electronic, animal"
http://images.cocodataset.org/val2017/000000312237.jpg,People are having fun on a crowded beach.,157,"sports, vehicle, accessory, person"
http://images.cocodataset.org/val2017/000000312263.jpg,A very tall building with lots of windows and a clock mounted to it's side.,41,indoor
http://images.cocodataset.org/val2017/000000312278.jpg,A collection of luggage that has been placed on a wooden carrier.,86,accessory
http://images.cocodataset.org/val2017/000000312340.jpg,A black and white cat sitting on top of leaves.,1,animal
http://images.cocodataset.org/val2017/000000312406.jpg,a table that has some bananas and a cup on it,10,"kitchen, food"
http://images.cocodataset.org/val2017/000000312421.jpg,a luggage bag on top of a table ,164,"vehicle, accessory, person, furniture"
http://images.cocodataset.org/val2017/000000312489.jpg,A woman standing on top of a sandy beach with a surfboard.,67,"vehicle, sports, person"
http://images.cocodataset.org/val2017/000000312552.jpg,Woman standing while eating pizza from a plate.,43,"person, food"
http://images.cocodataset.org/val2017/000000312586.jpg,A black bear stands in the tall grass.,1,animal
http://images.cocodataset.org/val2017/000000312720.jpg,A skier is clearing a jump at the top of a slope,4,"sports, person"
http://images.cocodataset.org/val2017/000000313034.jpg,A man smiling while standing in front of a woman with a piece of cake. ,269,"kitchen, person, food, indoor"
http://images.cocodataset.org/val2017/000000313130.jpg,A refrigerator up against a wall with a mirror.,51,"appliance, furniture"
http://images.cocodataset.org/val2017/000000313182.jpg,A purple and white bus driving down a street.,36,"vehicle, accessory, person"
http://images.cocodataset.org/val2017/000000313454.jpg,A man in a suit is talking to a group,27,"kitchen, accessory, person, furniture"
http://images.cocodataset.org/val2017/000000313562.jpg,A woman standing behind a table with carrots on it at a produce market.,43,"person, food"
http://images.cocodataset.org/val2017/000000313588.jpg,The woman holding an umbrella smiles on the narrow street beside the sidewalk.,36,"vehicle, accessory, person"
http://images.cocodataset.org/val2017/000000313783.jpg,The meal on the dish is ready to be eaten. ,10,"kitchen, food"
http://images.cocodataset.org/val2017/000000314034.jpg,A herd of cattle is near a flock of birds swimming in the water.,1,animal
http://images.cocodataset.org/val2017/000000314177.jpg,a person taking a photo in a bath room mirror,107,"person, furniture"
http://images.cocodataset.org/val2017/000000314182.jpg,a close up of a bowl with vegetables with broccolli,10,"kitchen, food"
http://images.cocodataset.org/val2017/000000314251.jpg,A group of motorcycles down a long street filled with trees on either side.,9,"vehicle, person"
http://images.cocodataset.org/val2017/000000314264.jpg,a man making a flower display in a vase on a wall,126,"person, furniture, indoor"
http://images.cocodataset.org/val2017/000000314294.jpg,An elephant walks alone past some big rocks boulders in an open field,1,animal
http://images.cocodataset.org/val2017/000000314541.jpg,The bench in the field is empty with no one around it.,52,outdoor
http://images.cocodataset.org/val2017/000000314709.jpg,"An individual is in the open view in the picture. 
",4,"sports, person"
http://images.cocodataset.org/val2017/000000314914.jpg,Several signs attached to a post detail regulations related to parking and other issues.,12,vehicle
http://images.cocodataset.org/val2017/000000315001.jpg,A picture of some birds are flying around in the air.,1,animal
http://images.cocodataset.org/val2017/000000315187.jpg,A bus parked in front of a building.,46,"vehicle, outdoor, person"
http://images.cocodataset.org/val2017/000000315219.jpg,A phone mounted to a wall next to a doorway.,41,indoor
http://images.cocodataset.org/val2017/000000315257.jpg,A bird is sitting on a bowl of birdseed.,1,animal
http://images.cocodataset.org/val2017/000000315450.jpg,some cars a red bus and a blue bus,3,"vehicle, outdoor"
http://images.cocodataset.org/val2017/000000315492.jpg,A little girl shows her stuffed bear how to use the bathroom.,126,"person, furniture, indoor"
http://images.cocodataset.org/val2017/000000316015.jpg,A cat is sitting by a computer on a desk.,200,"electronic, indoor, animal"
http://images.cocodataset.org/val2017/000000316054.jpg,Steam rising from a train moving along tracks.,9,"vehicle, person"
http://images.cocodataset.org/val2017/000000316404.jpg,Two men posing for a picture in a tennis game in a funny way.,4,"sports, person"
http://images.cocodataset.org/val2017/000000316666.jpg,A clear glass vase holding flowers in front of a mirror. ,40,"kitchen, furniture, indoor"
http://images.cocodataset.org/val2017/000000317024.jpg,A zebra is next to fences standing on white ground.,1,animal
http://images.cocodataset.org/val2017/000000317433.jpg,Man in a field walking behind two Clydesdale horses.,35,"person, animal"
http://images.cocodataset.org/val2017/000000317999.jpg,A father with a braided beard is looking at his child. ,126,"person, furniture, indoor"
http://images.cocodataset.org/val2017/000000318080.jpg,two bears playing together while swimming near a log.,1,animal
http://images.cocodataset.org/val2017/000000318114.jpg,a plate with a slice of orange with a piece of cake ,16,"kitchen, furniture, food"
http://images.cocodataset.org/val2017/000000318138.jpg,A girl playing Wii holding two remotes ,30,"electronic, person"
http://images.cocodataset.org/val2017/000000318238.jpg,Two small dogs and a cat sleeping on a bed.,48,"furniture, animal"
http://images.cocodataset.org/val2017/000000318455.jpg,This table has cupcakes and cake on it.,16,"kitchen, furniture, food"
http://images.cocodataset.org/val2017/000000318908.jpg,A small white dog looking into a camera.,1,animal
http://images.cocodataset.org/val2017/000000319100.jpg,A woman and a man sitting on a couch next to each other.,60,"kitchen, electronic, person, furniture"
http://images.cocodataset.org/val2017/000000319184.jpg,some players are playing frisbee on a grass field,4,"sports, person"
http://images.cocodataset.org/val2017/000000319369.jpg,PEOPLE STANDING NEAR A GUARD IN FRONT OF A RENTAL STORE.,216,"vehicle, outdoor, accessory, person, furniture"
http://images.cocodataset.org/val2017/000000319534.jpg,A young man standing in the doorway of a bus,9,"vehicle, person"
http://images.cocodataset.org/val2017/000000319607.jpg,A bent traffic light next to the side of a street.,15,"vehicle, outdoor, accessory, person"
http://images.cocodataset.org/val2017/000000319617.jpg,A plate with a hotdog and two glasses with beverages.,16,"kitchen, furniture, food"
http://images.cocodataset.org/val2017/000000319696.jpg,bright red microwave sitting on the kitchen counter,124,"appliance, kitchen, furniture, indoor"
http://images.cocodataset.org/val2017/000000319721.jpg,A woman stands beside a large brown horse.,35,"person, animal"
http://images.cocodataset.org/val2017/000000319935.jpg,There is a living room with a wide open view,39,"electronic, furniture, indoor"
http://images.cocodataset.org/val2017/000000320232.jpg,A Public Parking Payment booth in a lot.,15,"vehicle, outdoor, accessory, person"
http://images.cocodataset.org/val2017/000000320425.jpg,A group of giraffe standing next to each other on a dirt field.,1,animal
http://images.cocodataset.org/val2017/000000320490.jpg,a boy is swinging a baseball bat at a game,31,"kitchen, sports, person"
http://images.cocodataset.org/val2017/000000320554.jpg,A black cat sits beneath a bench in the sun.,131,"outdoor, animal"
http://images.cocodataset.org/val2017/000000320632.jpg,A group of zebras are standing together in the grass.,1,animal
http://images.cocodataset.org/val2017/000000320642.jpg,Two women standing next to each other with one holding video game controllers.,30,"electronic, person"
http://images.cocodataset.org/val2017/000000320664.jpg,A plate of some food on a table.,16,"kitchen, furniture, food"
http://images.cocodataset.org/val2017/000000320696.jpg,Surfer riding out end of wave with large breaking wave in background.,4,"sports, person"
http://images.cocodataset.org/val2017/000000320743.jpg,A group of elephants being ridden by people wearing blue,35,"person, animal"
http://images.cocodataset.org/val2017/000000321118.jpg,Laptop computer sitting at a disc with various fuzzy objects.,11,electronic
http://images.cocodataset.org/val2017/000000321214.jpg,A toddler eats cake with his hands in his high chair.,78,"person, furniture, food"
http://images.cocodataset.org/val2017/000000321333.jpg,"A vintage closeup shows a chair with a toddler with a big smile and a big toy bear seated right  next to a second toddler with a semi-smile, holding what appears to be a coin purse.",132,"person, indoor"
http://images.cocodataset.org/val2017/000000321557.jpg,a close up of a motorcycle parked near a building,12,vehicle
http://images.cocodataset.org/val2017/000000321790.jpg,A tennis player getting ready to play a game.,4,"sports, person"
http://images.cocodataset.org/val2017/000000321887.jpg,White sheep standing in front of a colorful wall in a building. ,1,animal
http://images.cocodataset.org/val2017/000000322163.jpg,A couple of guys cooking in a restaruant kitchen that is open to the restaurant.,183,"food, electronic, kitchen, appliance, person, furniture"
http://images.cocodataset.org/val2017/000000322211.jpg,A BOX OF DOUGHNUTS JUST SHORT OF A DOZEN,58,"furniture, food"
http://images.cocodataset.org/val2017/000000322352.jpg,A fireplace and dining table in a dining room.,2,"furniture, indoor"
http://images.cocodataset.org/val2017/000000322429.jpg,A shelf of antique pottery in an antique store ,189,"kitchen, indoor"
http://images.cocodataset.org/val2017/000000322574.jpg,Food items served in small tray displayed on table.,10,"kitchen, food"
http://images.cocodataset.org/val2017/000000322610.jpg,A woman leaning against a store front with an umbrella.,172,"outdoor, accessory, person"
http://images.cocodataset.org/val2017/000000322724.jpg,A man is standing on a snowy hills with his skiis.,4,"sports, person"
http://images.cocodataset.org/val2017/000000322829.jpg,A BENCH IS SEATED ON THE GRASS ,52,outdoor
http://images.cocodataset.org/val2017/000000322844.jpg,A teddy bear and a stuffed fish set next to each other.,207,"outdoor, indoor"
http://images.cocodataset.org/val2017/000000322864.jpg,A yellow taxi cab sitting below tall buildings.,9,"vehicle, person"
http://images.cocodataset.org/val2017/000000322895.jpg,A living room filled with furniture next to a window.,61,"electronic, kitchen, furniture, indoor"
http://images.cocodataset.org/val2017/000000322944.jpg,An injured woman holding a teddy bear close to her chest,132,"person, indoor"
http://images.cocodataset.org/val2017/000000322959.jpg,"A selection of breads, meat, spreads, and cheeses. ",16,"kitchen, furniture, food"
http://images.cocodataset.org/val2017/000000322968.jpg,A tall green clock tower sitting in the middle of a sidewalk.,41,indoor
http://images.cocodataset.org/val2017/000000323151.jpg,A beer sits untouched on a table with other food,16,"kitchen, furniture, food"
http://images.cocodataset.org/val2017/000000323202.jpg,A toilet that has three sea shells on top.,2,"furniture, indoor"
http://images.cocodataset.org/val2017/000000323263.jpg,A woman is selling fruit in a poor neighborhood.,55,"electronic, accessory, person"
http://images.cocodataset.org/val2017/000000323355.jpg,A young boy dressed in yellow holding a pizza in a box.,43,"person, food"
http://images.cocodataset.org/val2017/000000323496.jpg,A boy swinging a tennis racket at a ball on a court.,59,"outdoor, sports, person"
http://images.cocodataset.org/val2017/000000323571.jpg,A street sign is shown across from a street with has cars and a traffic light. ,3,"vehicle, outdoor"
http://images.cocodataset.org/val2017/000000323709.jpg,An airplane is parked next to a domed tower.,12,vehicle
http://images.cocodataset.org/val2017/000000323751.jpg,A train one track away from a platform at a stop.,15,"vehicle, outdoor, accessory, person"
http://images.cocodataset.org/val2017/000000323799.jpg,A group of people standing next to each other on a field.,4,"sports, person"
http://images.cocodataset.org/val2017/000000323828.jpg,A white train hauling cargo along a track.,22,"vehicle, animal"
http://images.cocodataset.org/val2017/000000323895.jpg,a person swinging a tennis racket on a tennis court.,4,"sports, person"
http://images.cocodataset.org/val2017/000000324158.jpg,This man is riding a skateboard behind a dog.,323,"vehicle, sports, person, animal"
http://images.cocodataset.org/val2017/000000324258.jpg,A couple of men standing in a living room holding Wii game controllers.,116,"electronic, indoor, kitchen, person, furniture"
http://images.cocodataset.org/val2017/000000324614.jpg,"Young lady, wearing a black dress, brushing her teeth.",132,"person, indoor"
http://images.cocodataset.org/val2017/000000324715.jpg,A laptop computer sits on a desk with scissors.,123,"electronic, indoor"
http://images.cocodataset.org/val2017/000000324818.jpg,Two parrots perching on a tree branch in a tropical garden.,1,animal
http://images.cocodataset.org/val2017/000000324927.jpg,A plate of two slices of pizza and a cup of juice.,10,"kitchen, food"
http://images.cocodataset.org/val2017/000000325031.jpg,A ceramic elephant that is standing up on fake water.,317,"outdoor, accessory, person, animal"
http://images.cocodataset.org/val2017/000000325114.jpg,a little red tabke with a plate on it in the bathroom ,14,furniture
http://images.cocodataset.org/val2017/000000325306.jpg,a little zebra biting its own tali ,1,animal
http://images.cocodataset.org/val2017/000000325347.jpg,The tennis player is running to meat the ball.,324,"accessory, sports, person, furniture"
http://images.cocodataset.org/val2017/000000325483.jpg,Two men standing in a room and holding Wii video game controllers.,116,"electronic, indoor, kitchen, person, furniture"
http://images.cocodataset.org/val2017/000000325527.jpg,a brown teddy bear sitting on a huge box,41,indoor
http://images.cocodataset.org/val2017/000000325838.jpg,The woman is using a laptop that sits on a stack of other laptops.,81,"electronic, person, furniture"
http://images.cocodataset.org/val2017/000000325991.jpg,A man gets ready to throw a frisbee in a park.,4,"sports, person"
http://images.cocodataset.org/val2017/000000326082.jpg,A living room with a wooden floor filled with furniture.,325,"food, electronic, indoor, kitchen, furniture"
http://images.cocodataset.org/val2017/000000326128.jpg,A person standing in the snow near a snow board.,24,"accessory, sports, person"
http://images.cocodataset.org/val2017/000000326174.jpg,A group of surfers are carrying their surf boards into the ocean.,4,"sports, person"
http://images.cocodataset.org/val2017/000000326248.jpg,A tennis court has a few people in the bleachers.,324,"accessory, sports, person, furniture"
http://images.cocodataset.org/val2017/000000326462.jpg,A person holding a donut with a napkin.,43,"person, food"
http://images.cocodataset.org/val2017/000000326541.jpg,A crowd of people holding their cameras up taking pictures.,168,"vehicle, electronic, person"
http://images.cocodataset.org/val2017/000000326542.jpg,A person skiing down a mountain on a trail.,4,"sports, person"
http://images.cocodataset.org/val2017/000000326627.jpg,a street view of cars and buildings with a rainbow in the sky,3,"vehicle, outdoor"
http://images.cocodataset.org/val2017/000000326970.jpg,A man and two women sitting on a tan ledge.,57,"electronic, accessory, person, indoor"
http://images.cocodataset.org/val2017/000000327306.jpg,A skateboarder performing a trick on a ledge.,4,"sports, person"
http://images.cocodataset.org/val2017/000000327592.jpg,Woman showing delight with plated chocolate desert dish .,296,"indoor, kitchen, person, food"
http://images.cocodataset.org/val2017/000000327601.jpg,Woman with blue dress sitting in modern chair next to vase in empty room.,126,"person, furniture, indoor"
http://images.cocodataset.org/val2017/000000327605.jpg,The woman wearing skis and a helmet is standing with skis and ski poles. ,4,"sports, person"
http://images.cocodataset.org/val2017/000000327617.jpg,An older photo of a woman on a tennis court posing with her raquet.,4,"sports, person"
http://images.cocodataset.org/val2017/000000327701.jpg,A woman is playing tennis with her children.,31,"kitchen, sports, person"
http://images.cocodataset.org/val2017/000000327769.jpg,A cat curled up in a white bathroom sink.,326,"indoor, kitchen, animal, appliance, furniture"
http://images.cocodataset.org/val2017/000000327780.jpg,a close up of a piece of cake on a plate,10,"kitchen, food"
http://images.cocodataset.org/val2017/000000327890.jpg,Three empty benches face each other beneath a canopy.,3,"vehicle, outdoor"
http://images.cocodataset.org/val2017/000000328030.jpg,"The stuffed bear is holding a hockey stick  and ""playing"" hockey with them ""watching.""",41,indoor
http://images.cocodataset.org/val2017/000000328117.jpg,Donuts in a staging area with a pair of tongs near them.,19,food
http://images.cocodataset.org/val2017/000000328238.jpg,A man wearing a blue shirt catching a white frisbee.,118,"sports, outdoor, accessory, person, furniture"
http://images.cocodataset.org/val2017/000000328286.jpg,Boats docked at a harbor facing the city.,12,vehicle
http://images.cocodataset.org/val2017/000000328337.jpg,Young boy almost ready to throw a frisbee.,4,"sports, person"
http://images.cocodataset.org/val2017/000000328430.jpg,Woman tennis player returning a tennis ball. ,54,"sports, person, furniture"
http://images.cocodataset.org/val2017/000000328601.jpg,Tennis player getting ready to back hand the ball over the net.,4,"sports, person"
http://images.cocodataset.org/val2017/000000328683.jpg,A parking meter decorated with different colors of paper. ,227,"outdoor, furniture"
http://images.cocodataset.org/val2017/000000328959.jpg,An oddly shaped black toilet lid in a bathroom.,14,furniture
http://images.cocodataset.org/val2017/000000329041.jpg,A group of brief cases are piled up on the sidewalks.,17,"accessory, person"
http://images.cocodataset.org/val2017/000000329080.jpg,A hotel room with focus on the two beds.,135,"accessory, furniture"
http://images.cocodataset.org/val2017/000000329219.jpg,there is a small puppy on the kitchen floor,203,"appliance, kitchen, person, animal"
http://images.cocodataset.org/val2017/000000329319.jpg,a cat sitting on a chair looking at the ground ,312,"outdoor, furniture, animal"
http://images.cocodataset.org/val2017/000000329323.jpg,A group of people who are standing together.,80,person
http://images.cocodataset.org/val2017/000000329447.jpg,A sheepdog runs around a herd of cows in a fenced-in field.,1,animal
http://images.cocodataset.org/val2017/000000329455.jpg,a cutting board covered with a big pepperoni pizza ,104,"kitchen, person, furniture, food"
http://images.cocodataset.org/val2017/000000329456.jpg,"A group of people walking across asphalt, dressed informally",109,"accessory, person, food"
http://images.cocodataset.org/val2017/000000329542.jpg,A picture of a person touching a cupcake.,95,"kitchen, person, food"
http://images.cocodataset.org/val2017/000000329614.jpg,A bus and other cars are traveling on a street.,9,"vehicle, person"
http://images.cocodataset.org/val2017/000000329827.jpg,A person in a blue coat is skiing down a slope.,4,"sports, person"
http://images.cocodataset.org/val2017/000000330369.jpg,A medium sized red boat going down a waterway.,103,"vehicle, person, animal"
http://images.cocodataset.org/val2017/000000330396.jpg,A man and a woman holding stuffed teddy bears near the ocean.,4,"sports, person"
http://images.cocodataset.org/val2017/000000330790.jpg,An elephant wearing a saddle holds leaves in it's trunk.,1,animal
http://images.cocodataset.org/val2017/000000330818.jpg,A man prepare food in the small kitchen.,327,"appliance, kitchen, person, indoor"
http://images.cocodataset.org/val2017/000000331075.jpg,A dog enjoying playing on the beach in the sun,1,animal
http://images.cocodataset.org/val2017/000000331280.jpg,White show horses and handlers performing during public event.,35,"person, animal"
http://images.cocodataset.org/val2017/000000331317.jpg,A clock reads almost 2:30 with a building behind it,132,"person, indoor"
http://images.cocodataset.org/val2017/000000331352.jpg,A small closed toilet in a cramped space.,51,"appliance, furniture"
http://images.cocodataset.org/val2017/000000331569.jpg,A strawberry milk shake and two strawberries on a plate.,32,kitchen
http://images.cocodataset.org/val2017/000000331604.jpg,A man kiteboarding over the ocean under a blue sky.,4,"sports, person"
http://images.cocodataset.org/val2017/000000331799.jpg,A woman standing in front of a box handing a woman a bag of food.,43,"person, food"
http://images.cocodataset.org/val2017/000000331817.jpg,"A woman getting food off of a table, with a purple sweater on.",56,"food, electronic, kitchen, person, furniture"
http://images.cocodataset.org/val2017/000000332318.jpg,Cattle on a level pasture in a mountainous area.,22,"vehicle, animal"
http://images.cocodataset.org/val2017/000000332351.jpg,A group of surfers ride waves in the ocean.,4,"sports, person"
http://images.cocodataset.org/val2017/000000332455.jpg,A bright pink toilet seat with the lid open. ,14,furniture
http://images.cocodataset.org/val2017/000000332570.jpg,A PERSON HOLDING A BLACKBERRY CELL PHONE IN THEIR HAND ,30,"electronic, person"
http://images.cocodataset.org/val2017/000000332845.jpg,A man in white shirt sitting at a laptop in bedroom.,81,"electronic, person, furniture"
http://images.cocodataset.org/val2017/000000332901.jpg,a couple of sheep are in a corral together,35,"person, animal"
http://images.cocodataset.org/val2017/000000333069.jpg,A photo of a giraffe getting up off the ground.,1,animal
http://images.cocodataset.org/val2017/000000333237.jpg,A black and white photo of a bedroom.,14,furniture
http://images.cocodataset.org/val2017/000000333402.jpg,A man standing in front of the open door of a bus.,238,"electronic, vehicle, person"
http://images.cocodataset.org/val2017/000000333697.jpg,Two signs that are on the side of a wall.,52,outdoor
http://images.cocodataset.org/val2017/000000333745.jpg,Woman walking next to commuter bus with umbrella on rainy day.,164,"vehicle, accessory, person, furniture"
http://images.cocodataset.org/val2017/000000333772.jpg,Two cats laying on a keyboard in front of a monitor.,328,"electronic, kitchen, furniture, animal"
http://images.cocodataset.org/val2017/000000333956.jpg,A parking meter beside a walkway near the water.,52,outdoor
http://images.cocodataset.org/val2017/000000334006.jpg,Garbage and police trucks on a city street,46,"vehicle, outdoor, person"
http://images.cocodataset.org/val2017/000000334309.jpg,A man taking a selfie while eating pizza.,329,"vehicle, electronic, person, food"
http://images.cocodataset.org/val2017/000000334371.jpg,Double-decker buses sit at the curb in front of an old building.,46,"vehicle, outdoor, person"
http://images.cocodataset.org/val2017/000000334399.jpg,A man standing in front of a clock.,143,"accessory, person, indoor"
http://images.cocodataset.org/val2017/000000334417.jpg,A man looks on as he finishes his meal,109,"accessory, person, food"
http://images.cocodataset.org/val2017/000000334483.jpg,People outside at table eating cake on plates.,230,"kitchen, accessory, person, food"
http://images.cocodataset.org/val2017/000000334521.jpg,Two giraffes stare at a crane from behind a fence.,35,"person, animal"
http://images.cocodataset.org/val2017/000000334530.jpg,There is a surfer on a surfboard in a pipeline,4,"sports, person"
http://images.cocodataset.org/val2017/000000334555.jpg,A black and white cow on side of street next to people.,7,"electronic, animal, vehicle, accessory, person"
http://images.cocodataset.org/val2017/000000334719.jpg,People walking on sand next to a mountainous area.,31,"kitchen, sports, person"
http://images.cocodataset.org/val2017/000000334767.jpg,people going along a hill on skiis during a race ,4,"sports, person"
http://images.cocodataset.org/val2017/000000334977.jpg,A pink smartphone with Windows 8 on the screen.  ,11,electronic
http://images.cocodataset.org/val2017/000000335081.jpg,A group of stuffed animals are arranged together.,330,"animal, indoor"
http://images.cocodataset.org/val2017/000000335177.jpg,A white truck parked in a persons driveway,3,"vehicle, outdoor"
http://images.cocodataset.org/val2017/000000335328.jpg,a couple of people that are surfing in water,4,"sports, person"
http://images.cocodataset.org/val2017/000000335427.jpg,A bowl full of broth and pieces of broccoli with a spoon and fork.,10,"kitchen, food"
http://images.cocodataset.org/val2017/000000335450.jpg,Two brown ponies in grassy field next to a fence.,1,animal
http://images.cocodataset.org/val2017/000000335529.jpg,A empty bench is located next to the water of a harbor.,3,"vehicle, outdoor"
http://images.cocodataset.org/val2017/000000335658.jpg,Thee computer keyboard is white and it has a matching white mouse. ,11,electronic
http://images.cocodataset.org/val2017/000000335800.jpg,A street sign with flags and a high rise building in the background.,52,outdoor
http://images.cocodataset.org/val2017/000000335954.jpg,this is a salad in some glass bowls,32,kitchen
http://images.cocodataset.org/val2017/000000336053.jpg,"Kids are sitting at a table with a plate, fork, spoon, and cups on it.",104,"kitchen, person, furniture, food"
http://images.cocodataset.org/val2017/000000336209.jpg,A man riding a skateboard up a wooden ramp.,59,"outdoor, sports, person"
http://images.cocodataset.org/val2017/000000336232.jpg,"A busy street with cars, a motorcycle and a passenger bus",9,"vehicle, person"
http://images.cocodataset.org/val2017/000000336265.jpg,a woman stands on a grassy hill in the mountains,4,"sports, person"
http://images.cocodataset.org/val2017/000000336309.jpg,A airplane is flying through a cloudy blue sky.,12,vehicle
http://images.cocodataset.org/val2017/000000336356.jpg,A beautiful woman sitting at a table with two pizzas.,104,"kitchen, person, furniture, food"
http://images.cocodataset.org/val2017/000000336587.jpg,A stop sign is on a dented wooden pole.,3,"vehicle, outdoor"
http://images.cocodataset.org/val2017/000000336628.jpg,A Man dressed like clown getting off bus.,168,"vehicle, electronic, person"
http://images.cocodataset.org/val2017/000000336658.jpg,A city skyline after the sun has set. ,9,"vehicle, person"
http://images.cocodataset.org/val2017/000000337055.jpg,A woman is sitting with a suitcase on some train tracks.,17,"accessory, person"
http://images.cocodataset.org/val2017/000000337498.jpg,A large slice of pizza with cheese and marinara sauce on a plate. ,10,"kitchen, food"
http://images.cocodataset.org/val2017/000000337987.jpg,"A brown, black and white bird resting on a tree branch.",1,animal
http://images.cocodataset.org/val2017/000000338191.jpg,Several different fire hydrants that have been painted various colors.,52,outdoor
http://images.cocodataset.org/val2017/000000338219.jpg,A couple of motorcycles parked next to each other.,42,"vehicle, person, furniture"
http://images.cocodataset.org/val2017/000000338304.jpg,On a narrow street people are taking pictures of sheep.,250,"electronic, accessory, person, animal"
http://images.cocodataset.org/val2017/000000338325.jpg,An American Airlines plane is in the sky,12,vehicle
http://images.cocodataset.org/val2017/000000338428.jpg,A photo of a green truck parked in grass.,12,vehicle
http://images.cocodataset.org/val2017/000000338532.jpg,A small giraffe standing on sand in its zoo enclosure,35,"person, animal"
http://images.cocodataset.org/val2017/000000338560.jpg,A blue fire hydrant posed on a street corner in a city.,3,"vehicle, outdoor"
http://images.cocodataset.org/val2017/000000338624.jpg,a man is walking his dog through the city,331,"food, animal, vehicle, outdoor, person, furniture"
http://images.cocodataset.org/val2017/000000338625.jpg,A double city bus is pulled up to a bus stop.,36,"vehicle, accessory, person"
http://images.cocodataset.org/val2017/000000338718.jpg,A broken street sign lays on the side of a road.,12,vehicle
http://images.cocodataset.org/val2017/000000338901.jpg,A dog looks up while laying on a blue couch.,66,"electronic, furniture, animal"
http://images.cocodataset.org/val2017/000000338905.jpg,People eating a meal at a long table covered with umbrellas outside a restaurant ,332,"food, kitchen, vehicle, accessory, person, furniture"
http://images.cocodataset.org/val2017/000000338986.jpg,a blue and yellow train a building and some cars,12,vehicle
http://images.cocodataset.org/val2017/000000339442.jpg,A sandwich with a pile a olives and an apple on a tablecloth. ,58,"furniture, food"
http://images.cocodataset.org/val2017/000000339823.jpg,A woman wearing an orange dress holding a black lace umbrella. ,17,"accessory, person"
http://images.cocodataset.org/val2017/000000339870.jpg,A church steeple is shown amidst telephone wires and lights. ,3,"vehicle, outdoor"
http://images.cocodataset.org/val2017/000000340015.jpg,A pizza with sausage tomato green peppers and cheese.,58,"furniture, food"
http://images.cocodataset.org/val2017/000000340175.jpg,A LITTLE ROOM AND DINING ROOM AREA WITH FURNITURE,333,"food, outdoor, furniture, indoor"
http://images.cocodataset.org/val2017/000000340272.jpg,A group of sheep standing next to a river on dry grass.,1,animal
http://images.cocodataset.org/val2017/000000340451.jpg,A man sitting on a bench wearing a yellow jacket.,75,"outdoor, person"
http://images.cocodataset.org/val2017/000000340697.jpg,Several rows of Crush soda in bottles in a refrigerator,32,kitchen
http://images.cocodataset.org/val2017/000000340894.jpg,"A computer monitor next to a keyboard, laptop and a mouse.",60,"kitchen, electronic, person, furniture"
http://images.cocodataset.org/val2017/000000340930.jpg,Closeup of a cup holding scissors and other pens and pencils.,41,indoor
http://images.cocodataset.org/val2017/000000341058.jpg,Advertising sign above a patio umbrella on sunny day.,334,"kitchen, accessory, furniture"
http://images.cocodataset.org/val2017/000000341094.jpg,A statue depicting a bear breaking into a car.,35,"person, animal"
http://images.cocodataset.org/val2017/000000341196.jpg,A man riding a wave on top of a surfboard.,4,"sports, person"
http://images.cocodataset.org/val2017/000000341469.jpg,A man standing next to suitcases and bags.,36,"vehicle, accessory, person"
http://images.cocodataset.org/val2017/000000341681.jpg,A tennis player trying to hit a tennis ball.,4,"sports, person"
http://images.cocodataset.org/val2017/000000341719.jpg,A group of people with skis and snowboards stand on a mountain.,4,"sports, person"
http://images.cocodataset.org/val2017/000000341828.jpg,a man talking on a cellphone sitting at a table.,278,"electronic, person, food"
http://images.cocodataset.org/val2017/000000341921.jpg,A young man sitting on a park bench next to a playground.,214,"indoor, vehicle, outdoor, accessory, person"
http://images.cocodataset.org/val2017/000000341973.jpg,Two girls pose for a photo holding doughnuts.,322,"outdoor, person, food"
http://images.cocodataset.org/val2017/000000342006.jpg,"Tall building sitting on the rivers edge and a barge,",114,"vehicle, indoor"
http://images.cocodataset.org/val2017/000000342128.jpg,A man is holding a tennis racket while posing.,289,"sports, vehicle, outdoor, person, furniture"
http://images.cocodataset.org/val2017/000000342186.jpg,A pizza with toppings served on a plate,58,"furniture, food"
http://images.cocodataset.org/val2017/000000342295.jpg,A bathroom view with a toilet and picture frames inside a tub.,14,furniture
http://images.cocodataset.org/val2017/000000342367.jpg,A TV with a picture of two men wearing black hats.,8,"electronic, person, indoor"
http://images.cocodataset.org/val2017/000000342397.jpg,a person in a colorful outfit jumping with some skiis ,4,"sports, person"
http://images.cocodataset.org/val2017/000000342971.jpg,Man in green sweatshirt about to catch a frisbee.,4,"sports, person"
http://images.cocodataset.org/val2017/000000343076.jpg,Cat hangs it's paw over the edge of the laptop ,13,"electronic, animal"
http://images.cocodataset.org/val2017/000000343149.jpg,People walking and standing in front of a building with a clock on it.,8,"electronic, person, indoor"
http://images.cocodataset.org/val2017/000000343218.jpg,a man with a tennis racket gets ready to swing his racket ,67,"vehicle, sports, person"
http://images.cocodataset.org/val2017/000000343315.jpg,"Patchy lawn, a road sign and a fire hydrant",52,outdoor
http://images.cocodataset.org/val2017/000000343453.jpg,A woman is on skis on the ski slope.,4,"sports, person"
http://images.cocodataset.org/val2017/000000343466.jpg,View of kitchen with oven and plenty of cabinets home.,5,appliance
http://images.cocodataset.org/val2017/000000343496.jpg,A person walking near a stop sign in a residential neighborhood.,15,"vehicle, outdoor, accessory, person"
http://images.cocodataset.org/val2017/000000343524.jpg,A man holding a tennis racquet on a tennis court.,4,"sports, person"
http://images.cocodataset.org/val2017/000000343561.jpg,A large group of people watching a bu g group of bikers go by.,36,"vehicle, accessory, person"
http://images.cocodataset.org/val2017/000000343706.jpg,A woman's hand holding a crocheted iPhone cover.,30,"electronic, person"
http://images.cocodataset.org/val2017/000000343803.jpg,The young man in jeans is throwing a Frisbee.,4,"sports, person"
http://images.cocodataset.org/val2017/000000343934.jpg,"A motorcycle is displayed in an entryway which is covered in graffiti.
",12,vehicle
http://images.cocodataset.org/val2017/000000343937.jpg,A girl in a white jacket is snowboarding down a slope.,4,"sports, person"
http://images.cocodataset.org/val2017/000000343976.jpg,"a city sign in the night time with cars passing underneath
",9,"vehicle, person"
http://images.cocodataset.org/val2017/000000344029.jpg,A city bus is driving through the town,36,"vehicle, accessory, person"
http://images.cocodataset.org/val2017/000000344059.jpg,"Giraffes standing in a wooded area, touching heads.",1,animal
http://images.cocodataset.org/val2017/000000344100.jpg,"A table has a camera, cup, and a plate with a sandwich on it.",231,"kitchen, electronic, furniture, food"
http://images.cocodataset.org/val2017/000000344268.jpg,obama delivers a speech photoshopped with the ussr flag,17,"accessory, person"
http://images.cocodataset.org/val2017/000000344614.jpg,a large building that has a clock tower,41,indoor
http://images.cocodataset.org/val2017/000000344621.jpg,The living room is clean and is ready to be used. ,39,"electronic, furniture, indoor"
http://images.cocodataset.org/val2017/000000344795.jpg,A dish covered in aluminum foil is baking in an oven. ,242,"appliance, food"
http://images.cocodataset.org/val2017/000000344816.jpg,A cargo train crossing under an overpass and switching tracks. ,12,vehicle
http://images.cocodataset.org/val2017/000000344888.jpg,Two horses walking around next to the gate,22,"vehicle, animal"
http://images.cocodataset.org/val2017/000000344909.jpg,A fire hydrant is standing on the sidewalk with two spouts.,3,"vehicle, outdoor"
http://images.cocodataset.org/val2017/000000345027.jpg,A vehicle and a motor bike on the beach.,263,"sports, vehicle, outdoor, accessory, person, furniture"
http://images.cocodataset.org/val2017/000000345252.jpg,a male in a brown shirt is typing on a keyboard ,81,"electronic, person, furniture"
http://images.cocodataset.org/val2017/000000345261.jpg,Two giraffes standing in a wide open area.  ,1,animal
http://images.cocodataset.org/val2017/000000345356.jpg,A pair of men sitting at a table in a diner.,116,"electronic, indoor, kitchen, person, furniture"
http://images.cocodataset.org/val2017/000000345361.jpg,Children at a birthday party sitting at a picnic table.,235,"food, kitchen, vehicle, person, furniture"
http://images.cocodataset.org/val2017/000000345385.jpg,A man snuggled up to another man under the covers in a bed.,107,"person, furniture"
http://images.cocodataset.org/val2017/000000345397.jpg,A man holding up an apple phone while taking a selfie.,55,"electronic, accessory, person"
http://images.cocodataset.org/val2017/000000345466.jpg,The baseball player is throwing a very intense pitch.,193,"kitchen, accessory, sports, person"
http://images.cocodataset.org/val2017/000000345469.jpg,a bunch of food is on display in a case,19,food
http://images.cocodataset.org/val2017/000000345941.jpg,A desert on a plate with a spoon on the side of the plate.,90,"kitchen, person"
http://images.cocodataset.org/val2017/000000346232.jpg,Three men who are walking in the sand.,36,"vehicle, accessory, person"
http://images.cocodataset.org/val2017/000000346638.jpg,"A blue moon beer is sitting on a desk along with a computer monitor, keyboard, mouse, computer, and speaker.",71,"electronic, kitchen"
http://images.cocodataset.org/val2017/000000346703.jpg,A man and woman standing over a dinner table with a cake.,104,"kitchen, person, furniture, food"
http://images.cocodataset.org/val2017/000000346707.jpg,A batch of green banana's next to a large set of red banana's.,19,food
http://images.cocodataset.org/val2017/000000346905.jpg,Two large brown elephants standing over a small elephant. ,1,animal
http://images.cocodataset.org/val2017/000000346968.jpg,A woman in uniform is talking on a cell phone.,141,"electronic, person, furniture, indoor"
http://images.cocodataset.org/val2017/000000347163.jpg,graffiti and stickers are plastered on the stop sign and street sign,52,outdoor
http://images.cocodataset.org/val2017/000000347174.jpg,A girl is sleeping in a bed with the light on.,107,"person, furniture"
http://images.cocodataset.org/val2017/000000347254.jpg,A man in suit and tie is holding a drink.,27,"kitchen, accessory, person, furniture"
http://images.cocodataset.org/val2017/000000347265.jpg,A person skiing through a snowy forest with tall trees.,4,"sports, person"
http://images.cocodataset.org/val2017/000000347335.jpg,a plate of food on that is sitting on a table,20,"kitchen, furniture"
http://images.cocodataset.org/val2017/000000347370.jpg,A person that is holding a lime in their hand.,43,"person, food"
http://images.cocodataset.org/val2017/000000347456.jpg,Mother and child elephant in a fenced pastoral field.,1,animal
http://images.cocodataset.org/val2017/000000347544.jpg,There is an old multi colored volvo parked next to a motel,12,vehicle
http://images.cocodataset.org/val2017/000000347664.jpg,Cows walk along a beach with a mountain in the distance.,1,animal
http://images.cocodataset.org/val2017/000000347693.jpg,An assortment of rags hang on a metal rack.,14,furniture
http://images.cocodataset.org/val2017/000000347930.jpg,A blue dog sitting on  a striped couch,335,"sports, furniture, animal"
http://images.cocodataset.org/val2017/000000348012.jpg,A pair of black handled scissors lying on a roll of tape.,41,indoor
http://images.cocodataset.org/val2017/000000348045.jpg,A view of a bunch of urinals with stickers above them.,14,furniture
http://images.cocodataset.org/val2017/000000348216.jpg,A picture of old urinals all lined up.,14,furniture
http://images.cocodataset.org/val2017/000000348243.jpg,A chubby black pony in a pasture looking ahead.,1,animal
http://images.cocodataset.org/val2017/000000348481.jpg,A laptop and computer mouse on a table.,123,"electronic, indoor"
http://images.cocodataset.org/val2017/000000348488.jpg,A brown vase has four black horses on it.,146,"indoor, animal"
http://images.cocodataset.org/val2017/000000348708.jpg,a bowl of food next to a very close banana,16,"kitchen, furniture, food"
http://images.cocodataset.org/val2017/000000348881.jpg,A large white airplane and a person on a lot.,36,"vehicle, accessory, person"
http://images.cocodataset.org/val2017/000000349152.jpg,Krispy Kreme donuts fill up a long table.,16,"kitchen, furniture, food"
http://images.cocodataset.org/val2017/000000349184.jpg,A woman sitting on top of a wooden bench near a park.,172,"outdoor, accessory, person"
http://images.cocodataset.org/val2017/000000349302.jpg,The two giraffes are standing in the dirt.,1,animal
http://images.cocodataset.org/val2017/000000349480.jpg,A group of elephants on a grass surface.,336,"food, indoor, kitchen, accessory, furniture"
http://images.cocodataset.org/val2017/000000349594.jpg,A young boy holding a doughnut with a bite out of it.,43,"person, food"
http://images.cocodataset.org/val2017/000000349678.jpg,An old town clock with the U.S. flag and a state flag on top.,41,indoor
http://images.cocodataset.org/val2017/000000349837.jpg,Various size white refrigerators on display in dark room.,5,appliance
http://images.cocodataset.org/val2017/000000349860.jpg,A man is in mid air doing a skateboard trick.,179,"vehicle, outdoor, sports, person"
http://images.cocodataset.org/val2017/000000350002.jpg,a woman in a dress and pale makeup sitting by a table,132,"person, indoor"
http://images.cocodataset.org/val2017/000000350003.jpg,A firetruck is near a brown building off a side street that veers from a main road.,36,"vehicle, accessory, person"
http://images.cocodataset.org/val2017/000000350019.jpg,A little boy is playing with a suitcase.,17,"accessory, person"
http://images.cocodataset.org/val2017/000000350023.jpg,A city street show cars going up and down the hill.,46,"vehicle, outdoor, person"
http://images.cocodataset.org/val2017/000000350054.jpg,Cat sitting on cabinet in front of large screen television.,200,"electronic, indoor, animal"
http://images.cocodataset.org/val2017/000000350122.jpg,Many people are waiting for a bus at the bus terminal.,36,"vehicle, accessory, person"
http://images.cocodataset.org/val2017/000000350148.jpg,A man taking a picture of plates of food.,337,"food, indoor, kitchen, vehicle, person, furniture"
http://images.cocodataset.org/val2017/000000350388.jpg,A bowl of soup with green vegetables floating on top of it.,10,"kitchen, food"
http://images.cocodataset.org/val2017/000000350405.jpg,A snowboarder sailing down a snowy hillside on a mountain.,4,"sports, person"
http://images.cocodataset.org/val2017/000000350488.jpg,A zebra standing on land and eating grass near a body of water that is behind it.,1,animal
http://images.cocodataset.org/val2017/000000350607.jpg,The bench sitting on the side of the road is multi-colored.,52,outdoor
http://images.cocodataset.org/val2017/000000350679.jpg,a nice couple cutting the cake besides many people,77,"food, kitchen, accessory, person, furniture"
http://images.cocodataset.org/val2017/000000350833.jpg,"A bathroom with a vanity with sink, mirror, toilet and tub.",51,"appliance, furniture"
http://images.cocodataset.org/val2017/000000351096.jpg,A giant pair of scissors sitting on top of camera boxes.,132,"person, indoor"
http://images.cocodataset.org/val2017/000000351331.jpg,the pizza is on a plate with a fork next to it ,16,"kitchen, furniture, food"
http://images.cocodataset.org/val2017/000000351362.jpg,"A bathroom area with a sink, toilet and bathtub.",110,"appliance, kitchen, furniture"
http://images.cocodataset.org/val2017/000000351530.jpg,People seated on wooden chairs and a bicycle parked nearby.,338,"electronic, vehicle, outdoor, person, furniture"
http://images.cocodataset.org/val2017/000000351559.jpg,Green traffic light shown against a tall sky scraper at night.,52,outdoor
http://images.cocodataset.org/val2017/000000351589.jpg,a bench in the shade of a near by tree ,227,"outdoor, furniture"
http://images.cocodataset.org/val2017/000000351609.jpg,a bunch of already peeled oranges grouped together ,10,"kitchen, food"
http://images.cocodataset.org/val2017/000000351810.jpg,an image of a large number of suitcases in a pile,99,"accessory, person, furniture"
http://images.cocodataset.org/val2017/000000351823.jpg,A man taking a swing at a tennis ball,4,"sports, person"
http://images.cocodataset.org/val2017/000000352491.jpg,A train sitting idle in an empty train station,9,"vehicle, person"
http://images.cocodataset.org/val2017/000000352582.jpg,A man in a suit tossing a frisbee,4,"sports, person"
http://images.cocodataset.org/val2017/000000352584.jpg,an odd looking toilet is against a wall,14,furniture
http://images.cocodataset.org/val2017/000000352618.jpg,Raw mango and orange and ripe bananas in a bowl,10,"kitchen, food"
http://images.cocodataset.org/val2017/000000352684.jpg,A man standing in a public area near some other people,17,"accessory, person"
http://images.cocodataset.org/val2017/000000352760.jpg,An athlete is that in the air during a snow ski long jump.,4,"sports, person"
http://images.cocodataset.org/val2017/000000352900.jpg,"A plate full of noodles and broccoli, next to a knife and fork.",10,"kitchen, food"
http://images.cocodataset.org/val2017/000000353027.jpg,A hand pulls a slice of mushroom pizza from the pie.,43,"person, food"
http://images.cocodataset.org/val2017/000000353051.jpg,"A woman with green hair standing beside a brow and white horse
",35,"person, animal"
http://images.cocodataset.org/val2017/000000353096.jpg,A desktop computer surrounded by two speakers and a keyboard.,11,electronic
http://images.cocodataset.org/val2017/000000353180.jpg,Over ten men pushing a charter bus with a woman watching.,36,"vehicle, accessory, person"
http://images.cocodataset.org/val2017/000000353518.jpg,Boats are lined up on the sea shore.,9,"vehicle, person"
http://images.cocodataset.org/val2017/000000353970.jpg,A gray and white cat looking up from a chair.,48,"furniture, animal"
http://images.cocodataset.org/val2017/000000354072.jpg,A bathroom with a round sink and red tile backsplash,110,"appliance, kitchen, furniture"
http://images.cocodataset.org/val2017/000000354307.jpg,An man with several injuries rests his head on a pillow.,80,person
http://images.cocodataset.org/val2017/000000354547.jpg,a man in a white suit standing in front of some bushes ,17,"accessory, person"
http://images.cocodataset.org/val2017/000000354753.jpg,An intersection with red light at night time.  ,3,"vehicle, outdoor"
http://images.cocodataset.org/val2017/000000354829.jpg,The rain is pouring on the white car on the street. ,3,"vehicle, outdoor"
http://images.cocodataset.org/val2017/000000355169.jpg,A electronic sign at an airport listing the flights.,41,indoor
http://images.cocodataset.org/val2017/000000355240.jpg,Small dog sitting on display behind the window. ,173,"vehicle, furniture, animal"
http://images.cocodataset.org/val2017/000000355257.jpg,A woman laying in a hospital bed hooked up to an IV and monitors.,18,"kitchen, person, furniture"
http://images.cocodataset.org/val2017/000000355325.jpg,A cutting board with pizza and a glass of wine,104,"kitchen, person, furniture, food"
http://images.cocodataset.org/val2017/000000355610.jpg,"A black and white photograph of a stuffed teddy bear wearing a shirt that reads ""handle with care"" and a small stuffed sheep.",41,indoor
http://images.cocodataset.org/val2017/000000355677.jpg,a life guard station with a surf boar and a floatee ,38,sports
http://images.cocodataset.org/val2017/000000355817.jpg,A bus on the road outside a large building.,9,"vehicle, person"
http://images.cocodataset.org/val2017/000000355905.jpg,Medium sized white dog enjoying a trot on the beach,1,animal
http://images.cocodataset.org/val2017/000000356094.jpg,A man is up to bat on a baseball field.,4,"sports, person"
http://images.cocodataset.org/val2017/000000356125.jpg,Some very cute big  elephants by some people.,35,"person, animal"
http://images.cocodataset.org/val2017/000000356169.jpg,A long road line with lots of houses.,3,"vehicle, outdoor"
http://images.cocodataset.org/val2017/000000356248.jpg,He was holding the baby in his chair at the dining table.,18,"kitchen, person, furniture"
http://images.cocodataset.org/val2017/000000356261.jpg,there is a beige horse with blonde and brown hair on a hill,1,animal
http://images.cocodataset.org/val2017/000000356347.jpg,A wooden spoon sticking out of a pot of food.,32,kitchen
http://images.cocodataset.org/val2017/000000356387.jpg,A stone street with bicycles and motor bikes parked on the side and people standing on the sidewalks in front of buildings.,36,"vehicle, accessory, person"
http://images.cocodataset.org/val2017/000000356424.jpg,a man smiling while looking at his plate of food,105,"vehicle, kitchen, person, furniture"
http://images.cocodataset.org/val2017/000000356427.jpg,A man standing next to luggage on a railway platform.,17,"accessory, person"
http://images.cocodataset.org/val2017/000000356428.jpg,An open street market selling fruits and goods.,109,"accessory, person, food"
http://images.cocodataset.org/val2017/000000356432.jpg,a couple of couches in a living room,94,"electronic, kitchen, furniture"
http://images.cocodataset.org/val2017/000000356498.jpg,A pancake with vegetables piled up on it,19,food
http://images.cocodataset.org/val2017/000000356505.jpg,A woman riding a surfboard on a wave.,4,"sports, person"
http://images.cocodataset.org/val2017/000000356531.jpg,A woman sitting in a restaurant with Mexican food on her plate ,18,"kitchen, person, furniture"
http://images.cocodataset.org/val2017/000000356612.jpg,The bulls are walking down the street in front of cars. ,103,"vehicle, person, animal"
http://images.cocodataset.org/val2017/000000356968.jpg,A brown horse walking outside in the grass,1,animal
http://images.cocodataset.org/val2017/000000357060.jpg,A sandpiper probes the sand with its beak looking for food at the tideline.,1,animal
http://images.cocodataset.org/val2017/000000357081.jpg,two cows with spots are grazing in some grass,1,animal
http://images.cocodataset.org/val2017/000000357238.jpg,Some one is flying a kite high on the beach.,4,"sports, person"
http://images.cocodataset.org/val2017/000000357430.jpg,A pizza cut in half on a plate. ,19,food
http://images.cocodataset.org/val2017/000000357459.jpg,a small dog jumping up to reach a frisbee,136,"sports, person, animal"
http://images.cocodataset.org/val2017/000000357501.jpg,A pair of golden scissors are being used for crafts,41,indoor
http://images.cocodataset.org/val2017/000000357567.jpg,A small bathroom with a white toilet next to a shower curtain covered bath tub.,51,"appliance, furniture"
http://images.cocodataset.org/val2017/000000357737.jpg,A picture of a person standing by a bicycle.,9,"vehicle, person"
http://images.cocodataset.org/val2017/000000357742.jpg,Person skiing on snowy slopes with wires above,17,"accessory, person"
http://images.cocodataset.org/val2017/000000357748.jpg,A pink city bus at a bus stop.,9,"vehicle, person"
http://images.cocodataset.org/val2017/000000357816.jpg,A man standing near home plate swinging a bat.,145,"sports, vehicle, outdoor, accessory, person"
http://images.cocodataset.org/val2017/000000357888.jpg,A MAN IS STANDING IN HIS KITCHEN HOLDING A YELLOW KITE,339,"sports, food, indoor, kitchen, person"
http://images.cocodataset.org/val2017/000000357903.jpg,"A pizza topped with cheese, veggies and an egg.",19,food
http://images.cocodataset.org/val2017/000000357941.jpg,Two televisions that are stacked on top of each other. ,13,"electronic, animal"
http://images.cocodataset.org/val2017/000000357978.jpg,a couple of women stand in a video game booth ,141,"electronic, person, furniture, indoor"
http://images.cocodataset.org/val2017/000000358195.jpg,Young girl dressed in pink with striped pants with one foot on skate board on typical suburban street.,4,"sports, person"
http://images.cocodataset.org/val2017/000000358427.jpg,Two pieces of broccoli being held up on a fork,10,"kitchen, food"
http://images.cocodataset.org/val2017/000000358525.jpg,A very young boy is using a keyboard on a laptop computer.,55,"electronic, accessory, person"
http://images.cocodataset.org/val2017/000000358923.jpg,The lady on the phone is wearing an umbrella hat.,55,"electronic, accessory, person"
http://images.cocodataset.org/val2017/000000359135.jpg,Pair of elephants interacting in urban like setting.,1,animal
http://images.cocodataset.org/val2017/000000359219.jpg,"Two pizza pies sitting atop a stove getting ready to be cut
.",98,"appliance, kitchen, food"
http://images.cocodataset.org/val2017/000000359540.jpg,A spirited game of baseball takes place behind a chain link fence.,4,"sports, person"
http://images.cocodataset.org/val2017/000000359677.jpg,A man holding on to a para sail handle being lifted into the air over the ocean.,4,"sports, person"
http://images.cocodataset.org/val2017/000000359781.jpg,A giraffe in a field looking down at something.,1,animal
http://images.cocodataset.org/val2017/000000359833.jpg,The baby is standing next to several boxes of apples.,43,"person, food"
http://images.cocodataset.org/val2017/000000359855.jpg,A broken suitcase is on the side of the road.,86,accessory
http://images.cocodataset.org/val2017/000000359937.jpg,A large double decked bus parked in a lot.,12,vehicle
http://images.cocodataset.org/val2017/000000360097.jpg,A gate is near lots and lots of luggage that is all grouped together in different clusters.,17,"accessory, person"
http://images.cocodataset.org/val2017/000000360137.jpg,A person holding a multicolored umbrella looking at a body of water.,17,"accessory, person"
http://images.cocodataset.org/val2017/000000360325.jpg,A herd of sheep standing next to each other on dirt ground.,1,animal
http://images.cocodataset.org/val2017/000000360393.jpg,A pizza that is sitting on a table.,10,"kitchen, food"
http://images.cocodataset.org/val2017/000000360564.jpg,This bathroom has a pattern of blue tiles on the floor,51,"appliance, furniture"
http://images.cocodataset.org/val2017/000000360661.jpg,Jockeys on horses race on an ocean beach.,35,"person, animal"
http://images.cocodataset.org/val2017/000000360943.jpg,A fat orange cat sitting on a deck,1,animal
http://images.cocodataset.org/val2017/000000360951.jpg,there is a lap top and a desk top on this table,11,electronic
http://images.cocodataset.org/val2017/000000360960.jpg,A person is holding up a large colorful umbrella,17,"accessory, person"
http://images.cocodataset.org/val2017/000000361103.jpg,There are pedestrians walking passed a traffic light.,169,"electronic, vehicle, outdoor, accessory, person, furniture"
http://images.cocodataset.org/val2017/000000361142.jpg,Traffic passing in front of a cathedral type building,101,"vehicle, person, indoor"
http://images.cocodataset.org/val2017/000000361147.jpg,The tennis player looks solemn holding his racket.,54,"sports, person, furniture"
http://images.cocodataset.org/val2017/000000361180.jpg,A brown bear walking with rocks in the background.,1,animal
http://images.cocodataset.org/val2017/000000361238.jpg,The girl with glasses is eating a slice of pizza.,77,"food, kitchen, accessory, person, furniture"
http://images.cocodataset.org/val2017/000000361268.jpg,A cow grazing on the grass on the side of a side walk.,1,animal
http://images.cocodataset.org/val2017/000000361506.jpg,a man performing a trick off of a curb,179,"vehicle, outdoor, sports, person"
http://images.cocodataset.org/val2017/000000361551.jpg,Some people who are placing luggage on a runway.,36,"vehicle, accessory, person"
http://images.cocodataset.org/val2017/000000361571.jpg,A dog looking up with mouth open and wearing a hat.,1,animal
http://images.cocodataset.org/val2017/000000361586.jpg,People waiting in line with luggage at a ticket counter.,55,"electronic, accessory, person"
http://images.cocodataset.org/val2017/000000361621.jpg,A cat sitting in a bathroom sink under a  faucet.,62,"appliance, animal"
http://images.cocodataset.org/val2017/000000361730.jpg,A park with kites flying in the bright blue sky.,340,"outdoor, sports, person, accessory"
http://images.cocodataset.org/val2017/000000361919.jpg,A group of people skiing down the side of a snow covered mountain.,4,"sports, person"
http://images.cocodataset.org/val2017/000000362434.jpg,A stuffed teddy bear sitting in a cardboard box.,41,indoor
http://images.cocodataset.org/val2017/000000362520.jpg,A skateboarder performing a trick wearing safety equipment.,4,"sports, person"
http://images.cocodataset.org/val2017/000000362682.jpg,A bus that is sitting in the street.,9,"vehicle, person"
http://images.cocodataset.org/val2017/000000362716.jpg,A tennis player is swinging at a tennis ball on a sunny day. ,4,"sports, person"
http://images.cocodataset.org/val2017/000000363072.jpg,this trains station has a white building in the background,12,vehicle
http://images.cocodataset.org/val2017/000000363188.jpg,A zombie apocalypse is happening on the street.,341,"electronic, kitchen, vehicle, accessory, person"
http://images.cocodataset.org/val2017/000000363207.jpg,"The bride and groom stand behind a square, multi-layer wedding cake.",104,"kitchen, person, furniture, food"
http://images.cocodataset.org/val2017/000000363461.jpg,Two monitors and a laptop sit on a desk in front of a empty chair.,28,"electronic, furniture"
http://images.cocodataset.org/val2017/000000363666.jpg,Three young men at a table eating breakfast at a restaurant.,104,"kitchen, person, furniture, food"
http://images.cocodataset.org/val2017/000000363784.jpg,A white bath tub sitting under a window.,51,"appliance, furniture"
http://images.cocodataset.org/val2017/000000363840.jpg,Several different pieces of electronic equipment and computers on a desk.,50,"electronic, kitchen, accessory, person, furniture"
http://images.cocodataset.org/val2017/000000363875.jpg,A man that is sitting on a moped.,9,"vehicle, person"
http://images.cocodataset.org/val2017/000000364102.jpg,a woman throwing a frisbee in a green field.,4,"sports, person"
http://images.cocodataset.org/val2017/000000364126.jpg,A person on a surfboard in the water.,4,"sports, person"
http://images.cocodataset.org/val2017/000000364166.jpg,An adult and baby zebra looking onward on a field.,1,animal
http://images.cocodataset.org/val2017/000000364297.jpg,There is a cat laying down on a keyboard.,13,"electronic, animal"
http://images.cocodataset.org/val2017/000000364322.jpg,many woolly sheep standing together in the field,1,animal
http://images.cocodataset.org/val2017/000000364557.jpg,"After a long day surfing, this couple walks down the shoreline.",4,"sports, person"
http://images.cocodataset.org/val2017/000000364587.jpg,Old rusted transit train cars sit on the tracks. ,12,vehicle
http://images.cocodataset.org/val2017/000000364636.jpg,A blue eyed dog panting as he walks by.,131,"outdoor, animal"
http://images.cocodataset.org/val2017/000000364884.jpg,A person riding a snowboard down a snow covered ramp.,4,"sports, person"
http://images.cocodataset.org/val2017/000000365095.jpg,The man is playing soccer in the field. ,4,"sports, person"
http://images.cocodataset.org/val2017/000000365098.jpg,The inside bow section of a narrow metal boat floating on blue-green water. ,12,vehicle
http://images.cocodataset.org/val2017/000000365207.jpg,A dog sticks its head out of the car and is reflected in the side mirror. ,151,"vehicle, outdoor, animal"
http://images.cocodataset.org/val2017/000000365208.jpg,A person in white is standing next to a table on sandy ground.,99,"accessory, person, furniture"
http://images.cocodataset.org/val2017/000000365385.jpg,A bathroom sink with two toothbrush holders on it. ,37,"appliance, kitchen, indoor"
http://images.cocodataset.org/val2017/000000365387.jpg,The cell has a toilet and a sink in it.,110,"appliance, kitchen, furniture"
http://images.cocodataset.org/val2017/000000365521.jpg,A skateboarder doing a trick next to steps,4,"sports, person"
http://images.cocodataset.org/val2017/000000365642.jpg,A woman sitting on a bucket on the side of a street. ,42,"vehicle, person, furniture"
http://images.cocodataset.org/val2017/000000365655.jpg,A bus travels down the road next to a mountain.,9,"vehicle, person"
http://images.cocodataset.org/val2017/000000365745.jpg,Several police vehicles at an urban crime scene.,15,"vehicle, outdoor, accessory, person"
http://images.cocodataset.org/val2017/000000365766.jpg,"A stove, microwave, sink and dishwasher in a kitchen.",5,appliance
http://images.cocodataset.org/val2017/000000365886.jpg,A picture of a man giving a thumps up with a cell phone in hand. ,30,"electronic, person"
http://images.cocodataset.org/val2017/000000366141.jpg,Cat sitting on recliner back in room facing the television,66,"electronic, furniture, animal"
http://images.cocodataset.org/val2017/000000366178.jpg,A red fire hydrant sitting on the side of a road.,3,"vehicle, outdoor"
http://images.cocodataset.org/val2017/000000366199.jpg,I am not sure what this image is.,48,"furniture, animal"
http://images.cocodataset.org/val2017/000000366225.jpg,a monitor sits on a desk in front of a keyboard ,11,electronic
http://images.cocodataset.org/val2017/000000366611.jpg,Pit bull playing with soccer ball in the grass.,53,"sports, animal"
http://images.cocodataset.org/val2017/000000366711.jpg,A man is squeezing orange juice from a pile of oranges.,43,"person, food"
http://images.cocodataset.org/val2017/000000366884.jpg,A man sitting at a computer desk in front of a monitor.,342,"electronic, indoor, animal, accessory, person, furniture"
http://images.cocodataset.org/val2017/000000367082.jpg,The dog is sitting on a brown easy chair beside a window. ,48,"furniture, animal"
http://images.cocodataset.org/val2017/000000367095.jpg,Adults working in open office setting at desks.,116,"electronic, indoor, kitchen, person, furniture"
http://images.cocodataset.org/val2017/000000367195.jpg,Floor eye view of a supine dog hoping for some attention.,120,"person, furniture, animal"
http://images.cocodataset.org/val2017/000000367228.jpg,A man is flying a kite in the middle of a field next to the ocean.,4,"sports, person"
http://images.cocodataset.org/val2017/000000367386.jpg,The room has two couches next to a dark coffee table. ,281,"kitchen, electronic, furniture, indoor"
http://images.cocodataset.org/val2017/000000367569.jpg,A fireplace sitting below a picture mounted to a wall.,39,"electronic, furniture, indoor"
http://images.cocodataset.org/val2017/000000367680.jpg,A horse drawn carriage among several other motor vehicles on a road.,103,"vehicle, person, animal"
http://images.cocodataset.org/val2017/000000367818.jpg,A woman wearing a cowboy hat posing with a horse.,35,"person, animal"
http://images.cocodataset.org/val2017/000000368038.jpg,A large long train on a steel track.,12,vehicle
http://images.cocodataset.org/val2017/000000368212.jpg,Baby brushing teeth while sitting on a toilet.,126,"person, furniture, indoor"
http://images.cocodataset.org/val2017/000000368294.jpg,A woman wearing a pink hair towel working in a factory.,132,"person, indoor"
http://images.cocodataset.org/val2017/000000368335.jpg,A horse walks between cars in a parking lot.,22,"vehicle, animal"
http://images.cocodataset.org/val2017/000000368456.jpg,A train car with art painted on its side ,12,vehicle
http://images.cocodataset.org/val2017/000000368684.jpg,A laptop sitting in a room with a big TV.,39,"electronic, furniture, indoor"
http://images.cocodataset.org/val2017/000000368752.jpg,A little boy that is sitting in front of a table.,104,"kitchen, person, furniture, food"
http://images.cocodataset.org/val2017/000000368900.jpg,A small apartment has many belongings in it,343,"electronic, animal, appliance, accessory, furniture"
http://images.cocodataset.org/val2017/000000368940.jpg,this floor has a pattern of black and white tiles the sink is the same pattern,5,appliance
http://images.cocodataset.org/val2017/000000368961.jpg,Two large elephants waiting to enter their shelter.,136,"sports, person, animal"
http://images.cocodataset.org/val2017/000000368982.jpg,A pair of scissors and fabric on a wood table.,41,indoor
http://images.cocodataset.org/val2017/000000369037.jpg,a man standing next to a big elephant ,344,"kitchen, accessory, person, animal"
http://images.cocodataset.org/val2017/000000369081.jpg,Three horse running in the grass in a open area.,1,animal
http://images.cocodataset.org/val2017/000000369310.jpg,A toddler boy is on a white pad playing a video game.,81,"electronic, person, furniture"
http://images.cocodataset.org/val2017/000000369323.jpg,A woman holding a tennis racquet on top of a tennis court.,4,"sports, person"
http://images.cocodataset.org/val2017/000000369370.jpg,A delicious sandwich layered with meat and dressed with avocado lies on a cutting board.,58,"furniture, food"
http://images.cocodataset.org/val2017/000000369442.jpg,A group of people standing around a herd of animals in a city.,229,"vehicle, outdoor, person, animal"
http://images.cocodataset.org/val2017/000000369503.jpg,"A kitchen with a clear counter top and wooden cabinets, along with a white dish washer under the counter.",139,"appliance, person"
http://images.cocodataset.org/val2017/000000369541.jpg,A dog catching a Frisbee in the grass.,136,"sports, person, animal"
http://images.cocodataset.org/val2017/000000369675.jpg,A train is full of of passengers as it pulls off from the station.,101,"vehicle, person, indoor"
http://images.cocodataset.org/val2017/000000369751.jpg,Parking meters and signage are on the side of the street,3,"vehicle, outdoor"
http://images.cocodataset.org/val2017/000000369757.jpg,Multiple kinds of pizzas are on display in a case.,19,food
http://images.cocodataset.org/val2017/000000369771.jpg,THERE IS SOME SORT OF VEGETABLES IN A BOWL ,16,"kitchen, furniture, food"
http://images.cocodataset.org/val2017/000000369812.jpg,"Various street signs including one that reads ""Newlon Hale Village.""",36,"vehicle, accessory, person"
http://images.cocodataset.org/val2017/000000370042.jpg,there are many vases on the ground in the street,41,indoor
http://images.cocodataset.org/val2017/000000370208.jpg,A bike parked in front of a parking meter.,46,"vehicle, outdoor, person"
http://images.cocodataset.org/val2017/000000370270.jpg,a person hitting a ball with a stick in a office.,31,"kitchen, sports, person"
http://images.cocodataset.org/val2017/000000370375.jpg,"A young child in a khaki pants and a hitting helmet, holding a small baseball bat while standing in the grass.",4,"sports, person"
http://images.cocodataset.org/val2017/000000370478.jpg,A suitcase and a laptop sit on a bedroom floor,258,"electronic, accessory, furniture, indoor"
http://images.cocodataset.org/val2017/000000370486.jpg,a woman holding a colorful striped umbrella ,17,"accessory, person"
http://images.cocodataset.org/val2017/000000370677.jpg,Some girls in colorful shirts standing by some pastries.,43,"person, food"
http://images.cocodataset.org/val2017/000000370711.jpg,A display on a store front with lots of items on display.,17,"accessory, person"
http://images.cocodataset.org/val2017/000000370813.jpg,Skateboard in middle of maneuver in the air with rider ,4,"sports, person"
http://images.cocodataset.org/val2017/000000370818.jpg,The door of a closet is open with towels in it.,51,"appliance, furniture"
http://images.cocodataset.org/val2017/000000370900.jpg,A group of white teddy bears on a white table.,41,indoor
http://images.cocodataset.org/val2017/000000371042.jpg,Three people playing tennis on a grass court. ,193,"kitchen, accessory, sports, person"
http://images.cocodataset.org/val2017/000000371472.jpg,A pile of pineapple sitting next to a pile of bananas.,19,food
http://images.cocodataset.org/val2017/000000371529.jpg,A woman standing next to and touching a toilet.,107,"person, furniture"
http://images.cocodataset.org/val2017/000000371552.jpg,a young boy on a soccer field standing in front of a ball.,59,"outdoor, sports, person"
http://images.cocodataset.org/val2017/000000371677.jpg,"A desk with two computer monitors, two mice, a cup and a keyboard on it.",153,"electronic, kitchen, indoor"
http://images.cocodataset.org/val2017/000000371699.jpg,A dog lays in a room with a desk and shelves of files and books.,345,"electronic, indoor, animal, person, furniture"
http://images.cocodataset.org/val2017/000000371749.jpg,There are two women holding objects in their hands.,240,"electronic, person, furniture, animal"
http://images.cocodataset.org/val2017/000000372203.jpg,"A bench, a fire hydrant, and a street light are in the desert.",52,outdoor
http://images.cocodataset.org/val2017/000000372260.jpg,A car is parked next to a decorative clock.,346,"vehicle, furniture, indoor"
http://images.cocodataset.org/val2017/000000372307.jpg,Horse in a large corral eating grass and trees in the back. ,1,animal
http://images.cocodataset.org/val2017/000000372317.jpg,A red bus driving down a street next to a tall building.,3,"vehicle, outdoor"
http://images.cocodataset.org/val2017/000000372349.jpg,A man and women in the river washing and eating.,306,"kitchen, person, indoor"
http://images.cocodataset.org/val2017/000000372466.jpg,A computer mouse sitting on top of a computer desk.,94,"electronic, kitchen, furniture"
http://images.cocodataset.org/val2017/000000372577.jpg,two people playing a match of tennis on a court.,4,"sports, person"
http://images.cocodataset.org/val2017/000000372718.jpg,Some flowers in a clear vase filled with water.,41,indoor
http://images.cocodataset.org/val2017/000000372819.jpg,A group of dogs running across a lush green field.,347,"outdoor, person, furniture, animal"
http://images.cocodataset.org/val2017/000000373315.jpg,Skateboarder grinding his board on the side of a pavement course. ,4,"sports, person"
http://images.cocodataset.org/val2017/000000373353.jpg,People crossing in a crosswalk in front of traffic in the city.,15,"vehicle, outdoor, accessory, person"
http://images.cocodataset.org/val2017/000000373382.jpg,A tennis player has their racquet raised in the air.,24,"accessory, sports, person"
http://images.cocodataset.org/val2017/000000373705.jpg,A red fire hydrant is next to a public water fountain.,75,"outdoor, person"
http://images.cocodataset.org/val2017/000000374052.jpg,A man sits by himself on a bench surrounded by pigeons. ,220,"kitchen, outdoor, person, animal"
http://images.cocodataset.org/val2017/000000374083.jpg,A man and a child in the kitchen with two cakes.,104,"kitchen, person, furniture, food"
http://images.cocodataset.org/val2017/000000374369.jpg,The skier is on the flat   with front ski edges together and holding ski poles.,4,"sports, person"
http://images.cocodataset.org/val2017/000000374545.jpg,A flag pole with a large bird flying over it in a park.,67,"vehicle, sports, person"
http://images.cocodataset.org/val2017/000000374551.jpg,a bird is sitting on a tree branch outside,1,animal
http://images.cocodataset.org/val2017/000000374982.jpg,A child is amazed by a very large pizza.,104,"kitchen, person, furniture, food"
http://images.cocodataset.org/val2017/000000375015.jpg,A baby brown bear standing on top of a rock.,1,animal
http://images.cocodataset.org/val2017/000000375078.jpg,A black and whit vase sitting on a small table.,189,"kitchen, indoor"
http://images.cocodataset.org/val2017/000000375278.jpg,The person has a bag and some magazines laying on the table.,348,"indoor, accessory, person, animal"
http://images.cocodataset.org/val2017/000000375430.jpg,some pancakes are stacked up on a plate,20,"kitchen, furniture"
http://images.cocodataset.org/val2017/000000375469.jpg,two people riding surf boards on a wave,4,"sports, person"
http://images.cocodataset.org/val2017/000000375493.jpg,A woman in yellow shirt and skirt with cats in grass.,220,"kitchen, outdoor, person, animal"
http://images.cocodataset.org/val2017/000000375763.jpg,A flock of sheep is crossing a grassy field with trees behind them.,1,animal
http://images.cocodataset.org/val2017/000000376093.jpg,A group of young people eat pizzas and drink from pitchers.,104,"kitchen, person, furniture, food"
http://images.cocodataset.org/val2017/000000376112.jpg,A large group of skiers gather at the top of a hill,6,"sports, accessory, person"
http://images.cocodataset.org/val2017/000000376206.jpg,A man on a surfboard  surfing a nice big wave,4,"sports, person"
http://images.cocodataset.org/val2017/000000376264.jpg,A desk topped with snacks and electronics with office supplies.,92,"kitchen, electronic, indoor"
http://images.cocodataset.org/val2017/000000376278.jpg,Several zebras laying down in a rocky field.,1,animal
http://images.cocodataset.org/val2017/000000376284.jpg,there is a fire hydrant surrounded by three metal poles,3,"vehicle, outdoor"
http://images.cocodataset.org/val2017/000000376307.jpg,a person is sitting near a bunch of fruit,104,"kitchen, person, furniture, food"
http://images.cocodataset.org/val2017/000000376310.jpg,A purple bathroom with three sinks and a purple countertop with a mirror surrounded with light bulbs.,51,"appliance, furniture"
http://images.cocodataset.org/val2017/000000376322.jpg,A long table accommodating many people while eating,56,"food, electronic, kitchen, person, furniture"
http://images.cocodataset.org/val2017/000000376365.jpg,A large orbital vase sits next to a candle on a table.,45,"kitchen, person, furniture, indoor"
http://images.cocodataset.org/val2017/000000376442.jpg,A black plush toy sitting on the lid of a toilet.,2,"furniture, indoor"
http://images.cocodataset.org/val2017/000000376478.jpg,A vase containing water as well as a flower in it.,41,indoor
http://images.cocodataset.org/val2017/000000376625.jpg,The trolley car runs up and down the street on train rails.,304,"kitchen, vehicle, person"
http://images.cocodataset.org/val2017/000000376856.jpg,A clock tower made of brick with vines growing up one side.,41,indoor
http://images.cocodataset.org/val2017/000000376900.jpg,a tennis player in all white playing on a court ,4,"sports, person"
http://images.cocodataset.org/val2017/000000377000.jpg,A cat sitting on a sill looking out a window.,1,animal
http://images.cocodataset.org/val2017/000000377113.jpg,A person on some skis in the water.,4,"sports, person"
http://images.cocodataset.org/val2017/000000377239.jpg,A dark skinned woman posses beneath an umbrella. ,21,"kitchen, accessory, person"
http://images.cocodataset.org/val2017/000000377368.jpg,A gray teddy bear cake on top of a wooden bench.,349,"food, kitchen, outdoor, accessory, person, furniture"
http://images.cocodataset.org/val2017/000000377393.jpg,Looking down at a beach area and boardwalk that has a circular walkway and clock tower.,143,"accessory, person, indoor"
http://images.cocodataset.org/val2017/000000377486.jpg,"A large square concrete wall, which shows people over the rim, has inside of it a pinkish cloud of dust and a fallen bull as well as two horses, the closest of which is trotting forward with a man in western gear , who is looking back at the bull.",35,"person, animal"
http://images.cocodataset.org/val2017/000000377497.jpg,"A zebra that only has a striped neck and face, the rest of it is white. ",1,animal
http://images.cocodataset.org/val2017/000000377575.jpg,A dog is tied to a fire hydrant.,131,"outdoor, animal"
http://images.cocodataset.org/val2017/000000377588.jpg,A group of men during a baseball game with wall in the background.,4,"sports, person"
http://images.cocodataset.org/val2017/000000377635.jpg,A guy on a skate board high in the air.,4,"sports, person"
http://images.cocodataset.org/val2017/000000377670.jpg,A bunch of teddy bears posed to look like a D-day scene.,41,indoor
http://images.cocodataset.org/val2017/000000377723.jpg,A blue bus picking up a load of people.,36,"vehicle, accessory, person"
http://images.cocodataset.org/val2017/000000377814.jpg,"A box of six pastries containing two chocolate doughnuts, one strawberry, one glaze, and two glazed crullers.",19,food
http://images.cocodataset.org/val2017/000000377882.jpg,"Boats and surfboards docked at a harbor bay.
",197,"vehicle, sports"
http://images.cocodataset.org/val2017/000000377946.jpg,Yellow box truck parked on busy street in city.,350,"kitchen, vehicle, outdoor, person"
http://images.cocodataset.org/val2017/000000378099.jpg,A computer mouse and keyboard on a table.,11,electronic
http://images.cocodataset.org/val2017/000000378116.jpg,A male surfer enjoying surfing the ocean waves.,4,"sports, person"
http://images.cocodataset.org/val2017/000000378139.jpg,Covered canal tour boat in Europe on a sunny day,9,"vehicle, person"
http://images.cocodataset.org/val2017/000000378244.jpg,Skier in a black going down the side of a mountain. ,4,"sports, person"
http://images.cocodataset.org/val2017/000000378284.jpg,Small personal pizza on a crust made of rice.,104,"kitchen, person, furniture, food"
http://images.cocodataset.org/val2017/000000378453.jpg,A herd of zebra next to small watering hole.,1,animal
http://images.cocodataset.org/val2017/000000378454.jpg,A man in white shorts jumping in the air to catch a green Frisbee. ,4,"sports, person"
http://images.cocodataset.org/val2017/000000378515.jpg,Vendors selling produce at an outside market. ,162,"vehicle, person, food"
http://images.cocodataset.org/val2017/000000378605.jpg,A chocolate frosted donut on a plate with a cup of coffee and a penguin napkin holder. ,16,"kitchen, furniture, food"
http://images.cocodataset.org/val2017/000000378673.jpg,A skateboard enthusiast performing a stunt in mid air.,67,"vehicle, sports, person"
http://images.cocodataset.org/val2017/000000378873.jpg,"An outdoor stall sells tomatoes, bell peppers, green beans, carrots, zucchini, eggplants, and turnips. ",332,"food, kitchen, vehicle, accessory, person, furniture"
http://images.cocodataset.org/val2017/000000379332.jpg,A black and white photo of a man playing tennis.,54,"sports, person, furniture"
http://images.cocodataset.org/val2017/000000379441.jpg,A living room filled with furniture and a book shelf filled with books.,351,"electronic, outdoor, furniture, indoor"
http://images.cocodataset.org/val2017/000000379453.jpg,A large airplane flying in the blue sky.,12,vehicle
http://images.cocodataset.org/val2017/000000379476.jpg,The table is very long and dimly lit.,20,"kitchen, furniture"
http://images.cocodataset.org/val2017/000000379533.jpg,A zebra grazing in a field with elephants,1,animal
http://images.cocodataset.org/val2017/000000379800.jpg,Small train like structure riding down a train way.,3,"vehicle, outdoor"
http://images.cocodataset.org/val2017/000000379842.jpg,A Nintendo Wii game controller sitting on top of instruction manuals.,123,"electronic, indoor"
http://images.cocodataset.org/val2017/000000380203.jpg,a white horse grazing on some vegetation ,1,animal
http://images.cocodataset.org/val2017/000000380706.jpg,A person is riding a motorcycle on a city street.,46,"vehicle, outdoor, person"
http://images.cocodataset.org/val2017/000000380711.jpg,On a gray day a surfer carrying a white board walks on a beach.,4,"sports, person"
http://images.cocodataset.org/val2017/000000380913.jpg,A group of friends riding a subway while using cell phones.,55,"electronic, accessory, person"
http://images.cocodataset.org/val2017/000000381360.jpg,"A man on a surfboard, surfing in the ocean.",4,"sports, person"
http://images.cocodataset.org/val2017/000000381587.jpg,Several pictures of Asian style dishes and in the middle a person is eating.,18,"kitchen, person, furniture"
http://images.cocodataset.org/val2017/000000381639.jpg,this is a little girl standing in an airport,36,"vehicle, accessory, person"
http://images.cocodataset.org/val2017/000000381971.jpg,a brown horse carrying people behind on the street,69,"animal, vehicle, outdoor, accessory, person"
http://images.cocodataset.org/val2017/000000382009.jpg,A person on a court with a tennis racket.,54,"sports, person, furniture"
http://images.cocodataset.org/val2017/000000382030.jpg,A wig sitting next to a pair of shoes on top of a table.,352,"sports, accessory, furniture"
http://images.cocodataset.org/val2017/000000382088.jpg,A white horse standing in a corral looking on.,1,animal
http://images.cocodataset.org/val2017/000000382111.jpg,Two people ride matching cream-colored horses at a gas station.,103,"vehicle, person, animal"
http://images.cocodataset.org/val2017/000000382122.jpg,Large brick building with a clock tower at its height. ,41,indoor
http://images.cocodataset.org/val2017/000000382125.jpg,Two friends sitting at diner eating a slice of pizza.,104,"kitchen, person, furniture, food"
http://images.cocodataset.org/val2017/000000382696.jpg,A kitchen under construction with a trashcan and stove.,5,appliance
http://images.cocodataset.org/val2017/000000382743.jpg,Two kites flying directly overhead against a clear blue sky.,217,"sports, accessory"
http://images.cocodataset.org/val2017/000000383289.jpg,A security officer using a segway as a footrest,168,"vehicle, electronic, person"
http://images.cocodataset.org/val2017/000000383337.jpg,There is a box filled with glazed doughnuts,78,"person, furniture, food"
http://images.cocodataset.org/val2017/000000383339.jpg,one person is kite surfing at the beach,35,"person, animal"
http://images.cocodataset.org/val2017/000000383384.jpg,"A batter, catcher and umpire in a baseball game with man recording.",4,"sports, person"
http://images.cocodataset.org/val2017/000000383386.jpg,These stuffed animals are decor on a bed,2,"furniture, indoor"
http://images.cocodataset.org/val2017/000000383443.jpg,Deep bathtub displayed in area of large tiled bathroom.,191,"appliance, electronic"
http://images.cocodataset.org/val2017/000000383606.jpg,Compact hotel bathroom with corner basin and mirrors.,85,"appliance, kitchen, person"
http://images.cocodataset.org/val2017/000000383621.jpg,A white plane flies in the cloudy sky.,12,vehicle
http://images.cocodataset.org/val2017/000000383676.jpg,two giraffes taking turns eating leaves from a tree,1,animal
http://images.cocodataset.org/val2017/000000383838.jpg,A woman is playing with a video game controller.,81,"electronic, person, furniture"
http://images.cocodataset.org/val2017/000000383842.jpg,"A lady hold a game controller, pointed towards a laptop.",55,"electronic, accessory, person"
http://images.cocodataset.org/val2017/000000383921.jpg,A herd of elephants walking across a body of water.,1,animal
http://images.cocodataset.org/val2017/000000384136.jpg,A woman points a hair drier like it is a gun.,132,"person, indoor"
http://images.cocodataset.org/val2017/000000384350.jpg,A large jetliner sitting on top of an airport runway.,12,vehicle
http://images.cocodataset.org/val2017/000000384468.jpg,THERE ARE PEOPLE RIDING ON AN ELEPHANT BACK,103,"vehicle, person, animal"
http://images.cocodataset.org/val2017/000000384513.jpg,a couple of donkeys are pulling a blue cart,1,animal
http://images.cocodataset.org/val2017/000000384527.jpg,there is a small table with tea cups and three chairs around it,215,"vehicle, kitchen, furniture, indoor"
http://images.cocodataset.org/val2017/000000384616.jpg,A fire hydrant and a stake in a dirt area with a few plants.,52,outdoor
http://images.cocodataset.org/val2017/000000384651.jpg,"A bedstand with an ice bucket, upside down glass, lamp, and phone sits next to a bed with pillows and sheets",20,"kitchen, furniture"
http://images.cocodataset.org/val2017/000000384661.jpg,a silver oven sits next to other appliances ,37,"appliance, kitchen, indoor"
http://images.cocodataset.org/val2017/000000384666.jpg,A group of young children riding skis down a snow covered mountain.,4,"sports, person"
http://images.cocodataset.org/val2017/000000384670.jpg,Two tennis players on the court and waiting to play.,4,"sports, person"
http://images.cocodataset.org/val2017/000000384808.jpg,A bathroom sink sitting under a bathroom mirror.,255,"electronic, kitchen, appliance, person, furniture"
http://images.cocodataset.org/val2017/000000384850.jpg,"This is a bathroom with a toilet, counter and shower.",14,furniture
http://images.cocodataset.org/val2017/000000384949.jpg,White clock tower next to a river by a bridge.,353,"vehicle, indoor, animal"
http://images.cocodataset.org/val2017/000000385029.jpg,A person cutting a pizza next to a salad and bottles of wine on wooden table.,104,"kitchen, person, furniture, food"
http://images.cocodataset.org/val2017/000000385190.jpg,Street art painted on the wall in an asian country. ,354,"kitchen, outdoor, person"
http://images.cocodataset.org/val2017/000000385205.jpg,The black and brown cat is scratching it's ear.,97,"food, animal"
http://images.cocodataset.org/val2017/000000385719.jpg,Laptop with computer monitors displayed on wooden desk.,123,"electronic, indoor"
http://images.cocodataset.org/val2017/000000385997.jpg,Black and white photograph of a dog sleeping in the middle of a living room,355,"sports, indoor, kitchen, animal, furniture"
http://images.cocodataset.org/val2017/000000386134.jpg,"A to go box filled with rice, onions, and spinach. ",19,food
http://images.cocodataset.org/val2017/000000386210.jpg,A store window with a tray of grass and vegetables,356,"vehicle, furniture, food"
http://images.cocodataset.org/val2017/000000386277.jpg,A lemon hangs from a small tree limb near several leaves.,19,food
http://images.cocodataset.org/val2017/000000386352.jpg,A woman playing tennis with spectators behind her.,54,"sports, person, furniture"
http://images.cocodataset.org/val2017/000000386457.jpg,Cat wedged between two large oak doors trying to get out.,1,animal
http://images.cocodataset.org/val2017/000000386879.jpg,A woman wearing a red tennis outfit holding onto a racquet.,4,"sports, person"
http://images.cocodataset.org/val2017/000000386912.jpg,The woman is working on her computer at the desk.,141,"electronic, person, furniture, indoor"
http://images.cocodataset.org/val2017/000000387098.jpg,a computer desk with monitors and other electronics covering it,153,"electronic, kitchen, indoor"
http://images.cocodataset.org/val2017/000000387148.jpg,A herd of cattle grazing in a field ,1,animal
http://images.cocodataset.org/val2017/000000387383.jpg,"An orange and white cat, a grey cat and a black cat on a bed with a blue and green cover. ",48,"furniture, animal"
http://images.cocodataset.org/val2017/000000387387.jpg,A bus parked in the weeds on a sunny day ,12,vehicle
http://images.cocodataset.org/val2017/000000387916.jpg,Multiple skiers and snow boards on a mountain.,4,"sports, person"
http://images.cocodataset.org/val2017/000000388056.jpg,"Professional baseball players watch the batter, catcher and umpire",4,"sports, person"
http://images.cocodataset.org/val2017/000000388215.jpg,a man reahced up his arms as he gets ready to get a hit a tennis ball,4,"sports, person"
http://images.cocodataset.org/val2017/000000388258.jpg,A bicycle leaning against a bench as an airplane flies by.,357,"vehicle, outdoor, kitchen"
http://images.cocodataset.org/val2017/000000388846.jpg,A large sandy beach with umbrellas and chairs.,99,"accessory, person, furniture"
http://images.cocodataset.org/val2017/000000388903.jpg,A woman is on a phone in front of a fruit stand.,358,"food, electronic, vehicle, accessory, person"
http://images.cocodataset.org/val2017/000000388927.jpg,a hand holding a gray and blue clock and some peoples legs,30,"electronic, person"
http://images.cocodataset.org/val2017/000000389109.jpg,A personal pizza on table in restaurant ,64,"electronic, person, furniture, food"
http://images.cocodataset.org/val2017/000000389197.jpg,a kid is laying down on a board in the water,4,"sports, person"
http://images.cocodataset.org/val2017/000000389315.jpg,There is a suitcase that is full of books,271,"accessory, indoor"
http://images.cocodataset.org/val2017/000000389316.jpg,Two baby elephants take a drink from a trainer in an enclosure.,35,"person, animal"
http://images.cocodataset.org/val2017/000000389381.jpg,two dishes holding a bunch of vegetables and fruit,16,"kitchen, furniture, food"
http://images.cocodataset.org/val2017/000000389451.jpg,Four cows walking down a sandy beach near the water.,103,"vehicle, person, animal"
http://images.cocodataset.org/val2017/000000389532.jpg,A man and a bird standing on top of a roof. ,103,"vehicle, person, animal"
http://images.cocodataset.org/val2017/000000389566.jpg,Herd of sheep standing on roadway in rural area.,22,"vehicle, animal"
http://images.cocodataset.org/val2017/000000389684.jpg,A transit bus passing a man on a sidewalk.,9,"vehicle, person"
http://images.cocodataset.org/val2017/000000389804.jpg,A modern bathroom with hardwood flooring and counter tops. ,51,"appliance, furniture"
http://images.cocodataset.org/val2017/000000389812.jpg,A smiling man in a jungle holds a bunch of plant parts.,43,"person, food"
http://images.cocodataset.org/val2017/000000389933.jpg,A dog sitting on a couch with its head cocked to the side.,48,"furniture, animal"
http://images.cocodataset.org/val2017/000000390246.jpg,A surfer teeters on the top of a wave.,4,"sports, person"
http://images.cocodataset.org/val2017/000000390301.jpg,A fire hydrant has frozen and is covered in icicles.,52,outdoor
http://images.cocodataset.org/val2017/000000390555.jpg,A group of young children sitting next to each other.,17,"accessory, person"
http://images.cocodataset.org/val2017/000000390826.jpg,The panda bear likes to walk in the grass.,148,"kitchen, person, animal"
http://images.cocodataset.org/val2017/000000390902.jpg,a man holding a tennis racquet on a tennis court,4,"sports, person"
http://images.cocodataset.org/val2017/000000391140.jpg,A man with a silly look playing a game with remote controllers.,30,"electronic, person"
http://images.cocodataset.org/val2017/000000391144.jpg,A herd of grey elephants drinking from a pond,1,animal
http://images.cocodataset.org/val2017/000000391290.jpg,Two women playing with a Frisbee in a field.,108,"vehicle, accessory, sports, person"
http://images.cocodataset.org/val2017/000000391375.jpg,A girl sitting on a bench in front of a stone wall.,75,"outdoor, person"
http://images.cocodataset.org/val2017/000000391648.jpg,A large white clock tower towering over a city.,41,indoor
http://images.cocodataset.org/val2017/000000391722.jpg,A man is being handed a birthday cake with lit candles.,359,"food, electronic, accessory, person, furniture"
http://images.cocodataset.org/val2017/000000392228.jpg,The clock is built near the roof of a building.,41,indoor
http://images.cocodataset.org/val2017/000000392481.jpg,A military jet taking off into the sky ,12,vehicle
http://images.cocodataset.org/val2017/000000392722.jpg,A group of people standing next to a double decker bus.,36,"vehicle, accessory, person"
http://images.cocodataset.org/val2017/000000392818.jpg,A dog in a leash harness posing for a photo.,1,animal
http://images.cocodataset.org/val2017/000000392933.jpg,a single giraffe walking towards a group trees,1,animal
http://images.cocodataset.org/val2017/000000393014.jpg,Several sandwiches sitting on a window display together. ,19,food
http://images.cocodataset.org/val2017/000000393056.jpg,A person riding a wave on top of a surfboard.,4,"sports, person"
http://images.cocodataset.org/val2017/000000393093.jpg,A train passes on a bridge atop a street.,9,"vehicle, person"
http://images.cocodataset.org/val2017/000000393115.jpg,A man has one foot on his skateboard,4,"sports, person"
http://images.cocodataset.org/val2017/000000393226.jpg,A busy intersection with an ice cream truck driving by.,46,"vehicle, outdoor, person"
http://images.cocodataset.org/val2017/000000393282.jpg,Two giraffes standing out in the hot sun in front of a tent.,1,animal
http://images.cocodataset.org/val2017/000000393469.jpg,A person is standing in the white snow.,4,"sports, person"
http://images.cocodataset.org/val2017/000000393569.jpg,A bedroom with bunk beds and the bathroom next door.,360,"electronic, kitchen, appliance, accessory, person, furniture"
http://images.cocodataset.org/val2017/000000393838.jpg,A pot full of vegetables and ready to be cooked. ,98,"appliance, kitchen, food"
http://images.cocodataset.org/val2017/000000394199.jpg,a woman on her bike in her yard,9,"vehicle, person"
http://images.cocodataset.org/val2017/000000394206.jpg,A large group of men traveling on the back of a truck.,9,"vehicle, person"
http://images.cocodataset.org/val2017/000000394275.jpg,A green passenger bus parked in a lot.,9,"vehicle, person"
http://images.cocodataset.org/val2017/000000394328.jpg,A sign is seen posted above a toilet.,14,furniture
http://images.cocodataset.org/val2017/000000394510.jpg,A little kid that is on a skateboard.,67,"vehicle, sports, person"
http://images.cocodataset.org/val2017/000000394559.jpg,A young woman holding a tennis racquet on a tennis court.,4,"sports, person"
http://images.cocodataset.org/val2017/000000394611.jpg,Giraffes are grazing in a field of grass.,1,animal
http://images.cocodataset.org/val2017/000000394677.jpg,A woman that has fallen asleep next to a man wearing a headset. ,34,"electronic, accessory, person, furniture"
http://images.cocodataset.org/val2017/000000394940.jpg,a kid eating a cake on  table looking around,104,"kitchen, person, furniture, food"
http://images.cocodataset.org/val2017/000000395180.jpg,A cyclist pauses near the water to observe a canoe.,238,"electronic, vehicle, person"
http://images.cocodataset.org/val2017/000000395343.jpg,three vases with flowers inside on a table,40,"kitchen, furniture, indoor"
http://images.cocodataset.org/val2017/000000395388.jpg,People at a stock yard looking at animals ,87,"accessory, person, animal"
http://images.cocodataset.org/val2017/000000395575.jpg,a bench sits between a pond and the tree line,75,"outdoor, person"
http://images.cocodataset.org/val2017/000000395633.jpg,A red boat floating in front of a city scape.,9,"vehicle, person"
http://images.cocodataset.org/val2017/000000395701.jpg,"A living room with orange colored walls, and a purple chair.",61,"electronic, kitchen, furniture, indoor"
http://images.cocodataset.org/val2017/000000395801.jpg,There are people walking down the street that is crowd,361,"indoor, animal, vehicle, outdoor, accessory, person"
http://images.cocodataset.org/val2017/000000395903.jpg,A person walking in the ocean with a surfboard under their arm. ,4,"sports, person"
http://images.cocodataset.org/val2017/000000396200.jpg,Two skate boarders are performing on a city sidewalk.,179,"vehicle, outdoor, sports, person"
http://images.cocodataset.org/val2017/000000396205.jpg,two cows grazing in a field near some trees,1,animal
http://images.cocodataset.org/val2017/000000396274.jpg,A plant in a garden near a white building.,19,food
http://images.cocodataset.org/val2017/000000396338.jpg,A street scene with vehicles after a rain ,36,"vehicle, accessory, person"
http://images.cocodataset.org/val2017/000000396518.jpg,A woman is steering a boat with a pole.,9,"vehicle, person"
http://images.cocodataset.org/val2017/000000396526.jpg,The two images show a dining table and a lamp on another table near a door. ,2,"furniture, indoor"
http://images.cocodataset.org/val2017/000000396568.jpg,A diesel locomotive hauling some freight through the countyside,12,vehicle
http://images.cocodataset.org/val2017/000000396580.jpg,A body of calm water with a wooden canoe docked on the side and a home across the water.,3,"vehicle, outdoor"
http://images.cocodataset.org/val2017/000000396729.jpg,"A remote control, a book, a cellphone and a camera lens attachment on top of a white bed sheet.",61,"electronic, kitchen, furniture, indoor"
http://images.cocodataset.org/val2017/000000396863.jpg,The young girl wearing red and black rides atop the white pony.,35,"person, animal"
http://images.cocodataset.org/val2017/000000396903.jpg,The plane is on the runway near the building.,9,"vehicle, person"
http://images.cocodataset.org/val2017/000000397133.jpg,Man in apron standing on front of oven with pans and bakeware,177,"food, kitchen, appliance, person, furniture"
http://images.cocodataset.org/val2017/000000397279.jpg,The tennis player does not know what to expect with the next serve.,4,"sports, person"
http://images.cocodataset.org/val2017/000000397303.jpg,A man sitting in front of a computer on top of a desk.,34,"electronic, accessory, person, furniture"
http://images.cocodataset.org/val2017/000000397327.jpg,a toilet a cabinet a sink and a towel and toilet paper,51,"appliance, furniture"
http://images.cocodataset.org/val2017/000000397351.jpg,Man selling yellow and red carrots at a vegetable stand ,162,"vehicle, person, food"
http://images.cocodataset.org/val2017/000000397354.jpg,A family of all ages gather together in a kitchen.,245,"appliance, kitchen, person, furniture"
http://images.cocodataset.org/val2017/000000397639.jpg,Pair of sheep standing on open grassy field on clear day.,1,animal
http://images.cocodataset.org/val2017/000000397681.jpg,A group of twenty-five squares of different photos of carrots.,95,"kitchen, person, food"
http://images.cocodataset.org/val2017/000000398028.jpg,A person practices batting during a baseball game.,4,"sports, person"
http://images.cocodataset.org/val2017/000000398203.jpg,Several children on teams are running toward a soccer ball,4,"sports, person"
http://images.cocodataset.org/val2017/000000398237.jpg,A small child playing with some toys in a field.,4,"sports, person"
http://images.cocodataset.org/val2017/000000398377.jpg,Three women sitting on a train seat on cellphones.,181,"electronic, indoor, accessory, person, furniture"
http://images.cocodataset.org/val2017/000000398438.jpg,A man and woman making a cut unto a cake,95,"kitchen, person, food"
http://images.cocodataset.org/val2017/000000398652.jpg,A lot of potted plants sitting on a glass table.,14,furniture
http://images.cocodataset.org/val2017/000000398742.jpg,A couple of men are holding up a team member,67,"vehicle, sports, person"
http://images.cocodataset.org/val2017/000000398810.jpg,A cat peeking around a curtain at a cat across the way in a window.,1,animal
http://images.cocodataset.org/val2017/000000398905.jpg,Frizzy haired guy standing at a keyboard listening to the music.,80,person
http://images.cocodataset.org/val2017/000000399205.jpg,A group of men standing around a sidewalk together.,168,"vehicle, electronic, person"
http://images.cocodataset.org/val2017/000000399296.jpg,A BBQ pit filled with lots of cooking hot dogs.,43,"person, food"
http://images.cocodataset.org/val2017/000000399462.jpg,A girl with a kite running in the grass.,4,"sports, person"
http://images.cocodataset.org/val2017/000000399560.jpg,a small kitten inside of a laptop on the floor,13,"electronic, animal"
http://images.cocodataset.org/val2017/000000399655.jpg,A small dog is laying on a couch with a shoe.,48,"furniture, animal"
http://images.cocodataset.org/val2017/000000399764.jpg,man with grey hair leading a cow with red ribbon,35,"person, animal"
http://images.cocodataset.org/val2017/000000400044.jpg,A person riding a snowboard into the air next to a tall building.,4,"sports, person"
http://images.cocodataset.org/val2017/000000400082.jpg,"Boxed hotdog, fries and a drink are set out for daytime reading.",316,"kitchen, indoor, furniture, food"
http://images.cocodataset.org/val2017/000000400161.jpg,A remote control storage pouch attached to a couch. ,8,"electronic, person, indoor"
http://images.cocodataset.org/val2017/000000400367.jpg,A picture taken at slow shutter speed on a city street at night.,3,"vehicle, outdoor"
http://images.cocodataset.org/val2017/000000400573.jpg,there is a man wearing glasses and eating a donut,43,"person, food"
http://images.cocodataset.org/val2017/000000400794.jpg,A man sitting at a table eating some food,95,"kitchen, person, food"
http://images.cocodataset.org/val2017/000000400803.jpg,A man is standing on the edge of a orange boat,9,"vehicle, person"
http://images.cocodataset.org/val2017/000000400815.jpg,The older man is sitting in the bed of a truck. ,36,"vehicle, accessory, person"
http://images.cocodataset.org/val2017/000000400922.jpg,A bank sign that also has a clock attached to it.,114,"vehicle, indoor"
http://images.cocodataset.org/val2017/000000401244.jpg,a man in the stance to throw a Frisbee ,4,"sports, person"
http://images.cocodataset.org/val2017/000000401250.jpg,A skier performing a backflip with the sky as background,4,"sports, person"
http://images.cocodataset.org/val2017/000000401446.jpg,The woman in the pink skirt is holding an umbrella. ,17,"accessory, person"
http://images.cocodataset.org/val2017/000000401862.jpg,people standing in line beside a food truck,9,"vehicle, person"
http://images.cocodataset.org/val2017/000000401991.jpg,Two dogs take a nap on a bed with a blanket.,48,"furniture, animal"
http://images.cocodataset.org/val2017/000000402118.jpg,A snowboarder dressed in white does a jump.,4,"sports, person"
http://images.cocodataset.org/val2017/000000402334.jpg,a building that has a small clock at top,41,indoor
http://images.cocodataset.org/val2017/000000402346.jpg,"A counter with a flower, tomatoes in a bowl and silver canister. ",189,"kitchen, indoor"
http://images.cocodataset.org/val2017/000000402433.jpg,A motorcycle shaped pizza cutter near a cheesy pizza.,133,"vehicle, food"
http://images.cocodataset.org/val2017/000000402473.jpg,Two different color cats laying beside each other,1,animal
http://images.cocodataset.org/val2017/000000402519.jpg,A BRIGHT COLORED BIRD IS SITTING ON A BRANCH OF A FULL TREE,1,animal
http://images.cocodataset.org/val2017/000000402615.jpg,A crowd of people watching an indoor tennis match.,59,"outdoor, sports, person"
http://images.cocodataset.org/val2017/000000402720.jpg,three men sitting at  a table with some wine glasses,362,"kitchen, person, electronic, food"
http://images.cocodataset.org/val2017/000000402765.jpg,The controller of a Wii system is pictured.,30,"electronic, person"
http://images.cocodataset.org/val2017/000000402774.jpg,A woman is walking down the street with an umbrella in tow.,17,"accessory, person"
http://images.cocodataset.org/val2017/000000402783.jpg,Seven pieces of orange peel on a white plate.,19,food
http://images.cocodataset.org/val2017/000000402992.jpg,Several cows lying down in  a field of grass,1,animal
http://images.cocodataset.org/val2017/000000403122.jpg,a girl playing tennis with a bad knee,54,"sports, person, furniture"
http://images.cocodataset.org/val2017/000000403353.jpg,A bedroom with a book on the bed ,2,"furniture, indoor"
http://images.cocodataset.org/val2017/000000403385.jpg,A view of a bathroom that needs to be fixed up.,51,"appliance, furniture"
http://images.cocodataset.org/val2017/000000403565.jpg,A young man in a helmet standing by a bicycle.,36,"vehicle, accessory, person"
http://images.cocodataset.org/val2017/000000403584.jpg,Two surfers stand with their surfboards on a beach.,4,"sports, person"
http://images.cocodataset.org/val2017/000000403817.jpg,A cat sitting beside a laptop on a desk.,13,"electronic, animal"
http://images.cocodataset.org/val2017/000000404128.jpg,An old plane sitting on the grass beside the runway.,12,vehicle
http://images.cocodataset.org/val2017/000000404191.jpg,A refrigerator has been doubled as a city map.,5,appliance
http://images.cocodataset.org/val2017/000000404249.jpg,A kid in a camo shirt riding a skateboard down the street.,4,"sports, person"
http://images.cocodataset.org/val2017/000000404479.jpg,An airplane landing on a runway in an airport,12,vehicle
http://images.cocodataset.org/val2017/000000404484.jpg,A woman and dog in a living room with the tv on.,345,"electronic, indoor, animal, person, furniture"
http://images.cocodataset.org/val2017/000000404534.jpg,The side of an old building is fenced off.,12,vehicle
http://images.cocodataset.org/val2017/000000404568.jpg,A seagull standing on the sand near the water.,1,animal
http://images.cocodataset.org/val2017/000000404678.jpg,A group of people sitting in a restaurant booth eating food.,363,"kitchen, outdoor, person, furniture"
http://images.cocodataset.org/val2017/000000404805.jpg,A woman on a boogie board riding a wave.,4,"sports, person"
http://images.cocodataset.org/val2017/000000404839.jpg,Two people in a living room playing with a Wii. ,30,"electronic, person"
http://images.cocodataset.org/val2017/000000404922.jpg,"A woman, little girl and boy, walking with tennis rackets.",4,"sports, person"
http://images.cocodataset.org/val2017/000000404923.jpg,a profession baseball player holding a bat ,4,"sports, person"
http://images.cocodataset.org/val2017/000000405195.jpg,A very nice looking display full of pastry items.,364,"person, food, indoor"
http://images.cocodataset.org/val2017/000000405205.jpg,A number of  vehicles stops in a traffic jam,12,vehicle
http://images.cocodataset.org/val2017/000000405249.jpg,Several children are around a table at a birthday party.,78,"person, furniture, food"
http://images.cocodataset.org/val2017/000000405279.jpg,People flying kites in a park next to a lake.,59,"outdoor, sports, person"
http://images.cocodataset.org/val2017/000000405306.jpg,a cat lays down on a bed ,48,"furniture, animal"
http://images.cocodataset.org/val2017/000000405432.jpg,A table with a bag of beans and donuts box on it. ,365,"electronic, furniture, food"
http://images.cocodataset.org/val2017/000000405691.jpg,there is whine and bread on this table,40,"kitchen, furniture, indoor"
http://images.cocodataset.org/val2017/000000405970.jpg,A very nice looking room with some nice windows.,61,"electronic, kitchen, furniture, indoor"
http://images.cocodataset.org/val2017/000000405972.jpg,An adult giraffe standing next to a small elephant.,1,animal
http://images.cocodataset.org/val2017/000000406129.jpg,A person hitting a tennis ball with a racquet.,4,"sports, person"
http://images.cocodataset.org/val2017/000000406417.jpg,Three boys dressed in jeans and ties pose.,17,"accessory, person"
http://images.cocodataset.org/val2017/000000406570.jpg,some apples oranges and another yellow and green fruit,19,food
http://images.cocodataset.org/val2017/000000406611.jpg,Many people are all scattered around the ski station. ,24,"accessory, sports, person"
http://images.cocodataset.org/val2017/000000406997.jpg,Kids are standing in hay next to a sheep.,87,"accessory, person, animal"
http://images.cocodataset.org/val2017/000000407002.jpg,A person wearing a red coat and skis posing for a picture.,4,"sports, person"
http://images.cocodataset.org/val2017/000000407083.jpg,A dog on a leash looks out the rear window while sitting next to a male passenger.,103,"vehicle, person, animal"
http://images.cocodataset.org/val2017/000000407298.jpg,A young ball player poses with his baseball glove.,4,"sports, person"
http://images.cocodataset.org/val2017/000000407403.jpg,a white vase with yellow tulips against a grey background,41,indoor
http://images.cocodataset.org/val2017/000000407518.jpg,Bird sitting on top a chain link fence. ,1,animal
http://images.cocodataset.org/val2017/000000407524.jpg,A pasta dish with mushrooms and broccoli in a cream sauce,19,food
http://images.cocodataset.org/val2017/000000407574.jpg,A pole holding a bunch of bananas in a market area.,19,food
http://images.cocodataset.org/val2017/000000407614.jpg,The kitchen is coral with wooden cabinets and colorful decorations.,366,"appliance, kitchen, sports, furniture"
http://images.cocodataset.org/val2017/000000407646.jpg,A man playing tennis who is about to return a serve.,4,"sports, person"
http://images.cocodataset.org/val2017/000000407650.jpg,a person jumping a snow board in the air ,4,"sports, person"
http://images.cocodataset.org/val2017/000000407825.jpg,A red apple with a clock inside of it.,367,"food, indoor, kitchen, animal, furniture"
http://images.cocodataset.org/val2017/000000407868.jpg,A group of people standing on a lush green field flying a kite.,59,"outdoor, sports, person"
http://images.cocodataset.org/val2017/000000407943.jpg,A head in silhouette in front of a large umbrella.,17,"accessory, person"
http://images.cocodataset.org/val2017/000000407960.jpg,A cat is looking up at an oven.,128,"appliance, kitchen, animal"
http://images.cocodataset.org/val2017/000000408112.jpg,A small propeller plane sitting on top of an airport tarmac.,9,"vehicle, person"
http://images.cocodataset.org/val2017/000000408120.jpg,A little girl that is standing with an umbrella.,36,"vehicle, accessory, person"
http://images.cocodataset.org/val2017/000000408696.jpg,A man sits on a broken toilet as people walk by. ,107,"person, furniture"
http://images.cocodataset.org/val2017/000000408774.jpg,Athletes during game on ball field on cloudy day.,4,"sports, person"
http://images.cocodataset.org/val2017/000000408830.jpg,A row of foreign motorcycles is lined up in front of a wooden fence.,12,vehicle
http://images.cocodataset.org/val2017/000000409198.jpg,A young man holding a white ball while running through a field.,59,"outdoor, sports, person"
http://images.cocodataset.org/val2017/000000409211.jpg,A tennis player strikes the ball with his racket.,4,"sports, person"
http://images.cocodataset.org/val2017/000000409268.jpg,A stuffed teddy bear covered in dirt on the ground.,41,indoor
http://images.cocodataset.org/val2017/000000409358.jpg,A modern bathroom with square sink and backlit mirror.,51,"appliance, furniture"
http://images.cocodataset.org/val2017/000000409424.jpg,The fruit are arranges on the surface in a brown wicker basket.,58,"furniture, food"
http://images.cocodataset.org/val2017/000000409475.jpg,A smiling pair of skiers with a huge snow covered mountain behind them.,80,person
http://images.cocodataset.org/val2017/000000409542.jpg,A group of people walking past a tall clock.,132,"person, indoor"
http://images.cocodataset.org/val2017/000000409630.jpg,A wireless keyboard and mouse are sitting next to a laptop.,11,electronic
http://images.cocodataset.org/val2017/000000409867.jpg,Two cats sitting on top of a window sill.,1,animal
http://images.cocodataset.org/val2017/000000410221.jpg,A jet liner flying above in the clear blue sky.,12,vehicle
http://images.cocodataset.org/val2017/000000410428.jpg,Sheep are on a grassy field and one of them is a white and black baby.,1,animal
http://images.cocodataset.org/val2017/000000410456.jpg,a surfing instructor teaches students with surfboards on a beach in front of large hotel buildings.,4,"sports, person"
http://images.cocodataset.org/val2017/000000410487.jpg,A view of a oven with the food flipped over in it.,5,appliance
http://images.cocodataset.org/val2017/000000410496.jpg,A tennis player posed to swing his racket.,54,"sports, person, furniture"
http://images.cocodataset.org/val2017/000000410510.jpg,A boy playing tennis on a blue and green tennis court. ,4,"sports, person"
http://images.cocodataset.org/val2017/000000410612.jpg,A boat passes by waterfront houses flanked by trees.,12,vehicle
http://images.cocodataset.org/val2017/000000410650.jpg,A tennis player taking a swing at  a ball,54,"sports, person, furniture"
http://images.cocodataset.org/val2017/000000410712.jpg,A yellow and black traffic sign with buildings in background.,46,"vehicle, outdoor, person"
http://images.cocodataset.org/val2017/000000410735.jpg,"Three stages of cooking a meal are shown, with the end result featured prominently.",90,"kitchen, person"
http://images.cocodataset.org/val2017/000000410878.jpg,a close up of a motorcycle parked on a dirt road,3,"vehicle, outdoor"
http://images.cocodataset.org/val2017/000000410880.jpg,A large and over-sized stuffed teddy bear sitting in a chair.,368,"sports, indoor, vehicle, outdoor, person, furniture"
http://images.cocodataset.org/val2017/000000410934.jpg,A bunch of green leaves on a broccoli plant.,19,food
http://images.cocodataset.org/val2017/000000411530.jpg,A crowd of people standing on snow covered ground.,24,"accessory, sports, person"
http://images.cocodataset.org/val2017/000000411665.jpg,A cat playing with it's reflection in a mirror.,1,animal
http://images.cocodataset.org/val2017/000000411754.jpg,A man looks at something that he is holding,34,"electronic, accessory, person, furniture"
http://images.cocodataset.org/val2017/000000411774.jpg,A girl with a tattoo smiles while holding a racket.,4,"sports, person"
http://images.cocodataset.org/val2017/000000411817.jpg,People shopping for interactive video games at Best Buy.,30,"electronic, person"
http://images.cocodataset.org/val2017/000000411938.jpg,A woman holding a teddy bear riding a bike with friends,369,"indoor, kitchen, vehicle, accessory, person"
http://images.cocodataset.org/val2017/000000411953.jpg,a man is playing a guitar on a stage ,17,"accessory, person"
http://images.cocodataset.org/val2017/000000412240.jpg,A dog sitting behind a pair of black shoes.,1,animal
http://images.cocodataset.org/val2017/000000412286.jpg,A man running to hit a tennis ball with his racquet. ,4,"sports, person"
http://images.cocodataset.org/val2017/000000412362.jpg,A group of three people standing next to each other in front of a doorway.,21,"kitchen, accessory, person"
http://images.cocodataset.org/val2017/000000412531.jpg,Parking meter street side looking into a fenced parking lot.,3,"vehicle, outdoor"
http://images.cocodataset.org/val2017/000000412887.jpg,A cow is in its pen staring with its mouth open.,1,animal
http://images.cocodataset.org/val2017/000000412894.jpg,A bunch of people crossing the street in a city. ,172,"outdoor, accessory, person"
http://images.cocodataset.org/val2017/000000413247.jpg,A very dimly lit room with a laptop open.,370,"kitchen, accessory, electronic, indoor"
http://images.cocodataset.org/val2017/000000413395.jpg,A man sitting on a couch has two cats on his lap.,175,"kitchen, person, furniture, animal"
http://images.cocodataset.org/val2017/000000413404.jpg,a park with benches and lots of trees.,317,"outdoor, accessory, person, animal"
http://images.cocodataset.org/val2017/000000413552.jpg,A woman holds a sick child who is getting her temperature taken.,132,"person, indoor"
http://images.cocodataset.org/val2017/000000413689.jpg,Umbrellas are used as parasols to deter the sun on hot streets.,15,"vehicle, outdoor, accessory, person"
http://images.cocodataset.org/val2017/000000414034.jpg,A child holding a sippy cup and the remote ,60,"kitchen, electronic, person, furniture"
http://images.cocodataset.org/val2017/000000414133.jpg,A sign on small post in grass corner of residential parking lot.,3,"vehicle, outdoor"
http://images.cocodataset.org/val2017/000000414170.jpg,Several skiers glide down a hilly landscape covered in snow. ,24,"accessory, sports, person"
http://images.cocodataset.org/val2017/000000414261.jpg,A baby bear that is laying on a rock.,1,animal
http://images.cocodataset.org/val2017/000000414340.jpg,a tall clock tower with trees all around,41,indoor
http://images.cocodataset.org/val2017/000000414385.jpg,A photo taken from a car looking at a skateboarder on the side of the road.,67,"vehicle, sports, person"
http://images.cocodataset.org/val2017/000000414510.jpg,A man is talking on his phone next to a fallen bicycle.,166,"electronic, vehicle, accessory, person"
http://images.cocodataset.org/val2017/000000414638.jpg,A sandwich and iced beverage lunch at Starbucks,16,"kitchen, furniture, food"
http://images.cocodataset.org/val2017/000000414673.jpg,a little boy in a blue shirt is playing baseball,54,"sports, person, furniture"
http://images.cocodataset.org/val2017/000000414676.jpg,A building has a tower with a clock on it.,41,indoor
http://images.cocodataset.org/val2017/000000414795.jpg,A herd of elephants walking into a large body of water.,35,"person, animal"
http://images.cocodataset.org/val2017/000000415194.jpg,A kitchen decorated in decor with furniture in it.,100,"appliance, kitchen, furniture, food"
http://images.cocodataset.org/val2017/000000415238.jpg,A painting that shows a vase with flowers and a table.,14,furniture
http://images.cocodataset.org/val2017/000000415536.jpg,A city bus that is traveling down a wet country road. ,9,"vehicle, person"
http://images.cocodataset.org/val2017/000000415716.jpg,A living room with a large vase with flowers.,39,"electronic, furniture, indoor"
http://images.cocodataset.org/val2017/000000415727.jpg,A boy with catchers gear on looking at some baseball bats.,122,"outdoor, accessory, sports, person"
http://images.cocodataset.org/val2017/000000415741.jpg,A house where you can see the bedroom and relaxing room.,2,"furniture, indoor"
http://images.cocodataset.org/val2017/000000415748.jpg,An old decorated elephant and its colorful rider,35,"person, animal"
http://images.cocodataset.org/val2017/000000415882.jpg,A woman laying in bed next to a window.,107,"person, furniture"
http://images.cocodataset.org/val2017/000000415990.jpg,A bunch of cows that are standing in the grass.,35,"person, animal"
http://images.cocodataset.org/val2017/000000416104.jpg,A group of people sitting under umbrellas drinking beer.,27,"kitchen, accessory, person, furniture"
http://images.cocodataset.org/val2017/000000416170.jpg,A cat sitting in behind a window looking out.,48,"furniture, animal"
http://images.cocodataset.org/val2017/000000416256.jpg,A cat laying on the floor next to a keyboard.,13,"electronic, animal"
http://images.cocodataset.org/val2017/000000416269.jpg,A passenger sign on the tracks at a station.,12,vehicle
http://images.cocodataset.org/val2017/000000416330.jpg,A closeup of a black and white cat with one eye open. ,48,"furniture, animal"
http://images.cocodataset.org/val2017/000000416343.jpg,A man and woman that are standing with a surfboard.,371,"sports, person, furniture, indoor"
http://images.cocodataset.org/val2017/000000416451.jpg,A man standing on a stair stepper holding a Wii controller.,116,"electronic, indoor, kitchen, person, furniture"
http://images.cocodataset.org/val2017/000000416534.jpg,A living room with hard wood flooring and two book shelves.,39,"electronic, furniture, indoor"
http://images.cocodataset.org/val2017/000000416745.jpg,There is a small bathroom with a white vanity.,51,"appliance, furniture"
http://images.cocodataset.org/val2017/000000416758.jpg,A herd of black and white cattle standing on a lush green hillside.,1,animal
http://images.cocodataset.org/val2017/000000416837.jpg,A cow is standing on a grassy sloped hill.,1,animal
http://images.cocodataset.org/val2017/000000416885.jpg,multiple plates of food on a wooden table,372,"vehicle, kitchen, furniture, food"
http://images.cocodataset.org/val2017/000000416991.jpg,A row of tables with the reflections showing in the water below.,270,"outdoor, accessory, furniture"
http://images.cocodataset.org/val2017/000000417043.jpg,A bench sitting on the side of a road.,52,outdoor
http://images.cocodataset.org/val2017/000000417085.jpg,An adult and a child cow standing on the side of the road.,1,animal
http://images.cocodataset.org/val2017/000000417249.jpg,this is a woman pushing some luggage at the airport,17,"accessory, person"
http://images.cocodataset.org/val2017/000000417285.jpg,A series of photos of two plates with different desserts and another plate with a cup of coffee.,95,"kitchen, person, food"
http://images.cocodataset.org/val2017/000000417465.jpg,A sun bear yawns and extends its long tongue.,1,animal
http://images.cocodataset.org/val2017/000000417608.jpg,"A sandwich has meat, cheese, lettuce and tomato.",16,"kitchen, furniture, food"
http://images.cocodataset.org/val2017/000000417632.jpg,A man pouring wine into the glasses of others,21,"kitchen, accessory, person"
http://images.cocodataset.org/val2017/000000417779.jpg,A grey and orange fire hydrant next to a street.,46,"vehicle, outdoor, person"
http://images.cocodataset.org/val2017/000000417876.jpg,Two giraffes are standing together outside near a wall.,1,animal
http://images.cocodataset.org/val2017/000000417911.jpg,A man in a wetsuit surfing a wave on a surf board.,4,"sports, person"
http://images.cocodataset.org/val2017/000000418062.jpg,Two men stand next to each other holding glasses.,90,"kitchen, person"
http://images.cocodataset.org/val2017/000000418281.jpg,There white cows in grassy area with temples in background.,1,animal
http://images.cocodataset.org/val2017/000000418696.jpg,The bright lights are shining on the street.,3,"vehicle, outdoor"
http://images.cocodataset.org/val2017/000000418959.jpg,A bird has it's head below the surface of the water.,1,animal
http://images.cocodataset.org/val2017/000000418961.jpg,A decorative clock has roman numerals on its face.,41,indoor
http://images.cocodataset.org/val2017/000000419096.jpg,A red and black train on the train tracks.,12,vehicle
http://images.cocodataset.org/val2017/000000419098.jpg,A pile of pink pairs of scissors with a chain around it.,41,indoor
http://images.cocodataset.org/val2017/000000419201.jpg,Clouds are forming over a farm field with a horse in it and birds flying in the air.,1,animal
http://images.cocodataset.org/val2017/000000419312.jpg,Two plates of assorted food and two beverages are shown on a table.,16,"kitchen, furniture, food"
http://images.cocodataset.org/val2017/000000419379.jpg,Four donuts topped with icing displayed on metal trays.,43,"person, food"
http://images.cocodataset.org/val2017/000000419408.jpg,The skateboarder is jumping over the railing in a park.,179,"vehicle, outdoor, sports, person"
http://images.cocodataset.org/val2017/000000419601.jpg,The shades are partly drawn on this black and white motif room.,2,"furniture, indoor"
http://images.cocodataset.org/val2017/000000419653.jpg,Many containers of food are covered up on the table. ,63,"electronic, indoor, kitchen, appliance, furniture"
http://images.cocodataset.org/val2017/000000419882.jpg,a lot of trains that are parked next to each other,12,vehicle
http://images.cocodataset.org/val2017/000000419974.jpg,A man slices meat in his kitchen while his dog begs from the floor.,373,"kitchen, animal, appliance, outdoor, person, furniture"
http://images.cocodataset.org/val2017/000000420069.jpg,A black and white photo of an old fashion baseball game.,54,"sports, person, furniture"
http://images.cocodataset.org/val2017/000000420230.jpg,An elephant is walking forward in a field.,1,animal
http://images.cocodataset.org/val2017/000000420281.jpg,A man with thick black glasses eats a hotdog.,43,"person, food"
http://images.cocodataset.org/val2017/000000420472.jpg,Two zebras eat a piece of a plant.,1,animal
http://images.cocodataset.org/val2017/000000420840.jpg,A baby with food on her face and her tongue sticking out.,78,"person, furniture, food"
http://images.cocodataset.org/val2017/000000420916.jpg,A group of people sitting on a bench near a lake.,172,"outdoor, accessory, person"
http://images.cocodataset.org/val2017/000000421060.jpg,Skier performing aerial jump during outdoor competition gathering.,4,"sports, person"
http://images.cocodataset.org/val2017/000000421455.jpg,The woman is holding her phone toward the dog hanging out the car window.,374,"vehicle, electronic, person, animal"
http://images.cocodataset.org/val2017/000000421757.jpg,Two boats floating on a lake next to a forest.,9,"vehicle, person"
http://images.cocodataset.org/val2017/000000421834.jpg,a bird feeder that is attached to a tree,1,animal
http://images.cocodataset.org/val2017/000000421923.jpg,The bust of a man's head is next to a vase of flowers.,40,"kitchen, furniture, indoor"
http://images.cocodataset.org/val2017/000000422670.jpg,A boy reaching towards his reflection in a mirror like object.,126,"person, furniture, indoor"
http://images.cocodataset.org/val2017/000000422706.jpg,A emergency boat being lowered into the water by a cruise ship.,36,"vehicle, accessory, person"
http://images.cocodataset.org/val2017/000000422836.jpg,two men walking down a city streen next to a blue pole.,99,"accessory, person, furniture"
http://images.cocodataset.org/val2017/000000422886.jpg,a man eating a hotdog that has a lot of cheese,78,"person, furniture, food"
http://images.cocodataset.org/val2017/000000422998.jpg,A plate that has food on it on a table.,95,"kitchen, person, food"
http://images.cocodataset.org/val2017/000000423104.jpg,A man standing on top of a grass covered field with a frisbee.,4,"sports, person"
http://images.cocodataset.org/val2017/000000423123.jpg,A woman bending over and looking inside of a mini fridge.,375,"appliance, electronic, accessory, person"
http://images.cocodataset.org/val2017/000000423229.jpg,An old fashioned steam engine train traveling down railroad tracks.,46,"vehicle, outdoor, person"
http://images.cocodataset.org/val2017/000000423506.jpg,two men standing side by side and smiling,21,"kitchen, accessory, person"
http://images.cocodataset.org/val2017/000000423519.jpg,The red bus is driving down the street.,12,vehicle
http://images.cocodataset.org/val2017/000000423617.jpg,Two city buses traveling down a rain covered road way.,9,"vehicle, person"
http://images.cocodataset.org/val2017/000000423798.jpg,"An empty street at night with bright lights shining from the light poles, and one very bight light reflecting off the pavement.",52,outdoor
http://images.cocodataset.org/val2017/000000423944.jpg,When looking at mannequins without heads the clothing is superficial. ,86,accessory
http://images.cocodataset.org/val2017/000000423971.jpg,A bathroom scene with a modern toilet and wooden fixtures,14,furniture
http://images.cocodataset.org/val2017/000000424135.jpg,A turquoise sign with numbers on a building.,132,"person, indoor"
http://images.cocodataset.org/val2017/000000424162.jpg,A person who is on a bike with a dog on a leash. ,196,"vehicle, accessory, person, animal"
http://images.cocodataset.org/val2017/000000424349.jpg,A man placing a pizza pie in the oven,127,"appliance, person, food"
http://images.cocodataset.org/val2017/000000424521.jpg,A shirtless man doing skateboarding tricks near a stream,4,"sports, person"
http://images.cocodataset.org/val2017/000000424545.jpg,a close up of a cat on a window sil,1,animal
http://images.cocodataset.org/val2017/000000424551.jpg,A skier is standing at the top of ski slope. ,4,"sports, person"
http://images.cocodataset.org/val2017/000000424642.jpg,Two guys play flying disc golf in the woods.,31,"kitchen, sports, person"
http://images.cocodataset.org/val2017/000000424721.jpg,"A roasting pan full with apples, carrots, potatoes, and meat",58,"furniture, food"
http://images.cocodataset.org/val2017/000000424776.jpg,An airplane with the Swiss flag symbol is flying through the mountains.,12,vehicle
http://images.cocodataset.org/val2017/000000424975.jpg,A store covered in graffiti on a street corner.,46,"vehicle, outdoor, person"
http://images.cocodataset.org/val2017/000000425221.jpg,A plane is flying away from the airport,216,"vehicle, outdoor, accessory, person, furniture"
http://images.cocodataset.org/val2017/000000425226.jpg,A man wearing an apron peering into the bottom of an open fridge,244,"food, indoor, kitchen, appliance, person"
http://images.cocodataset.org/val2017/000000425227.jpg,A couple of people standing on a beach flying a kite.,4,"sports, person"
http://images.cocodataset.org/val2017/000000425361.jpg,A man who is holding a wine glass.,56,"food, electronic, kitchen, person, furniture"
http://images.cocodataset.org/val2017/000000425390.jpg,THERE IS AN ADULT CAT SITTING ON THE LAP TOP,13,"electronic, animal"
http://images.cocodataset.org/val2017/000000425702.jpg,A man holding a surfboard walking on a beach next to the ocean.,4,"sports, person"
http://images.cocodataset.org/val2017/000000425906.jpg,People look on as an airborne snowboarder competes.,4,"sports, person"
http://images.cocodataset.org/val2017/000000425925.jpg,A busy city with a building that has a clock on it.,376,"vehicle, kitchen, person, indoor"
http://images.cocodataset.org/val2017/000000426166.jpg,A light blue bicycle chained to a pole on the sidewalk in front of a red building.,12,vehicle
http://images.cocodataset.org/val2017/000000426203.jpg,A man riding a skateboard down a metal hand rail next to some buildings.,179,"vehicle, outdoor, sports, person"
http://images.cocodataset.org/val2017/000000426241.jpg,A home office with a chrome and glass desk and computer equipment.,30,"electronic, person"
http://images.cocodataset.org/val2017/000000426253.jpg,Food is cooking inside of a microwave oven.,96,"appliance, kitchen"
http://images.cocodataset.org/val2017/000000426268.jpg,A large long train with man inside on the track.,9,"vehicle, person"
http://images.cocodataset.org/val2017/000000426297.jpg,A zebra that is standing up in the dirt.,1,animal
http://images.cocodataset.org/val2017/000000426329.jpg,some frosted cakes with little decorations on top in a display case for sale,83,"electronic, food"
http://images.cocodataset.org/val2017/000000426372.jpg,A white truck carrying a small car in the back.,12,vehicle
http://images.cocodataset.org/val2017/000000426376.jpg,A person snowboards on top of a snowy path. ,4,"sports, person"
http://images.cocodataset.org/val2017/000000426795.jpg,A young man with long hair taking a bite out of a full loaf of bread.,107,"person, furniture"
http://images.cocodataset.org/val2017/000000426836.jpg,a painting of a person standing in the park while a kite flies above them ,4,"sports, person"
http://images.cocodataset.org/val2017/000000427034.jpg,A dog is resting it's head on a laptop while watching the screen.,377,"indoor, electronic, person, animal"
http://images.cocodataset.org/val2017/000000427055.jpg,A photograph of a decorative street clock on a sidewalk. ,239,"vehicle, outdoor, indoor"
http://images.cocodataset.org/val2017/000000427077.jpg,A man stands poised with a baseball bat.,4,"sports, person"
http://images.cocodataset.org/val2017/000000427160.jpg,A group of boys are running around playing little league.,4,"sports, person"
http://images.cocodataset.org/val2017/000000427256.jpg,A proffessional baseball player up to bat with a crowd behind him.,4,"sports, person"
http://images.cocodataset.org/val2017/000000427338.jpg,Two men are riding motorcycles through some ruins.,9,"vehicle, person"
http://images.cocodataset.org/val2017/000000427500.jpg,A broken fire hydrant on a city sidewalk.,3,"vehicle, outdoor"
http://images.cocodataset.org/val2017/000000427649.jpg,A boat on a still lake in front of a mountain,12,vehicle
http://images.cocodataset.org/val2017/000000427655.jpg,a horse is pulling a carriage with people down a street,378,"indoor, vehicle, person, animal"
http://images.cocodataset.org/val2017/000000427997.jpg,A woman waiting for a serve while playing tennis.,54,"sports, person, furniture"
http://images.cocodataset.org/val2017/000000428111.jpg,A man is performing tricks on a skateboard ramp.,108,"vehicle, accessory, sports, person"
http://images.cocodataset.org/val2017/000000428218.jpg,THERE ARE PEOPLE THAT ARE STANDING IN THE GRASS,4,"sports, person"
http://images.cocodataset.org/val2017/000000428280.jpg,Chairs and a table with a laptop on it sitting outside. ,379,"electronic, outdoor, furniture"
http://images.cocodataset.org/val2017/000000428454.jpg,A Man skis using a sail in open snow-packed field.,67,"vehicle, sports, person"
http://images.cocodataset.org/val2017/000000428562.jpg,A sheep that is standing on some hay.,87,"accessory, person, animal"
http://images.cocodataset.org/val2017/000000428867.jpg,Stuffed animals are displayed down a table with notecards.,2,"furniture, indoor"
http://images.cocodataset.org/val2017/000000429011.jpg,A car and a truck on a city street.,380,"vehicle, outdoor, accessory"
http://images.cocodataset.org/val2017/000000429109.jpg,Several buses on a street near a covered bus stop.,9,"vehicle, person"
http://images.cocodataset.org/val2017/000000429281.jpg,There are many bananas sitting on the shelf.,19,food
http://images.cocodataset.org/val2017/000000429530.jpg,There are four vases that have butterfly sculptures on them.,41,indoor
http://images.cocodataset.org/val2017/000000429598.jpg,There is something missing under that wooden shelf.,96,"appliance, kitchen"
http://images.cocodataset.org/val2017/000000429623.jpg,The pizza is being served with a cold soda.,16,"kitchen, furniture, food"
http://images.cocodataset.org/val2017/000000429690.jpg,A man hitting a tennis ball with a bat.,59,"outdoor, sports, person"
http://images.cocodataset.org/val2017/000000429718.jpg,An old- fashioned train rounds the corner on train tracks. ,9,"vehicle, person"
http://images.cocodataset.org/val2017/000000429761.jpg,Two tennis players on tennis court at net shaking hands.,4,"sports, person"
http://images.cocodataset.org/val2017/000000430048.jpg,"A business window with an ""ATM INSIDE"" sign,  reflecting a clock tower.",114,"vehicle, indoor"
http://images.cocodataset.org/val2017/000000430056.jpg,"A sandwich on a plate with three slices of bread, tomatoes and chips on the side. ",83,"electronic, food"
http://images.cocodataset.org/val2017/000000430073.jpg,a cow walking on a city street near people ,381,"kitchen, animal, vehicle, accessory, person, furniture"
http://images.cocodataset.org/val2017/000000430286.jpg,An unmade bed has three remote controls on top of it.  ,28,"electronic, furniture"
http://images.cocodataset.org/val2017/000000430377.jpg,A woman standing on a  mountain with skis and poles.,4,"sports, person"
http://images.cocodataset.org/val2017/000000430871.jpg,A parking meter next to a handicap parking space.,52,outdoor
http://images.cocodataset.org/val2017/000000430875.jpg,The traffic lights glow green in the night sky.,52,outdoor
http://images.cocodataset.org/val2017/000000430961.jpg,A baseball player preparing to throw a pitch during a game.,4,"sports, person"
http://images.cocodataset.org/val2017/000000430973.jpg,Large whole pizza pie with cheese and olive toppings.,19,food
http://images.cocodataset.org/val2017/000000431140.jpg,A toilet and sink that is in a bathroom.,51,"appliance, furniture"
http://images.cocodataset.org/val2017/000000431545.jpg,a close up of a baseball player running on the base paths,4,"sports, person"
http://images.cocodataset.org/val2017/000000431568.jpg,A whole pizza on a red checked table cloth.,58,"furniture, food"
http://images.cocodataset.org/val2017/000000431693.jpg,there is a male tennis player trying to hit the ball,4,"sports, person"
http://images.cocodataset.org/val2017/000000431727.jpg,Two monkeys are sitting on some tree branches.,1,animal
http://images.cocodataset.org/val2017/000000431848.jpg,A person doing a trick on a skateboard,4,"sports, person"
http://images.cocodataset.org/val2017/000000431876.jpg,an image of horses that are standing on the sidewalk,317,"outdoor, accessory, person, animal"
http://images.cocodataset.org/val2017/000000431896.jpg,A passanger train stopped on the railroad tracks at a station.,12,vehicle
http://images.cocodataset.org/val2017/000000432085.jpg,A man eating a sandwich off of a white plate.,154,"kitchen, electronic, person, food"
http://images.cocodataset.org/val2017/000000432468.jpg,A cat sleeping on top of a closed suit case.,140,"accessory, animal"
http://images.cocodataset.org/val2017/000000432553.jpg,The view of two dogs inside a bus.,229,"vehicle, outdoor, person, animal"
http://images.cocodataset.org/val2017/000000432898.jpg,A man standing on a lush green field under a kite.,67,"vehicle, sports, person"
http://images.cocodataset.org/val2017/000000433103.jpg,Several children sit together while playing with plastic laptop computers.,81,"electronic, person, furniture"
http://images.cocodataset.org/val2017/000000433134.jpg,A gray and white cat standing on a lush green field.,1,animal
http://images.cocodataset.org/val2017/000000433192.jpg,A made bed with a laptop computer on it,39,"electronic, furniture, indoor"
http://images.cocodataset.org/val2017/000000433204.jpg,A man riding a motorcycle down a small paved road.,9,"vehicle, person"
http://images.cocodataset.org/val2017/000000433243.jpg,A giraffe and a zebra stand side by side as they eat.,1,animal
http://images.cocodataset.org/val2017/000000433374.jpg,A herd of elephants walking along a river and a rocky hillside.,1,animal
http://images.cocodataset.org/val2017/000000433515.jpg,Colorful kite being flown in a city park land,67,"vehicle, sports, person"
http://images.cocodataset.org/val2017/000000433774.jpg,A street scene with a parking meter on the side.,3,"vehicle, outdoor"
http://images.cocodataset.org/val2017/000000433915.jpg,The TV has two men merged together on it.,55,"electronic, accessory, person"
http://images.cocodataset.org/val2017/000000433980.jpg,There is a woman taking a photo of herself in the mirror,30,"electronic, person"
http://images.cocodataset.org/val2017/000000434204.jpg,A man riding on a skateboard on the sidewalk.,340,"outdoor, sports, person, accessory"
http://images.cocodataset.org/val2017/000000434230.jpg,Various pots and plates displayed next to a woman.,306,"kitchen, person, indoor"
http://images.cocodataset.org/val2017/000000434247.jpg,A group of people on horses on a beach.,35,"person, animal"
http://images.cocodataset.org/val2017/000000434297.jpg,"A plate with chicken, bread, broccoli and carrots.",19,food
http://images.cocodataset.org/val2017/000000434459.jpg,A man and a woman cutting up a big sheet cake.,104,"kitchen, person, furniture, food"
http://images.cocodataset.org/val2017/000000434479.jpg,THERE IS PIZZA ON THE PLATE ON THE TABLE,58,"furniture, food"
http://images.cocodataset.org/val2017/000000434548.jpg,A man in grey baseball uniform throwing a ball.,4,"sports, person"
http://images.cocodataset.org/val2017/000000434996.jpg,A white and grey tabby kitten sleeping with stuffed animals,152,"indoor, furniture, animal"
http://images.cocodataset.org/val2017/000000435003.jpg,A computer workstation with a laptop and two additional monitors.,28,"electronic, furniture"
http://images.cocodataset.org/val2017/000000435081.jpg,a collection of various food pictures mostly of desert type items,316,"kitchen, indoor, furniture, food"
http://images.cocodataset.org/val2017/000000435205.jpg,A person holding a teddy bear as she writes on her belly.,132,"person, indoor"
http://images.cocodataset.org/val2017/000000435206.jpg,There are people standing on the shore next to a body of water.,103,"vehicle, person, animal"
http://images.cocodataset.org/val2017/000000435208.jpg,Woman sitting on top of a couch in front of two laptops. ,116,"electronic, indoor, kitchen, person, furniture"
http://images.cocodataset.org/val2017/000000435299.jpg,The cat is perched on the edge of the bed.,48,"furniture, animal"
http://images.cocodataset.org/val2017/000000435880.jpg,A kitchen has a refrigerator and ice chest. ,382,"appliance, kitchen, electronic, furniture"
http://images.cocodataset.org/val2017/000000436315.jpg,A homemade pizza with a funny shape on a pan.,19,food
http://images.cocodataset.org/val2017/000000436551.jpg,A goose with a feb bill is eating grass.,1,animal
http://images.cocodataset.org/val2017/000000436617.jpg,THERE IS A GROUP OF PEOPLE SITTING AT A TABLE ,383,"kitchen, outdoor, accessory, person, furniture"
http://images.cocodataset.org/val2017/000000436738.jpg,an old photo of cars in a city street,294,"vehicle, outdoor, person, indoor"
http://images.cocodataset.org/val2017/000000436883.jpg,"A green bus traveling down the street, in a city.",36,"vehicle, accessory, person"
http://images.cocodataset.org/val2017/000000437110.jpg,The clock tower on the old brick building looks impressive.,41,indoor
http://images.cocodataset.org/val2017/000000437205.jpg,a small boy in a blue shirt holding a banana peel,78,"person, furniture, food"
http://images.cocodataset.org/val2017/000000437239.jpg,A group of people who are outside holding a Frisbee.,145,"sports, vehicle, outdoor, accessory, person"
http://images.cocodataset.org/val2017/000000437331.jpg,A person wearing a wetsuit riding a wave on a surfboard.,4,"sports, person"
http://images.cocodataset.org/val2017/000000437351.jpg,A woman in a hat sitting next to luggage.,17,"accessory, person"
http://images.cocodataset.org/val2017/000000437392.jpg,A pink puppet toy with googly eyes on a hanger.,14,furniture
http://images.cocodataset.org/val2017/000000437514.jpg,There is a park bench outside a store with a potted tree next to it.,384,"outdoor, person, furniture"
http://images.cocodataset.org/val2017/000000437898.jpg,A clean kitchen with all the necessary appliances.,96,"appliance, kitchen"
http://images.cocodataset.org/val2017/000000438017.jpg,A red stop light that is over a street.,3,"vehicle, outdoor"
http://images.cocodataset.org/val2017/000000438226.jpg,A dinner plate containing a sandwich and pasta.,16,"kitchen, furniture, food"
http://images.cocodataset.org/val2017/000000438269.jpg,A tall white bird standing on a lake in a swamp.,1,animal
http://images.cocodataset.org/val2017/000000438304.jpg,An ad for Adidas featuring a man and woman playing tennis together.,4,"sports, person"
http://images.cocodataset.org/val2017/000000438774.jpg,A group of people standing in a kitchen having conversation.,177,"food, kitchen, appliance, person, furniture"
http://images.cocodataset.org/val2017/000000438862.jpg,a group of adults playing soccer on a field,59,"outdoor, sports, person"
http://images.cocodataset.org/val2017/000000438876.jpg,A senior tennis player prepares to backhand the ball.,4,"sports, person"
http://images.cocodataset.org/val2017/000000438907.jpg,a teenager attempting a jump on his skateboard,4,"sports, person"
http://images.cocodataset.org/val2017/000000438955.jpg,A group of people skating around red obstacles.,4,"sports, person"
http://images.cocodataset.org/val2017/000000439180.jpg,A group of people are riding horses at a park.,103,"vehicle, person, animal"
http://images.cocodataset.org/val2017/000000439290.jpg,A bunch of bananas hanging on the tree,19,food
http://images.cocodataset.org/val2017/000000439426.jpg,A hand holding a donut that been partially eaten.,43,"person, food"
http://images.cocodataset.org/val2017/000000439522.jpg,She is cross-country skiing for the exercise it provides for her.,80,person
http://images.cocodataset.org/val2017/000000439525.jpg,A couple cut into a wedding cake together.,104,"kitchen, person, furniture, food"
http://images.cocodataset.org/val2017/000000439593.jpg,A passenger train pulls into a train station.,36,"vehicle, accessory, person"
http://images.cocodataset.org/val2017/000000439623.jpg,A white fire hydrant stand on a side walk.,3,"vehicle, outdoor"
http://images.cocodataset.org/val2017/000000439715.jpg,an image of a man on top of a horse ,87,"accessory, person, animal"
http://images.cocodataset.org/val2017/000000439773.jpg,A baby laying on a floor next to a purple cell phone.,8,"electronic, person, indoor"
http://images.cocodataset.org/val2017/000000439854.jpg,Children are playing near a beach at sunset.,108,"vehicle, accessory, sports, person"
http://images.cocodataset.org/val2017/000000439994.jpg,The catcher races from behind homeplate onto the field.,212,"outdoor, sports, person, furniture"
http://images.cocodataset.org/val2017/000000440171.jpg,A man riding on the back of a tusked elephant by a muddy river,35,"person, animal"
http://images.cocodataset.org/val2017/000000440184.jpg,A group of people playing tennis on a sunny day,31,"kitchen, sports, person"
http://images.cocodataset.org/val2017/000000440336.jpg,A group of men and boys playing Frisbee. ,4,"sports, person"
http://images.cocodataset.org/val2017/000000440475.jpg,A large living and dining room area with rich wood features.,182,"food, electronic, indoor, kitchen, person, furniture"
http://images.cocodataset.org/val2017/000000440507.jpg,a blue suitcase some shoes and a wooden table,86,accessory
http://images.cocodataset.org/val2017/000000440508.jpg,A long orange train is going between trees.,12,vehicle
http://images.cocodataset.org/val2017/000000440617.jpg,a train on a train track with power lines above,3,"vehicle, outdoor"
http://images.cocodataset.org/val2017/000000441247.jpg,a woman in a blue dress some black chairs and another person looking in an oven,385,"food, indoor, kitchen, appliance, accessory, person, furniture"
http://images.cocodataset.org/val2017/000000441286.jpg,The surfer is getting ready to ride the wave.,4,"sports, person"
http://images.cocodataset.org/val2017/000000441442.jpg,The person is riding a horse in the pen.,120,"person, furniture, animal"
http://images.cocodataset.org/val2017/000000441468.jpg,a fire hydrgen that is next to a street,46,"vehicle, outdoor, person"
http://images.cocodataset.org/val2017/000000441491.jpg,Three women are taking a bite out of the same piece of pizza.,95,"kitchen, person, food"
http://images.cocodataset.org/val2017/000000441543.jpg,A group of people with one person holding up a huge different color umbrella. ,55,"electronic, accessory, person"
http://images.cocodataset.org/val2017/000000441553.jpg,A lot of people that are outside in the dark.,15,"vehicle, outdoor, accessory, person"
http://images.cocodataset.org/val2017/000000441586.jpg,A man on a piece of equipment resembling a bicycle that has very large wheels.,46,"vehicle, outdoor, person"
http://images.cocodataset.org/val2017/000000442009.jpg,a bathroom with a bath tub near windows,37,"appliance, kitchen, indoor"
http://images.cocodataset.org/val2017/000000442161.jpg,Three people standing around drinking wine together ,21,"kitchen, accessory, person"
http://images.cocodataset.org/val2017/000000442306.jpg,"a small child standing on a rock outdoors in a forest wearing a raincoat, rain boots and an umbrella.",17,"accessory, person"
http://images.cocodataset.org/val2017/000000442323.jpg,A hotel room with television and desk in the corner.,134,"electronic, accessory, furniture"
http://images.cocodataset.org/val2017/000000442456.jpg,A man sits on the tires of a car that rests on the ground. ,194,"vehicle, electronic, accessory, person"
http://images.cocodataset.org/val2017/000000442463.jpg,A child in a helmet and safety pads riding a skateboard.,4,"sports, person"
http://images.cocodataset.org/val2017/000000442480.jpg,an airplane parked in the dark on a runway,9,"vehicle, person"
http://images.cocodataset.org/val2017/000000442661.jpg,a giraffe stares out of a glass window ,1,animal
http://images.cocodataset.org/val2017/000000442746.jpg,a woman on some grass is throwing a green frisbee,179,"vehicle, outdoor, sports, person"
http://images.cocodataset.org/val2017/000000442822.jpg,Several rows of boats docked on a body of water.,12,vehicle
http://images.cocodataset.org/val2017/000000442836.jpg,older man tries to block younger man's frisbee throw,4,"sports, person"
http://images.cocodataset.org/val2017/000000442993.jpg,A row of attached buildings situated by a river.,346,"vehicle, furniture, indoor"
http://images.cocodataset.org/val2017/000000443303.jpg,An orange and white cat laying on top of a bag of luggage.,386,"accessory, indoor, animal"
http://images.cocodataset.org/val2017/000000443426.jpg,A man seated in a tie and glasses.,99,"accessory, person, furniture"
http://images.cocodataset.org/val2017/000000443498.jpg,A passenger bus drives through a street at night. ,12,vehicle
http://images.cocodataset.org/val2017/000000443844.jpg,A man riding a skateboard on top of a wooden bench.,59,"outdoor, sports, person"
http://images.cocodataset.org/val2017/000000443969.jpg,A GIRL IS IN A GROCERY CART ,17,"accessory, person"
http://images.cocodataset.org/val2017/000000444142.jpg,A young man preparing to serve during a tennis match.,54,"sports, person, furniture"
http://images.cocodataset.org/val2017/000000444275.jpg,The microwave is out on the side of the street. ,5,appliance
http://images.cocodataset.org/val2017/000000444879.jpg,A train on tracks while its snowing outside.,12,vehicle
http://images.cocodataset.org/val2017/000000445248.jpg,a pack of elephants grazing in a dirt enclosed space,1,animal
http://images.cocodataset.org/val2017/000000445365.jpg,"Two giraffes, one looking toward the camera, stand on some grass.",1,animal
http://images.cocodataset.org/val2017/000000445439.jpg,A zebra is bent down eating some grass.,1,animal
http://images.cocodataset.org/val2017/000000445602.jpg,The skier is at the bottom of the mountain in the snow.,4,"sports, person"
http://images.cocodataset.org/val2017/000000445658.jpg,A kitchen has a lot of brown cabinets.,37,"appliance, kitchen, indoor"
http://images.cocodataset.org/val2017/000000445675.jpg,a giraffe is standing in a large field,1,animal
http://images.cocodataset.org/val2017/000000445722.jpg,duffel bags and other equipment on a long boat,36,"vehicle, accessory, person"
http://images.cocodataset.org/val2017/000000445792.jpg,A young woman is playing a video game on a couch.,81,"electronic, person, furniture"
http://images.cocodataset.org/val2017/000000445834.jpg,a couple of people are getting on a white bus,9,"vehicle, person"
http://images.cocodataset.org/val2017/000000445846.jpg,"Spacious white kitchen with brown cabinetry, sink and appliances. ",5,appliance
http://images.cocodataset.org/val2017/000000445999.jpg,A pretty young dark haired girl brushing her teeth.,132,"person, indoor"
http://images.cocodataset.org/val2017/000000446005.jpg,The lid to the dishwasher is open in the kitchen.,223,"appliance, indoor"
http://images.cocodataset.org/val2017/000000446117.jpg,an orange sitting on top of a wooden table,387,"outdoor, food"
http://images.cocodataset.org/val2017/000000446206.jpg,A passenger bus on the road with a train on the overpass,9,"vehicle, person"
http://images.cocodataset.org/val2017/000000446207.jpg,A Sony camera and a cell phone are on a table.,11,electronic
http://images.cocodataset.org/val2017/000000446522.jpg,A dog relaxes on an armchair in a living room.,222,"appliance, furniture, animal"
http://images.cocodataset.org/val2017/000000446574.jpg,A bathroom with curtains that have floral decor on them.,20,"kitchen, furniture"
http://images.cocodataset.org/val2017/000000446651.jpg,A man an a girl riding a motorcycle on a city street.,9,"vehicle, person"
http://images.cocodataset.org/val2017/000000446703.jpg,A brown stuffed animal laying on a piece of wood furniture.,41,indoor
http://images.cocodataset.org/val2017/000000447088.jpg,three baseball players walking around while holding bats ,4,"sports, person"
http://images.cocodataset.org/val2017/000000447169.jpg,Shot of kitchen with fridge alongside and stove near it.,124,"appliance, kitchen, furniture, indoor"
http://images.cocodataset.org/val2017/000000447187.jpg,A group of boys playing baseball on a field.,4,"sports, person"
http://images.cocodataset.org/val2017/000000447200.jpg,A black and white small dog sitting next to a brown and white small dog.,1,animal
http://images.cocodataset.org/val2017/000000447313.jpg,Several zebras grazing on grasses in a natural habitat.,1,animal
http://images.cocodataset.org/val2017/000000447314.jpg,A woman and girl flying a kite near a large castle.,4,"sports, person"
http://images.cocodataset.org/val2017/000000447342.jpg,Old style bus and trolley going down a modern street.,12,vehicle
http://images.cocodataset.org/val2017/000000447465.jpg,A skier getting ready to go out the gate.,4,"sports, person"
http://images.cocodataset.org/val2017/000000447522.jpg,Add cooked vegetables to plain white rice for a healthy dinner.,16,"kitchen, furniture, food"
http://images.cocodataset.org/val2017/000000447611.jpg,People sticking knives into the back side of a laptop,388,"electronic, kitchen, person"
http://images.cocodataset.org/val2017/000000447917.jpg,Children in green jerseys play soccer at the park.,67,"vehicle, sports, person"
http://images.cocodataset.org/val2017/000000448076.jpg,Girl trying out a game at a trade show.,34,"electronic, accessory, person, furniture"
http://images.cocodataset.org/val2017/000000448256.jpg,Three men are next to a car and a boat.,252,"vehicle, kitchen, person"
http://images.cocodataset.org/val2017/000000448263.jpg,A coach comes out on to the field to talk to a young player.,4,"sports, person"
http://images.cocodataset.org/val2017/000000448365.jpg,Young skateboarder displaying skills on sidewalk near field.,67,"vehicle, sports, person"
http://images.cocodataset.org/val2017/000000448410.jpg,A train is entering its stop with people waiting for it.,15,"vehicle, outdoor, accessory, person"
http://images.cocodataset.org/val2017/000000448448.jpg,GIRAFFES EATING THE SHRUBBERY OR THE TOP OF TREES,1,animal
http://images.cocodataset.org/val2017/000000448810.jpg,A street sign with six different locations on it.,80,person
http://images.cocodataset.org/val2017/000000449190.jpg,a close up of a burrito french fries and a cup of fruit,10,"kitchen, food"
http://images.cocodataset.org/val2017/000000449198.jpg,A roadway at night with an overpass walkway above the road.,52,outdoor
http://images.cocodataset.org/val2017/000000449312.jpg,a woman sits behind a case of pastries ,162,"vehicle, person, food"
http://images.cocodataset.org/val2017/000000449406.jpg,Two zebras standing in a rocky area in the wild.,1,animal
http://images.cocodataset.org/val2017/000000449432.jpg,A group of people in military uniform stand outside a bus. ,36,"vehicle, accessory, person"
http://images.cocodataset.org/val2017/000000449579.jpg,A strong woman is playing tennis on a court.,4,"sports, person"
http://images.cocodataset.org/val2017/000000449603.jpg,Man in a drysuit kite surfing in a rough ocean,4,"sports, person"
http://images.cocodataset.org/val2017/000000449661.jpg,Person laying in a hospital bed with lots of equipment.,389,"appliance, electronic, person, furniture"
http://images.cocodataset.org/val2017/000000449909.jpg,A young boy standing on a field next to a giraffe.,35,"person, animal"
http://images.cocodataset.org/val2017/000000449996.jpg,Two planes in runway and another plane in the sky.,12,vehicle
http://images.cocodataset.org/val2017/000000450075.jpg,A person is tying a tie around a girls .neck.,17,"accessory, person"
http://images.cocodataset.org/val2017/000000450100.jpg,A cupcake with frosting  and a star on top,16,"kitchen, furniture, food"
http://images.cocodataset.org/val2017/000000450202.jpg,A plate of meats and cheese's next to three wine glasses.,18,"kitchen, person, furniture"
http://images.cocodataset.org/val2017/000000450303.jpg,Small group using laptops and headphones in a classroom.,116,"electronic, indoor, kitchen, person, furniture"
http://images.cocodataset.org/val2017/000000450399.jpg,Amish men and women making homemade doughnuts at a flea market.,272,"electronic, kitchen, person, food"
http://images.cocodataset.org/val2017/000000450439.jpg,"The kite is red, white, and blue and is flying.",38,sports
http://images.cocodataset.org/val2017/000000450488.jpg,Small bedroom with a bed and dresser with a small monitor on top of it. ,280,"appliance, electronic, furniture"
http://images.cocodataset.org/val2017/000000450559.jpg,A boy who is skateboarding does a trick. ,4,"sports, person"
http://images.cocodataset.org/val2017/000000450686.jpg,a left hand holding onto a black smart ohone,30,"electronic, person"
http://images.cocodataset.org/val2017/000000450758.jpg,THIS IS A FAMILY OF GIRAFFES RUNNING THROUGH THE BUSH,1,animal
http://images.cocodataset.org/val2017/000000451043.jpg,A little boy riding skis down the side of a snow covered slope.,4,"sports, person"
http://images.cocodataset.org/val2017/000000451084.jpg,A little kid that is doing a skateboard trick in the air.,4,"sports, person"
http://images.cocodataset.org/val2017/000000451090.jpg,"a landscape with water, a boat, trees and mountains",12,vehicle
http://images.cocodataset.org/val2017/000000451144.jpg,Two skiers looking out at the view from a high cliff ,24,"accessory, sports, person"
http://images.cocodataset.org/val2017/000000451150.jpg,"Six donuts, all being a different kind of flavor. ",19,food
http://images.cocodataset.org/val2017/000000451155.jpg,there is a girl sitting in the dark using a computer,81,"electronic, person, furniture"
http://images.cocodataset.org/val2017/000000451308.jpg,A closet with several suit cases stacked up near some videos.,271,"accessory, indoor"
http://images.cocodataset.org/val2017/000000451435.jpg,A man with a tennis racket and ball is on a tennis court.,4,"sports, person"
http://images.cocodataset.org/val2017/000000451571.jpg,A plate topped with a half eaten corn cob and meat.,58,"furniture, food"
http://images.cocodataset.org/val2017/000000451693.jpg,A pizza placed on a white plate on a wooden table.,19,food
http://images.cocodataset.org/val2017/000000451714.jpg,A man riding skis on top of  a snow covered hill.,4,"sports, person"
http://images.cocodataset.org/val2017/000000451879.jpg,a baseball player throwing a ball during a game,4,"sports, person"
http://images.cocodataset.org/val2017/000000452084.jpg,"A lunch bowl with bread, sausage, tomato, and egg. ",16,"kitchen, furniture, food"
http://images.cocodataset.org/val2017/000000452122.jpg,An airplane in route with a cloudy sky behind it.,12,vehicle
http://images.cocodataset.org/val2017/000000452321.jpg,Red bus sitting in a bus station parking spot.,12,vehicle
http://images.cocodataset.org/val2017/000000452515.jpg,The woman is getting ready to serve in the tennis game.,4,"sports, person"
http://images.cocodataset.org/val2017/000000452784.jpg,The cook is rinsing a draining the greens at her kitchen sink.,159,"appliance, kitchen, person, food"
http://images.cocodataset.org/val2017/000000452793.jpg,A kitchen with a granite counter top and faucet.,5,appliance
http://images.cocodataset.org/val2017/000000452891.jpg,A white dog tied with a black leash to a bench.,131,"outdoor, animal"
http://images.cocodataset.org/val2017/000000453001.jpg,a girl watching another girl trip while pulling her suitcase,70,"outdoor, accessory, person, furniture"
http://images.cocodataset.org/val2017/000000453040.jpg,A white cake covered in flowers and white frosting.,58,"furniture, food"
http://images.cocodataset.org/val2017/000000453166.jpg,Four men on at a military awards ceremony. ,17,"accessory, person"
http://images.cocodataset.org/val2017/000000453302.jpg,A break room kitchen is shown with two microwaves.,110,"appliance, kitchen, furniture"
http://images.cocodataset.org/val2017/000000453341.jpg,A cluttered living room shows off a collection of strange artwork and action figures.,39,"electronic, furniture, indoor"
http://images.cocodataset.org/val2017/000000453584.jpg,"What appears to be a beach-side eatery has an outdoor area with a metal railing and high stools, the whole of which rests on a tilted walkway with a sign and  a bench with a logo on it. ",227,"outdoor, furniture"
http://images.cocodataset.org/val2017/000000453634.jpg,A fancy bathroom with a clean toilet and piping.,51,"appliance, furniture"
http://images.cocodataset.org/val2017/000000453708.jpg,A man carrying a crate full of bananas on his shoulder.,43,"person, food"
http://images.cocodataset.org/val2017/000000453722.jpg,Living room area of home with wood flooring and fireplace.,28,"electronic, furniture"
http://images.cocodataset.org/val2017/000000453841.jpg,A car waiting at a stop light at sunset,46,"vehicle, outdoor, person"
http://images.cocodataset.org/val2017/000000453860.jpg,two black bags placed standing on the ground,86,accessory
http://images.cocodataset.org/val2017/000000453981.jpg,A mother black bear holding a baby black bear.,1,animal
http://images.cocodataset.org/val2017/000000454067.jpg,Someone in green is playing a golf game for the Wii. ,8,"electronic, person, indoor"
http://images.cocodataset.org/val2017/000000454404.jpg,A woman wearing a blue t-shirt while looking at her cell phone and sitting on a bench next to a bright pink wall.,303,"electronic, outdoor, person, furniture"
http://images.cocodataset.org/val2017/000000454661.jpg,Three similar cars are stopped at traffic lights.,3,"vehicle, outdoor"
http://images.cocodataset.org/val2017/000000454750.jpg,One zebra resting its head on the back of another.,1,animal
http://images.cocodataset.org/val2017/000000454798.jpg,A young boy rides a horse up a small ramp.,103,"vehicle, person, animal"
http://images.cocodataset.org/val2017/000000454978.jpg,The motorcycle rider is taking a break before continuing his ride.,12,vehicle
http://images.cocodataset.org/val2017/000000455085.jpg,The side of a bus parked on the side of a street.,9,"vehicle, person"
http://images.cocodataset.org/val2017/000000455157.jpg,The man with glasses is holding an umbrella and sitting at a picnic table.,390,"electronic, outdoor, accessory, person, furniture"
http://images.cocodataset.org/val2017/000000455219.jpg,a couple of cows that are dragging some metal,35,"person, animal"
http://images.cocodataset.org/val2017/000000455267.jpg,a wok on a stove cooking some food,242,"appliance, food"
http://images.cocodataset.org/val2017/000000455301.jpg,A baby looking at a picture book while mother looks on.,126,"person, furniture, indoor"
http://images.cocodataset.org/val2017/000000455352.jpg,a white clock is on top of a tower,41,indoor
http://images.cocodataset.org/val2017/000000455448.jpg,A person holding a cup cake with chocolate icing and sprinkles.,43,"person, food"
http://images.cocodataset.org/val2017/000000455555.jpg,A young boy riding on top of a skateboard.,4,"sports, person"
http://images.cocodataset.org/val2017/000000455597.jpg,a woman in a congested kitchen in ahotel,85,"appliance, kitchen, person"
http://images.cocodataset.org/val2017/000000455624.jpg,a close up of a person driving a motorcycle on a road,9,"vehicle, person"
http://images.cocodataset.org/val2017/000000455716.jpg,a motorcycle is parked in a grassy field,130,"vehicle, accessory"
http://images.cocodataset.org/val2017/000000455872.jpg,Black and white photo of an old dock with low water.,12,vehicle
http://images.cocodataset.org/val2017/000000455937.jpg,A person that is playing a video game.,102,"electronic, indoor, kitchen, accessory, person, furniture"
http://images.cocodataset.org/val2017/000000455981.jpg,A toilet with some toilet paper and a plunger,14,furniture
http://images.cocodataset.org/val2017/000000456015.jpg,Men on horse back riding on the beach,35,"person, animal"
http://images.cocodataset.org/val2017/000000456143.jpg,"veggies and dip in a red tray, a sandwich and fries in a red tray and a pizza",10,"kitchen, food"
http://images.cocodataset.org/val2017/000000456292.jpg,A picture of a cat on a wall. ,213,"kitchen, animal"
http://images.cocodataset.org/val2017/000000456303.jpg,A man doing a trick upside down on his snow board. ,24,"accessory, sports, person"
http://images.cocodataset.org/val2017/000000456394.jpg,A blue motorcycle parked on display  next to other vehicles.,12,vehicle
http://images.cocodataset.org/val2017/000000456496.jpg,A woman is sitting near a prominent landmark.,87,"accessory, person, animal"
http://images.cocodataset.org/val2017/000000456559.jpg,A man with a hat and a tie standing.,17,"accessory, person"
http://images.cocodataset.org/val2017/000000456662.jpg,A little girl is standing in front of a refrigerator.,139,"appliance, person"
http://images.cocodataset.org/val2017/000000456865.jpg,an airplane sitting on the tarmac with clouds above it,12,vehicle
http://images.cocodataset.org/val2017/000000457078.jpg,A poster of a bald man in a room with a desktop computer.,116,"electronic, indoor, kitchen, person, furniture"
http://images.cocodataset.org/val2017/000000457262.jpg,A table topped with bananas next to a coin.,58,"furniture, food"
http://images.cocodataset.org/val2017/000000457559.jpg,THERE ARE PEOPLE RUNNING IN THE GRASS PLAYING SOCCER ,4,"sports, person"
http://images.cocodataset.org/val2017/000000457848.jpg,A line of parked motorcycles with the edges of image blurred.,9,"vehicle, person"
http://images.cocodataset.org/val2017/000000457884.jpg,The young boys are playing a game of baseball in the park. ,67,"vehicle, sports, person"
http://images.cocodataset.org/val2017/000000458045.jpg,An umpire officiates a game of little league baseball.,4,"sports, person"
http://images.cocodataset.org/val2017/000000458054.jpg,A bunch of dirty looking white toilets in a row outside.,14,furniture
http://images.cocodataset.org/val2017/000000458109.jpg,"A passenger train rides on the rails, with another set of rails nearby.",9,"vehicle, person"
http://images.cocodataset.org/val2017/000000458223.jpg,A person walking a bilk along a road towards a light house.,36,"vehicle, accessory, person"
http://images.cocodataset.org/val2017/000000458255.jpg,A girl reading a book in bed with a cat ,150,"indoor, person, furniture, animal"
http://images.cocodataset.org/val2017/000000458325.jpg,A man in blue shirt on skateboard next to cars.,179,"vehicle, outdoor, sports, person"
http://images.cocodataset.org/val2017/000000458410.jpg,"A room with an old sofa, coffee table, lamp and t.v.",61,"electronic, kitchen, furniture, indoor"
http://images.cocodataset.org/val2017/000000458663.jpg,A kitchen and dining room with an ocean side view.,391,"indoor, kitchen, appliance, accessory, furniture"
http://images.cocodataset.org/val2017/000000458702.jpg,A parking meter near the side of the road.,3,"vehicle, outdoor"
http://images.cocodataset.org/val2017/000000458755.jpg,A person petting the head of a cute fluffy sheep.,35,"person, animal"
http://images.cocodataset.org/val2017/000000458768.jpg,A modern kitchen in white with stainless steel lights.,392,"appliance, outdoor, furniture"
http://images.cocodataset.org/val2017/000000458992.jpg,a woman poses in front of a giant pizza,95,"kitchen, person, food"
http://images.cocodataset.org/val2017/000000459153.jpg,a person operating a laptop on a bench,209,"electronic, outdoor, accessory, person"
http://images.cocodataset.org/val2017/000000459195.jpg,Three friends sitting on a log making signing hand gestures. ,4,"sports, person"
http://images.cocodataset.org/val2017/000000459272.jpg,A women wearing a scarf using her cell phone,30,"electronic, person"
http://images.cocodataset.org/val2017/000000459396.jpg,A black cow grazes on lush green grass.,1,animal
http://images.cocodataset.org/val2017/000000459437.jpg,"A person feeding sheep behind a white picket fence,",148,"kitchen, person, animal"
http://images.cocodataset.org/val2017/000000459467.jpg,A small airplane is about to take off on the runway.,12,vehicle
http://images.cocodataset.org/val2017/000000459500.jpg,A clock sitting on a post above the statues of two birds.,353,"vehicle, indoor, animal"
http://images.cocodataset.org/val2017/000000459634.jpg,A back end of a vehicle with a metal rack and an antennae.,9,"vehicle, person"
http://images.cocodataset.org/val2017/000000459662.jpg,Two little girls holding up chocolate and vanilla donuts.,78,"person, furniture, food"
http://images.cocodataset.org/val2017/000000459757.jpg,A giraffe leaned over in a plush field next to some deer.,1,animal
http://images.cocodataset.org/val2017/000000459809.jpg,"A kite flying in a beach setting, with people underneath it.",67,"vehicle, sports, person"
http://images.cocodataset.org/val2017/000000459887.jpg,three yellow  bananas sitting inside of a basket,10,"kitchen, food"
http://images.cocodataset.org/val2017/000000459954.jpg,A person standing next to some old junk appliances.,139,"appliance, person"
http://images.cocodataset.org/val2017/000000460147.jpg,A busy highway is being viewed from a distance.,46,"vehicle, outdoor, person"
http://images.cocodataset.org/val2017/000000460160.jpg,A swan floating along the water nibbling at itself.,1,animal
http://images.cocodataset.org/val2017/000000460229.jpg,A red traffic stop sign with a blank white sign below it.,3,"vehicle, outdoor"
http://images.cocodataset.org/val2017/000000460333.jpg,a kid is sitting on a small bed in a room,107,"person, furniture"
http://images.cocodataset.org/val2017/000000460347.jpg,A white with red striped bus drives down the slow lane on a freeway surrounded by several other cars.,9,"vehicle, person"
http://images.cocodataset.org/val2017/000000460379.jpg,"Two Giraffes are in the wilderness, possibly eating. ",1,animal
http://images.cocodataset.org/val2017/000000460494.jpg,"A red plate topped with broccoli, meat and veggies.",16,"kitchen, furniture, food"
http://images.cocodataset.org/val2017/000000460682.jpg,A horse that is laying down in a grassy field. ,1,animal
http://images.cocodataset.org/val2017/000000460683.jpg,A man is showing off his religious tie,99,"accessory, person, furniture"
http://images.cocodataset.org/val2017/000000460841.jpg,A cat looks at a person holding a bottle.,175,"kitchen, person, furniture, animal"
http://images.cocodataset.org/val2017/000000460927.jpg,a big brown bear standing in an open field next to some rocks,1,animal
http://images.cocodataset.org/val2017/000000460929.jpg,A hot dog on a bun sitting next to a bottle of bubble up.,10,"kitchen, food"
http://images.cocodataset.org/val2017/000000460967.jpg,A bus that is red white and blue with advertising on it driving down the street.,9,"vehicle, person"
http://images.cocodataset.org/val2017/000000461009.jpg,a picture of a guy holding an apple,78,"person, furniture, food"
http://images.cocodataset.org/val2017/000000461036.jpg,Some leafy trees are hiding a black bear.,1,animal
http://images.cocodataset.org/val2017/000000461405.jpg,Flock of white woolen sheep standing in grassy area.,1,animal
http://images.cocodataset.org/val2017/000000461573.jpg,Two steel benches next to a walk way.,52,outdoor
http://images.cocodataset.org/val2017/000000461751.jpg,The man on the motorcycle pulled up beside the car.,36,"vehicle, accessory, person"
http://images.cocodataset.org/val2017/000000462031.jpg,A black and white photo of a man in a baseball uniform holding a bat.,4,"sports, person"
http://images.cocodataset.org/val2017/000000462371.jpg,A family gathering and they are celebrating with a cake.,230,"kitchen, accessory, person, food"
http://images.cocodataset.org/val2017/000000462576.jpg,A plate of food and a glass of orange juice.,16,"kitchen, furniture, food"
http://images.cocodataset.org/val2017/000000462614.jpg,A template example of a bathroom is shown in bright colors.,51,"appliance, furniture"
http://images.cocodataset.org/val2017/000000462629.jpg,Kitchen appliances outside a building with yellow doors. ,5,appliance
http://images.cocodataset.org/val2017/000000462643.jpg,A person holding a broken cell phone while looking at the screen.,30,"electronic, person"
http://images.cocodataset.org/val2017/000000462728.jpg,A man helps a dog ride a wave on a surf board.,136,"sports, person, animal"
http://images.cocodataset.org/val2017/000000462756.jpg,A motorcycle that is sitting in the dirt.,12,vehicle
http://images.cocodataset.org/val2017/000000462904.jpg,A donkey standing in front of a restaurant.,158,"accessory, person, furniture, animal"
http://images.cocodataset.org/val2017/000000463037.jpg, a twin propeller air plane parked in the grass,12,vehicle
http://images.cocodataset.org/val2017/000000463174.jpg,a tennis player swinging a racket at a ball,4,"sports, person"
http://images.cocodataset.org/val2017/000000463199.jpg,A group of commuters on a busy subway car or a bus.,194,"vehicle, electronic, accessory, person"
http://images.cocodataset.org/val2017/000000463283.jpg,A glass full of juice with an orange slice sticking out of it.,16,"kitchen, furniture, food"
http://images.cocodataset.org/val2017/000000463522.jpg,A large set of horses carrying a carriage down a street.,196,"vehicle, accessory, person, animal"
http://images.cocodataset.org/val2017/000000463527.jpg,An airplane meal including a sandwich and coffee.,10,"kitchen, food"
http://images.cocodataset.org/val2017/000000463542.jpg,a number of people riding skis on a snowy surface,4,"sports, person"
http://images.cocodataset.org/val2017/000000463618.jpg,A woman holding a baby next to a bird cage.,240,"electronic, person, furniture, animal"
http://images.cocodataset.org/val2017/000000463647.jpg,a couple of signs that are on a street,12,vehicle
http://images.cocodataset.org/val2017/000000463690.jpg,A man laying on the street playing with a soccer ball while people look on,6,"sports, accessory, person"
http://images.cocodataset.org/val2017/000000463730.jpg,Pedestrians crossing a street between buses and cars. ,36,"vehicle, accessory, person"
http://images.cocodataset.org/val2017/000000463802.jpg,A stuffed animal watching an excited tennis player on TV.,192,"sports, person, indoor"
http://images.cocodataset.org/val2017/000000463842.jpg,A bed with a bunch of water bottles gathered around it.,20,"kitchen, furniture"
http://images.cocodataset.org/val2017/000000463849.jpg,a canal with lots of boats and buildings on either side,9,"vehicle, person"
http://images.cocodataset.org/val2017/000000463918.jpg,Two guys standing in a room with remotes.,81,"electronic, person, furniture"
http://images.cocodataset.org/val2017/000000464089.jpg,A little league baseball player is getting ready hit the ball with his bat. ,4,"sports, person"
http://images.cocodataset.org/val2017/000000464144.jpg,A skier is skiing in the winter snow outdoors.,4,"sports, person"
http://images.cocodataset.org/val2017/000000464251.jpg,a red and black bird perched on a rail ,48,"furniture, animal"
http://images.cocodataset.org/val2017/000000464358.jpg,A bed with stacked pillows is in a bedroom with a chair.,28,"electronic, furniture"
http://images.cocodataset.org/val2017/000000464476.jpg,A person is near a glass door in a room with a computer.,168,"vehicle, electronic, person"
http://images.cocodataset.org/val2017/000000464522.jpg,A dog with a collar standing on the grass,1,animal
http://images.cocodataset.org/val2017/000000464689.jpg,these stairs are leading up to an open door,32,kitchen
http://images.cocodataset.org/val2017/000000464786.jpg,A hot dog sitting on top of a bun in a wrapper.,43,"person, food"
http://images.cocodataset.org/val2017/000000464824.jpg,A person is bending over to pick something off the ground.,46,"vehicle, outdoor, person"
http://images.cocodataset.org/val2017/000000464872.jpg,Pair of zebras walking in natural field of tall grasses.,1,animal
http://images.cocodataset.org/val2017/000000465129.jpg,A women brushing on a preservative liquid on a ceiling pot holder,244,"food, indoor, kitchen, appliance, person"
http://images.cocodataset.org/val2017/000000465179.jpg,A woman is brushing her teeth and posing for a picture.,132,"person, indoor"
http://images.cocodataset.org/val2017/000000465180.jpg,A group of people in the water helping some elephants.,35,"person, animal"
http://images.cocodataset.org/val2017/000000465430.jpg,Two sandwhiches sitting on a pan with tin foil. ,10,"kitchen, food"
http://images.cocodataset.org/val2017/000000465549.jpg,Two girls are playing video games in a living room.,141,"electronic, person, furniture, indoor"
http://images.cocodataset.org/val2017/000000465585.jpg,A large dish of chopped broccoli and cheese.,19,food
http://images.cocodataset.org/val2017/000000465675.jpg,A beach with two boats and a tractor.,12,vehicle
http://images.cocodataset.org/val2017/000000465718.jpg,A computer desk with two monitors and a laptop.,30,"electronic, person"
http://images.cocodataset.org/val2017/000000465806.jpg,A person reaches for a container on a counter. ,95,"kitchen, person, food"
http://images.cocodataset.org/val2017/000000465822.jpg,Several people in a room having a meeting while someone is recording it.,116,"electronic, indoor, kitchen, person, furniture"
http://images.cocodataset.org/val2017/000000465836.jpg,Three men are skiing down a snow covered hill.,24,"accessory, sports, person"
http://images.cocodataset.org/val2017/000000466085.jpg,an unfinished bathroom with a sink and pipes on the floor,5,appliance
http://images.cocodataset.org/val2017/000000466125.jpg,A little girl smiling for the camera with an umbrella behind her.,181,"electronic, indoor, accessory, person, furniture"
http://images.cocodataset.org/val2017/000000466156.jpg,Black cat sitting on the engine of a black car. ,22,"vehicle, animal"
http://images.cocodataset.org/val2017/000000466256.jpg,"A plate of rice, steak, and a garden salad.",16,"kitchen, furniture, food"
http://images.cocodataset.org/val2017/000000466339.jpg,A large black cat sits by the front door.,1,animal
http://images.cocodataset.org/val2017/000000466416.jpg,Large white buildings are lit up in the night.,114,"vehicle, indoor"
http://images.cocodataset.org/val2017/000000466567.jpg,A tree with a donut as an ornament,19,food
http://images.cocodataset.org/val2017/000000466602.jpg,A little girl looking down the hill with her skies.,4,"sports, person"
http://images.cocodataset.org/val2017/000000466835.jpg,some banana trees bananas dirt and bushes ,19,food
http://images.cocodataset.org/val2017/000000466986.jpg,A man is smiling for the camera while standing in a kitchen.,85,"appliance, kitchen, person"
http://images.cocodataset.org/val2017/000000467176.jpg,A group of friends playing a motion controlled video game,116,"electronic, indoor, kitchen, person, furniture"
http://images.cocodataset.org/val2017/000000467315.jpg,a glass vase with some flowers inside of it ,107,"person, furniture"
http://images.cocodataset.org/val2017/000000467511.jpg,A man stands in between a gas pump and a motorcycle while a woman in heels stands next to them.,46,"vehicle, outdoor, person"
http://images.cocodataset.org/val2017/000000467776.jpg,A mother and it's calf standing in a field.,1,animal
http://images.cocodataset.org/val2017/000000467848.jpg,The ma is trying to tow a smaller truck. ,9,"vehicle, person"
http://images.cocodataset.org/val2017/000000468124.jpg,A double-decker bus is parked in a large field.,9,"vehicle, person"
http://images.cocodataset.org/val2017/000000468233.jpg,A watch sitting on top of a table next to a computer.,41,indoor
http://images.cocodataset.org/val2017/000000468245.jpg,A slightly made/messy bed against the corner in a white room.,14,furniture
http://images.cocodataset.org/val2017/000000468332.jpg,A group of people sitting at a table.,393,"food, indoor, vehicle, outdoor, person, furniture"
http://images.cocodataset.org/val2017/000000468501.jpg,Two players compete in a video game as another person watches. ,34,"electronic, accessory, person, furniture"
http://images.cocodataset.org/val2017/000000468505.jpg,A young man sitting at a blue table covered in plates of food.,235,"food, kitchen, vehicle, person, furniture"
http://images.cocodataset.org/val2017/000000468577.jpg,The small girl is lying on the mattress of a crib. ,107,"person, furniture"
http://images.cocodataset.org/val2017/000000468632.jpg,A group of young men standing on top of a soccer field.,4,"sports, person"
http://images.cocodataset.org/val2017/000000468925.jpg,"A plate of chicken fried steak with bananas on top, eggs and bacon.",10,"kitchen, food"
http://images.cocodataset.org/val2017/000000468954.jpg,A man with glasses on playing wii with a wii remote in his hand.,81,"electronic, person, furniture"
http://images.cocodataset.org/val2017/000000468965.jpg,Group of teenagers playing with kits in the center of a group of buildings.,6,"sports, accessory, person"
http://images.cocodataset.org/val2017/000000469067.jpg,A sleeping woman cuddling a cat in bed.,240,"electronic, person, furniture, animal"
http://images.cocodataset.org/val2017/000000469174.jpg,A passenger jet airplane flies low over trees with an American flag in the foreground.,12,vehicle
http://images.cocodataset.org/val2017/000000469192.jpg,A pickup truck is parked underneath multiple flying kites.,67,"vehicle, sports, person"
http://images.cocodataset.org/val2017/000000469246.jpg,A commuter train stops at a train station for passengers.,36,"vehicle, accessory, person"
http://images.cocodataset.org/val2017/000000469652.jpg,A giraffe standing next to a  bamboo building.,1,animal
http://images.cocodataset.org/val2017/000000469828.jpg,a person on skis riding on some snow ,4,"sports, person"
http://images.cocodataset.org/val2017/000000470121.jpg,A table topped with red trays of food.,16,"kitchen, furniture, food"
http://images.cocodataset.org/val2017/000000470173.jpg,A woman statue holding a pitcher and basket in a garden.,12,vehicle
http://images.cocodataset.org/val2017/000000470773.jpg,"Chef at counter with baked goods, baking pans and containers of toppings.",104,"kitchen, person, furniture, food"
http://images.cocodataset.org/val2017/000000470779.jpg,a group of people on skis in the snow,24,"accessory, sports, person"
http://images.cocodataset.org/val2017/000000470924.jpg,Group of young adults eating pizza and drinking beer at a restaurant. ,235,"food, kitchen, vehicle, person, furniture"
http://images.cocodataset.org/val2017/000000470952.jpg,a person riding skis on a snowy surface,4,"sports, person"
http://images.cocodataset.org/val2017/000000471023.jpg,a vehicle is flying past a group of people,42,"vehicle, person, furniture"
http://images.cocodataset.org/val2017/000000471087.jpg,a man that has a shirt and a tie,17,"accessory, person"
http://images.cocodataset.org/val2017/000000471450.jpg,Some very big furry brown bears in a big grass field.,1,animal
http://images.cocodataset.org/val2017/000000471567.jpg,the neck and head of a giraffe at the zoo,35,"person, animal"
http://images.cocodataset.org/val2017/000000471756.jpg,there is a young boy riding a surf board in the water,4,"sports, person"
http://images.cocodataset.org/val2017/000000471789.jpg,A pair of people flying a kite on a unique trail in a park.,136,"sports, person, animal"
http://images.cocodataset.org/val2017/000000471869.jpg,a tan colored teddy bear sits on a crochet covered chair.,318,"accessory, furniture, indoor"
http://images.cocodataset.org/val2017/000000471893.jpg,A man and boy with video game controllers playing a game.,141,"electronic, person, furniture, indoor"
http://images.cocodataset.org/val2017/000000471991.jpg,A church with pews running along the sides with a clear center isle.,14,furniture
http://images.cocodataset.org/val2017/000000472030.jpg,A lot of different size trees in the woods.,52,outdoor
http://images.cocodataset.org/val2017/000000472046.jpg,A large modern kitchen has pineapples on the counter.,165,"food, indoor, kitchen, appliance, furniture"
http://images.cocodataset.org/val2017/000000472298.jpg,A man and woman in a boat on a river.,9,"vehicle, person"
http://images.cocodataset.org/val2017/000000472375.jpg,A dog in a helmet sitting next to a motorcycle.,49,"vehicle, kitchen, animal"
http://images.cocodataset.org/val2017/000000472623.jpg,A young man riding a bike on top of a beach.,9,"vehicle, person"
http://images.cocodataset.org/val2017/000000472678.jpg,Two computer monitors are placed beside each other on a desk.,116,"electronic, indoor, kitchen, person, furniture"
http://images.cocodataset.org/val2017/000000473015.jpg,there is a duck that is sitting in the water,1,animal
http://images.cocodataset.org/val2017/000000473118.jpg,A skateboarder is turning his board at the top of a ramp,67,"vehicle, sports, person"
http://images.cocodataset.org/val2017/000000473121.jpg,a person skiing on a snow covered snow bank.,4,"sports, person"
http://images.cocodataset.org/val2017/000000473219.jpg,a man and woman are being married to one another ,202,"accessory, person, furniture, indoor"
http://images.cocodataset.org/val2017/000000473237.jpg,A girl takes a bite of her pepperoni pizza. ,78,"person, furniture, food"
http://images.cocodataset.org/val2017/000000473406.jpg,A child on a counter by a plate of fires.,159,"appliance, kitchen, person, food"
http://images.cocodataset.org/val2017/000000473821.jpg,a living room with a red sofa and a chair,20,"kitchen, furniture"
http://images.cocodataset.org/val2017/000000473869.jpg,A man standing in a kitchen cooking food.,269,"kitchen, person, food, indoor"
http://images.cocodataset.org/val2017/000000473974.jpg,A herd of zebra are grazing on tall dry grass.,1,animal
http://images.cocodataset.org/val2017/000000474021.jpg,Two men are standing while playing a video game.,116,"electronic, indoor, kitchen, person, furniture"
http://images.cocodataset.org/val2017/000000474028.jpg,"A youth holds a soccer ball while another youth is behind him, looking at the first youth.",4,"sports, person"
http://images.cocodataset.org/val2017/000000474039.jpg,A little baby sitting up surrounded by teddy bears.,132,"person, indoor"
http://images.cocodataset.org/val2017/000000474078.jpg,A baseball player swinging a bat a a baseball.,4,"sports, person"
http://images.cocodataset.org/val2017/000000474095.jpg,a man that is nealed down in a bathroom,107,"person, furniture"
http://images.cocodataset.org/val2017/000000474164.jpg,A small dog sitting on top of a truck.,22,"vehicle, animal"
http://images.cocodataset.org/val2017/000000474167.jpg,A couple of slices of pizza sitting on white paper. ,77,"food, kitchen, accessory, person, furniture"
http://images.cocodataset.org/val2017/000000474170.jpg,Two elephants walk through a grassy area with trees.,1,animal
http://images.cocodataset.org/val2017/000000474293.jpg,A full view of a beautiful store in a town. ,143,"accessory, person, indoor"
http://images.cocodataset.org/val2017/000000474344.jpg,a man in a head band gets ready to swing a bat ,4,"sports, person"
http://images.cocodataset.org/val2017/000000474452.jpg,A red sign notifying drivers that there is no parking allowed at any time.,12,vehicle
http://images.cocodataset.org/val2017/000000474786.jpg,A large mirror reflecting a bathroom sing counter.,394,"appliance, kitchen, electronic"
http://images.cocodataset.org/val2017/000000474854.jpg,A man sitting down with his mouth full holding a partially eaten banana.,78,"person, furniture, food"
http://images.cocodataset.org/val2017/000000474881.jpg,The mountain goats are eating the grass on the slope.,1,animal
http://images.cocodataset.org/val2017/000000475064.jpg,The front of a restaurant with someone holding up food ,43,"person, food"
http://images.cocodataset.org/val2017/000000475150.jpg,A giraffe stands near a tree in the wilderness. ,1,animal
http://images.cocodataset.org/val2017/000000475191.jpg,a tennis player with a racket on a court ,4,"sports, person"
http://images.cocodataset.org/val2017/000000475223.jpg,A bird that is holding a frog in its beak.,1,animal
http://images.cocodataset.org/val2017/000000475365.jpg,a close up of an the front of an amtrak train ,12,vehicle
http://images.cocodataset.org/val2017/000000475387.jpg,A passanger train stopped to pick up passangers at a station.,36,"vehicle, accessory, person"
http://images.cocodataset.org/val2017/000000475484.jpg,A yellow parking meter on the side of the street.,46,"vehicle, outdoor, person"
http://images.cocodataset.org/val2017/000000475572.jpg,Old fashioned black and white photo in gilded frame next to a teddy bear.,395,"outdoor, person, furniture, indoor"
http://images.cocodataset.org/val2017/000000475678.jpg,A pile of different colored bags of luggage sitting on a floor.,86,accessory
http://images.cocodataset.org/val2017/000000475732.jpg,A cat is wearing a plastic baseball cap.,1,animal
http://images.cocodataset.org/val2017/000000475779.jpg,There is an elephant standing near a tree.,1,animal
http://images.cocodataset.org/val2017/000000475904.jpg,Swan floating on a river in front of a boat.,22,"vehicle, animal"
http://images.cocodataset.org/val2017/000000476119.jpg,A skateboarder rides down the street with a helmet,67,"vehicle, sports, person"
http://images.cocodataset.org/val2017/000000476215.jpg,Man using two very large horses to plow a field,35,"person, animal"
http://images.cocodataset.org/val2017/000000476258.jpg,Man in yellow and black body suit on skateboard.,4,"sports, person"
http://images.cocodataset.org/val2017/000000476415.jpg,A man wearing a white shirt and tie standing in  a room.,17,"accessory, person"
http://images.cocodataset.org/val2017/000000476514.jpg,The woman in the white dress is standing next to a man.,17,"accessory, person"
http://images.cocodataset.org/val2017/000000476704.jpg,A city bus 18 parked in a red zone.,3,"vehicle, outdoor"
http://images.cocodataset.org/val2017/000000476770.jpg,Several players playing together during a baseball game.,4,"sports, person"
http://images.cocodataset.org/val2017/000000476787.jpg,A close-up photo of uncooked pizza on a cutting board.,10,"kitchen, food"
http://images.cocodataset.org/val2017/000000476810.jpg,a cat sits in front of a remote control ,170,"electronic, indoor, furniture, animal"
http://images.cocodataset.org/val2017/000000477227.jpg,Several fishing vessels docked at the docks in harbor.,9,"vehicle, person"
http://images.cocodataset.org/val2017/000000477288.jpg,Young people dressed in costume carry black umbrellas.,17,"accessory, person"
http://images.cocodataset.org/val2017/000000477441.jpg,"An airplane sits outside, ready at the airport.",9,"vehicle, person"
http://images.cocodataset.org/val2017/000000477623.jpg,Orange train engine pulling a train in a freight yard.,12,vehicle
http://images.cocodataset.org/val2017/000000477689.jpg,A photo of a women smiling posing for a picture.,17,"accessory, person"
http://images.cocodataset.org/val2017/000000477805.jpg,A man with glasses sitting in front of a laptop computer.,30,"electronic, person"
http://images.cocodataset.org/val2017/000000477955.jpg,A female kite surfer hoping a kite and a surfboard.,4,"sports, person"
http://images.cocodataset.org/val2017/000000478136.jpg,A plate with frosted donuts and other pastries. ,58,"furniture, food"
http://images.cocodataset.org/val2017/000000478286.jpg,A street light in front of a colorful train on a bridge.,12,vehicle
http://images.cocodataset.org/val2017/000000478393.jpg,A cat and a kitten laying down on a bed next to a teddy bear.,152,"indoor, furniture, animal"
http://images.cocodataset.org/val2017/000000478420.jpg,"Two women with standing with babies, with one woman on a mobile. ",30,"electronic, person"
http://images.cocodataset.org/val2017/000000478474.jpg,A truck that is sitting in the street.,12,vehicle
http://images.cocodataset.org/val2017/000000478721.jpg,Two men are carrying a kite through a parking lot.,67,"vehicle, sports, person"
http://images.cocodataset.org/val2017/000000478862.jpg,Groups of people admire a large propeller plane on the runway.,9,"vehicle, person"
http://images.cocodataset.org/val2017/000000479030.jpg,A red and white train passing by a street.,3,"vehicle, outdoor"
http://images.cocodataset.org/val2017/000000479099.jpg,A tree standing in the middle of a grass circle.,52,outdoor
http://images.cocodataset.org/val2017/000000479126.jpg,Young women having a cigarette in their back yard,60,"kitchen, electronic, person, furniture"
http://images.cocodataset.org/val2017/000000479155.jpg,Two kids play in the fresh produce section of a busy grocery store.,396,"accessory, person, food, animal"
http://images.cocodataset.org/val2017/000000479248.jpg,A TV with a man singing on it and the room has pictures everywhere.,397,"electronic, person, kitchen, indoor"
http://images.cocodataset.org/val2017/000000479448.jpg,Some bananas and strawberries on a large waffle,10,"kitchen, food"
http://images.cocodataset.org/val2017/000000479596.jpg,a bunch of fruit sit on sale for the public ,19,food
http://images.cocodataset.org/val2017/000000479732.jpg,A very interesting sandwich containing lots of vegetables.,10,"kitchen, food"
http://images.cocodataset.org/val2017/000000479912.jpg,The loading dock is attached to the side of a four engine airliner.,9,"vehicle, person"
http://images.cocodataset.org/val2017/000000479953.jpg, a girl wearing all green playing soccer on a soccer field,4,"sports, person"
http://images.cocodataset.org/val2017/000000480021.jpg,A painting of a man and woman riding together on a motorcycle.,36,"vehicle, accessory, person"
http://images.cocodataset.org/val2017/000000480122.jpg,A bowl of fruit is placed on a table in a kitchen.,100,"appliance, kitchen, furniture, food"
http://images.cocodataset.org/val2017/000000480212.jpg,"An iphone, pen and soda can on a table.",28,"electronic, furniture"
http://images.cocodataset.org/val2017/000000480275.jpg,There are many bananas being laid on the wagon.,43,"person, food"
http://images.cocodataset.org/val2017/000000480842.jpg,Two top halve of two giraffes walking in trees.,1,animal
http://images.cocodataset.org/val2017/000000480936.jpg,A person that is eating some food sitting down.,398,"food, person, furniture, indoor"
http://images.cocodataset.org/val2017/000000480944.jpg,"School buses, cars and trucks sit at a red light at a busy corner",3,"vehicle, outdoor"
http://images.cocodataset.org/val2017/000000480985.jpg,The front end of a red motorcycle that is on display.,9,"vehicle, person"
http://images.cocodataset.org/val2017/000000481159.jpg,A single horse leaning against a wooden fence.,1,animal
http://images.cocodataset.org/val2017/000000481386.jpg,a person behind a table in front of many dishes,18,"kitchen, person, furniture"
http://images.cocodataset.org/val2017/000000481390.jpg,The basketball game is played by teams in white or blue uniforms.,118,"sports, outdoor, accessory, person, furniture"
http://images.cocodataset.org/val2017/000000481413.jpg,A very small boy on the beach with a disc.,4,"sports, person"
http://images.cocodataset.org/val2017/000000481480.jpg,Horses racing on a dirt track with flowers around the scoreboard.  ,35,"person, animal"
http://images.cocodataset.org/val2017/000000481567.jpg,A man in black jacket next to a red motorcycle.,9,"vehicle, person"
http://images.cocodataset.org/val2017/000000481573.jpg,The front edge of a well used skateboard.,4,"sports, person"
http://images.cocodataset.org/val2017/000000481582.jpg,There are people standing next to a horse.,35,"person, animal"
http://images.cocodataset.org/val2017/000000482100.jpg,there is two toilet bowls outside one is blue ,14,furniture
http://images.cocodataset.org/val2017/000000482275.jpg,A couple of people standing cutting a cake.,399,"food, indoor, kitchen, accessory, person"
http://images.cocodataset.org/val2017/000000482319.jpg,A young boy holding a child on top of his lap.,126,"person, furniture, indoor"
http://images.cocodataset.org/val2017/000000482436.jpg,The woman in the diner and the man looking into the window are making eye contact.,245,"appliance, kitchen, person, furniture"
http://images.cocodataset.org/val2017/000000482477.jpg,blue and white bird standing on a branch,1,animal
http://images.cocodataset.org/val2017/000000482487.jpg,"A large ornate metal clock rests beside a miniature clock, also, featuring great detail, both of which stand behind a pane of glass that  also shows the view from outside. ",41,indoor
http://images.cocodataset.org/val2017/000000482585.jpg,Two trains are parked on the train tracks,15,"vehicle, outdoor, accessory, person"
http://images.cocodataset.org/val2017/000000482719.jpg,Plums and bananas are in a glass bowl. ,100,"appliance, kitchen, furniture, food"
http://images.cocodataset.org/val2017/000000482735.jpg,A man in a wet suit riding a wave on a surfboard.,4,"sports, person"
http://images.cocodataset.org/val2017/000000482800.jpg,an image of three people playing Frisbee outside,4,"sports, person"
http://images.cocodataset.org/val2017/000000482917.jpg,"A man relaxing at home, watching television with his dog.",240,"electronic, person, furniture, animal"
http://images.cocodataset.org/val2017/000000482970.jpg,An open laptop and speakers on top of a desk.,11,electronic
http://images.cocodataset.org/val2017/000000482978.jpg,an image of a subway bus going thru the subway station,311,"vehicle, furniture"
http://images.cocodataset.org/val2017/000000483050.jpg,The bed has been neatly made and the pillows arranged.,40,"kitchen, furniture, indoor"
http://images.cocodataset.org/val2017/000000483531.jpg,Two single beds are pushed up against each other.,14,furniture
http://images.cocodataset.org/val2017/000000483667.jpg,A man with black hair and a top hat,99,"accessory, person, furniture"
http://images.cocodataset.org/val2017/000000483999.jpg,a large group of people sitting at a table with plates of food,27,"kitchen, accessory, person, furniture"
http://images.cocodataset.org/val2017/000000484029.jpg,A red sign letting drivers know to stop. ,3,"vehicle, outdoor"
http://images.cocodataset.org/val2017/000000484296.jpg,A bunch of zebras in a park somewhere.,1,animal
http://images.cocodataset.org/val2017/000000484351.jpg,an image of man having lunch with kids,400,"food, indoor, kitchen, accessory, person, furniture"
http://images.cocodataset.org/val2017/000000484404.jpg,A view of the back of a bus from inside.,42,"vehicle, person, furniture"
http://images.cocodataset.org/val2017/000000484415.jpg,a persons hand reaching for the top of a toilet,107,"person, furniture"
http://images.cocodataset.org/val2017/000000484760.jpg,A statue that is in front of a building.,41,indoor
http://images.cocodataset.org/val2017/000000484893.jpg,Children reach over a short barrier to pet small sheep. ,35,"person, animal"
http://images.cocodataset.org/val2017/000000484978.jpg,A woman has her picture taken while eating,18,"kitchen, person, furniture"
http://images.cocodataset.org/val2017/000000485027.jpg,Professional tennis player on clay serving the ball,4,"sports, person"
http://images.cocodataset.org/val2017/000000485071.jpg,A man in shorts falling off of his surfboard,4,"sports, person"
http://images.cocodataset.org/val2017/000000485130.jpg,Wrestling ring sitting in the middle of an open room.,58,"furniture, food"
http://images.cocodataset.org/val2017/000000485237.jpg,Two commercial jets on a runway at an airport.,12,vehicle
http://images.cocodataset.org/val2017/000000485424.jpg,Various items sit on top of tables and counters.,298,"appliance, kitchen, accessory"
http://images.cocodataset.org/val2017/000000485480.jpg,A baseball player standing next to home plate.,4,"sports, person"
http://images.cocodataset.org/val2017/000000485802.jpg,A plane accelerating through the sky leaving a tail. ,12,vehicle
http://images.cocodataset.org/val2017/000000485844.jpg,The woman is placing a turkey into a black pan.,177,"food, kitchen, appliance, person, furniture"
http://images.cocodataset.org/val2017/000000485895.jpg,A small giraffe stands in the grass near a road.,1,animal
http://images.cocodataset.org/val2017/000000485972.jpg,Pastry dessert with powdered sugar and carrots on a blue and white plate.,16,"kitchen, furniture, food"
http://images.cocodataset.org/val2017/000000486040.jpg,The laptop computer is on the desk under the light.,94,"electronic, kitchen, furniture"
http://images.cocodataset.org/val2017/000000486046.jpg,a close up of a giraffe with a zebra in the background,1,animal
http://images.cocodataset.org/val2017/000000486104.jpg,A baseball player holding a bat while standing on a field.,59,"outdoor, sports, person"
http://images.cocodataset.org/val2017/000000486112.jpg,A man who is hosing down an elephant.,35,"person, animal"
http://images.cocodataset.org/val2017/000000486438.jpg,The chocolate and glazed donuts are stacked on a plate.,43,"person, food"
http://images.cocodataset.org/val2017/000000486479.jpg,A dog is on the floor hiding under a curtain.,48,"furniture, animal"
http://images.cocodataset.org/val2017/000000486573.jpg,A vase with white flowers sitting next to an open window.,41,indoor
http://images.cocodataset.org/val2017/000000487583.jpg,A cup and a plate with food on it on a table next to a toilet.,20,"kitchen, furniture"
http://images.cocodataset.org/val2017/000000488075.jpg,The view of the door and kitchen area of an apartment from the living room.,110,"appliance, kitchen, furniture"
http://images.cocodataset.org/val2017/000000488166.jpg,A man leaning on a railing is looking at the plate of food.,104,"kitchen, person, furniture, food"
http://images.cocodataset.org/val2017/000000488251.jpg,a man in a black hat standing next to and  holding the reigns of a horse,103,"vehicle, person, animal"
http://images.cocodataset.org/val2017/000000488270.jpg,An airplane with wheels wheels barely off ground tilted slightly upward from the pavement to the blue sky.,12,vehicle
http://images.cocodataset.org/val2017/000000488385.jpg,A black and white motorcycle parked on the sidewalk outside a store.,12,vehicle
http://images.cocodataset.org/val2017/000000488592.jpg,A woman rides a bicycle down a narrow corridor in an indoor Asian market,36,"vehicle, accessory, person"
http://images.cocodataset.org/val2017/000000488664.jpg,A blue and white training passing houses while emitting smoke.,12,vehicle
http://images.cocodataset.org/val2017/000000488673.jpg,A couple celebrating a birthday in a kitchen.,104,"kitchen, person, furniture, food"
http://images.cocodataset.org/val2017/000000488710.jpg,A woman stands near a humorous parking sign.,80,person
http://images.cocodataset.org/val2017/000000488736.jpg,A clock fastened to a brick store front reads 10 after 10,41,indoor
http://images.cocodataset.org/val2017/000000489014.jpg,A dog that is standing on the side of a boat.,103,"vehicle, person, animal"
http://images.cocodataset.org/val2017/000000489046.jpg,A small bird sitting on a thin tree branch.,1,animal
http://images.cocodataset.org/val2017/000000489091.jpg,A vanity and toilet are in a bathroom under a mirror.,51,"appliance, furniture"
http://images.cocodataset.org/val2017/000000489305.jpg,Adult displaying several bowls of fruits in kitchen area.,95,"kitchen, person, food"
http://images.cocodataset.org/val2017/000000489339.jpg,A woman walking on the beach holding a surfboard. ,4,"sports, person"
http://images.cocodataset.org/val2017/000000489611.jpg,a close up of a young child playing nintendo wii,81,"electronic, person, furniture"
http://images.cocodataset.org/val2017/000000489764.jpg,Two people sitting down playing a video game,141,"electronic, person, furniture, indoor"
http://images.cocodataset.org/val2017/000000489842.jpg,A bunch of kids are posing with santa,143,"accessory, person, indoor"
http://images.cocodataset.org/val2017/000000489924.jpg,A girl riding a small skateboard on a street.,4,"sports, person"
http://images.cocodataset.org/val2017/000000490125.jpg,Several white birds standing in a puddle in a parking lot.,22,"vehicle, animal"
http://images.cocodataset.org/val2017/000000490171.jpg,A man and a dog paddle on a surfboard. ,136,"sports, person, animal"
http://images.cocodataset.org/val2017/000000490413.jpg,"The airplane is on the ground, but getting ready for takeoff.",12,vehicle
http://images.cocodataset.org/val2017/000000490470.jpg,Several boats in the water with their sails down.,12,vehicle
http://images.cocodataset.org/val2017/000000490515.jpg,a person riding a snow board falling to the ground,6,"sports, accessory, person"
http://images.cocodataset.org/val2017/000000490936.jpg,two covered motorcycles in a row of motorcycles parked on the street,46,"vehicle, outdoor, person"
http://images.cocodataset.org/val2017/000000491008.jpg,A man and a woman holding up a pizza in a seating area.,332,"food, kitchen, vehicle, accessory, person, furniture"
http://images.cocodataset.org/val2017/000000491071.jpg,A couple of bathroom sinks sitting underneath a mirror.,5,appliance
http://images.cocodataset.org/val2017/000000491090.jpg,"A middle-aged man leans on a sports bike, smiling",9,"vehicle, person"
http://images.cocodataset.org/val2017/000000491130.jpg,A man riding a snowboard on top of a snow covered slope.,4,"sports, person"
http://images.cocodataset.org/val2017/000000491213.jpg,a black motorcycle parked on the road in front of a car,46,"vehicle, outdoor, person"
http://images.cocodataset.org/val2017/000000491216.jpg,A cat walking through a kitchen by a eating tray.,401,"food, kitchen, animal, appliance, furniture"
http://images.cocodataset.org/val2017/000000491366.jpg,Two men using nintendo wii remotes to play a game ,141,"electronic, person, furniture, indoor"
http://images.cocodataset.org/val2017/000000491464.jpg,Kid poses for a picture in a baseball uniform holding a bat,179,"vehicle, outdoor, sports, person"
http://images.cocodataset.org/val2017/000000491470.jpg,The road in the city is quiet and empty. ,52,outdoor
http://images.cocodataset.org/val2017/000000491497.jpg,White ornate seat in nicely decorated room with television.,39,"electronic, furniture, indoor"
http://images.cocodataset.org/val2017/000000491613.jpg,A zebra standing next to a body of water which shows his reflection. ,1,animal
http://images.cocodataset.org/val2017/000000491683.jpg,a grassy field with a solitary horse in the distance.,22,"vehicle, animal"
http://images.cocodataset.org/val2017/000000491725.jpg,A lot of boats sitting on top of a body of water.,12,vehicle
http://images.cocodataset.org/val2017/000000491757.jpg,this is a cat sitting on a white bed,48,"furniture, animal"
http://images.cocodataset.org/val2017/000000491867.jpg,a man that has a green tie and white shirt,99,"accessory, person, furniture"
http://images.cocodataset.org/val2017/000000492077.jpg,There are people that are walking in a line,46,"vehicle, outdoor, person"
http://images.cocodataset.org/val2017/000000492110.jpg,A man on a laptop in a coffee shop.,60,"kitchen, electronic, person, furniture"
http://images.cocodataset.org/val2017/000000492282.jpg,People are riding horses next to the trees.,35,"person, animal"
http://images.cocodataset.org/val2017/000000492284.jpg,a cat that is sitting on top of a rock wall,87,"accessory, person, animal"
http://images.cocodataset.org/val2017/000000492362.jpg,A man on a skateboard riding by food vendors.,402,"sports, food, kitchen, accessory, person"
http://images.cocodataset.org/val2017/000000492758.jpg,An older person sitting in a living room chair near a walker.,126,"person, furniture, indoor"
http://images.cocodataset.org/val2017/000000492878.jpg,A bathroom sink and its reflection in the mirror.,37,"appliance, kitchen, indoor"
http://images.cocodataset.org/val2017/000000492905.jpg,a computer monitor and keyboard on a desk,11,electronic
http://images.cocodataset.org/val2017/000000492937.jpg,A bicycle is chained up to a pole at a train station.,9,"vehicle, person"
http://images.cocodataset.org/val2017/000000492968.jpg,a ski boarder skiing down the side of a mountain.,4,"sports, person"
http://images.cocodataset.org/val2017/000000492992.jpg,There is a bird standing on the back of the cow.,1,animal
http://images.cocodataset.org/val2017/000000493019.jpg,A herd of giraffe standing next to each other eating.,1,animal
http://images.cocodataset.org/val2017/000000493284.jpg,The family of elephants is looking for some good food.,1,animal
http://images.cocodataset.org/val2017/000000493286.jpg,A vintage red car in front of a vintage army prop plane.,9,"vehicle, person"
http://images.cocodataset.org/val2017/000000493334.jpg,"A sheet cake with a lake scene displays the words, ""What is the Pickup Line Today?""",83,"electronic, food"
http://images.cocodataset.org/val2017/000000493442.jpg,Skier in green coat plowing through powdered snow on slope.,4,"sports, person"
http://images.cocodataset.org/val2017/000000493566.jpg,The last car of a train sits on train tracks.,12,vehicle
http://images.cocodataset.org/val2017/000000493613.jpg,A pair of shoes that are next to a skateboard.,38,sports
http://images.cocodataset.org/val2017/000000493772.jpg,a person with a black umbrella standing in the middle of the road,17,"accessory, person"
http://images.cocodataset.org/val2017/000000493799.jpg,A white plate full of cooked meat and vegetables. ,16,"kitchen, furniture, food"
http://images.cocodataset.org/val2017/000000493864.jpg,A man in a wetsuit carries a surfboard on the beach.,4,"sports, person"
http://images.cocodataset.org/val2017/000000493905.jpg,A tennis player is in mid air with his racquet.,54,"sports, person, furniture"
http://images.cocodataset.org/val2017/000000494188.jpg,a black bird standing on the floor in the street,158,"accessory, person, furniture, animal"
http://images.cocodataset.org/val2017/000000494427.jpg,a small silver laptop on a wooden table,11,electronic
http://images.cocodataset.org/val2017/000000494634.jpg,A black cat rubbing up against a laptop.,403,"appliance, kitchen, electronic, animal"
http://images.cocodataset.org/val2017/000000494759.jpg,Two people fly a kite on a beach.,4,"sports, person"
http://images.cocodataset.org/val2017/000000494863.jpg,A brown train next to a large mountain.,12,vehicle
http://images.cocodataset.org/val2017/000000494869.jpg,a yellow lap laying in a kitchen and looking at a little kid ,148,"kitchen, person, animal"
http://images.cocodataset.org/val2017/000000494913.jpg,A man watches TV from his couch in a living room,404,"electronic, indoor, kitchen, animal, accessory, person, furniture"
http://images.cocodataset.org/val2017/000000495054.jpg,a big airplane that is on a runway,12,vehicle
http://images.cocodataset.org/val2017/000000495146.jpg,Group of people standing beside their cars on a pier.,9,"vehicle, person"
http://images.cocodataset.org/val2017/000000495448.jpg,A wedding cake has pink and white flowers on it.,10,"kitchen, food"
http://images.cocodataset.org/val2017/000000495732.jpg,Two men standing in a living room holding game controllers.,81,"electronic, person, furniture"
http://images.cocodataset.org/val2017/000000496409.jpg,The skier is coming down the slope on a very snowy day.,4,"sports, person"
http://images.cocodataset.org/val2017/000000496571.jpg,A woman taking a picture of a man eating.,60,"kitchen, electronic, person, furniture"
http://images.cocodataset.org/val2017/000000496597.jpg,A canoe boat with 2 people sailing with mountainous background.,9,"vehicle, person"
http://images.cocodataset.org/val2017/000000496722.jpg,Two red mail boxes along a city street.,3,"vehicle, outdoor"
http://images.cocodataset.org/val2017/000000496854.jpg,A street scene with a bride and groom under an umbrella.,172,"outdoor, accessory, person"
http://images.cocodataset.org/val2017/000000496954.jpg,A serving slice of cake on a table.  ,10,"kitchen, food"
http://images.cocodataset.org/val2017/000000497344.jpg,A blue-eyed toddler talks on the cellphone while he types something on the laptop.,44,"kitchen, electronic, person"
http://images.cocodataset.org/val2017/000000497568.jpg,An airplane sits on a runway in a airport,9,"vehicle, person"
http://images.cocodataset.org/val2017/000000497599.jpg,A young man stands over a lap top computer screen.,81,"electronic, person, furniture"
http://images.cocodataset.org/val2017/000000497628.jpg,A wooden bed with white bedding and pillows,14,furniture
http://images.cocodataset.org/val2017/000000497867.jpg,An eco-friendly bus driving through a city intersection.,9,"vehicle, person"
http://images.cocodataset.org/val2017/000000498032.jpg,A somber woman in a pink T-shirt raises a torch.,30,"electronic, person"
http://images.cocodataset.org/val2017/000000498286.jpg,a vety cute furry dog posing near a big sign.,22,"vehicle, animal"
http://images.cocodataset.org/val2017/000000498463.jpg,A stainless steel refrigerator is next to the kitchen cabinets.,5,appliance
http://images.cocodataset.org/val2017/000000498709.jpg,The front end of a motorcycle in a parking lot.,12,vehicle
http://images.cocodataset.org/val2017/000000498747.jpg,Guy sitting down and using his cell during the party,246,"kitchen, person, electronic"
http://images.cocodataset.org/val2017/000000498807.jpg,A young girl tries to keep her balance on a surfboard.,4,"sports, person"
http://images.cocodataset.org/val2017/000000498857.jpg,a baby giraffe standing next to  a wire fence ,1,animal
http://images.cocodataset.org/val2017/000000498919.jpg,"a market fruit display of pears, oranges, and avocado",19,food
http://images.cocodataset.org/val2017/000000499031.jpg,A group of women pose in front of a sign hanging on a building.,43,"person, food"
http://images.cocodataset.org/val2017/000000499109.jpg,A sandwich with tomato and pickles on the side. ,19,food
http://images.cocodataset.org/val2017/000000499181.jpg,A street scene of a self service parking lot.,46,"vehicle, outdoor, person"
http://images.cocodataset.org/val2017/000000499266.jpg,An electronic device is being held as it displays a message and an image.,81,"electronic, person, furniture"
http://images.cocodataset.org/val2017/000000499313.jpg,A pizza with cheese and spinach on a plate.,16,"kitchen, furniture, food"
http://images.cocodataset.org/val2017/000000499622.jpg, A police officer riding a wide white motorcycle. ,9,"vehicle, person"
http://images.cocodataset.org/val2017/000000499768.jpg,A fire hydrant with grass grown around it on a curb side.,3,"vehicle, outdoor"
http://images.cocodataset.org/val2017/000000499775.jpg,A yellow bus traveling through a city with small buildings.,12,vehicle
http://images.cocodataset.org/val2017/000000500049.jpg,A Malaysian airplane that is stationary on the runway. ,12,vehicle
http://images.cocodataset.org/val2017/000000500211.jpg,All of the umbrellas are folded up. ,135,"accessory, furniture"
http://images.cocodataset.org/val2017/000000500257.jpg,people near carts of luggage at an air port,55,"electronic, accessory, person"
http://images.cocodataset.org/val2017/000000500270.jpg,People skateboard around a skate park near rails. ,4,"sports, person"
http://images.cocodataset.org/val2017/000000500423.jpg,A two story train stopped at an indoor train stop.,9,"vehicle, person"
http://images.cocodataset.org/val2017/000000500464.jpg,Bathroom with a white tiled floor and sink.,37,"appliance, kitchen, indoor"
http://images.cocodataset.org/val2017/000000500477.jpg,A person in the process of sheering a woolen animal.,35,"person, animal"
http://images.cocodataset.org/val2017/000000500478.jpg,A baseball player is winding up for the pitch.,54,"sports, person, furniture"
http://images.cocodataset.org/val2017/000000500565.jpg,A woman holding a child wrapped in a towel brushing her teeth.,132,"person, indoor"
http://images.cocodataset.org/val2017/000000500613.jpg,A fire engine parked in a parking lot.,12,vehicle
http://images.cocodataset.org/val2017/000000500663.jpg,Cattle are grazing in a bright green pasture along a river and mountains.,1,animal
http://images.cocodataset.org/val2017/000000500716.jpg,A guy holding a pair of metal scissors in front of his eye.,132,"person, indoor"
http://images.cocodataset.org/val2017/000000500826.jpg,A very tall brown brick building next to a street sign.,52,outdoor
http://images.cocodataset.org/val2017/000000501005.jpg,derek jeter swings his bat at a baseball ,4,"sports, person"
http://images.cocodataset.org/val2017/000000501023.jpg,A group of pictures put together to depict a road in a desert with signs.,52,outdoor
http://images.cocodataset.org/val2017/000000501243.jpg,Three zebras standing in the sand in a zoo.,1,animal
http://images.cocodataset.org/val2017/000000501368.jpg,A person wearing a towel is drying their hair with a hair dryer.,306,"kitchen, person, indoor"
http://images.cocodataset.org/val2017/000000501523.jpg,A black cat sits in a white bathroom sink.,128,"appliance, kitchen, animal"
http://images.cocodataset.org/val2017/000000502136.jpg,"A building wall and pair of doors that are open, along with vases of flowers on the outside of the building.",2,"furniture, indoor"
http://images.cocodataset.org/val2017/000000502168.jpg,The men wear hardhats as they work on the aircraft carrier.,9,"vehicle, person"
http://images.cocodataset.org/val2017/000000502229.jpg,"A city with skyscrapers, other buildings, and trains.",12,vehicle
http://images.cocodataset.org/val2017/000000502336.jpg,A group of ladies walking down a street,17,"accessory, person"
http://images.cocodataset.org/val2017/000000502347.jpg,"A plane passing over a harbor, on a clear day.",12,vehicle
http://images.cocodataset.org/val2017/000000502599.jpg,A group of planes near a large wall of windows.,12,vehicle
http://images.cocodataset.org/val2017/000000502732.jpg,A shiny metallic refrigerator in a brown colored kitchen.,5,appliance
http://images.cocodataset.org/val2017/000000502737.jpg,A man holding up what appears to be a chocolate desert.,95,"kitchen, person, food"
http://images.cocodataset.org/val2017/000000503755.jpg,a woman in tennis gear holding a tennis racket on a tennis court,4,"sports, person"
http://images.cocodataset.org/val2017/000000503823.jpg,several  wooden boats sitting in the sand,12,vehicle
http://images.cocodataset.org/val2017/000000503841.jpg,two street lights that are both on the green light,52,outdoor
http://images.cocodataset.org/val2017/000000503855.jpg,"A grass yard area that has several open umbrellas laid on the grass and various people around the roadway area.

",17,"accessory, person"
http://images.cocodataset.org/val2017/000000504000.jpg,a blue jet is sitting next to a sign,9,"vehicle, person"
http://images.cocodataset.org/val2017/000000504074.jpg,Two women sitting together in the back yard,60,"kitchen, electronic, person, furniture"
http://images.cocodataset.org/val2017/000000504389.jpg,A woman and man playing tennis on a field.,4,"sports, person"
http://images.cocodataset.org/val2017/000000504415.jpg,A person on a court near a fence.,67,"vehicle, sports, person"
http://images.cocodataset.org/val2017/000000504439.jpg,a couple of zebras are standing in a pin,1,animal
http://images.cocodataset.org/val2017/000000504580.jpg,A couple giraffes staring in the same direction,1,animal
http://images.cocodataset.org/val2017/000000504589.jpg,A young lady and a young man playing frisbee on the sand.,4,"sports, person"
http://images.cocodataset.org/val2017/000000504635.jpg,Three zebras are standing in the grass by the trees.,1,animal
http://images.cocodataset.org/val2017/000000504711.jpg,A piece of dutch chocolate cake with a fork  on a plate. ,10,"kitchen, food"
http://images.cocodataset.org/val2017/000000505169.jpg,A blue pained bathroom with a toilet missing the upper half. ,14,furniture
http://images.cocodataset.org/val2017/000000505451.jpg,A surfer is on top of an ocean wave.,4,"sports, person"
http://images.cocodataset.org/val2017/000000505565.jpg,Is anyone familiar with this species of bird?,1,animal
http://images.cocodataset.org/val2017/000000505573.jpg,A dog wears a tie while on the steps,140,"accessory, animal"
http://images.cocodataset.org/val2017/000000505638.jpg,An old fashioned looking red train is on the tracks by a green grassy hill.,9,"vehicle, person"
http://images.cocodataset.org/val2017/000000505789.jpg,Children look over the wrought iron fence into the brick archways.,202,"accessory, person, furniture, indoor"
http://images.cocodataset.org/val2017/000000505942.jpg,Two people have a conversation at an intersection,46,"vehicle, outdoor, person"
http://images.cocodataset.org/val2017/000000506004.jpg,The ferris wheel is located in the middle of the water.,114,"vehicle, indoor"
http://images.cocodataset.org/val2017/000000506178.jpg,Blurry photo of a young man playing a video game.,81,"electronic, person, furniture"
http://images.cocodataset.org/val2017/000000506279.jpg,a close up of a glass of wine on a table,20,"kitchen, furniture"
http://images.cocodataset.org/val2017/000000506310.jpg,A refrigerator freezer next to a  wall.,96,"appliance, kitchen"
http://images.cocodataset.org/val2017/000000506454.jpg,A plain wooden bench underneath a large tree.,75,"outdoor, person"
http://images.cocodataset.org/val2017/000000506656.jpg,A man standing in front of some Clysdale horses in front of some houses.,103,"vehicle, person, animal"
http://images.cocodataset.org/val2017/000000506707.jpg,A man is running the bases in a baseball game. ,289,"sports, vehicle, outdoor, person, furniture"
http://images.cocodataset.org/val2017/000000506933.jpg,a man in glasses is holding up a cellphone,141,"electronic, person, furniture, indoor"
http://images.cocodataset.org/val2017/000000507015.jpg,Baseball players in their uniforms on a baseball field.,4,"sports, person"
http://images.cocodataset.org/val2017/000000507037.jpg,A group of people by a building with a flag at half mast.,232,"vehicle, accessory, person, food"
http://images.cocodataset.org/val2017/000000507042.jpg,Three giraffes looking in different directions from each other. ,1,animal
http://images.cocodataset.org/val2017/000000507081.jpg,"A kitchen with its light's off, with light coming from an open door.",110,"appliance, kitchen, furniture"
http://images.cocodataset.org/val2017/000000507223.jpg,A group of baseball players standing next to each other on top of a field.,4,"sports, person"
http://images.cocodataset.org/val2017/000000507235.jpg,"A bowl sitting on a plate with cucmbers, lettuce and meat in it.",20,"kitchen, furniture"
http://images.cocodataset.org/val2017/000000507473.jpg,A woman brushing her teeth while taking a selfie ,8,"electronic, person, indoor"
http://images.cocodataset.org/val2017/000000507575.jpg,A computer desk with electronics on it and other desk accessories ,123,"electronic, indoor"
http://images.cocodataset.org/val2017/000000507667.jpg,The cow has a map drawn on it.,36,"vehicle, accessory, person"
http://images.cocodataset.org/val2017/000000507797.jpg,A group of people getting off of a bus .,36,"vehicle, accessory, person"
http://images.cocodataset.org/val2017/000000507893.jpg,The bathroom is white and looks very clean.,51,"appliance, furniture"
http://images.cocodataset.org/val2017/000000507975.jpg,a couple of people are riding horses outside,103,"vehicle, person, animal"
http://images.cocodataset.org/val2017/000000508101.jpg,People and their stuff on a little boat in the ocean,9,"vehicle, person"
http://images.cocodataset.org/val2017/000000508312.jpg,A stove top and an oven in a kitchen with wooden cabinets.,139,"appliance, person"
http://images.cocodataset.org/val2017/000000508370.jpg,There are two men standing next to a bike and a doll.,304,"kitchen, vehicle, person"
http://images.cocodataset.org/val2017/000000508482.jpg,The open doors of a public transport train.,12,vehicle
http://images.cocodataset.org/val2017/000000508586.jpg,A group of zebras that are in a field.,1,animal
http://images.cocodataset.org/val2017/000000508602.jpg,A small crane stands on the roof of a car in a city area.,22,"vehicle, animal"
http://images.cocodataset.org/val2017/000000508639.jpg,A horse drawn buggy sits in front of pyramid shaped mosques.,1,animal
http://images.cocodataset.org/val2017/000000508730.jpg,A set of twins who are taking a bath.,23,"appliance, person, furniture"
http://images.cocodataset.org/val2017/000000508917.jpg,a train sitting on the tracks at a station,214,"indoor, vehicle, outdoor, accessory, person"
http://images.cocodataset.org/val2017/000000509008.jpg,The school bus is colored yellow and pink.,12,vehicle
http://images.cocodataset.org/val2017/000000509014.jpg,A group of people that are standing in the snow.,4,"sports, person"
http://images.cocodataset.org/val2017/000000509131.jpg,A bunch of mini bananas are hanging above a bowl of apples and oranges.,58,"furniture, food"
http://images.cocodataset.org/val2017/000000509258.jpg,A street sign in front of a church. ,52,outdoor
http://images.cocodataset.org/val2017/000000509260.jpg,a small television in front of a bookshelf,123,"electronic, indoor"
http://images.cocodataset.org/val2017/000000509403.jpg,"A man, two kids and a dog are playing Frisbee.",136,"sports, person, animal"
http://images.cocodataset.org/val2017/000000509451.jpg,A group of people seated on a bench posing for a photo,21,"kitchen, accessory, person"
http://images.cocodataset.org/val2017/000000509656.jpg,A zebra standing in a grassy area with a building far behind it.,1,animal
http://images.cocodataset.org/val2017/000000509699.jpg,A person on a flowered chair is watching an old television.,39,"electronic, furniture, indoor"
http://images.cocodataset.org/val2017/000000509719.jpg,A small bird is standing on the concrete,1,animal
http://images.cocodataset.org/val2017/000000509735.jpg,A family of giraffes by a few zebras and a gazelle.,1,animal
http://images.cocodataset.org/val2017/000000509824.jpg,A living room with a cream colored couch,40,"kitchen, furniture, indoor"
http://images.cocodataset.org/val2017/000000510095.jpg,A man is holding a baseball bat. ,59,"outdoor, sports, person"
http://images.cocodataset.org/val2017/000000510329.jpg,Adults standing on carved stone display overlooking large city.,55,"electronic, accessory, person"
http://images.cocodataset.org/val2017/000000511076.jpg,A flock of birds surround a man sitting on a bench.,69,"animal, vehicle, outdoor, accessory, person"
http://images.cocodataset.org/val2017/000000511321.jpg,Two long boats are sailing near a large bridge. ,12,vehicle
http://images.cocodataset.org/val2017/000000511384.jpg,A frisbee being thrown to a girl in a park ,4,"sports, person"
http://images.cocodataset.org/val2017/000000511398.jpg,a close up of a dog laying in sand near a mat,1,animal
http://images.cocodataset.org/val2017/000000511453.jpg,A pizza with french fries on it on a table.,10,"kitchen, food"
http://images.cocodataset.org/val2017/000000511599.jpg,A group of people standing around a boat on a river.,36,"vehicle, accessory, person"
http://images.cocodataset.org/val2017/000000511647.jpg,A person flying a kite high above buildings,4,"sports, person"
http://images.cocodataset.org/val2017/000000511760.jpg,An adult and a child in a green field flying a kite.,67,"vehicle, sports, person"
http://images.cocodataset.org/val2017/000000511999.jpg,A yellow train next to a platform with two men wearing orange jackets and another man standing next to them.,9,"vehicle, person"
http://images.cocodataset.org/val2017/000000512194.jpg,A white pitcher holding flowers in a window sill.,41,indoor
http://images.cocodataset.org/val2017/000000512248.jpg,A jewelry store sign that looks like a clock.,41,indoor
http://images.cocodataset.org/val2017/000000512330.jpg,There is a refrigerator that is filled with food.,96,"appliance, kitchen"
http://images.cocodataset.org/val2017/000000512403.jpg,A sheet with a flower designed is next to an actual vase. ,2,"furniture, indoor"
http://images.cocodataset.org/val2017/000000512476.jpg,A bow of food set next to a sink inside of a kitchen,110,"appliance, kitchen, furniture"
http://images.cocodataset.org/val2017/000000512564.jpg,a couple of buses that are on a empty street,46,"vehicle, outdoor, person"
http://images.cocodataset.org/val2017/000000512648.jpg,a cow in a field standing in the shade of a tree,1,animal
http://images.cocodataset.org/val2017/000000512657.jpg,two people are playing a video game and a male is watching,405,"sports, electronic, indoor, person, furniture"
http://images.cocodataset.org/val2017/000000512776.jpg,The home plate with the back catcher and someone ready to bat.,4,"sports, person"
http://images.cocodataset.org/val2017/000000512836.jpg,A woman with a red umbrella is walking two dogs in the snow.,87,"accessory, person, animal"
http://images.cocodataset.org/val2017/000000512929.jpg,Two young girls are cooking green beans on the stove.,85,"appliance, kitchen, person"
http://images.cocodataset.org/val2017/000000512985.jpg,A man walking across a beach holding a white surfboard.,4,"sports, person"
http://images.cocodataset.org/val2017/000000513041.jpg,two people some drinks some plates and a small pizza,104,"kitchen, person, furniture, food"
http://images.cocodataset.org/val2017/000000513181.jpg,"A boat can be seen at the edge of the water and a building is in the background.
",12,vehicle
http://images.cocodataset.org/val2017/000000513283.jpg,A small toy is sitting on a plate of pizza.,104,"kitchen, person, furniture, food"
http://images.cocodataset.org/val2017/000000513484.jpg,A brown bear enjoying the sun and a little water at the zoo,1,animal
http://images.cocodataset.org/val2017/000000513524.jpg,A young surfer is surfing in the middle of an ocean. ,4,"sports, person"
http://images.cocodataset.org/val2017/000000513567.jpg,The woman are eating their hot dogs while walking.,232,"vehicle, accessory, person, food"
http://images.cocodataset.org/val2017/000000513580.jpg,A person on a motor bike and small red airplane.,9,"vehicle, person"
http://images.cocodataset.org/val2017/000000513688.jpg,A desk set up as a workstation with a laptop,28,"electronic, furniture"
http://images.cocodataset.org/val2017/000000514376.jpg,A electric trolly bus driving in the middle of a street with a building behind it.,3,"vehicle, outdoor"
http://images.cocodataset.org/val2017/000000514508.jpg,There are many people sitting inside a screen for love tv,30,"electronic, person"
http://images.cocodataset.org/val2017/000000514586.jpg,a boy in the middle of swinging a base ball bat,67,"vehicle, sports, person"
http://images.cocodataset.org/val2017/000000514797.jpg,A couple of men reaching up towards a blue kite.,4,"sports, person"
http://images.cocodataset.org/val2017/000000514914.jpg,A modern bathroom with a large bathtub and walk in shower.,51,"appliance, furniture"
http://images.cocodataset.org/val2017/000000514979.jpg,A baby elephant standing at the feet of its chained parent,1,animal
http://images.cocodataset.org/val2017/000000515025.jpg,A man sitting at a table with a cat eating food.,406,"kitchen, animal, vehicle, person, furniture"
http://images.cocodataset.org/val2017/000000515077.jpg,A woman is playing video games on a screen,81,"electronic, person, furniture"
http://images.cocodataset.org/val2017/000000515266.jpg,A white truck parked next to a white trailer.,3,"vehicle, outdoor"
http://images.cocodataset.org/val2017/000000515350.jpg,A surfer riding the inside of the curve of a wave.,4,"sports, person"
http://images.cocodataset.org/val2017/000000515445.jpg,Surfers stand with surfboards on a beach for the early morning sunrise.,4,"sports, person"
http://images.cocodataset.org/val2017/000000515577.jpg,A man riding skis down a snow covered slope.,4,"sports, person"
http://images.cocodataset.org/val2017/000000515579.jpg,Man holding a ball he is about to throw.,212,"outdoor, sports, person, furniture"
http://images.cocodataset.org/val2017/000000515828.jpg,A woman prepares to serve a tennis ball.,167,"kitchen, sports, person, furniture"
http://images.cocodataset.org/val2017/000000515982.jpg,"A baseball player sliding into home plate, in a game.",4,"sports, person"
http://images.cocodataset.org/val2017/000000516038.jpg,a baseman ready to put the runner out,4,"sports, person"
http://images.cocodataset.org/val2017/000000516143.jpg,the signs states all directions and points up,9,"vehicle, person"
http://images.cocodataset.org/val2017/000000516173.jpg,A woman in a wet suit carrying a surfboard into the ocean.,4,"sports, person"
http://images.cocodataset.org/val2017/000000516316.jpg,Three Zebra's eating grass as they walk. ,1,animal
http://images.cocodataset.org/val2017/000000516318.jpg,A man that is on a surfboard in the water.,136,"sports, person, animal"
http://images.cocodataset.org/val2017/000000516601.jpg,People are skiing and snowboarding on a high mountain. ,4,"sports, person"
http://images.cocodataset.org/val2017/000000516677.jpg,A man is lacing his boots while several others are ready to ski.,6,"sports, accessory, person"
http://images.cocodataset.org/val2017/000000516708.jpg,Street signs and traffic lights on a city street,52,outdoor
http://images.cocodataset.org/val2017/000000516804.jpg,a building and a street sign are by a road,12,vehicle
http://images.cocodataset.org/val2017/000000516871.jpg,"Dishes filled with sushi, fruit, and vegetables on a table.",16,"kitchen, furniture, food"
http://images.cocodataset.org/val2017/000000516916.jpg,"A table with laptops, monitor screens, keyboards, mice, phone handsets and    chairs",28,"electronic, furniture"
http://images.cocodataset.org/val2017/000000517056.jpg,Two women are cutting and serving a large cake.,104,"kitchen, person, furniture, food"
http://images.cocodataset.org/val2017/000000517069.jpg,A woman and another woman waiting at a stop.,15,"vehicle, outdoor, accessory, person"
http://images.cocodataset.org/val2017/000000517523.jpg,A blue a white plane flying through the air.,12,vehicle
http://images.cocodataset.org/val2017/000000517687.jpg,two cellphones are sitting side by side on the table.,28,"electronic, furniture"
http://images.cocodataset.org/val2017/000000517832.jpg,A cute black dog with a white spot sitting on a chair,48,"furniture, animal"
http://images.cocodataset.org/val2017/000000518213.jpg,A yak walking through a field going towards a tree. ,1,animal
http://images.cocodataset.org/val2017/000000518326.jpg,Creepy large doll heads laying in giant oversized fake beds.,107,"person, furniture"
http://images.cocodataset.org/val2017/000000518770.jpg,Some children who are playing video games together.,34,"electronic, accessory, person, furniture"
http://images.cocodataset.org/val2017/000000519039.jpg,A white dump truck is going around a corner.,12,vehicle
http://images.cocodataset.org/val2017/000000519208.jpg,a man standing next to an elephant next to his trunk,35,"person, animal"
http://images.cocodataset.org/val2017/000000519338.jpg,An old rusted train sitting on abandoned train tracks.,12,vehicle
http://images.cocodataset.org/val2017/000000519491.jpg,A tall clock tower with a statue on top.,330,"animal, indoor"
http://images.cocodataset.org/val2017/000000519522.jpg,a large tower that has a big clock at top,41,indoor
http://images.cocodataset.org/val2017/000000519569.jpg,a kitchen with a refrigerator a counter with chairs,124,"appliance, kitchen, furniture, indoor"
http://images.cocodataset.org/val2017/000000519611.jpg,a polar bear yawning while standing on a rock ,1,animal
http://images.cocodataset.org/val2017/000000519688.jpg,Woman smiling and holding some type of unique animal,35,"person, animal"
http://images.cocodataset.org/val2017/000000519764.jpg,A cat that is laying down on a chair.,66,"electronic, furniture, animal"
http://images.cocodataset.org/val2017/000000520009.jpg,TWO PEOPLE ARE WALKING NEAR A MINI TRUCK IN A STREET.,294,"vehicle, outdoor, person, indoor"
http://images.cocodataset.org/val2017/000000520077.jpg,A stack of random books are placed in front of a computer.,92,"kitchen, electronic, indoor"
http://images.cocodataset.org/val2017/000000520264.jpg,A man and a woman are posing for a picture in a kitchen.,159,"appliance, kitchen, person, food"
http://images.cocodataset.org/val2017/000000520301.jpg,"An open-mouthed, leashed dog has its head outside of an unlocked car door window as a blurry park-like vista rushes by.",1,animal
http://images.cocodataset.org/val2017/000000520324.jpg,A small airplane that is parked near a run way.,9,"vehicle, person"
http://images.cocodataset.org/val2017/000000520531.jpg,A large calico cat sitting on a wooden table next to a remote control.,170,"electronic, indoor, furniture, animal"
http://images.cocodataset.org/val2017/000000520659.jpg,A white tent with a row of surfboards sitting under it.,324,"accessory, sports, person, furniture"
http://images.cocodataset.org/val2017/000000520707.jpg,Several people in the airport walking with their luggage. ,55,"electronic, accessory, person"
http://images.cocodataset.org/val2017/000000520832.jpg,A person walking down a street in front of a building.,17,"accessory, person"
http://images.cocodataset.org/val2017/000000520871.jpg,a pizza sitting on a plate next to a little jar on a table ,16,"kitchen, furniture, food"
http://images.cocodataset.org/val2017/000000520910.jpg,There is a doll standing in the middle of a toy bathroom.,23,"appliance, person, furniture"
http://images.cocodataset.org/val2017/000000521052.jpg,This is a picture of a interesting mural on a truck.,12,vehicle
http://images.cocodataset.org/val2017/000000521141.jpg,People are walking on a sidewalk near a sign that says no peddling.,9,"vehicle, person"
http://images.cocodataset.org/val2017/000000521231.jpg,A white polar bear is standing in the grass.,1,animal
http://images.cocodataset.org/val2017/000000521259.jpg,A young man is throwing a Frisbee to a boy in a gravel lot with other children and people walking around.,67,"vehicle, sports, person"
http://images.cocodataset.org/val2017/000000521282.jpg,clear vase filled with white and yellow flowers with water,41,indoor
http://images.cocodataset.org/val2017/000000521405.jpg,A toothbrush is being pushed against the stuffed animal,223,"appliance, indoor"
http://images.cocodataset.org/val2017/000000521509.jpg,A girl sitting on a bed is taking a self portrait.,126,"person, furniture, indoor"
http://images.cocodataset.org/val2017/000000521540.jpg,"A plate with a banana that is cut up, cookies and a spoon on it. ",16,"kitchen, furniture, food"
http://images.cocodataset.org/val2017/000000521601.jpg,A small donut at the bottom of a ceramic mug.,10,"kitchen, food"
http://images.cocodataset.org/val2017/000000521717.jpg,A woman on a tennis court is swinging a racquet.,54,"sports, person, furniture"
http://images.cocodataset.org/val2017/000000521719.jpg,A close up of several wind kites hanging.,217,"sports, accessory"
http://images.cocodataset.org/val2017/000000521819.jpg,A group of youngsters contend for a frisbee in a park-like setting.,67,"vehicle, sports, person"
http://images.cocodataset.org/val2017/000000521956.jpg,A man getting ready to serve the ball in a tennis game.,4,"sports, person"
http://images.cocodataset.org/val2017/000000522007.jpg,A very small kitchen with small white appliances.,100,"appliance, kitchen, furniture, food"
http://images.cocodataset.org/val2017/000000522156.jpg,A cracker is on a plate next to some mint.,19,food
http://images.cocodataset.org/val2017/000000522393.jpg,A boat that is sitting in the water with a sail.,238,"electronic, vehicle, person"
http://images.cocodataset.org/val2017/000000522638.jpg,two stuffed animals a bear and a monkey,41,indoor
http://images.cocodataset.org/val2017/000000522713.jpg,A beach has a grassy area with a park beach.,46,"vehicle, outdoor, person"
http://images.cocodataset.org/val2017/000000522751.jpg,a traffic light attached to a pole with a sky in the background,52,outdoor
http://images.cocodataset.org/val2017/000000522889.jpg,Venus Williams is swinging at the tennis ball at the game.,54,"sports, person, furniture"
http://images.cocodataset.org/val2017/000000522940.jpg,A stop sign with words added to it in marker,52,outdoor
http://images.cocodataset.org/val2017/000000523033.jpg,A few people are riding a wave on a surfboard.,4,"sports, person"
http://images.cocodataset.org/val2017/000000523100.jpg,Person canning oranges showing a large bowl of fruit wedges.,159,"appliance, kitchen, person, food"
http://images.cocodataset.org/val2017/000000523175.jpg,A spoon resting in a bowl of vegetable soup. ,16,"kitchen, furniture, food"
http://images.cocodataset.org/val2017/000000523194.jpg,There is a fire hydrant next to a red sign,52,outdoor
http://images.cocodataset.org/val2017/000000523229.jpg,A horrible public toilet that looks like it could use a good cleaning.,14,furniture
http://images.cocodataset.org/val2017/000000523241.jpg,A busy city intersection on a cloudy day.,3,"vehicle, outdoor"
http://images.cocodataset.org/val2017/000000523782.jpg,A silver truck parked next to a green truck.,22,"vehicle, animal"
http://images.cocodataset.org/val2017/000000523807.jpg,A hot dog that has some ketchup and mustard on it.,95,"kitchen, person, food"
http://images.cocodataset.org/val2017/000000523811.jpg,A bird sits atop a wooden post and watches its surroundings,1,animal
http://images.cocodataset.org/val2017/000000523957.jpg,Man on long board skating down steep road,4,"sports, person"
http://images.cocodataset.org/val2017/000000524108.jpg,Several motorcycles are stacked together side by side. ,12,vehicle
http://images.cocodataset.org/val2017/000000524280.jpg,A tawny cat stares wide-eyed into the distance.,1,animal
http://images.cocodataset.org/val2017/000000524456.jpg,two arms typing on a laptop and one hand on a mouse,55,"electronic, accessory, person"
http://images.cocodataset.org/val2017/000000524742.jpg,a picture of graffiti on a subway train.,12,vehicle
http://images.cocodataset.org/val2017/000000524850.jpg,A bus loads and unloads passengers next to a plane. ,36,"vehicle, accessory, person"
http://images.cocodataset.org/val2017/000000525083.jpg,a kitchen with a wooden floor and a microwave oven ,280,"appliance, electronic, furniture"
http://images.cocodataset.org/val2017/000000525155.jpg,The man with the black sweatshirt carries a wooly sheep.,35,"person, animal"
http://images.cocodataset.org/val2017/000000525247.jpg,A cat is looking at a laptop screen.,13,"electronic, animal"
http://images.cocodataset.org/val2017/000000525286.jpg,A large clock  is on the wall where the paint is peeling.,41,indoor
http://images.cocodataset.org/val2017/000000525322.jpg,two stunt airplanes touching their wings as the fly,12,vehicle
http://images.cocodataset.org/val2017/000000525600.jpg,A herd of giraffes in a zoo enclosure.,1,animal
http://images.cocodataset.org/val2017/000000526103.jpg,An elephant in a zoo walks behind the Asian Elephant sign.,140,"accessory, animal"
http://images.cocodataset.org/val2017/000000526197.jpg,a table with dessert items sitting with displays posted up behind them,58,"furniture, food"
http://images.cocodataset.org/val2017/000000526256.jpg,Clocks may be seen on all sides of the tower.,41,indoor
http://images.cocodataset.org/val2017/000000526392.jpg,Cars parked along a street with a street light that is green.,3,"vehicle, outdoor"
http://images.cocodataset.org/val2017/000000526706.jpg,A cow breastfeeding its calf  while other cows stands around in a grass area.,1,animal
http://images.cocodataset.org/val2017/000000526728.jpg,A man and a woman are standing behind some suitcases.,36,"vehicle, accessory, person"
http://images.cocodataset.org/val2017/000000526751.jpg,A small boat is beached on the shore.,12,vehicle
http://images.cocodataset.org/val2017/000000527029.jpg,a person covering his face next to many boxes of bananas,95,"kitchen, person, food"
http://images.cocodataset.org/val2017/000000527215.jpg,A blue tinted photograph of a man flying a kite on the beach.,4,"sports, person"
http://images.cocodataset.org/val2017/000000527220.jpg,"A collage shows a car, a gas station sign, and motor scooters.",12,vehicle
http://images.cocodataset.org/val2017/000000527427.jpg,a woman sitting at a talbe with a laptop while talking on her phone,81,"electronic, person, furniture"
http://images.cocodataset.org/val2017/000000527528.jpg,Kites fly over the grass on a clear day.,59,"outdoor, sports, person"
http://images.cocodataset.org/val2017/000000527616.jpg,A picture of someone in the TV on the wall.,34,"electronic, accessory, person, furniture"
http://images.cocodataset.org/val2017/000000527695.jpg,The broccoli platter in the dish is mostly eaten up.,16,"kitchen, furniture, food"
http://images.cocodataset.org/val2017/000000527750.jpg,There is a man standing next to the kitchen counter.,85,"appliance, kitchen, person"
http://images.cocodataset.org/val2017/000000527784.jpg,"Side by side view of two oval plates, one with fork, with chicken salad sandwiches and rosy new potatoes, by an open and an unopened bottle of lager, a pepper mill, paper towel roll, basket behind.",316,"kitchen, indoor, furniture, food"
http://images.cocodataset.org/val2017/000000527960.jpg,A green bench with graffiti in an area with trees.  ,52,outdoor
http://images.cocodataset.org/val2017/000000528314.jpg,A person on skis with one standing vertically,4,"sports, person"
http://images.cocodataset.org/val2017/000000528399.jpg,Variety of foods displayed on large wooden table.,104,"kitchen, person, furniture, food"
http://images.cocodataset.org/val2017/000000528524.jpg,The brown cows walking along a path in the field.,1,animal
http://images.cocodataset.org/val2017/000000528578.jpg,"An old clock tower stands near a bridge and other large old, medieval type structures.",132,"person, indoor"
http://images.cocodataset.org/val2017/000000528705.jpg,A stuffed animal with a smaller one on its back.,132,"person, indoor"
http://images.cocodataset.org/val2017/000000528862.jpg,A herd of giraffe walking through a grass covered hillside.,1,animal
http://images.cocodataset.org/val2017/000000528980.jpg,An inside out umbrella sculpture on a city street.,380,"vehicle, outdoor, accessory"
http://images.cocodataset.org/val2017/000000529105.jpg,A brown horse laying in a field of lush vegetation.,1,animal
http://images.cocodataset.org/val2017/000000529122.jpg,a boy and a woman are in front of a counter,407,"food, electronic, kitchen, accessory, person"
http://images.cocodataset.org/val2017/000000529148.jpg,A woman is helping a young boy to play a computer game.,8,"electronic, person, indoor"
http://images.cocodataset.org/val2017/000000529528.jpg,A mixing bowl and beaters with batter on them,10,"kitchen, food"
http://images.cocodataset.org/val2017/000000529568.jpg,A nice kitchen has a large crystal chandelier.,124,"appliance, kitchen, furniture, indoor"
http://images.cocodataset.org/val2017/000000529762.jpg,A man sitting at a table eating a hamburger and fries.,182,"food, electronic, indoor, kitchen, person, furniture"
http://images.cocodataset.org/val2017/000000529939.jpg,a man standing by a display of surfboards and wetsuits,4,"sports, person"
http://images.cocodataset.org/val2017/000000529966.jpg,Two clear glass bowls full of oranges on a bar.,10,"kitchen, food"
http://images.cocodataset.org/val2017/000000530052.jpg,A pile of carrots for sale in an outside market. ,19,food
http://images.cocodataset.org/val2017/000000530061.jpg,A child sitting down in front of a bowl.,18,"kitchen, person, furniture"
http://images.cocodataset.org/val2017/000000530099.jpg,A calico cat is sitting on the roof of a car at night.,22,"vehicle, animal"
http://images.cocodataset.org/val2017/000000530146.jpg,A plate filled with various kinds of food.,20,"kitchen, furniture"
http://images.cocodataset.org/val2017/000000530162.jpg,A man holding a large umbrella with some girls and a woman underneath.,17,"accessory, person"
http://images.cocodataset.org/val2017/000000530457.jpg,A vase filled with red and orange flowers.,41,indoor
http://images.cocodataset.org/val2017/000000530466.jpg,The passenger train has elaborate spray paint on the side.,267,"vehicle, electronic, furniture"
http://images.cocodataset.org/val2017/000000530470.jpg,A high view of a park where several people are flying kites.,197,"vehicle, sports"
http://images.cocodataset.org/val2017/000000530624.jpg,A brown dog on a bed sitting under the covers. ,48,"furniture, animal"
http://images.cocodataset.org/val2017/000000530820.jpg,a man standing on the court holding onto a tennis racket ,4,"sports, person"
http://images.cocodataset.org/val2017/000000530836.jpg,There are appliances and cookware in a kitchen.,165,"food, indoor, kitchen, appliance, furniture"
http://images.cocodataset.org/val2017/000000530854.jpg,Several different opened umbrellas all located near each other.,17,"accessory, person"
http://images.cocodataset.org/val2017/000000530975.jpg,a round outdoor courtyard table with a hotdog and a bag of chips on it.,77,"food, kitchen, accessory, person, furniture"
http://images.cocodataset.org/val2017/000000531036.jpg,A double decker bus is stopped with a man in a vest looking in.,101,"vehicle, person, indoor"
http://images.cocodataset.org/val2017/000000531134.jpg,A traffic light with an orange and a red having faces drawn on them.,15,"vehicle, outdoor, accessory, person"
http://images.cocodataset.org/val2017/000000531135.jpg,A baseball pitcher throws the ball as the batter prepares to swing.,4,"sports, person"
http://images.cocodataset.org/val2017/000000531495.jpg,A harbor with several boats docked and buildings in the background.,12,vehicle
http://images.cocodataset.org/val2017/000000531707.jpg,a group of old people sitting on a bench talking ,75,"outdoor, person"
http://images.cocodataset.org/val2017/000000531771.jpg,A two oven unit standing in a kitchen.,5,appliance
http://images.cocodataset.org/val2017/000000532058.jpg,A small child laying in bed drinking a bottle of milk.,26,"electronic, kitchen, person, furniture"
http://images.cocodataset.org/val2017/000000532071.jpg,A black bear lying down in the grass next to trees. ,1,animal
http://images.cocodataset.org/val2017/000000532129.jpg,A cheese pizza sitting on top of white paper and a large plate. ,16,"kitchen, furniture, food"
http://images.cocodataset.org/val2017/000000532481.jpg,a kite surfer is doing a flying trick over some water,67,"vehicle, sports, person"
http://images.cocodataset.org/val2017/000000532493.jpg,A young man riding on a surf board on an ocean wave.,4,"sports, person"
http://images.cocodataset.org/val2017/000000532530.jpg,a bus stop map in a city near a water fountain,129,"outdoor, person, animal"
http://images.cocodataset.org/val2017/000000532575.jpg,a close up of a dog on a boat ,22,"vehicle, animal"
http://images.cocodataset.org/val2017/000000532690.jpg,A woman playing a Wii game with other people.,81,"electronic, person, furniture"
http://images.cocodataset.org/val2017/000000532761.jpg,this living room is painted yellow with beige couches,28,"electronic, furniture"
http://images.cocodataset.org/val2017/000000532855.jpg,A man riding a skateboard on the side of a  metal rail.,4,"sports, person"
http://images.cocodataset.org/val2017/000000532901.jpg,A Victorian house looked very much like this model one does.,2,"furniture, indoor"
http://images.cocodataset.org/val2017/000000533145.jpg,Someone holding a Wii remote towards a TV.,30,"electronic, person"
http://images.cocodataset.org/val2017/000000533206.jpg,The sandwich dominates the plate and comes with soup.,10,"kitchen, food"
http://images.cocodataset.org/val2017/000000533493.jpg,Three men playing frisbee with a blue sky in background.,4,"sports, person"
http://images.cocodataset.org/val2017/000000533536.jpg,A cat looking at a tv monitor on a desk,13,"electronic, animal"
http://images.cocodataset.org/val2017/000000533816.jpg,A couple of women standing on a tennis court around a man.,4,"sports, person"
http://images.cocodataset.org/val2017/000000533855.jpg,A white frosted donut with sprinkles and a jump rope with leather roping next to it.,19,food
http://images.cocodataset.org/val2017/000000533958.jpg,A plate with a green salad and an egg,32,kitchen
http://images.cocodataset.org/val2017/000000534041.jpg,a woman is feeding food to this small child,349,"food, kitchen, outdoor, accessory, person, furniture"
http://images.cocodataset.org/val2017/000000534270.jpg,A couple of people wearing umbrella hats next to the ocean.,196,"vehicle, accessory, person, animal"
http://images.cocodataset.org/val2017/000000534394.jpg,A herd of sheep moving up over a wall to a field from a sidewalk.,22,"vehicle, animal"
http://images.cocodataset.org/val2017/000000534601.jpg,A white stuffed teddy bear sleeping on top of a woman's bosom.,41,indoor
http://images.cocodataset.org/val2017/000000534605.jpg,A group of men stand next to their bicycles.,9,"vehicle, person"
http://images.cocodataset.org/val2017/000000534639.jpg,A public transit train at one of its stations.,3,"vehicle, outdoor"
http://images.cocodataset.org/val2017/000000534664.jpg,The luggage suitcases with tags on them are stacked near one another. ,86,accessory
http://images.cocodataset.org/val2017/000000534673.jpg,a public transit bus on a brick surface,9,"vehicle, person"
http://images.cocodataset.org/val2017/000000534827.jpg,Motorcyclists are riding down the street with each other.,36,"vehicle, accessory, person"
http://images.cocodataset.org/val2017/000000535094.jpg,Cow being fed a popsicle by a person over a fence.,35,"person, animal"
http://images.cocodataset.org/val2017/000000535156.jpg,An elephant scratching it's neck on a post.,1,animal
http://images.cocodataset.org/val2017/000000535253.jpg,A cart full of many types of different food.,408,"kitchen, indoor, food"
http://images.cocodataset.org/val2017/000000535306.jpg,A man is doing skateboard tricks on a ramp,4,"sports, person"
http://images.cocodataset.org/val2017/000000535523.jpg,A donuts machine making donuts in large batches.,104,"kitchen, person, furniture, food"
http://images.cocodataset.org/val2017/000000535578.jpg,A flock of sheep walking along a grassy hillside grazing.,1,animal
http://images.cocodataset.org/val2017/000000535608.jpg,people  lying in the sun on the beach,99,"accessory, person, furniture"
http://images.cocodataset.org/val2017/000000535858.jpg,A girl is getting ready to surf on a wave.,4,"sports, person"
http://images.cocodataset.org/val2017/000000536038.jpg,This girl is laying on the bed reading.,126,"person, furniture, indoor"
http://images.cocodataset.org/val2017/000000536073.jpg,"A blender, bottle, glass and cutting board with knife on a counter.",32,kitchen
http://images.cocodataset.org/val2017/000000536947.jpg,a dirty fridge standing in the middle of a patio ,409,"appliance, vehicle, kitchen, furniture"
http://images.cocodataset.org/val2017/000000537053.jpg,a giraffe in a field with trees in the background,1,animal
http://images.cocodataset.org/val2017/000000537153.jpg,Two people sitting on a bench looking out over the ocean ,75,"outdoor, person"
http://images.cocodataset.org/val2017/000000537241.jpg,A big thick tasty looking pastry with icing on it.,19,food
http://images.cocodataset.org/val2017/000000537270.jpg,Three students check their cell phones in a classroom.,60,"kitchen, electronic, person, furniture"
http://images.cocodataset.org/val2017/000000537355.jpg,A red fire hydrant with a building in the background.,52,outdoor
http://images.cocodataset.org/val2017/000000537506.jpg,The person holds a plate with two red apples near pedestrians holding umbrellas. ,232,"vehicle, accessory, person, food"
http://images.cocodataset.org/val2017/000000537672.jpg,A black refridgerator has several things hanging on it.,51,"appliance, furniture"
http://images.cocodataset.org/val2017/000000537802.jpg,Three teddy bears sit in a sled in fake snow.,41,indoor
http://images.cocodataset.org/val2017/000000537812.jpg,an orange bucket sitting on a stool in a bathroom,14,furniture
http://images.cocodataset.org/val2017/000000537827.jpg,Two baseball players standing in a field surrounded by a fence.,4,"sports, person"
http://images.cocodataset.org/val2017/000000537964.jpg,a black blue and red fire hydrant and some leaves and trees,52,outdoor
http://images.cocodataset.org/val2017/000000537991.jpg,A woman has headphones on and is holding two cell phones.,81,"electronic, person, furniture"
http://images.cocodataset.org/val2017/000000538067.jpg,there are many people that are sitting on top of a hill,4,"sports, person"
http://images.cocodataset.org/val2017/000000538236.jpg,There are pasteries with winnies inside of them on display for sale ,109,"accessory, person, food"
http://images.cocodataset.org/val2017/000000538364.jpg,a policeman on a motorcycle and some people crossing the street,15,"vehicle, outdoor, accessory, person"
http://images.cocodataset.org/val2017/000000538458.jpg,two people standing on a paved sidewalk with skateboards,179,"vehicle, outdoor, sports, person"
http://images.cocodataset.org/val2017/000000539143.jpg,"The blue, yellow, and purple train is running down the track.",12,vehicle
http://images.cocodataset.org/val2017/000000539445.jpg,A large red electrical passenger train riding down railroad tracks.,12,vehicle
http://images.cocodataset.org/val2017/000000539883.jpg,A big screen TV and a Wii gaming console on a rooftop.,410,"electronic, outdoor, person, indoor"
http://images.cocodataset.org/val2017/000000539962.jpg,A large blue swimming pool sitting next to a hotel surrounded by palm trees.,324,"accessory, sports, person, furniture"
http://images.cocodataset.org/val2017/000000540280.jpg,A digital camera beside an umbrella type photography lighting equipment,271,"accessory, indoor"
http://images.cocodataset.org/val2017/000000540414.jpg,The people are sitting and standing at the event in the street.,187,"vehicle, kitchen, accessory, person"
http://images.cocodataset.org/val2017/000000540466.jpg,A person standing with umbrella in front of wall.,17,"accessory, person"
http://images.cocodataset.org/val2017/000000540502.jpg,a kitchen with a refrigerator a counter and a sink,165,"food, indoor, kitchen, appliance, furniture"
http://images.cocodataset.org/val2017/000000540928.jpg,A rocking chair with a cat walking past.,48,"furniture, animal"
http://images.cocodataset.org/val2017/000000540932.jpg,"Beach scene with walkers on beach, boaters and swimmers.",4,"sports, person"
http://images.cocodataset.org/val2017/000000540962.jpg,A living room has white furniture and fire place.,28,"electronic, furniture"
http://images.cocodataset.org/val2017/000000541055.jpg,A group of young people standing on top of a snow covered slope.,24,"accessory, sports, person"
http://images.cocodataset.org/val2017/000000541123.jpg,four tennis players with rackets on a court,54,"sports, person, furniture"
http://images.cocodataset.org/val2017/000000541291.jpg,A couple of sinks and soap dispensers hang from a wall.,5,appliance
http://images.cocodataset.org/val2017/000000541634.jpg,"A bowl of Asian Cuisine with beef, noodles and broccoli.",16,"kitchen, furniture, food"
http://images.cocodataset.org/val2017/000000541664.jpg,Leggo people positioned near and on a keyboard.,11,electronic
http://images.cocodataset.org/val2017/000000541773.jpg,A young man pouring glasses of wine in a kitchen,18,"kitchen, person, furniture"
http://images.cocodataset.org/val2017/000000541952.jpg,A large clock tower on top of a church building.,41,indoor
http://images.cocodataset.org/val2017/000000542089.jpg,A bathroom with a tub on the side and a large bowl sink under a large bathroom mirror.,5,appliance
http://images.cocodataset.org/val2017/000000542127.jpg,THIS IS A PHOTO OF PEOPLE WATCHING A SKI COMPETITION,4,"sports, person"
http://images.cocodataset.org/val2017/000000542423.jpg,A woman is sitting on a bench in the grass.,15,"vehicle, outdoor, accessory, person"
http://images.cocodataset.org/val2017/000000542625.jpg,a black bird is sitting on a parking meter and some cars,151,"vehicle, outdoor, animal"
http://images.cocodataset.org/val2017/000000542776.jpg,A little finch that landed on the edge of a book. ,150,"indoor, person, furniture, animal"
http://images.cocodataset.org/val2017/000000542856.jpg,A city bus carrying ads featuring women coming to town.,46,"vehicle, outdoor, person"
http://images.cocodataset.org/val2017/000000543043.jpg,A car sits next to a bus with things in front of it.,12,vehicle
http://images.cocodataset.org/val2017/000000543047.jpg,"Living area with purple couches, looking into the dining area.",391,"indoor, kitchen, appliance, accessory, furniture"
http://images.cocodataset.org/val2017/000000543300.jpg,A large white boat in the open water.,12,vehicle
http://images.cocodataset.org/val2017/000000543528.jpg,An airplane flying high in the sky ,12,vehicle
http://images.cocodataset.org/val2017/000000543581.jpg,a dog on a couch in a living room ,308,"electronic, indoor, kitchen, animal, furniture"
http://images.cocodataset.org/val2017/000000544052.jpg,small toys riding skate boards on a street,38,sports
http://images.cocodataset.org/val2017/000000544306.jpg,A clock tower with a large steeple with overcast.,41,indoor
http://images.cocodataset.org/val2017/000000544444.jpg,A man wearing black skiing down a slope.,4,"sports, person"
http://images.cocodataset.org/val2017/000000544519.jpg,A young girl who is brushing her teeth with a toothbrush.,132,"person, indoor"
http://images.cocodataset.org/val2017/000000544565.jpg,There is no image here to provide a caption for.,16,"kitchen, furniture, food"
http://images.cocodataset.org/val2017/000000544605.jpg,A street sign is pictured against a cement wall.,52,outdoor
http://images.cocodataset.org/val2017/000000544811.jpg,Two birds flying in the sky over a lake,1,animal
http://images.cocodataset.org/val2017/000000545007.jpg,a statue is standing on top of a clock on a pole,132,"person, indoor"
http://images.cocodataset.org/val2017/000000545100.jpg,A business man photographs a city with his cell phone.,411,"vehicle, electronic, outdoor, person"
http://images.cocodataset.org/val2017/000000545129.jpg,Three zebras standing in a sandy desert area.,1,animal
http://images.cocodataset.org/val2017/000000545219.jpg,A double decker bus with neon lights at night.,36,"vehicle, accessory, person"
http://images.cocodataset.org/val2017/000000545407.jpg,An airplane is flying through clear blue sky.,12,vehicle
http://images.cocodataset.org/val2017/000000545594.jpg,A man holding on to a pole on a bus.,17,"accessory, person"
http://images.cocodataset.org/val2017/000000545730.jpg,a herd of zebras crossing a shallow part of a river,1,animal
http://images.cocodataset.org/val2017/000000545826.jpg,A cat on a stool with something on its head,48,"furniture, animal"
http://images.cocodataset.org/val2017/000000545958.jpg,The cow is positioned next to the wall. ,1,animal
http://images.cocodataset.org/val2017/000000546011.jpg,A few zebras are standing near tall grass.,1,animal
http://images.cocodataset.org/val2017/000000546219.jpg,The people are gathered at the table for dinner.,27,"kitchen, accessory, person, furniture"
http://images.cocodataset.org/val2017/000000546325.jpg,"A couch by a coffee table, remote controller and fan.",28,"electronic, furniture"
http://images.cocodataset.org/val2017/000000546475.jpg,A man holding a baby while standing in front of a mirror.,30,"electronic, person"
http://images.cocodataset.org/val2017/000000546556.jpg,a field that has some sheep in it,1,animal
http://images.cocodataset.org/val2017/000000546626.jpg,"A cellphone, piece of fruit and cup are on the table.",299,"kitchen, electronic, furniture"
http://images.cocodataset.org/val2017/000000546659.jpg,A locomotive train carrying carts down a track.,9,"vehicle, person"
http://images.cocodataset.org/val2017/000000546717.jpg,A woman sitting on sofa with a laptop in front of her.,60,"kitchen, electronic, person, furniture"
http://images.cocodataset.org/val2017/000000546823.jpg,The city is very busy today with foot traffic. ,196,"vehicle, accessory, person, animal"
http://images.cocodataset.org/val2017/000000546826.jpg,A close up of a red pair of scissors and a green sharpie marker. ,41,indoor
http://images.cocodataset.org/val2017/000000546829.jpg,A little white dog is standing on a bench.,131,"outdoor, animal"
http://images.cocodataset.org/val2017/000000546964.jpg,A room filled with furniture and very large rugs.,202,"accessory, person, furniture, indoor"
http://images.cocodataset.org/val2017/000000546976.jpg,A man sticks out his tongue while sitting on a motorcycle.,304,"kitchen, vehicle, person"
http://images.cocodataset.org/val2017/000000547144.jpg,There are two desktop computer and one laptop on the desk.,11,electronic
http://images.cocodataset.org/val2017/000000547336.jpg,There is a woman sitting down with a notepad in her hand.,412,"electronic, indoor, kitchen, outdoor, accessory, person"
http://images.cocodataset.org/val2017/000000547383.jpg,Two sheep sit in a field and look towards the camera. ,1,animal
http://images.cocodataset.org/val2017/000000547502.jpg,Four dogs playing together with a Frisbee in a large field.,53,"sports, animal"
http://images.cocodataset.org/val2017/000000547519.jpg,A brown bear walking across a forest surrounded by trees..,1,animal
http://images.cocodataset.org/val2017/000000547816.jpg,a tub and toilet in a small bathroom,110,"appliance, kitchen, furniture"
http://images.cocodataset.org/val2017/000000547854.jpg,a child at a table with a plate of pizza,78,"person, furniture, food"
http://images.cocodataset.org/val2017/000000547886.jpg,Four people mounted on horses riding on the beach.,35,"person, animal"
http://images.cocodataset.org/val2017/000000548246.jpg,some people standing on a court with a racket ,4,"sports, person"
http://images.cocodataset.org/val2017/000000548267.jpg,A grassy pasture with a herd of sheep with mountains in the background.,1,animal
http://images.cocodataset.org/val2017/000000548339.jpg,The boy is trying to hit the baseball during the game. ,413,"sports, kitchen, outdoor, accessory, person"
http://images.cocodataset.org/val2017/000000548506.jpg,A close up shot of some apples pears and bananas on a table.,19,food
http://images.cocodataset.org/val2017/000000548524.jpg,A lone surfer is on the water riding the waves.,4,"sports, person"
http://images.cocodataset.org/val2017/000000548555.jpg,A person holding a chili hot dog on a napkin.,43,"person, food"
http://images.cocodataset.org/val2017/000000548780.jpg,Two sexy young women sitting on a metal bench in front of flowers.,221,"animal, outdoor, accessory, person, furniture"
http://images.cocodataset.org/val2017/000000549055.jpg,A man riding a wave on top of a surfboard.,4,"sports, person"
http://images.cocodataset.org/val2017/000000549136.jpg,A chain link fence is overgrown with vines.,41,indoor
http://images.cocodataset.org/val2017/000000549167.jpg,A plate that has food inside of it.,58,"furniture, food"
http://images.cocodataset.org/val2017/000000549220.jpg,a close up of a dog riding a skate board ,414,"sports, indoor, animal, outdoor, person"
http://images.cocodataset.org/val2017/000000549390.jpg,The woman is riding a bike in a dress.,36,"vehicle, accessory, person"
http://images.cocodataset.org/val2017/000000549674.jpg,Computer with two screens showing both screens and the keyboard.,71,"electronic, kitchen"
http://images.cocodataset.org/val2017/000000549738.jpg,"A large, colorful kite flown over an urban area.",67,"vehicle, sports, person"
http://images.cocodataset.org/val2017/000000549930.jpg,A man and woman that is under an umbrella.,17,"accessory, person"
http://images.cocodataset.org/val2017/000000550084.jpg,A green sign says Thruway one fourth mile.,12,vehicle
http://images.cocodataset.org/val2017/000000550322.jpg,Scissors and other utensils in a cup sitting on a desk. ,40,"kitchen, furniture, indoor"
http://images.cocodataset.org/val2017/000000550349.jpg,People stand on the sidewalk waiting for the bus to come. ,15,"vehicle, outdoor, accessory, person"
http://images.cocodataset.org/val2017/000000550426.jpg,A vase is filled with a bouquet of tulips. ,41,indoor
http://images.cocodataset.org/val2017/000000550471.jpg,A slice of orange laying on a mostly clean plate.,10,"kitchen, food"
http://images.cocodataset.org/val2017/000000550691.jpg,A double decker bus is going down a street.,36,"vehicle, accessory, person"
http://images.cocodataset.org/val2017/000000550714.jpg,A little child offering a bite of a banana.,43,"person, food"
http://images.cocodataset.org/val2017/000000550797.jpg,A blue toilet has the lid down in a bathroom.,14,furniture
http://images.cocodataset.org/val2017/000000551215.jpg,a woman running across a tennis court  so she can hit the pall ,4,"sports, person"
http://images.cocodataset.org/val2017/000000551304.jpg,A well decorated toilet seat with undecorated surroundings.,14,furniture
http://images.cocodataset.org/val2017/000000551350.jpg,A picnic table sitting next to a tree.,227,"outdoor, furniture"
http://images.cocodataset.org/val2017/000000551439.jpg,A woman smiles from behind the book she has been reading.,126,"person, furniture, indoor"
http://images.cocodataset.org/val2017/000000551660.jpg,A bowl of broccoli and apples with a utensil.,10,"kitchen, food"
http://images.cocodataset.org/val2017/000000551780.jpg,a big clock sits on the side of a building ,189,"kitchen, indoor"
http://images.cocodataset.org/val2017/000000551794.jpg,A man sitting on his motorcycle on dirt just of a paved road.,36,"vehicle, accessory, person"
http://images.cocodataset.org/val2017/000000551804.jpg,A woman in a short skirt playing tennis.,4,"sports, person"
http://images.cocodataset.org/val2017/000000551815.jpg,Two cats lay together on a blanket. ,48,"furniture, animal"
http://images.cocodataset.org/val2017/000000551820.jpg,Men and women playing tennis vehemently on tennis court,4,"sports, person"
http://images.cocodataset.org/val2017/000000551822.jpg,A picture of two halves of a sub with sauce and two drinks. ,16,"kitchen, furniture, food"
http://images.cocodataset.org/val2017/000000552371.jpg,"Two horses stand outside in their corral, with mountains in the background.",1,animal
http://images.cocodataset.org/val2017/000000552612.jpg,A bunch of sheep eating grass next to the forest. ,1,animal
http://images.cocodataset.org/val2017/000000552775.jpg,The man is close to an oven full of cookies that are being prepared.,85,"appliance, kitchen, person"
http://images.cocodataset.org/val2017/000000552842.jpg,A baseball pitcher throwing a baseball during a baseball game.,4,"sports, person"
http://images.cocodataset.org/val2017/000000552883.jpg,a kitchen with wooden cabinets a sink and a dish washer,5,appliance
http://images.cocodataset.org/val2017/000000552902.jpg,a zebra grazes on some green grass next to some trees ,1,animal
http://images.cocodataset.org/val2017/000000553094.jpg,Fighter Jet with afterburners on flying almost vertically.,12,vehicle
http://images.cocodataset.org/val2017/000000553221.jpg,A group of people enjoying the water with sails.,4,"sports, person"
http://images.cocodataset.org/val2017/000000553339.jpg,Tree green lined roadway on a misty day.,3,"vehicle, outdoor"
http://images.cocodataset.org/val2017/000000553511.jpg,"a street with some signs, cars, and some tall buildings ",46,"vehicle, outdoor, person"
http://images.cocodataset.org/val2017/000000553664.jpg,"A macbook laptop next to a phone, backpack, and various books. ",123,"electronic, indoor"
http://images.cocodataset.org/val2017/000000553669.jpg,People sitting on a park bench watching cars go by.,415,"electronic, vehicle, outdoor, person"
http://images.cocodataset.org/val2017/000000553731.jpg,Mandor stuff is a clown holding his cell phone up to his face. ,30,"electronic, person"
http://images.cocodataset.org/val2017/000000553776.jpg,A man rides a large motorcycle on a freeway.,9,"vehicle, person"
http://images.cocodataset.org/val2017/000000553788.jpg,A person laying on a bed in front of a laptop.,81,"electronic, person, furniture"
http://images.cocodataset.org/val2017/000000553990.jpg,A woman is riding a horse as it jumps over a bar.,35,"person, animal"
http://images.cocodataset.org/val2017/000000554002.jpg,The black terrier stands about knee high to the group of people near him.,158,"accessory, person, furniture, animal"
http://images.cocodataset.org/val2017/000000554156.jpg,A man on a court with a tennis racket.,4,"sports, person"
http://images.cocodataset.org/val2017/000000554266.jpg,a bunch of stuff in a home living room,107,"person, furniture"
http://images.cocodataset.org/val2017/000000554291.jpg,A kitten climbing out of a blue bowl.,416,"kitchen, electronic, furniture, animal"
http://images.cocodataset.org/val2017/000000554328.jpg,Two old time baseball players talk to a man.,4,"sports, person"
http://images.cocodataset.org/val2017/000000554579.jpg,Three women wearing long dresses standing behind a dog.,348,"indoor, accessory, person, animal"
http://images.cocodataset.org/val2017/000000554595.jpg,a close up of a person sitting on a beach next to a surf board,4,"sports, person"
http://images.cocodataset.org/val2017/000000554735.jpg,The hand of a person picking up the last two pieces of pizza.,43,"person, food"
http://images.cocodataset.org/val2017/000000554838.jpg,I do not know what this is supposed to be..,96,"appliance, kitchen"
http://images.cocodataset.org/val2017/000000555005.jpg,Large dog laying down on a blanket next to a table. ,152,"indoor, furniture, animal"
http://images.cocodataset.org/val2017/000000555009.jpg,A laptop computer sitting on top of a desk.,71,"electronic, kitchen"
http://images.cocodataset.org/val2017/000000555012.jpg,The roll of toilet paper beside the toilet is empty. ,14,furniture
http://images.cocodataset.org/val2017/000000555050.jpg,A car in front of a furniture shop with a cow.,417,"animal, vehicle, outdoor, person, furniture"
http://images.cocodataset.org/val2017/000000555412.jpg,A pizza with bacon bits and spinach leaves on it.,19,food
http://images.cocodataset.org/val2017/000000555597.jpg,We are looking at an old photo of a city street.,46,"vehicle, outdoor, person"
http://images.cocodataset.org/val2017/000000555705.jpg,Two cats are sitting on a pair of shoes outdoors.,1,animal
http://images.cocodataset.org/val2017/000000555972.jpg,"Two large, purple flowers are in a large vase.",2,"furniture, indoor"
http://images.cocodataset.org/val2017/000000556000.jpg,A bunch of kids in a living room playing something.,141,"electronic, person, furniture, indoor"
http://images.cocodataset.org/val2017/000000556158.jpg,A man on cross country skis at the edge of a trail.,4,"sports, person"
http://images.cocodataset.org/val2017/000000556193.jpg,Two men both working on the same computer screen.,30,"electronic, person"
http://images.cocodataset.org/val2017/000000556765.jpg,An elephant with red on it's face in the water. ,1,animal
http://images.cocodataset.org/val2017/000000556873.jpg,a white cake is by a bunch of flowers,19,food
http://images.cocodataset.org/val2017/000000557172.jpg,"A bathroom with a sink, tub, shower head and mirror.",110,"appliance, kitchen, furniture"
http://images.cocodataset.org/val2017/000000557258.jpg,A white toilet sitting in a bathroom next to a tiled wall.,14,furniture
http://images.cocodataset.org/val2017/000000557501.jpg,A bathroom is very colorful with blue yellow and red.,5,appliance
http://images.cocodataset.org/val2017/000000557672.jpg,It's important to protect a baby from the sun.,17,"accessory, person"
http://images.cocodataset.org/val2017/000000557884.jpg,A plant hanging from a rack on a white wall.,41,indoor
http://images.cocodataset.org/val2017/000000557916.jpg,A little girl sitting on a bed with a teddy bear.,126,"person, furniture, indoor"
http://images.cocodataset.org/val2017/000000558073.jpg,Cat messing around in the white bathtub. ,1,animal
http://images.cocodataset.org/val2017/000000558114.jpg,Basketball players walking on court with coach in wearing dark suit.,50,"electronic, kitchen, accessory, person, furniture"
http://images.cocodataset.org/val2017/000000558213.jpg,A skateboarder doing a trick in a yard surrounded by a chain fence.,67,"vehicle, sports, person"
http://images.cocodataset.org/val2017/000000558421.jpg,A train filled with passengers traveling down railroad tracks.,103,"vehicle, person, animal"
http://images.cocodataset.org/val2017/000000558558.jpg,A traffic light on a street in a dark city.,3,"vehicle, outdoor"
http://images.cocodataset.org/val2017/000000558854.jpg,A variety of food on a table with a few drinks. ,104,"kitchen, person, furniture, food"
http://images.cocodataset.org/val2017/000000559099.jpg,there are many cows walking around the grass,1,animal
http://images.cocodataset.org/val2017/000000559160.jpg,Teenager returning with skateboard after skate run at the skate park.,59,"outdoor, sports, person"
http://images.cocodataset.org/val2017/000000559348.jpg,A baseball player at bat during a baseball game.,4,"sports, person"
http://images.cocodataset.org/val2017/000000559513.jpg,"A blue plate holding food that includes shrimp, fries and greens.",20,"kitchen, furniture"
http://images.cocodataset.org/val2017/000000559543.jpg,A young girl with a video game controller in her hand.,141,"electronic, person, furniture, indoor"
http://images.cocodataset.org/val2017/000000559547.jpg,a black and white photo of three people standing ,4,"sports, person"
http://images.cocodataset.org/val2017/000000559707.jpg,a close up of a plate of food with broccoli,10,"kitchen, food"
http://images.cocodataset.org/val2017/000000559842.jpg,boys wearing red shirts running around after a soccer ball,167,"kitchen, sports, person, furniture"
http://images.cocodataset.org/val2017/000000559956.jpg,A group of people kneeling down beside some sheep.,344,"kitchen, accessory, person, animal"
http://images.cocodataset.org/val2017/000000560011.jpg,A black mouse with blue light-up parts is next to a gray keyboard.,71,"electronic, kitchen"
http://images.cocodataset.org/val2017/000000560178.jpg,Hand showing vegetable that has being chewed near garden area.,43,"person, food"
http://images.cocodataset.org/val2017/000000560256.jpg,"Assorted vegetables are displayed at a fruit stand including bananas, oranges, apples, and cherries.",19,food
http://images.cocodataset.org/val2017/000000560266.jpg,Two adult bears play fight in the water.,1,animal
http://images.cocodataset.org/val2017/000000560279.jpg,White toilet in a small tiled room rainbows on toilet,20,"kitchen, furniture"
http://images.cocodataset.org/val2017/000000560312.jpg,An indoor station has a television on the wall.,28,"electronic, furniture"
http://images.cocodataset.org/val2017/000000560474.jpg,a wax head is looking out of a car window,29,"vehicle, accessory, person, indoor"
http://images.cocodataset.org/val2017/000000560880.jpg,A black and white photo of a man working a field with a team of horses.,35,"person, animal"
http://images.cocodataset.org/val2017/000000560911.jpg,A man sitting on a couch with a cell phone. ,34,"electronic, accessory, person, furniture"
http://images.cocodataset.org/val2017/000000561009.jpg,A bird sits perched on a tree branch.,1,animal
http://images.cocodataset.org/val2017/000000561223.jpg,A surfer wearing red and black shorts rides a white surf board.,4,"sports, person"
http://images.cocodataset.org/val2017/000000561256.jpg,A woman wearing a hat & pink top takes a selfie in front of a bathroom mirror.,139,"appliance, person"
http://images.cocodataset.org/val2017/000000561335.jpg,"Two small green boats on a platform in the woods.
",12,vehicle
http://images.cocodataset.org/val2017/000000561366.jpg,a table with a calculator and phone siting on it,11,electronic
http://images.cocodataset.org/val2017/000000561465.jpg,The table has meat and donuts sitting on it.,58,"furniture, food"
http://images.cocodataset.org/val2017/000000561679.jpg,A residential street has an orange no parking sign near a sidewalk.,12,vehicle
http://images.cocodataset.org/val2017/000000561889.jpg,there is a blue plate with lots of different foods on it,10,"kitchen, food"
http://images.cocodataset.org/val2017/000000561958.jpg,A group of people including small children wearing ski equipment standing in the snow.,4,"sports, person"
http://images.cocodataset.org/val2017/000000562059.jpg,A bowl of food is sitting next to fresh apples.,16,"kitchen, furniture, food"
http://images.cocodataset.org/val2017/000000562121.jpg,Two zebras in a jungle area fighting in a dirt area.,1,animal
http://images.cocodataset.org/val2017/000000562197.jpg,Different types of foods and vegetables side by side.,19,food
http://images.cocodataset.org/val2017/000000562207.jpg,Three tourists pose for a picture next to an elephant.,148,"kitchen, person, animal"
http://images.cocodataset.org/val2017/000000562229.jpg,Young boy on skateboard riding near circular drive.,4,"sports, person"
http://images.cocodataset.org/val2017/000000562243.jpg,"A guy wearing glasses, a red shirt and a tie.",17,"accessory, person"
http://images.cocodataset.org/val2017/000000562443.jpg,A group of zebras eating in a n enclosure,1,animal
http://images.cocodataset.org/val2017/000000562448.jpg,VERY BLURRY PHOTO OF A BUS SPEEDING THROUGH A TUNNEL,9,"vehicle, person"
http://images.cocodataset.org/val2017/000000562561.jpg,Two dogs in the backyard with blowup toys.,140,"accessory, animal"
http://images.cocodataset.org/val2017/000000562581.jpg,A person is ready to hit a tennis ball on a tennis court.,4,"sports, person"
http://images.cocodataset.org/val2017/000000562818.jpg,a couple of people skiing on a snowy slope of ground,24,"accessory, sports, person"
http://images.cocodataset.org/val2017/000000562843.jpg,A cellphone and scissors are next to a coffee mug.,153,"electronic, kitchen, indoor"
http://images.cocodataset.org/val2017/000000563267.jpg,Two young men standing around a table in front of a chalk board.,218,"electronic, person, kitchen, furniture"
http://images.cocodataset.org/val2017/000000563281.jpg,A little boy standing in a room next to a chicken sculpture.,132,"person, indoor"
http://images.cocodataset.org/val2017/000000563349.jpg,A snowboarder is flying in the air over snow.,4,"sports, person"
http://images.cocodataset.org/val2017/000000563470.jpg,A woman resting her head on top of a baseball bat.,54,"sports, person, furniture"
http://images.cocodataset.org/val2017/000000563603.jpg,The four giraffes are standing next to a tree. ,1,animal
http://images.cocodataset.org/val2017/000000563604.jpg,A sign outside of a closed road redirecting traffic,36,"vehicle, accessory, person"
http://images.cocodataset.org/val2017/000000563648.jpg,A young male skateboarder is high in the air.,4,"sports, person"
http://images.cocodataset.org/val2017/000000563653.jpg,A large shadow is cast upon a busy street,15,"vehicle, outdoor, accessory, person"
http://images.cocodataset.org/val2017/000000563702.jpg,three fire trucks parked outside a residential area,9,"vehicle, person"
http://images.cocodataset.org/val2017/000000563758.jpg,A stuffed bear with no mouth wearing a red handkerchief.,41,indoor
http://images.cocodataset.org/val2017/000000563882.jpg,people in a meeting and a lady with a very nice phone,81,"electronic, person, furniture"
http://images.cocodataset.org/val2017/000000564023.jpg,a low toilet some hand rails and toilet paper,14,furniture
http://images.cocodataset.org/val2017/000000564091.jpg,woman talking on cell phone while doing arts and crafts.,418,"electronic, kitchen, accessory, person"
http://images.cocodataset.org/val2017/000000564127.jpg,A white toilet with a black seat on top of a tiled floor.,14,furniture
http://images.cocodataset.org/val2017/000000564133.jpg,A herd of elephants are marching triumphantly through a field.,1,animal
http://images.cocodataset.org/val2017/000000564280.jpg,A dog laying on the couch next to remotes.,66,"electronic, furniture, animal"
http://images.cocodataset.org/val2017/000000564336.jpg,A man sitting in front of a laptop computer.,419,"electronic, kitchen, vehicle, outdoor, person, furniture"
http://images.cocodataset.org/val2017/000000565012.jpg,a digitally manipulated image of cars on a highway at night in the city,3,"vehicle, outdoor"
http://images.cocodataset.org/val2017/000000565045.jpg,A shower in a person's bathroom in their home.,43,"person, food"
http://images.cocodataset.org/val2017/000000565153.jpg,a sidewalk with grass and signs next to it,52,outdoor
http://images.cocodataset.org/val2017/000000565391.jpg,A jeep with a dead bird on the windshield.,22,"vehicle, animal"
http://images.cocodataset.org/val2017/000000565469.jpg,A tall lighted clock on top of a brick tower,41,indoor
http://images.cocodataset.org/val2017/000000565563.jpg,a sidewalk and cars parked on the street,42,"vehicle, person, furniture"
http://images.cocodataset.org/val2017/000000565597.jpg,"A pizza sitting on a table, with a couple slices on it.",58,"furniture, food"
http://images.cocodataset.org/val2017/000000565607.jpg,A yellow and green fire hydrant in a bed of colorful flowers.,227,"outdoor, furniture"
http://images.cocodataset.org/val2017/000000565624.jpg,Two elephants walking around inside of a grassy enclosure.,1,animal
http://images.cocodataset.org/val2017/000000565776.jpg,A kitchen with a center white island topped with a bowl of greens.,165,"food, indoor, kitchen, appliance, furniture"
http://images.cocodataset.org/val2017/000000565778.jpg,A train going back to its coarse filled with people.,46,"vehicle, outdoor, person"
http://images.cocodataset.org/val2017/000000565853.jpg,A young man standing in front of a flat screen TV.,50,"electronic, kitchen, accessory, person, furniture"
http://images.cocodataset.org/val2017/000000565877.jpg,A girl wearing a hat sits with her laptop.,141,"electronic, person, furniture, indoor"
http://images.cocodataset.org/val2017/000000565962.jpg,A cat looking inside of a window at a statue of Buddha.,35,"person, animal"
http://images.cocodataset.org/val2017/000000565989.jpg,a very tall building with sculpture and a clock,330,"animal, indoor"
http://images.cocodataset.org/val2017/000000566042.jpg, A small pack of giraffes are looking in to the distance.,1,animal
http://images.cocodataset.org/val2017/000000566282.jpg,A couple of guys are playing ball on a side walk.,157,"sports, vehicle, accessory, person"
http://images.cocodataset.org/val2017/000000566436.jpg,Some one who is sitting on the back of a park bench. ,75,"outdoor, person"
http://images.cocodataset.org/val2017/000000566524.jpg,A couple of people that are standing near a train.,9,"vehicle, person"
http://images.cocodataset.org/val2017/000000566758.jpg,The yellow school bus has stopped at the bus stop.,12,vehicle
http://images.cocodataset.org/val2017/000000566923.jpg,A man that is covered in liquid near a hydrant.,172,"outdoor, accessory, person"
http://images.cocodataset.org/val2017/000000567011.jpg,A person in a wetsuit riding a wave on a surfboard.,4,"sports, person"
http://images.cocodataset.org/val2017/000000567197.jpg,Trucks are parked outside of a market building.,9,"vehicle, person"
http://images.cocodataset.org/val2017/000000567432.jpg,A red airplane jet flies over power lines in an empty sky.,12,vehicle
http://images.cocodataset.org/val2017/000000567640.jpg,The boys are playing soccer and they are running the ball ,67,"vehicle, sports, person"
http://images.cocodataset.org/val2017/000000567740.jpg,Two people wearing skis on a snowy slope.,24,"accessory, sports, person"
http://images.cocodataset.org/val2017/000000567825.jpg,A gourmet hamburger with a beverage behind it.,10,"kitchen, food"
http://images.cocodataset.org/val2017/000000567886.jpg,A person sits on the floor beside flip flops and a teddy bear.,132,"person, indoor"
http://images.cocodataset.org/val2017/000000567898.jpg,Three pans filled with different types of food.,10,"kitchen, food"
http://images.cocodataset.org/val2017/000000568147.jpg,A parking meter with a note attached to it.,46,"vehicle, outdoor, person"
http://images.cocodataset.org/val2017/000000568195.jpg,Two woman and a man pose for a picture while one woman cuts a cake,79,"food, indoor, kitchen, person, furniture"
http://images.cocodataset.org/val2017/000000568213.jpg,Two men playing frisbee together on a field,4,"sports, person"
http://images.cocodataset.org/val2017/000000568290.jpg,a double bus driving on a city  street,9,"vehicle, person"
http://images.cocodataset.org/val2017/000000568439.jpg,Two double-decker buses going in opposite directions on a road.,36,"vehicle, accessory, person"
http://images.cocodataset.org/val2017/000000568584.jpg,A double exposure of a man sitting in a chair in a dimly lit room.,126,"person, furniture, indoor"
http://images.cocodataset.org/val2017/000000568690.jpg,A cat sits on top of a toilet bowl.,48,"furniture, animal"
http://images.cocodataset.org/val2017/000000568710.jpg,A broom is hanging on the wall of a house.,420,"appliance, person, furniture, indoor"
http://images.cocodataset.org/val2017/000000568814.jpg,Man with beard folding arms with tie over shoulder.,99,"accessory, person, furniture"
http://images.cocodataset.org/val2017/000000568981.jpg,A man taking a photograph of skate boarders in the rain,24,"accessory, sports, person"
http://images.cocodataset.org/val2017/000000569030.jpg,A woman is standing at a crosswalk at a traffic intersection.,15,"vehicle, outdoor, accessory, person"
http://images.cocodataset.org/val2017/000000569059.jpg,A wooden desk sitting in a living room with a monitor on top of it.,81,"electronic, person, furniture"
http://images.cocodataset.org/val2017/000000569273.jpg,A fire hydrant is near people viewing a canyon. ,75,"outdoor, person"
http://images.cocodataset.org/val2017/000000569565.jpg,Two large trucks are travelling along a tree-lined roadway.,12,vehicle
http://images.cocodataset.org/val2017/000000569700.jpg,A vase sitting next to a mirror filled with flowers,2,"furniture, indoor"
http://images.cocodataset.org/val2017/000000569825.jpg,A player in a baseball uniform on the field.,4,"sports, person"
http://images.cocodataset.org/val2017/000000569917.jpg,THERE IS A BATHROOM WITH A SINK AND A MIRROR ,124,"appliance, kitchen, furniture, indoor"
http://images.cocodataset.org/val2017/000000569972.jpg,A para sailor with his board with sail in the surf.,4,"sports, person"
http://images.cocodataset.org/val2017/000000569976.jpg,Small child getting her hair dried with a man standing behind her. ,126,"person, furniture, indoor"
http://images.cocodataset.org/val2017/000000570169.jpg,a stuffed bear is sitting with a toy,41,indoor
http://images.cocodataset.org/val2017/000000570448.jpg,Shot of a person in a wooden boat on the shore of a beach.,9,"vehicle, person"
http://images.cocodataset.org/val2017/000000570456.jpg,This is what your ceiling fan thinks your house looks like.,124,"appliance, kitchen, furniture, indoor"
http://images.cocodataset.org/val2017/000000570471.jpg,A man is cutting into a cake as someone hugs him.,104,"kitchen, person, furniture, food"
http://images.cocodataset.org/val2017/000000570539.jpg,A man looking out the window of a bus,36,"vehicle, accessory, person"
http://images.cocodataset.org/val2017/000000570664.jpg,A couple of cats sitting on top of a counter.,35,"person, animal"
http://images.cocodataset.org/val2017/000000570688.jpg,a large gathering of people flying their kites ,67,"vehicle, sports, person"
http://images.cocodataset.org/val2017/000000570736.jpg,A small bathroom is featured in this photo.,51,"appliance, furniture"
http://images.cocodataset.org/val2017/000000570756.jpg,A group of people flying kites at the beach,4,"sports, person"
http://images.cocodataset.org/val2017/000000570782.jpg,Three computers without screens sit on a desk.,71,"electronic, kitchen"
http://images.cocodataset.org/val2017/000000570834.jpg,a white and silver subway train filled with several bicycles,9,"vehicle, person"
http://images.cocodataset.org/val2017/000000571008.jpg,some road signs showing the instructions on the road,52,outdoor
http://images.cocodataset.org/val2017/000000571264.jpg,A man stands by a motorcycle on the side of the road.,9,"vehicle, person"
http://images.cocodataset.org/val2017/000000571313.jpg,A small fridge in a efficiency hotel room,280,"appliance, electronic, furniture"
http://images.cocodataset.org/val2017/000000571598.jpg,Three men holding WiiMotes at a trade show.,55,"electronic, accessory, person"
http://images.cocodataset.org/val2017/000000571718.jpg,A man looks at a cart full of bananas.,78,"person, furniture, food"
http://images.cocodataset.org/val2017/000000571804.jpg,Ten porcelain pieces with floral patterns painted on them.,124,"appliance, kitchen, furniture, indoor"
http://images.cocodataset.org/val2017/000000571857.jpg,A couple of people sitting in chairs behind an airplane.,421,"kitchen, vehicle, person, furniture"
http://images.cocodataset.org/val2017/000000571893.jpg,A kitchen countertop and some books on a shelf.,223,"appliance, indoor"
http://images.cocodataset.org/val2017/000000571943.jpg,A traffic light on a metal pole by a tree.,52,outdoor
http://images.cocodataset.org/val2017/000000572303.jpg,This is a train on the tracks that is filled with doors for houses. ,12,vehicle
http://images.cocodataset.org/val2017/000000572388.jpg,A black cat licks some sugared doughnut holes.,422,"animal, food"
http://images.cocodataset.org/val2017/000000572408.jpg,A calf laying in front of a cow.,1,animal
http://images.cocodataset.org/val2017/000000572462.jpg,An outside view of a subway car and an inside view of people standing in a subway car,423,"kitchen, vehicle, outdoor, accessory, person"
http://images.cocodataset.org/val2017/000000572517.jpg,a polar bear following a big winged bird,1,animal
http://images.cocodataset.org/val2017/000000572555.jpg,A yellow and red train stopped at a station.,3,"vehicle, outdoor"
http://images.cocodataset.org/val2017/000000572620.jpg,A man riding a skateboard on top of a ramp.,31,"kitchen, sports, person"
http://images.cocodataset.org/val2017/000000572678.jpg,A white decorated living room with a set dining room table. ,40,"kitchen, furniture, indoor"
http://images.cocodataset.org/val2017/000000572900.jpg,a man throwing a Frisbee in front of a building,424,"sports, person, furniture, food"
http://images.cocodataset.org/val2017/000000572956.jpg,Several motorcycles are lined up on a sidewalk ,12,vehicle
http://images.cocodataset.org/val2017/000000573008.jpg,A large clock and sign amongst a city skyline waterfront.,41,indoor
http://images.cocodataset.org/val2017/000000573094.jpg,A Christmas tree is lit up in a house window.,425,"vehicle, electronic, furniture, indoor"
http://images.cocodataset.org/val2017/000000573258.jpg,a person riding skis on a snowy slope,6,"sports, accessory, person"
http://images.cocodataset.org/val2017/000000573391.jpg,A bear is walking on an unpaved path in a wilderness area.,1,animal
http://images.cocodataset.org/val2017/000000573626.jpg,Two large animals walking on rocks along the side of river. ,1,animal
http://images.cocodataset.org/val2017/000000573943.jpg,"Yellow, white and blue trucks are parked in a parking lot.",12,vehicle
http://images.cocodataset.org/val2017/000000574297.jpg,A man that is riding a horse on a dirt road. ,35,"person, animal"
http://images.cocodataset.org/val2017/000000574315.jpg,A cat laying on the track pad of a laptop.,240,"electronic, person, furniture, animal"
http://images.cocodataset.org/val2017/000000574425.jpg,Two old fashioned buses parked on the side of the road.,12,vehicle
http://images.cocodataset.org/val2017/000000574520.jpg,this is a man riding a board on waves,4,"sports, person"
http://images.cocodataset.org/val2017/000000574702.jpg,Several motor scooters are jammed into a small market street.,9,"vehicle, person"
http://images.cocodataset.org/val2017/000000574810.jpg,A cat is seated in a window sell looking outside the window,1,animal
http://images.cocodataset.org/val2017/000000574823.jpg,A baseball player standing on the field in uniform.,4,"sports, person"
http://images.cocodataset.org/val2017/000000575081.jpg,A young boy in his pajamas is playing a video game.,30,"electronic, person"
http://images.cocodataset.org/val2017/000000575187.jpg,A giraffe sticks his nose and tongue out of a wire fence to accept something a man is offering him.,283,"indoor, person, animal"
http://images.cocodataset.org/val2017/000000575205.jpg,A Plane on runway taking off above ground.,12,vehicle
http://images.cocodataset.org/val2017/000000575243.jpg,a man is walking in the rain with an umbrella held close to his head,15,"vehicle, outdoor, accessory, person"
http://images.cocodataset.org/val2017/000000575357.jpg,there is a dog in the air going to catch a frisbee,53,"sports, animal"
http://images.cocodataset.org/val2017/000000575372.jpg,some street lights on a pole over a road,52,outdoor
http://images.cocodataset.org/val2017/000000575500.jpg,A large group of bananas still on the tree,19,food
http://images.cocodataset.org/val2017/000000575815.jpg,A large pepperoni pizza on a cutting board.,19,food
http://images.cocodataset.org/val2017/000000575970.jpg,The living room is nicely cleaned and organized.,165,"food, indoor, kitchen, appliance, furniture"
http://images.cocodataset.org/val2017/000000576031.jpg,a woman attempting to ski on a flat hill,4,"sports, person"
http://images.cocodataset.org/val2017/000000576052.jpg,A female horse rider mounted near a body of water and mountains.,35,"person, animal"
http://images.cocodataset.org/val2017/000000576566.jpg,A man in red shirt doing a trick on skateboard.,4,"sports, person"
http://images.cocodataset.org/val2017/000000576654.jpg,A man that is holding a kite standing in the sand.,4,"sports, person"
http://images.cocodataset.org/val2017/000000576955.jpg,A rider takes their horse through some water at speed.,35,"person, animal"
http://images.cocodataset.org/val2017/000000577149.jpg,Several Zebras are standing near a tree in the wild. ,1,animal
http://images.cocodataset.org/val2017/000000577182.jpg,a bench with a couple of purple benches,131,"outdoor, animal"
http://images.cocodataset.org/val2017/000000577539.jpg,"A blue plate filled with marshmallows, chocolate chips and banana.",95,"kitchen, person, food"
http://images.cocodataset.org/val2017/000000577584.jpg,A stoneware container on a pull out shelf in front of a microwave.,96,"appliance, kitchen"
http://images.cocodataset.org/val2017/000000577735.jpg,A vase with flowers sitting beside a window.,2,"furniture, indoor"
http://images.cocodataset.org/val2017/000000577862.jpg,Two giraffe standing next to each other in a field.,1,animal
http://images.cocodataset.org/val2017/000000577864.jpg,a couple of people are kicking a ball in a field,4,"sports, person"
http://images.cocodataset.org/val2017/000000577932.jpg,Two people walking down the street one of which is riding a pink bike.,15,"vehicle, outdoor, accessory, person"
http://images.cocodataset.org/val2017/000000577959.jpg,An old man is flying his kite in the middle of no where.,4,"sports, person"
http://images.cocodataset.org/val2017/000000577976.jpg,A construction truck is in front of the huge building. ,12,vehicle
http://images.cocodataset.org/val2017/000000578093.jpg,A train is shown on the inside of a station.,9,"vehicle, person"
http://images.cocodataset.org/val2017/000000578236.jpg,An iguana and two birds are sitting on several steps.,1,animal
http://images.cocodataset.org/val2017/000000578489.jpg,A girl is playing a game system while other kids look on.,60,"kitchen, electronic, person, furniture"
http://images.cocodataset.org/val2017/000000578500.jpg,"The room has red wall, white carpet and matching furniture.",2,"furniture, indoor"
http://images.cocodataset.org/val2017/000000578545.jpg,A pregnant woman is in bed reading a large book.,126,"person, furniture, indoor"
http://images.cocodataset.org/val2017/000000578792.jpg,A person leaning down on a motorcycle as they ride on a track.,9,"vehicle, person"
http://images.cocodataset.org/val2017/000000578871.jpg,A little girl holding a cup with food in dishes in front of her ,421,"kitchen, vehicle, person, furniture"
http://images.cocodataset.org/val2017/000000578922.jpg,A vase full of flowers on a bathroom sink counter. ,40,"kitchen, furniture, indoor"
http://images.cocodataset.org/val2017/000000578967.jpg,a train is on the tracks near some trees.,12,vehicle
http://images.cocodataset.org/val2017/000000579070.jpg,Five people sitting together at a table with Dixie cups.,27,"kitchen, accessory, person, furniture"
http://images.cocodataset.org/val2017/000000579091.jpg,Small plate of food which includes small pieces of broccoli,19,food
http://images.cocodataset.org/val2017/000000579158.jpg,The airplane is parked on the runway in the airport.,130,"vehicle, accessory"
http://images.cocodataset.org/val2017/000000579307.jpg,A young boy who is holding a kite in his hands.,24,"accessory, sports, person"
http://images.cocodataset.org/val2017/000000579321.jpg,a small dog wearing a shirt and sniffing something on the ground,35,"person, animal"
http://images.cocodataset.org/val2017/000000579635.jpg,A man on a surfboard riding a wave ,67,"vehicle, sports, person"
http://images.cocodataset.org/val2017/000000579655.jpg,A woman with dark hair with a phone to her ear,44,"kitchen, electronic, person"
http://images.cocodataset.org/val2017/000000579818.jpg,A train driving over a small bridge on a green hillside.,9,"vehicle, person"
http://images.cocodataset.org/val2017/000000579893.jpg,A close up of the stop sign and to street signs.,52,outdoor
http://images.cocodataset.org/val2017/000000579900.jpg,A pizza topped with an assortment of vegetables on a wooden table.,19,food
http://images.cocodataset.org/val2017/000000579902.jpg,a man on a motor bike riding in the high way,67,"vehicle, sports, person"
http://images.cocodataset.org/val2017/000000579970.jpg,Dimly lit part of a house with light entering window.,39,"electronic, furniture, indoor"
http://images.cocodataset.org/val2017/000000580197.jpg,Older man in tuxedo sitting next to another younger man in tuxedo.,17,"accessory, person"
http://images.cocodataset.org/val2017/000000580294.jpg,A beautiful woman cooking food in a kitchen.,327,"appliance, kitchen, person, indoor"
http://images.cocodataset.org/val2017/000000580410.jpg,a living room with a tray holding a laptop next to a couch ,258,"electronic, accessory, furniture, indoor"
http://images.cocodataset.org/val2017/000000580418.jpg,Several cattle walking down a street in front of a car.,229,"vehicle, outdoor, person, animal"
http://images.cocodataset.org/val2017/000000580757.jpg,"A red, white and blue fire hydrant on a city sidewalk.",52,outdoor
http://images.cocodataset.org/val2017/000000581062.jpg,A guy rides a skateboard in an overflow ditch,4,"sports, person"
http://images.cocodataset.org/val2017/000000581100.jpg,two giraffe are standing  and the other animals are walking,1,animal
http://images.cocodataset.org/val2017/000000581206.jpg,Two hot dogs garnishing with sesame seeds and green things,43,"person, food"
http://images.cocodataset.org/val2017/000000581317.jpg,Young lady standing in an open field with a cell phone in her hand.,30,"electronic, person"
http://images.cocodataset.org/val2017/000000581357.jpg,a person jumping a skate board in the air ,59,"outdoor, sports, person"
http://images.cocodataset.org/val2017/000000581482.jpg,A fancy metal cloth is seen against huge barred windows at a stone train station.,41,indoor
http://images.cocodataset.org/val2017/000000581615.jpg,a urinal hanging on a wall in between two stalls,14,furniture
http://images.cocodataset.org/val2017/000000581781.jpg,"A fruit stand that has bananas, papaya, and plantains.  ",19,food
