Model,Dataset,Pair Modality,Pair Type,Cosine Similarity
CyCLIP,mscoco,Txt-Txt,Pos,0.83448815
CyCLIP,mscoco,Txt-Txt,Pos,0.91292596
CyCLIP,mscoco,Txt-Txt,Pos,0.93558204
CyCLIP,mscoco,Txt-Txt,Pos,0.839803
CyCLIP,mscoco,Txt-Txt,Pos,0.9182229
CyCLIP,mscoco,Txt-Txt,Pos,0.91415346
CyCLIP,mscoco,Txt-Txt,Pos,0.8508471
CyCLIP,mscoco,Txt-Txt,Pos,0.9459001
CyCLIP,mscoco,Txt-Txt,Pos,0.88896894
CyCLIP,mscoco,Txt-Txt,Pos,0.81349367
CyCLIP,mscoco,Txt-Txt,Pos,0.93848586
CyCLIP,mscoco,Txt-Txt,Pos,0.87520576
CyCLIP,mscoco,Txt-Txt,Pos,0.9077707
CyCLIP,mscoco,Txt-Txt,Pos,0.81593955
CyCLIP,mscoco,Txt-Txt,Pos,0.90376204
CyCLIP,mscoco,Txt-Txt,Pos,0.87492865
CyCLIP,mscoco,Txt-Txt,Pos,0.90025055
CyCLIP,mscoco,Txt-Txt,Pos,0.8897921
CyCLIP,mscoco,Txt-Txt,Pos,0.85083354
CyCLIP,mscoco,Txt-Txt,Pos,0.87730736
CyCLIP,mscoco,Txt-Txt,Pos,0.873307
CyCLIP,mscoco,Txt-Txt,Pos,0.84869593
CyCLIP,mscoco,Txt-Txt,Pos,0.88227975
CyCLIP,mscoco,Txt-Txt,Pos,0.9122376
CyCLIP,mscoco,Txt-Txt,Pos,0.9711503
CyCLIP,mscoco,Txt-Txt,Pos,0.85030293
CyCLIP,mscoco,Txt-Txt,Pos,0.8908343
CyCLIP,mscoco,Txt-Txt,Pos,0.82258224
CyCLIP,mscoco,Txt-Txt,Pos,0.84837043
CyCLIP,mscoco,Txt-Txt,Pos,0.90832686
CyCLIP,mscoco,Txt-Txt,Pos,0.79811156
CyCLIP,mscoco,Txt-Txt,Pos,0.8764353
CyCLIP,mscoco,Txt-Txt,Pos,0.89877456
CyCLIP,mscoco,Txt-Txt,Pos,0.85777014
CyCLIP,mscoco,Txt-Txt,Pos,0.9130211
CyCLIP,mscoco,Txt-Txt,Pos,0.8875681
CyCLIP,mscoco,Txt-Txt,Pos,0.82110286
CyCLIP,mscoco,Txt-Txt,Pos,0.8220985
CyCLIP,mscoco,Txt-Txt,Pos,0.8612274
CyCLIP,mscoco,Txt-Txt,Pos,0.7678045
CyCLIP,mscoco,Txt-Txt,Pos,0.8643635
CyCLIP,mscoco,Txt-Txt,Pos,0.90526223
CyCLIP,mscoco,Txt-Txt,Pos,0.8670708
CyCLIP,mscoco,Txt-Txt,Pos,0.8986139
CyCLIP,mscoco,Txt-Txt,Pos,0.8714717
CyCLIP,mscoco,Txt-Txt,Pos,0.8967607
CyCLIP,mscoco,Txt-Txt,Pos,0.8894157
CyCLIP,mscoco,Txt-Txt,Pos,0.7986663
CyCLIP,mscoco,Txt-Txt,Pos,0.88870215
CyCLIP,mscoco,Txt-Txt,Pos,0.92213047
CyCLIP,mscoco,Txt-Txt,Pos,0.9058589
CyCLIP,mscoco,Txt-Txt,Pos,0.8293668
CyCLIP,mscoco,Txt-Txt,Pos,0.92822087
CyCLIP,mscoco,Txt-Txt,Pos,0.8738486
CyCLIP,mscoco,Txt-Txt,Pos,0.9465193
CyCLIP,mscoco,Txt-Txt,Pos,0.85292554
CyCLIP,mscoco,Txt-Txt,Pos,0.9524324
CyCLIP,mscoco,Txt-Txt,Pos,0.92399937
CyCLIP,mscoco,Txt-Txt,Pos,0.92637706
CyCLIP,mscoco,Txt-Txt,Pos,0.943647
CyCLIP,mscoco,Txt-Txt,Pos,0.8256892
CyCLIP,mscoco,Txt-Txt,Pos,0.8718754
CyCLIP,mscoco,Txt-Txt,Pos,0.82763857
CyCLIP,mscoco,Txt-Txt,Pos,0.943396
CyCLIP,mscoco,Txt-Txt,Pos,0.94821095
CyCLIP,mscoco,Txt-Txt,Pos,0.8702023
CyCLIP,mscoco,Txt-Txt,Pos,0.8372614
CyCLIP,mscoco,Txt-Txt,Pos,0.81909823
CyCLIP,mscoco,Txt-Txt,Pos,0.8579536
CyCLIP,mscoco,Txt-Txt,Pos,0.96422875
CyCLIP,mscoco,Txt-Txt,Pos,0.8601713
CyCLIP,mscoco,Txt-Txt,Pos,0.85259587
CyCLIP,mscoco,Txt-Txt,Pos,0.79818594
CyCLIP,mscoco,Txt-Txt,Pos,0.9004465
CyCLIP,mscoco,Txt-Txt,Pos,0.9233009
CyCLIP,mscoco,Txt-Txt,Pos,0.9659727
CyCLIP,mscoco,Txt-Txt,Pos,0.8047515
CyCLIP,mscoco,Txt-Txt,Pos,0.81809765
CyCLIP,mscoco,Txt-Txt,Pos,0.85070455
CyCLIP,mscoco,Txt-Txt,Pos,0.77732277
CyCLIP,mscoco,Txt-Txt,Pos,0.8492374
CyCLIP,mscoco,Txt-Txt,Pos,0.916021
CyCLIP,mscoco,Txt-Txt,Pos,0.94514036
CyCLIP,mscoco,Txt-Txt,Pos,0.92666626
CyCLIP,mscoco,Txt-Txt,Pos,0.9111879
CyCLIP,mscoco,Txt-Txt,Pos,0.89668024
CyCLIP,mscoco,Txt-Txt,Pos,0.7893024
CyCLIP,mscoco,Txt-Txt,Pos,0.87343943
CyCLIP,mscoco,Txt-Txt,Pos,0.8101371
CyCLIP,mscoco,Txt-Txt,Pos,0.9228178
CyCLIP,mscoco,Txt-Txt,Pos,0.89689857
CyCLIP,mscoco,Txt-Txt,Pos,0.7916015
CyCLIP,mscoco,Txt-Txt,Pos,0.85578096
CyCLIP,mscoco,Txt-Txt,Pos,0.8331975
CyCLIP,mscoco,Txt-Txt,Pos,0.9176667
CyCLIP,mscoco,Txt-Txt,Pos,0.88107646
CyCLIP,mscoco,Txt-Txt,Pos,0.81838375
CyCLIP,mscoco,Txt-Txt,Pos,0.8834281
CyCLIP,mscoco,Txt-Txt,Pos,0.8840258
CyCLIP,mscoco,Txt-Txt,Pos,0.8898443
CyCLIP,mscoco,Txt-Txt,Pos,0.9567279
CyCLIP,mscoco,Txt-Txt,Pos,0.9059581
CyCLIP,mscoco,Txt-Txt,Pos,0.95535064
CyCLIP,mscoco,Txt-Txt,Pos,0.95834404
CyCLIP,mscoco,Txt-Txt,Pos,0.9146989
CyCLIP,mscoco,Txt-Txt,Pos,0.89227855
CyCLIP,mscoco,Txt-Txt,Pos,0.85931194
CyCLIP,mscoco,Txt-Txt,Pos,0.91034865
CyCLIP,mscoco,Txt-Txt,Pos,0.8827296
CyCLIP,mscoco,Txt-Txt,Pos,0.7779043
CyCLIP,mscoco,Txt-Txt,Pos,0.845128
CyCLIP,mscoco,Txt-Txt,Pos,0.9629434
CyCLIP,mscoco,Txt-Txt,Pos,0.8652347
CyCLIP,mscoco,Txt-Txt,Pos,0.79098755
CyCLIP,mscoco,Txt-Txt,Pos,0.8736319
CyCLIP,mscoco,Txt-Txt,Pos,0.8811518
CyCLIP,mscoco,Txt-Txt,Pos,0.89253664
CyCLIP,mscoco,Txt-Txt,Pos,0.9045132
CyCLIP,mscoco,Txt-Txt,Pos,0.9368569
CyCLIP,mscoco,Txt-Txt,Pos,0.81034064
CyCLIP,mscoco,Txt-Txt,Pos,0.8377208
CyCLIP,mscoco,Txt-Txt,Pos,0.89600223
CyCLIP,mscoco,Txt-Txt,Pos,0.9116198
CyCLIP,mscoco,Txt-Txt,Pos,0.8264505
CyCLIP,mscoco,Txt-Txt,Pos,0.8816948
CyCLIP,mscoco,Txt-Txt,Pos,0.8501531
CyCLIP,mscoco,Txt-Txt,Pos,0.81784034
CyCLIP,mscoco,Txt-Txt,Pos,0.79414964
CyCLIP,mscoco,Txt-Txt,Pos,0.95210844
CyCLIP,mscoco,Txt-Txt,Pos,0.94719076
CyCLIP,mscoco,Txt-Txt,Pos,0.83287334
CyCLIP,mscoco,Txt-Txt,Pos,0.8023111
CyCLIP,mscoco,Txt-Txt,Pos,0.96234703
CyCLIP,mscoco,Txt-Txt,Pos,0.8567213
CyCLIP,mscoco,Txt-Txt,Pos,0.7943046
CyCLIP,mscoco,Txt-Txt,Pos,0.91056234
CyCLIP,mscoco,Txt-Txt,Pos,0.8268671
CyCLIP,mscoco,Txt-Txt,Pos,0.92060935
CyCLIP,mscoco,Txt-Txt,Pos,0.83350074
CyCLIP,mscoco,Txt-Txt,Pos,0.88795364
CyCLIP,mscoco,Txt-Txt,Pos,0.8079791
CyCLIP,mscoco,Txt-Txt,Pos,0.91868275
CyCLIP,mscoco,Txt-Txt,Pos,0.9275439
CyCLIP,mscoco,Txt-Txt,Pos,0.8652265
CyCLIP,mscoco,Txt-Txt,Pos,0.94315106
CyCLIP,mscoco,Txt-Txt,Pos,0.8496713
CyCLIP,mscoco,Txt-Txt,Pos,0.8455183
CyCLIP,mscoco,Txt-Txt,Pos,0.8573836
CyCLIP,mscoco,Txt-Txt,Pos,0.8608871
CyCLIP,mscoco,Txt-Txt,Pos,0.78383666
CyCLIP,mscoco,Txt-Txt,Pos,0.84770775
CyCLIP,mscoco,Txt-Txt,Pos,0.8710184
CyCLIP,mscoco,Txt-Txt,Pos,0.8938977
CyCLIP,mscoco,Txt-Txt,Pos,0.94387174
CyCLIP,mscoco,Txt-Txt,Pos,0.9130997
CyCLIP,mscoco,Txt-Txt,Pos,0.7898352
CyCLIP,mscoco,Txt-Txt,Pos,0.8770203
CyCLIP,mscoco,Txt-Txt,Pos,0.84816504
CyCLIP,mscoco,Txt-Txt,Pos,0.92094946
CyCLIP,mscoco,Txt-Txt,Pos,0.87660503
CyCLIP,mscoco,Txt-Txt,Pos,0.8214225
CyCLIP,mscoco,Txt-Txt,Pos,0.8805562
CyCLIP,mscoco,Txt-Txt,Pos,0.82059854
CyCLIP,mscoco,Txt-Txt,Pos,0.83389205
CyCLIP,mscoco,Txt-Txt,Pos,0.9051826
CyCLIP,mscoco,Txt-Txt,Pos,0.87933314
CyCLIP,mscoco,Txt-Txt,Pos,0.891909
CyCLIP,mscoco,Txt-Txt,Pos,0.8320399
CyCLIP,mscoco,Txt-Txt,Pos,0.80434537
CyCLIP,mscoco,Txt-Txt,Pos,0.85978514
CyCLIP,mscoco,Txt-Txt,Pos,0.8546154
CyCLIP,mscoco,Txt-Txt,Pos,0.8508259
CyCLIP,mscoco,Txt-Txt,Pos,0.8428574
CyCLIP,mscoco,Txt-Txt,Pos,0.8374598
CyCLIP,mscoco,Txt-Txt,Pos,0.850268
CyCLIP,mscoco,Txt-Txt,Pos,0.9488086
CyCLIP,mscoco,Txt-Txt,Pos,0.9122093
CyCLIP,mscoco,Txt-Txt,Pos,0.8357624
CyCLIP,mscoco,Txt-Txt,Pos,0.8228256
CyCLIP,mscoco,Txt-Txt,Pos,0.7999495
CyCLIP,mscoco,Txt-Txt,Pos,0.839971
CyCLIP,mscoco,Txt-Txt,Pos,0.824861
CyCLIP,mscoco,Txt-Txt,Pos,0.87356466
CyCLIP,mscoco,Txt-Txt,Pos,0.86168504
CyCLIP,mscoco,Txt-Txt,Pos,0.8514129
CyCLIP,mscoco,Txt-Txt,Pos,0.7694024
CyCLIP,mscoco,Txt-Txt,Pos,0.9042531
CyCLIP,mscoco,Txt-Txt,Pos,0.82376355
CyCLIP,mscoco,Txt-Txt,Pos,0.90831125
CyCLIP,mscoco,Txt-Txt,Pos,0.7783701
CyCLIP,mscoco,Txt-Txt,Pos,0.82644254
CyCLIP,mscoco,Txt-Txt,Pos,0.8346944
CyCLIP,mscoco,Txt-Txt,Pos,0.8159559
CyCLIP,mscoco,Txt-Txt,Pos,0.9217941
CyCLIP,mscoco,Txt-Txt,Pos,0.8998914
CyCLIP,mscoco,Txt-Txt,Pos,0.9384966
CyCLIP,mscoco,Txt-Txt,Pos,0.84131646
CyCLIP,mscoco,Txt-Txt,Pos,0.8997241
CyCLIP,mscoco,Txt-Txt,Pos,0.8334317
CyCLIP,mscoco,Txt-Txt,Pos,0.8249986
CyCLIP,mscoco,Txt-Txt,Pos,0.84312737
CyCLIP,mscoco,Txt-Txt,Pos,0.8273503
CyCLIP,mscoco,Txt-Txt,Pos,0.85337555
CyCLIP,mscoco,Txt-Txt,Pos,0.8231823
CyCLIP,mscoco,Txt-Txt,Pos,0.83091766
CyCLIP,mscoco,Txt-Txt,Pos,0.8332967
CyCLIP,mscoco,Txt-Txt,Pos,0.8739474
CyCLIP,mscoco,Txt-Txt,Pos,0.9164573
CyCLIP,mscoco,Txt-Txt,Pos,0.81479317
CyCLIP,mscoco,Txt-Txt,Pos,0.9182568
CyCLIP,mscoco,Txt-Txt,Pos,0.8457582
CyCLIP,mscoco,Txt-Txt,Pos,0.8122207
CyCLIP,mscoco,Txt-Txt,Pos,0.77160907
CyCLIP,mscoco,Txt-Txt,Pos,0.83690363
CyCLIP,mscoco,Txt-Txt,Pos,0.854462
CyCLIP,mscoco,Txt-Txt,Pos,0.89548784
CyCLIP,mscoco,Txt-Txt,Pos,0.7891717
CyCLIP,mscoco,Txt-Txt,Pos,0.9062077
CyCLIP,mscoco,Txt-Txt,Pos,0.87198
CyCLIP,mscoco,Txt-Txt,Pos,0.9293033
CyCLIP,mscoco,Txt-Txt,Pos,0.85518867
CyCLIP,mscoco,Txt-Txt,Pos,0.85734105
CyCLIP,mscoco,Txt-Txt,Pos,0.9380953
CyCLIP,mscoco,Txt-Txt,Pos,0.83980197
CyCLIP,mscoco,Txt-Txt,Pos,0.8172589
CyCLIP,mscoco,Txt-Txt,Pos,0.81538147
CyCLIP,mscoco,Txt-Txt,Pos,0.7942721
CyCLIP,mscoco,Txt-Txt,Pos,0.87848663
CyCLIP,mscoco,Txt-Txt,Pos,0.8290754
CyCLIP,mscoco,Txt-Txt,Pos,0.8058546
CyCLIP,mscoco,Txt-Txt,Pos,0.83375114
CyCLIP,mscoco,Txt-Txt,Pos,0.891546
CyCLIP,mscoco,Txt-Txt,Pos,0.95023847
CyCLIP,mscoco,Txt-Txt,Pos,0.91478455
CyCLIP,mscoco,Txt-Txt,Pos,0.9089527
CyCLIP,mscoco,Txt-Txt,Pos,0.82782376
CyCLIP,mscoco,Txt-Txt,Pos,0.87885636
CyCLIP,mscoco,Txt-Txt,Pos,0.8811505
CyCLIP,mscoco,Txt-Txt,Pos,0.8442249
CyCLIP,mscoco,Txt-Txt,Pos,0.8858747
CyCLIP,mscoco,Txt-Txt,Pos,0.92492354
CyCLIP,mscoco,Txt-Txt,Pos,0.75131595
CyCLIP,mscoco,Txt-Txt,Pos,0.82045066
CyCLIP,mscoco,Txt-Txt,Pos,0.91948014
CyCLIP,mscoco,Txt-Txt,Pos,0.8567109
CyCLIP,mscoco,Txt-Txt,Pos,0.86911213
CyCLIP,mscoco,Txt-Txt,Pos,0.8837301
CyCLIP,mscoco,Txt-Txt,Pos,0.93375844
CyCLIP,mscoco,Txt-Txt,Pos,0.86592054
CyCLIP,mscoco,Txt-Txt,Pos,0.9009588
CyCLIP,mscoco,Txt-Txt,Pos,0.8582835
CyCLIP,mscoco,Txt-Txt,Pos,0.913747
CyCLIP,mscoco,Txt-Txt,Pos,0.9253936
CyCLIP,mscoco,Txt-Txt,Pos,0.8172246
CyCLIP,mscoco,Txt-Txt,Pos,0.7660508
CyCLIP,mscoco,Txt-Txt,Pos,0.871259
CyCLIP,mscoco,Txt-Txt,Pos,0.8456337
CyCLIP,mscoco,Txt-Txt,Pos,0.97268116
CyCLIP,mscoco,Txt-Txt,Pos,0.871928
CyCLIP,mscoco,Txt-Txt,Pos,0.8670571
CyCLIP,mscoco,Txt-Txt,Pos,0.87786806
CyCLIP,mscoco,Txt-Txt,Pos,0.917669
CyCLIP,mscoco,Txt-Txt,Pos,0.86924046
CyCLIP,mscoco,Txt-Txt,Pos,0.8984583
CyCLIP,mscoco,Txt-Txt,Pos,0.843537
CyCLIP,mscoco,Txt-Txt,Pos,0.8406651
CyCLIP,mscoco,Txt-Txt,Pos,0.9316385
CyCLIP,mscoco,Txt-Txt,Pos,0.85098326
CyCLIP,mscoco,Txt-Txt,Pos,0.7979371
CyCLIP,mscoco,Txt-Txt,Pos,0.86220276
CyCLIP,mscoco,Txt-Txt,Pos,0.8741632
CyCLIP,mscoco,Txt-Txt,Pos,0.84649473
CyCLIP,mscoco,Txt-Txt,Pos,0.79698473
CyCLIP,mscoco,Txt-Txt,Pos,0.8733074
CyCLIP,mscoco,Txt-Txt,Pos,0.79650843
CyCLIP,mscoco,Txt-Txt,Pos,0.80485857
CyCLIP,mscoco,Txt-Txt,Pos,0.8623432
CyCLIP,mscoco,Txt-Txt,Pos,0.7945787
CyCLIP,mscoco,Txt-Txt,Pos,0.94994444
CyCLIP,mscoco,Txt-Txt,Pos,0.93870187
CyCLIP,mscoco,Txt-Txt,Pos,0.92044556
CyCLIP,mscoco,Txt-Txt,Pos,0.90700245
CyCLIP,mscoco,Txt-Txt,Pos,0.88671017
CyCLIP,mscoco,Txt-Txt,Pos,0.9067199
CyCLIP,mscoco,Txt-Txt,Pos,0.9146041
CyCLIP,mscoco,Txt-Txt,Pos,0.7881739
CyCLIP,mscoco,Txt-Txt,Pos,0.9364501
CyCLIP,mscoco,Txt-Txt,Pos,0.89358115
CyCLIP,mscoco,Txt-Txt,Pos,0.8112027
CyCLIP,mscoco,Txt-Txt,Pos,0.86078244
CyCLIP,mscoco,Txt-Txt,Pos,0.95653886
CyCLIP,mscoco,Txt-Txt,Pos,0.86958706
CyCLIP,mscoco,Txt-Txt,Pos,0.7895564
CyCLIP,mscoco,Txt-Txt,Pos,0.8394381
CyCLIP,mscoco,Txt-Txt,Pos,0.9131067
CyCLIP,mscoco,Txt-Txt,Pos,0.9089249
CyCLIP,mscoco,Txt-Txt,Pos,0.8484122
CyCLIP,mscoco,Txt-Txt,Pos,0.79201245
CyCLIP,mscoco,Txt-Txt,Pos,0.8021431
CyCLIP,mscoco,Txt-Txt,Pos,0.8147001
CyCLIP,mscoco,Txt-Txt,Pos,0.8651786
CyCLIP,mscoco,Txt-Txt,Pos,0.88482654
CyCLIP,mscoco,Txt-Txt,Pos,0.7998087
CyCLIP,mscoco,Txt-Txt,Pos,0.8933816
CyCLIP,mscoco,Txt-Txt,Pos,0.82454324
CyCLIP,mscoco,Txt-Txt,Pos,0.87232536
CyCLIP,mscoco,Txt-Txt,Pos,0.81133556
CyCLIP,mscoco,Txt-Txt,Pos,0.8511509
CyCLIP,mscoco,Txt-Txt,Pos,0.8718624
CyCLIP,mscoco,Txt-Txt,Pos,0.824867
CyCLIP,mscoco,Txt-Txt,Pos,0.85310507
CyCLIP,mscoco,Txt-Txt,Pos,0.9266447
CyCLIP,mscoco,Txt-Txt,Pos,0.8243196
CyCLIP,mscoco,Txt-Txt,Pos,0.76566845
CyCLIP,mscoco,Txt-Txt,Pos,0.88415253
CyCLIP,mscoco,Txt-Txt,Pos,0.85285574
CyCLIP,mscoco,Txt-Txt,Pos,0.8591685
CyCLIP,mscoco,Txt-Txt,Pos,0.8139962
CyCLIP,mscoco,Txt-Txt,Pos,0.90080065
CyCLIP,mscoco,Txt-Txt,Pos,0.9378395
CyCLIP,mscoco,Txt-Txt,Pos,0.8377392
CyCLIP,mscoco,Txt-Txt,Pos,0.8755216
CyCLIP,mscoco,Txt-Txt,Pos,0.9629951
CyCLIP,mscoco,Txt-Txt,Pos,0.8665887
CyCLIP,mscoco,Txt-Txt,Pos,0.9173219
CyCLIP,mscoco,Txt-Txt,Pos,0.86199033
CyCLIP,mscoco,Txt-Txt,Pos,0.90376055
CyCLIP,mscoco,Txt-Txt,Pos,0.852162
CyCLIP,mscoco,Txt-Txt,Pos,0.8950997
CyCLIP,mscoco,Txt-Txt,Pos,0.8840443
CyCLIP,mscoco,Txt-Txt,Pos,0.85464
CyCLIP,mscoco,Txt-Txt,Pos,0.81650287
CyCLIP,mscoco,Txt-Txt,Pos,0.8510624
CyCLIP,mscoco,Txt-Txt,Pos,0.8351143
CyCLIP,mscoco,Txt-Txt,Pos,0.88180304
CyCLIP,mscoco,Txt-Txt,Pos,0.83221567
CyCLIP,mscoco,Txt-Txt,Pos,0.90120286
CyCLIP,mscoco,Txt-Txt,Pos,0.9217823
CyCLIP,mscoco,Txt-Txt,Pos,0.8777842
CyCLIP,mscoco,Txt-Txt,Pos,0.79425097
CyCLIP,mscoco,Txt-Txt,Pos,0.7848108
CyCLIP,mscoco,Txt-Txt,Pos,0.9103366
CyCLIP,mscoco,Txt-Txt,Pos,0.78256744
CyCLIP,mscoco,Txt-Txt,Pos,0.8326912
CyCLIP,mscoco,Txt-Txt,Pos,0.8775803
CyCLIP,mscoco,Txt-Txt,Pos,0.96784145
CyCLIP,mscoco,Txt-Txt,Pos,0.8361437
CyCLIP,mscoco,Txt-Txt,Pos,0.8458713
CyCLIP,mscoco,Txt-Txt,Pos,0.7934076
CyCLIP,mscoco,Txt-Txt,Pos,0.8956877
CyCLIP,mscoco,Txt-Txt,Pos,0.7833665
CyCLIP,mscoco,Txt-Txt,Pos,0.7829787
CyCLIP,mscoco,Txt-Txt,Pos,0.88944834
CyCLIP,mscoco,Txt-Txt,Pos,0.93812937
CyCLIP,mscoco,Txt-Txt,Pos,0.8528646
CyCLIP,mscoco,Txt-Txt,Pos,0.8277895
CyCLIP,mscoco,Txt-Txt,Pos,0.901672
CyCLIP,mscoco,Txt-Txt,Pos,0.76539874
CyCLIP,mscoco,Txt-Txt,Pos,0.9000336
CyCLIP,mscoco,Txt-Txt,Pos,0.8210661
CyCLIP,mscoco,Txt-Txt,Pos,0.91903174
CyCLIP,mscoco,Txt-Txt,Pos,0.80020535
CyCLIP,mscoco,Txt-Txt,Pos,0.90699685
CyCLIP,mscoco,Txt-Txt,Pos,0.87609124
CyCLIP,mscoco,Txt-Txt,Pos,0.8389061
CyCLIP,mscoco,Txt-Txt,Pos,0.94262636
CyCLIP,mscoco,Txt-Txt,Pos,0.8323467
CyCLIP,mscoco,Txt-Txt,Pos,0.78572524
CyCLIP,mscoco,Txt-Txt,Pos,0.76302654
CyCLIP,mscoco,Txt-Txt,Pos,0.81084245
CyCLIP,mscoco,Txt-Txt,Pos,0.8810402
CyCLIP,mscoco,Txt-Txt,Pos,0.8097176
CyCLIP,mscoco,Txt-Txt,Pos,0.8027171
CyCLIP,mscoco,Txt-Txt,Pos,0.8736679
CyCLIP,mscoco,Txt-Txt,Pos,0.8026634
CyCLIP,mscoco,Txt-Txt,Pos,0.87543696
CyCLIP,mscoco,Txt-Txt,Pos,0.8815031
CyCLIP,mscoco,Txt-Txt,Pos,0.84874266
CyCLIP,mscoco,Txt-Txt,Pos,0.7841808
CyCLIP,mscoco,Txt-Txt,Pos,0.82072407
CyCLIP,mscoco,Txt-Txt,Pos,0.81051016
CyCLIP,mscoco,Txt-Txt,Pos,0.771769
CyCLIP,mscoco,Txt-Txt,Pos,0.8325918
CyCLIP,mscoco,Txt-Txt,Pos,0.8374878
CyCLIP,mscoco,Txt-Txt,Pos,0.8381872
CyCLIP,mscoco,Txt-Txt,Pos,0.8258019
CyCLIP,mscoco,Txt-Txt,Pos,0.84757745
CyCLIP,mscoco,Txt-Txt,Pos,0.81492805
CyCLIP,mscoco,Txt-Txt,Pos,0.8001321
CyCLIP,mscoco,Txt-Txt,Pos,0.79449123
CyCLIP,mscoco,Txt-Txt,Pos,0.8054442
CyCLIP,mscoco,Txt-Txt,Pos,0.8020373
CyCLIP,mscoco,Txt-Txt,Pos,0.94694066
CyCLIP,mscoco,Txt-Txt,Pos,0.82086754
CyCLIP,mscoco,Txt-Txt,Pos,0.7975147
CyCLIP,mscoco,Txt-Txt,Pos,0.8941802
CyCLIP,mscoco,Txt-Txt,Pos,0.882683
CyCLIP,mscoco,Txt-Txt,Pos,0.8924756
CyCLIP,mscoco,Txt-Txt,Pos,0.87336874
CyCLIP,mscoco,Txt-Txt,Pos,0.8438457
CyCLIP,mscoco,Txt-Txt,Pos,0.9234315
CyCLIP,mscoco,Txt-Txt,Pos,0.9182993
CyCLIP,mscoco,Txt-Txt,Pos,0.8512353
CyCLIP,mscoco,Txt-Txt,Pos,0.8764127
CyCLIP,mscoco,Txt-Txt,Pos,0.89951056
CyCLIP,mscoco,Txt-Txt,Pos,0.83913004
CyCLIP,mscoco,Txt-Txt,Pos,0.77124155
CyCLIP,mscoco,Txt-Txt,Pos,0.83551484
CyCLIP,mscoco,Txt-Txt,Pos,0.8490405
CyCLIP,mscoco,Txt-Txt,Pos,0.81367034
CyCLIP,mscoco,Txt-Txt,Pos,0.8224743
CyCLIP,mscoco,Txt-Txt,Pos,0.94969493
CyCLIP,mscoco,Txt-Txt,Pos,0.8676443
CyCLIP,mscoco,Txt-Txt,Pos,0.85387903
CyCLIP,mscoco,Txt-Txt,Pos,0.85881627
CyCLIP,mscoco,Txt-Txt,Pos,0.88090557
CyCLIP,mscoco,Txt-Txt,Pos,0.7927018
CyCLIP,mscoco,Txt-Txt,Pos,0.9322526
CyCLIP,mscoco,Txt-Txt,Pos,0.8257064
CyCLIP,mscoco,Txt-Txt,Pos,0.8179872
CyCLIP,mscoco,Txt-Txt,Pos,0.897506
CyCLIP,mscoco,Txt-Txt,Pos,0.8557623
CyCLIP,mscoco,Txt-Txt,Pos,0.8433933
CyCLIP,mscoco,Txt-Txt,Pos,0.96431404
CyCLIP,mscoco,Txt-Txt,Pos,0.7986486
CyCLIP,mscoco,Txt-Txt,Pos,0.80930394
CyCLIP,mscoco,Txt-Txt,Pos,0.90385836
CyCLIP,mscoco,Txt-Txt,Pos,0.7673044
CyCLIP,mscoco,Txt-Txt,Pos,0.88251406
CyCLIP,mscoco,Txt-Txt,Pos,0.9323037
CyCLIP,mscoco,Txt-Txt,Pos,0.8442878
CyCLIP,mscoco,Txt-Txt,Pos,0.7935521
CyCLIP,mscoco,Txt-Txt,Pos,0.84091973
CyCLIP,mscoco,Txt-Txt,Pos,0.8642098
CyCLIP,mscoco,Txt-Txt,Pos,0.84694844
CyCLIP,mscoco,Txt-Txt,Pos,0.8740759
CyCLIP,mscoco,Txt-Txt,Pos,0.78078884
CyCLIP,mscoco,Txt-Txt,Pos,0.91572046
CyCLIP,mscoco,Txt-Txt,Pos,0.76797837
CyCLIP,mscoco,Txt-Txt,Pos,0.960073
CyCLIP,mscoco,Txt-Txt,Pos,0.84705335
CyCLIP,mscoco,Txt-Txt,Pos,0.80435324
CyCLIP,mscoco,Txt-Txt,Pos,0.83091736
CyCLIP,mscoco,Txt-Txt,Pos,0.76363
CyCLIP,mscoco,Txt-Txt,Pos,0.920352
CyCLIP,mscoco,Txt-Txt,Pos,0.9158509
CyCLIP,mscoco,Txt-Txt,Pos,0.89462537
CyCLIP,mscoco,Txt-Txt,Pos,0.90104604
CyCLIP,mscoco,Txt-Txt,Pos,0.8875284
CyCLIP,mscoco,Txt-Txt,Pos,0.8615858
CyCLIP,mscoco,Txt-Txt,Pos,0.8759777
CyCLIP,mscoco,Txt-Txt,Pos,0.7850938
CyCLIP,mscoco,Txt-Txt,Pos,0.9174984
CyCLIP,mscoco,Txt-Txt,Pos,0.8285935
CyCLIP,mscoco,Txt-Txt,Pos,0.83428955
CyCLIP,mscoco,Txt-Txt,Pos,0.8532525
CyCLIP,mscoco,Txt-Txt,Pos,0.7987113
CyCLIP,mscoco,Txt-Txt,Pos,0.8023851
CyCLIP,mscoco,Txt-Txt,Pos,0.833734
CyCLIP,mscoco,Txt-Txt,Pos,0.7937721
CyCLIP,mscoco,Txt-Txt,Pos,0.7831416
CyCLIP,mscoco,Txt-Txt,Pos,0.837191
CyCLIP,mscoco,Txt-Txt,Pos,0.7705837
CyCLIP,mscoco,Txt-Txt,Pos,0.7751548
CyCLIP,mscoco,Txt-Txt,Pos,0.8524492
CyCLIP,mscoco,Txt-Txt,Pos,0.8243418
CyCLIP,mscoco,Txt-Txt,Pos,0.8260672
CyCLIP,mscoco,Txt-Txt,Pos,0.84936935
CyCLIP,mscoco,Txt-Txt,Pos,0.91201043
CyCLIP,mscoco,Txt-Txt,Pos,0.8539963
CyCLIP,mscoco,Txt-Txt,Pos,0.9465362
CyCLIP,mscoco,Txt-Txt,Pos,0.8548961
CyCLIP,mscoco,Txt-Txt,Pos,0.87042505
CyCLIP,mscoco,Txt-Txt,Pos,0.88365513
CyCLIP,mscoco,Txt-Txt,Pos,0.82161784
CyCLIP,mscoco,Txt-Txt,Pos,0.8552724
CyCLIP,mscoco,Txt-Txt,Pos,0.82755756
CyCLIP,mscoco,Txt-Txt,Pos,0.8467856
CyCLIP,mscoco,Txt-Txt,Pos,0.9093808
CyCLIP,mscoco,Txt-Txt,Pos,0.8870941
CyCLIP,mscoco,Txt-Txt,Pos,0.8905403
CyCLIP,mscoco,Txt-Txt,Pos,0.9234017
CyCLIP,mscoco,Txt-Txt,Pos,0.97933704
CyCLIP,mscoco,Txt-Txt,Pos,0.82766145
CyCLIP,mscoco,Txt-Txt,Pos,0.876634
CyCLIP,mscoco,Txt-Txt,Pos,0.92743796
CyCLIP,mscoco,Txt-Txt,Pos,0.7813056
CyCLIP,mscoco,Txt-Txt,Pos,0.95422
CyCLIP,mscoco,Txt-Txt,Pos,0.9018755
CyCLIP,mscoco,Txt-Txt,Pos,0.87236667
CyCLIP,mscoco,Txt-Txt,Pos,0.88572085
CyCLIP,mscoco,Txt-Txt,Pos,0.9326156
CyCLIP,mscoco,Txt-Txt,Pos,0.8001757
CyCLIP,mscoco,Txt-Txt,Pos,0.86929613
CyCLIP,mscoco,Txt-Txt,Pos,0.7913728
CyCLIP,mscoco,Txt-Txt,Pos,0.84951615
CyCLIP,mscoco,Txt-Txt,Pos,0.8594439
CyCLIP,mscoco,Txt-Txt,Pos,0.79958224
CyCLIP,mscoco,Txt-Txt,Pos,0.8401629
CyCLIP,mscoco,Txt-Txt,Pos,0.82756466
CyCLIP,mscoco,Txt-Txt,Pos,0.8334257
CyCLIP,mscoco,Txt-Txt,Pos,0.881688
CyCLIP,mscoco,Txt-Txt,Pos,0.79342806
CyCLIP,mscoco,Txt-Txt,Pos,0.9117795
CyCLIP,mscoco,Txt-Txt,Pos,0.897144
CyCLIP,mscoco,Txt-Txt,Pos,0.926263
CyCLIP,mscoco,Txt-Txt,Pos,0.8087075
CyCLIP,mscoco,Txt-Txt,Pos,0.8297293
CyCLIP,mscoco,Txt-Txt,Pos,0.8016776
CyCLIP,mscoco,Txt-Txt,Pos,0.9092164
CyCLIP,mscoco,Txt-Txt,Pos,0.81640124
CyCLIP,mscoco,Txt-Txt,Pos,0.767406
CyCLIP,mscoco,Txt-Txt,Pos,0.79430586
CyCLIP,mscoco,Txt-Txt,Pos,0.93888295
CyCLIP,mscoco,Txt-Txt,Pos,0.8243053
CyCLIP,mscoco,Txt-Txt,Pos,0.938336
CyCLIP,mscoco,Txt-Txt,Pos,0.84475553
CyCLIP,mscoco,Txt-Txt,Pos,0.81467384
CyCLIP,mscoco,Txt-Txt,Pos,0.83802843
CyCLIP,mscoco,Txt-Txt,Pos,0.8312184
CyCLIP,mscoco,Txt-Txt,Pos,0.90705776
CyCLIP,mscoco,Txt-Txt,Pos,0.8409482
CyCLIP,mscoco,Txt-Txt,Pos,0.85571444
CyCLIP,mscoco,Img-Img,Pos,0.94018334
CyCLIP,mscoco,Img-Img,Pos,0.9727007
CyCLIP,mscoco,Img-Img,Pos,0.93457484
CyCLIP,mscoco,Img-Img,Pos,0.8776934
CyCLIP,mscoco,Img-Img,Pos,0.94931597
CyCLIP,mscoco,Img-Img,Pos,0.88766384
CyCLIP,mscoco,Img-Img,Pos,0.9235841
CyCLIP,mscoco,Img-Img,Pos,0.9099656
CyCLIP,mscoco,Img-Img,Pos,0.8862554
CyCLIP,mscoco,Img-Img,Pos,0.8482583
CyCLIP,mscoco,Img-Img,Pos,0.9526006
CyCLIP,mscoco,Img-Img,Pos,0.8570424
CyCLIP,mscoco,Img-Img,Pos,0.87209594
CyCLIP,mscoco,Img-Img,Pos,0.8101724
CyCLIP,mscoco,Img-Img,Pos,0.89195204
CyCLIP,mscoco,Img-Img,Pos,0.9447304
CyCLIP,mscoco,Img-Img,Pos,0.9347257
CyCLIP,mscoco,Img-Img,Pos,0.8407096
CyCLIP,mscoco,Img-Img,Pos,0.8231968
CyCLIP,mscoco,Img-Img,Pos,0.9044341
CyCLIP,mscoco,Img-Img,Pos,0.8883351
CyCLIP,mscoco,Img-Img,Pos,0.87336904
CyCLIP,mscoco,Img-Img,Pos,0.8890963
CyCLIP,mscoco,Img-Img,Pos,0.9295832
CyCLIP,mscoco,Img-Img,Pos,0.9639177
CyCLIP,mscoco,Img-Img,Pos,0.885893
CyCLIP,mscoco,Img-Img,Pos,0.88024867
CyCLIP,mscoco,Img-Img,Pos,0.8976904
CyCLIP,mscoco,Img-Img,Pos,0.89510477
CyCLIP,mscoco,Img-Img,Pos,0.8664346
CyCLIP,mscoco,Img-Img,Pos,0.87479734
CyCLIP,mscoco,Img-Img,Pos,0.9114148
CyCLIP,mscoco,Img-Img,Pos,0.90339875
CyCLIP,mscoco,Img-Img,Pos,0.9007977
CyCLIP,mscoco,Img-Img,Pos,0.89610034
CyCLIP,mscoco,Img-Img,Pos,0.88591444
CyCLIP,mscoco,Img-Img,Pos,0.8797686
CyCLIP,mscoco,Img-Img,Pos,0.7930235
CyCLIP,mscoco,Img-Img,Pos,0.88212883
CyCLIP,mscoco,Img-Img,Pos,0.8431385
CyCLIP,mscoco,Img-Img,Pos,0.8948717
CyCLIP,mscoco,Img-Img,Pos,0.9217673
CyCLIP,mscoco,Img-Img,Pos,0.85931283
CyCLIP,mscoco,Img-Img,Pos,0.8563664
CyCLIP,mscoco,Img-Img,Pos,0.9339829
CyCLIP,mscoco,Img-Img,Pos,0.90613794
CyCLIP,mscoco,Img-Img,Pos,0.90254515
CyCLIP,mscoco,Img-Img,Pos,0.914958
CyCLIP,mscoco,Img-Img,Pos,0.8924963
CyCLIP,mscoco,Img-Img,Pos,0.9022017
CyCLIP,mscoco,Img-Img,Pos,0.93835413
CyCLIP,mscoco,Img-Img,Pos,0.82291234
CyCLIP,mscoco,Img-Img,Pos,0.85975707
CyCLIP,mscoco,Img-Img,Pos,0.9079563
CyCLIP,mscoco,Img-Img,Pos,0.9026124
CyCLIP,mscoco,Img-Img,Pos,0.8649717
CyCLIP,mscoco,Img-Img,Pos,0.9717612
CyCLIP,mscoco,Img-Img,Pos,0.8709293
CyCLIP,mscoco,Img-Img,Pos,0.91997826
CyCLIP,mscoco,Img-Img,Pos,0.8883039
CyCLIP,mscoco,Img-Img,Pos,0.8641753
CyCLIP,mscoco,Img-Img,Pos,0.85569596
CyCLIP,mscoco,Img-Img,Pos,0.8610723
CyCLIP,mscoco,Img-Img,Pos,0.91457677
CyCLIP,mscoco,Img-Img,Pos,0.9410921
CyCLIP,mscoco,Img-Img,Pos,0.7954674
CyCLIP,mscoco,Img-Img,Pos,0.7939502
CyCLIP,mscoco,Img-Img,Pos,0.86226094
CyCLIP,mscoco,Img-Img,Pos,0.84328383
CyCLIP,mscoco,Img-Img,Pos,0.8956362
CyCLIP,mscoco,Img-Img,Pos,0.86107177
CyCLIP,mscoco,Img-Img,Pos,0.88572097
CyCLIP,mscoco,Img-Img,Pos,0.7919752
CyCLIP,mscoco,Img-Img,Pos,0.9485793
CyCLIP,mscoco,Img-Img,Pos,0.8992995
CyCLIP,mscoco,Img-Img,Pos,0.9754462
CyCLIP,mscoco,Img-Img,Pos,0.8356905
CyCLIP,mscoco,Img-Img,Pos,0.87290835
CyCLIP,mscoco,Img-Img,Pos,0.9028904
CyCLIP,mscoco,Img-Img,Pos,0.81936955
CyCLIP,mscoco,Img-Img,Pos,0.86854696
CyCLIP,mscoco,Img-Img,Pos,0.9262177
CyCLIP,mscoco,Img-Img,Pos,0.8908445
CyCLIP,mscoco,Img-Img,Pos,0.9450679
CyCLIP,mscoco,Img-Img,Pos,0.9585289
CyCLIP,mscoco,Img-Img,Pos,0.93112457
CyCLIP,mscoco,Img-Img,Pos,0.800416
CyCLIP,mscoco,Img-Img,Pos,0.9375728
CyCLIP,mscoco,Img-Img,Pos,0.80556065
CyCLIP,mscoco,Img-Img,Pos,0.92506915
CyCLIP,mscoco,Img-Img,Pos,0.9573726
CyCLIP,mscoco,Img-Img,Pos,0.9167368
CyCLIP,mscoco,Img-Img,Pos,0.8171632
CyCLIP,mscoco,Img-Img,Pos,0.8612349
CyCLIP,mscoco,Img-Img,Pos,0.9155823
CyCLIP,mscoco,Img-Img,Pos,0.90016174
CyCLIP,mscoco,Img-Img,Pos,0.87567604
CyCLIP,mscoco,Img-Img,Pos,0.85125625
CyCLIP,mscoco,Img-Img,Pos,0.8555244
CyCLIP,mscoco,Img-Img,Pos,0.87796605
CyCLIP,mscoco,Img-Img,Pos,0.9415558
CyCLIP,mscoco,Img-Img,Pos,0.9514967
CyCLIP,mscoco,Img-Img,Pos,0.8960204
CyCLIP,mscoco,Img-Img,Pos,0.9594617
CyCLIP,mscoco,Img-Img,Pos,0.84149766
CyCLIP,mscoco,Img-Img,Pos,0.8779013
CyCLIP,mscoco,Img-Img,Pos,0.9520914
CyCLIP,mscoco,Img-Img,Pos,0.92571896
CyCLIP,mscoco,Img-Img,Pos,0.95736724
CyCLIP,mscoco,Img-Img,Pos,0.8015706
CyCLIP,mscoco,Img-Img,Pos,0.8286894
CyCLIP,mscoco,Img-Img,Pos,0.88420963
CyCLIP,mscoco,Img-Img,Pos,0.86071527
CyCLIP,mscoco,Img-Img,Pos,0.8929403
CyCLIP,mscoco,Img-Img,Pos,0.8636839
CyCLIP,mscoco,Img-Img,Pos,0.8797667
CyCLIP,mscoco,Img-Img,Pos,0.8685896
CyCLIP,mscoco,Img-Img,Pos,0.8296572
CyCLIP,mscoco,Img-Img,Pos,0.9066734
CyCLIP,mscoco,Img-Img,Pos,0.78368837
CyCLIP,mscoco,Img-Img,Pos,0.8348178
CyCLIP,mscoco,Img-Img,Pos,0.8613305
CyCLIP,mscoco,Img-Img,Pos,0.9002631
CyCLIP,mscoco,Img-Img,Pos,0.94044966
CyCLIP,mscoco,Img-Img,Pos,0.91250813
CyCLIP,mscoco,Img-Img,Pos,0.8624416
CyCLIP,mscoco,Img-Img,Pos,0.88958085
CyCLIP,mscoco,Img-Img,Pos,0.8442939
CyCLIP,mscoco,Img-Img,Pos,0.93741065
CyCLIP,mscoco,Img-Img,Pos,0.9376732
CyCLIP,mscoco,Img-Img,Pos,0.8491471
CyCLIP,mscoco,Img-Img,Pos,0.87861216
CyCLIP,mscoco,Img-Img,Pos,0.9373605
CyCLIP,mscoco,Img-Img,Pos,0.9333738
CyCLIP,mscoco,Img-Img,Pos,0.8319867
CyCLIP,mscoco,Img-Img,Pos,0.97077215
CyCLIP,mscoco,Img-Img,Pos,0.87847733
CyCLIP,mscoco,Img-Img,Pos,0.85624546
CyCLIP,mscoco,Img-Img,Pos,0.9683826
CyCLIP,mscoco,Img-Img,Pos,0.8745788
CyCLIP,mscoco,Img-Img,Pos,0.8158864
CyCLIP,mscoco,Img-Img,Pos,0.9359169
CyCLIP,mscoco,Img-Img,Pos,0.910872
CyCLIP,mscoco,Img-Img,Pos,0.9063729
CyCLIP,mscoco,Img-Img,Pos,0.919612
CyCLIP,mscoco,Img-Img,Pos,0.82975626
CyCLIP,mscoco,Img-Img,Pos,0.8524183
CyCLIP,mscoco,Img-Img,Pos,0.93989974
CyCLIP,mscoco,Img-Img,Pos,0.83090293
CyCLIP,mscoco,Img-Img,Pos,0.8599746
CyCLIP,mscoco,Img-Img,Pos,0.9187111
CyCLIP,mscoco,Img-Img,Pos,0.9007262
CyCLIP,mscoco,Img-Img,Pos,0.90466756
CyCLIP,mscoco,Img-Img,Pos,0.94953203
CyCLIP,mscoco,Img-Img,Pos,0.93652904
CyCLIP,mscoco,Img-Img,Pos,0.8459732
CyCLIP,mscoco,Img-Img,Pos,0.8558816
CyCLIP,mscoco,Img-Img,Pos,0.9345573
CyCLIP,mscoco,Img-Img,Pos,0.9697346
CyCLIP,mscoco,Img-Img,Pos,0.88454586
CyCLIP,mscoco,Img-Img,Pos,0.8925801
CyCLIP,mscoco,Img-Img,Pos,0.93364924
CyCLIP,mscoco,Img-Img,Pos,0.8324915
CyCLIP,mscoco,Img-Img,Pos,0.91673726
CyCLIP,mscoco,Img-Img,Pos,0.8869511
CyCLIP,mscoco,Img-Img,Pos,0.84806234
CyCLIP,mscoco,Img-Img,Pos,0.900532
CyCLIP,mscoco,Img-Img,Pos,0.8243298
CyCLIP,mscoco,Img-Img,Pos,0.8394866
CyCLIP,mscoco,Img-Img,Pos,0.88964003
CyCLIP,mscoco,Img-Img,Pos,0.8820873
CyCLIP,mscoco,Img-Img,Pos,0.82543004
CyCLIP,mscoco,Img-Img,Pos,0.7821858
CyCLIP,mscoco,Img-Img,Pos,0.90890765
CyCLIP,mscoco,Img-Img,Pos,0.8719197
CyCLIP,mscoco,Img-Img,Pos,0.9372232
CyCLIP,mscoco,Img-Img,Pos,0.9320789
CyCLIP,mscoco,Img-Img,Pos,0.89477825
CyCLIP,mscoco,Img-Img,Pos,0.79473513
CyCLIP,mscoco,Img-Img,Pos,0.8240566
CyCLIP,mscoco,Img-Img,Pos,0.8882433
CyCLIP,mscoco,Img-Img,Pos,0.8592894
CyCLIP,mscoco,Img-Img,Pos,0.93405044
CyCLIP,mscoco,Img-Img,Pos,0.90875745
CyCLIP,mscoco,Img-Img,Pos,0.8461217
CyCLIP,mscoco,Img-Img,Pos,0.81724656
CyCLIP,mscoco,Img-Img,Pos,0.83174515
CyCLIP,mscoco,Img-Img,Pos,0.8715606
CyCLIP,mscoco,Img-Img,Pos,0.89281917
CyCLIP,mscoco,Img-Img,Pos,0.84645355
CyCLIP,mscoco,Img-Img,Pos,0.8246863
CyCLIP,mscoco,Img-Img,Pos,0.936443
CyCLIP,mscoco,Img-Img,Pos,0.83101463
CyCLIP,mscoco,Img-Img,Pos,0.907937
CyCLIP,mscoco,Img-Img,Pos,0.9134905
CyCLIP,mscoco,Img-Img,Pos,0.95724547
CyCLIP,mscoco,Img-Img,Pos,0.86928666
CyCLIP,mscoco,Img-Img,Pos,0.863794
CyCLIP,mscoco,Img-Img,Pos,0.84501433
CyCLIP,mscoco,Img-Img,Pos,0.814714
CyCLIP,mscoco,Img-Img,Pos,0.9106647
CyCLIP,mscoco,Img-Img,Pos,0.8509066
CyCLIP,mscoco,Img-Img,Pos,0.88622236
CyCLIP,mscoco,Img-Img,Pos,0.87707615
CyCLIP,mscoco,Img-Img,Pos,0.9260821
CyCLIP,mscoco,Img-Img,Pos,0.8819215
CyCLIP,mscoco,Img-Img,Pos,0.85600233
CyCLIP,mscoco,Img-Img,Pos,0.935647
CyCLIP,mscoco,Img-Img,Pos,0.8367138
CyCLIP,mscoco,Img-Img,Pos,0.88714325
CyCLIP,mscoco,Img-Img,Pos,0.8290597
CyCLIP,mscoco,Img-Img,Pos,0.87779033
CyCLIP,mscoco,Img-Img,Pos,0.84411
CyCLIP,mscoco,Img-Img,Pos,0.9339684
CyCLIP,mscoco,Img-Img,Pos,0.8537722
CyCLIP,mscoco,Img-Img,Pos,0.88662374
CyCLIP,mscoco,Img-Img,Pos,0.8981363
CyCLIP,mscoco,Img-Img,Pos,0.9361077
CyCLIP,mscoco,Img-Img,Pos,0.8762955
CyCLIP,mscoco,Img-Img,Pos,0.92018306
CyCLIP,mscoco,Img-Img,Pos,0.8868998
CyCLIP,mscoco,Img-Img,Pos,0.89092433
CyCLIP,mscoco,Img-Img,Pos,0.961403
CyCLIP,mscoco,Img-Img,Pos,0.8433013
CyCLIP,mscoco,Img-Img,Pos,0.90996003
CyCLIP,mscoco,Img-Img,Pos,0.886016
CyCLIP,mscoco,Img-Img,Pos,0.84490263
CyCLIP,mscoco,Img-Img,Pos,0.8910486
CyCLIP,mscoco,Img-Img,Pos,0.8525021
CyCLIP,mscoco,Img-Img,Pos,0.82340443
CyCLIP,mscoco,Img-Img,Pos,0.8783046
CyCLIP,mscoco,Img-Img,Pos,0.9100869
CyCLIP,mscoco,Img-Img,Pos,0.9506461
CyCLIP,mscoco,Img-Img,Pos,0.920591
CyCLIP,mscoco,Img-Img,Pos,0.91528916
CyCLIP,mscoco,Img-Img,Pos,0.88102156
CyCLIP,mscoco,Img-Img,Pos,0.9154966
CyCLIP,mscoco,Img-Img,Pos,0.89808524
CyCLIP,mscoco,Img-Img,Pos,0.9106734
CyCLIP,mscoco,Img-Img,Pos,0.84714186
CyCLIP,mscoco,Img-Img,Pos,0.8981265
CyCLIP,mscoco,Img-Img,Pos,0.7709246
CyCLIP,mscoco,Img-Img,Pos,0.8583785
CyCLIP,mscoco,Img-Img,Pos,0.94597304
CyCLIP,mscoco,Img-Img,Pos,0.878392
CyCLIP,mscoco,Img-Img,Pos,0.90804166
CyCLIP,mscoco,Img-Img,Pos,0.87923217
CyCLIP,mscoco,Img-Img,Pos,0.96151364
CyCLIP,mscoco,Img-Img,Pos,0.8657232
CyCLIP,mscoco,Img-Img,Pos,0.918577
CyCLIP,mscoco,Img-Img,Pos,0.9361191
CyCLIP,mscoco,Img-Img,Pos,0.9084752
CyCLIP,mscoco,Img-Img,Pos,0.946344
CyCLIP,mscoco,Img-Img,Pos,0.8414682
CyCLIP,mscoco,Img-Img,Pos,0.87004554
CyCLIP,mscoco,Img-Img,Pos,0.8957904
CyCLIP,mscoco,Img-Img,Pos,0.8888018
CyCLIP,mscoco,Img-Img,Pos,0.8995054
CyCLIP,mscoco,Img-Img,Pos,0.8853328
CyCLIP,mscoco,Img-Img,Pos,0.89946723
CyCLIP,mscoco,Img-Img,Pos,0.9230688
CyCLIP,mscoco,Img-Img,Pos,0.9138077
CyCLIP,mscoco,Img-Img,Pos,0.93170977
CyCLIP,mscoco,Img-Img,Pos,0.8554884
CyCLIP,mscoco,Img-Img,Pos,0.89840615
CyCLIP,mscoco,Img-Img,Pos,0.89253914
CyCLIP,mscoco,Img-Img,Pos,0.9003182
CyCLIP,mscoco,Img-Img,Pos,0.8320036
CyCLIP,mscoco,Img-Img,Pos,0.9209897
CyCLIP,mscoco,Img-Img,Pos,0.89670753
CyCLIP,mscoco,Img-Img,Pos,0.8218224
CyCLIP,mscoco,Img-Img,Pos,0.856201
CyCLIP,mscoco,Img-Img,Pos,0.8840564
CyCLIP,mscoco,Img-Img,Pos,0.83862054
CyCLIP,mscoco,Img-Img,Pos,0.79033035
CyCLIP,mscoco,Img-Img,Pos,0.89338994
CyCLIP,mscoco,Img-Img,Pos,0.92065465
CyCLIP,mscoco,Img-Img,Pos,0.8788655
CyCLIP,mscoco,Img-Img,Pos,0.9270107
CyCLIP,mscoco,Img-Img,Pos,0.8646838
CyCLIP,mscoco,Img-Img,Pos,0.9159384
CyCLIP,mscoco,Img-Img,Pos,0.88247615
CyCLIP,mscoco,Img-Img,Pos,0.9463793
CyCLIP,mscoco,Img-Img,Pos,0.8889142
CyCLIP,mscoco,Img-Img,Pos,0.89307916
CyCLIP,mscoco,Img-Img,Pos,0.88399863
CyCLIP,mscoco,Img-Img,Pos,0.91230357
CyCLIP,mscoco,Img-Img,Pos,0.927703
CyCLIP,mscoco,Img-Img,Pos,0.8969735
CyCLIP,mscoco,Img-Img,Pos,0.94032145
CyCLIP,mscoco,Img-Img,Pos,0.9849795
CyCLIP,mscoco,Img-Img,Pos,0.88298553
CyCLIP,mscoco,Img-Img,Pos,0.8182278
CyCLIP,mscoco,Img-Img,Pos,0.8767364
CyCLIP,mscoco,Img-Img,Pos,0.92242944
CyCLIP,mscoco,Img-Img,Pos,0.8859065
CyCLIP,mscoco,Img-Img,Pos,0.92228067
CyCLIP,mscoco,Img-Img,Pos,0.89596313
CyCLIP,mscoco,Img-Img,Pos,0.83528113
CyCLIP,mscoco,Img-Img,Pos,0.82436514
CyCLIP,mscoco,Img-Img,Pos,0.90960634
CyCLIP,mscoco,Img-Img,Pos,0.83775055
CyCLIP,mscoco,Img-Img,Pos,0.8352002
CyCLIP,mscoco,Img-Img,Pos,0.87827843
CyCLIP,mscoco,Img-Img,Pos,0.8885335
CyCLIP,mscoco,Img-Img,Pos,0.9246596
CyCLIP,mscoco,Img-Img,Pos,0.82826316
CyCLIP,mscoco,Img-Img,Pos,0.82046413
CyCLIP,mscoco,Img-Img,Pos,0.91717076
CyCLIP,mscoco,Img-Img,Pos,0.867254
CyCLIP,mscoco,Img-Img,Pos,0.81006485
CyCLIP,mscoco,Img-Img,Pos,0.8768647
CyCLIP,mscoco,Img-Img,Pos,0.8322811
CyCLIP,mscoco,Img-Img,Pos,0.87585044
CyCLIP,mscoco,Img-Img,Pos,0.89541197
CyCLIP,mscoco,Img-Img,Pos,0.9212774
CyCLIP,mscoco,Img-Img,Pos,0.8782773
CyCLIP,mscoco,Img-Img,Pos,0.8444252
CyCLIP,mscoco,Img-Img,Pos,0.9186513
CyCLIP,mscoco,Img-Img,Pos,0.88734365
CyCLIP,mscoco,Img-Img,Pos,0.89218885
CyCLIP,mscoco,Img-Img,Pos,0.92988
CyCLIP,mscoco,Img-Img,Pos,0.97509223
CyCLIP,mscoco,Img-Img,Pos,0.90253663
CyCLIP,mscoco,Img-Img,Pos,0.92454225
CyCLIP,mscoco,Img-Img,Pos,0.8981931
CyCLIP,mscoco,Img-Img,Pos,0.8795026
CyCLIP,mscoco,Img-Img,Pos,0.8408471
CyCLIP,mscoco,Img-Img,Pos,0.9610716
CyCLIP,mscoco,Img-Img,Pos,0.88266736
CyCLIP,mscoco,Img-Img,Pos,0.83779126
CyCLIP,mscoco,Img-Img,Pos,0.862525
CyCLIP,mscoco,Img-Img,Pos,0.83566463
CyCLIP,mscoco,Img-Img,Pos,0.86788774
CyCLIP,mscoco,Img-Img,Pos,0.8443129
CyCLIP,mscoco,Img-Img,Pos,0.8356024
CyCLIP,mscoco,Img-Img,Pos,0.8454683
CyCLIP,mscoco,Img-Img,Pos,0.93715054
CyCLIP,mscoco,Img-Img,Pos,0.8687284
CyCLIP,mscoco,Img-Img,Pos,0.8341397
CyCLIP,mscoco,Img-Img,Pos,0.8129464
CyCLIP,mscoco,Img-Img,Pos,0.9121225
CyCLIP,mscoco,Img-Img,Pos,0.8314755
CyCLIP,mscoco,Img-Img,Pos,0.8859718
CyCLIP,mscoco,Img-Img,Pos,0.91781825
CyCLIP,mscoco,Img-Img,Pos,0.87031204
CyCLIP,mscoco,Img-Img,Pos,0.8212493
CyCLIP,mscoco,Img-Img,Pos,0.8639641
CyCLIP,mscoco,Img-Img,Pos,0.7860651
CyCLIP,mscoco,Img-Img,Pos,0.8965629
CyCLIP,mscoco,Img-Img,Pos,0.8647314
CyCLIP,mscoco,Img-Img,Pos,0.81751823
CyCLIP,mscoco,Img-Img,Pos,0.93526137
CyCLIP,mscoco,Img-Img,Pos,0.9140181
CyCLIP,mscoco,Img-Img,Pos,0.8566843
CyCLIP,mscoco,Img-Img,Pos,0.8511302
CyCLIP,mscoco,Img-Img,Pos,0.9584733
CyCLIP,mscoco,Img-Img,Pos,0.8034913
CyCLIP,mscoco,Img-Img,Pos,0.89024293
CyCLIP,mscoco,Img-Img,Pos,0.84463096
CyCLIP,mscoco,Img-Img,Pos,0.8887308
CyCLIP,mscoco,Img-Img,Pos,0.8787758
CyCLIP,mscoco,Img-Img,Pos,0.9176177
CyCLIP,mscoco,Img-Img,Pos,0.89477503
CyCLIP,mscoco,Img-Img,Pos,0.837426
CyCLIP,mscoco,Img-Img,Pos,0.92133033
CyCLIP,mscoco,Img-Img,Pos,0.9034648
CyCLIP,mscoco,Img-Img,Pos,0.84197193
CyCLIP,mscoco,Img-Img,Pos,0.8961133
CyCLIP,mscoco,Img-Img,Pos,0.83471215
CyCLIP,mscoco,Img-Img,Pos,0.89206654
CyCLIP,mscoco,Img-Img,Pos,0.81641096
CyCLIP,mscoco,Img-Img,Pos,0.81300193
CyCLIP,mscoco,Img-Img,Pos,0.86164784
CyCLIP,mscoco,Img-Img,Pos,0.82798094
CyCLIP,mscoco,Img-Img,Pos,0.87580466
CyCLIP,mscoco,Img-Img,Pos,0.90567684
CyCLIP,mscoco,Img-Img,Pos,0.88521254
CyCLIP,mscoco,Img-Img,Pos,0.884794
CyCLIP,mscoco,Img-Img,Pos,0.83790755
CyCLIP,mscoco,Img-Img,Pos,0.8663939
CyCLIP,mscoco,Img-Img,Pos,0.79798114
CyCLIP,mscoco,Img-Img,Pos,0.88201296
CyCLIP,mscoco,Img-Img,Pos,0.8880841
CyCLIP,mscoco,Img-Img,Pos,0.8831384
CyCLIP,mscoco,Img-Img,Pos,0.8597262
CyCLIP,mscoco,Img-Img,Pos,0.858604
CyCLIP,mscoco,Img-Img,Pos,0.863203
CyCLIP,mscoco,Img-Img,Pos,0.82813895
CyCLIP,mscoco,Img-Img,Pos,0.8471953
CyCLIP,mscoco,Img-Img,Pos,0.8550457
CyCLIP,mscoco,Img-Img,Pos,0.77804214
CyCLIP,mscoco,Img-Img,Pos,0.94037986
CyCLIP,mscoco,Img-Img,Pos,0.8216315
CyCLIP,mscoco,Img-Img,Pos,0.87150455
CyCLIP,mscoco,Img-Img,Pos,0.9249558
CyCLIP,mscoco,Img-Img,Pos,0.89325285
CyCLIP,mscoco,Img-Img,Pos,0.8963312
CyCLIP,mscoco,Img-Img,Pos,0.8428513
CyCLIP,mscoco,Img-Img,Pos,0.8969918
CyCLIP,mscoco,Img-Img,Pos,0.85923463
CyCLIP,mscoco,Img-Img,Pos,0.8882747
CyCLIP,mscoco,Img-Img,Pos,0.8850546
CyCLIP,mscoco,Img-Img,Pos,0.86830723
CyCLIP,mscoco,Img-Img,Pos,0.8828063
CyCLIP,mscoco,Img-Img,Pos,0.8172449
CyCLIP,mscoco,Img-Img,Pos,0.8002297
CyCLIP,mscoco,Img-Img,Pos,0.87586373
CyCLIP,mscoco,Img-Img,Pos,0.83141726
CyCLIP,mscoco,Img-Img,Pos,0.8345959
CyCLIP,mscoco,Img-Img,Pos,0.77175033
CyCLIP,mscoco,Img-Img,Pos,0.9062314
CyCLIP,mscoco,Img-Img,Pos,0.92704684
CyCLIP,mscoco,Img-Img,Pos,0.9102036
CyCLIP,mscoco,Img-Img,Pos,0.86652607
CyCLIP,mscoco,Img-Img,Pos,0.9176761
CyCLIP,mscoco,Img-Img,Pos,0.83681315
CyCLIP,mscoco,Img-Img,Pos,0.9144302
CyCLIP,mscoco,Img-Img,Pos,0.89245033
CyCLIP,mscoco,Img-Img,Pos,0.8357513
CyCLIP,mscoco,Img-Img,Pos,0.89084446
CyCLIP,mscoco,Img-Img,Pos,0.86695147
CyCLIP,mscoco,Img-Img,Pos,0.8345458
CyCLIP,mscoco,Img-Img,Pos,0.93171304
CyCLIP,mscoco,Img-Img,Pos,0.809197
CyCLIP,mscoco,Img-Img,Pos,0.8725296
CyCLIP,mscoco,Img-Img,Pos,0.85361445
CyCLIP,mscoco,Img-Img,Pos,0.8158294
CyCLIP,mscoco,Img-Img,Pos,0.8750215
CyCLIP,mscoco,Img-Img,Pos,0.870929
CyCLIP,mscoco,Img-Img,Pos,0.8882665
CyCLIP,mscoco,Img-Img,Pos,0.88708156
CyCLIP,mscoco,Img-Img,Pos,0.8321488
CyCLIP,mscoco,Img-Img,Pos,0.907599
CyCLIP,mscoco,Img-Img,Pos,0.82511663
CyCLIP,mscoco,Img-Img,Pos,0.86397403
CyCLIP,mscoco,Img-Img,Pos,0.8190733
CyCLIP,mscoco,Img-Img,Pos,0.923857
CyCLIP,mscoco,Img-Img,Pos,0.8698844
CyCLIP,mscoco,Img-Img,Pos,0.9302057
CyCLIP,mscoco,Img-Img,Pos,0.8430289
CyCLIP,mscoco,Img-Img,Pos,0.8640501
CyCLIP,mscoco,Img-Img,Pos,0.89520925
CyCLIP,mscoco,Img-Img,Pos,0.8082249
CyCLIP,mscoco,Img-Img,Pos,0.90818673
CyCLIP,mscoco,Img-Img,Pos,0.8765808
CyCLIP,mscoco,Img-Img,Pos,0.82554495
CyCLIP,mscoco,Img-Img,Pos,0.9288915
CyCLIP,mscoco,Img-Img,Pos,0.8853504
CyCLIP,mscoco,Img-Img,Pos,0.90737236
CyCLIP,mscoco,Img-Img,Pos,0.9114077
CyCLIP,mscoco,Img-Img,Pos,0.86766195
CyCLIP,mscoco,Img-Img,Pos,0.8932133
CyCLIP,mscoco,Img-Img,Pos,0.83979154
CyCLIP,mscoco,Img-Img,Pos,0.87552226
CyCLIP,mscoco,Img-Img,Pos,0.88568896
CyCLIP,mscoco,Img-Img,Pos,0.7864265
CyCLIP,mscoco,Img-Img,Pos,0.8720746
CyCLIP,mscoco,Img-Img,Pos,0.89121157
CyCLIP,mscoco,Img-Img,Pos,0.8169227
CyCLIP,mscoco,Img-Img,Pos,0.80311096
CyCLIP,mscoco,Img-Img,Pos,0.7845877
CyCLIP,mscoco,Img-Img,Pos,0.8256332
CyCLIP,mscoco,Img-Img,Pos,0.8484522
CyCLIP,mscoco,Img-Img,Pos,0.8754108
CyCLIP,mscoco,Img-Img,Pos,0.8930677
CyCLIP,mscoco,Img-Img,Pos,0.85927856
CyCLIP,mscoco,Img-Img,Pos,0.89104354
CyCLIP,mscoco,Img-Img,Pos,0.8808044
CyCLIP,mscoco,Img-Img,Pos,0.94087356
CyCLIP,mscoco,Img-Img,Pos,0.87576574
CyCLIP,mscoco,Img-Img,Pos,0.8686354
CyCLIP,mscoco,Img-Img,Pos,0.97406733
CyCLIP,mscoco,Img-Img,Pos,0.9147888
CyCLIP,mscoco,Img-Img,Pos,0.8152205
CyCLIP,mscoco,Img-Img,Pos,0.8640539
CyCLIP,mscoco,Img-Img,Pos,0.9105864
CyCLIP,mscoco,Img-Img,Pos,0.8061195
CyCLIP,mscoco,Img-Img,Pos,0.91868526
CyCLIP,mscoco,Img-Img,Pos,0.9101423
CyCLIP,mscoco,Img-Img,Pos,0.9282529
CyCLIP,mscoco,Img-Img,Pos,0.885863
CyCLIP,mscoco,Img-Img,Pos,0.97892606
CyCLIP,mscoco,Img-Img,Pos,0.8585542
CyCLIP,mscoco,Img-Img,Pos,0.94293743
CyCLIP,mscoco,Img-Img,Pos,0.94011813
CyCLIP,mscoco,Img-Img,Pos,0.8473407
CyCLIP,mscoco,Img-Img,Pos,0.9279707
CyCLIP,mscoco,Img-Img,Pos,0.8780482
CyCLIP,mscoco,Img-Img,Pos,0.8817103
CyCLIP,mscoco,Img-Img,Pos,0.8855103
CyCLIP,mscoco,Img-Img,Pos,0.9830562
CyCLIP,mscoco,Img-Img,Pos,0.8360566
CyCLIP,mscoco,Img-Img,Pos,0.91841674
CyCLIP,mscoco,Img-Img,Pos,0.86378443
CyCLIP,mscoco,Img-Img,Pos,0.8805742
CyCLIP,mscoco,Img-Img,Pos,0.87949383
CyCLIP,mscoco,Img-Img,Pos,0.82043827
CyCLIP,mscoco,Img-Img,Pos,0.8247514
CyCLIP,mscoco,Img-Img,Pos,0.84144676
CyCLIP,mscoco,Img-Img,Pos,0.85079163
CyCLIP,mscoco,Img-Img,Pos,0.83648354
CyCLIP,mscoco,Img-Img,Pos,0.81614333
CyCLIP,mscoco,Img-Img,Pos,0.86945176
CyCLIP,mscoco,Img-Img,Pos,0.8564355
CyCLIP,mscoco,Img-Img,Pos,0.79568833
CyCLIP,mscoco,Img-Img,Pos,0.8390735
CyCLIP,mscoco,Img-Img,Pos,0.8526305
CyCLIP,mscoco,Img-Img,Pos,0.8639504
CyCLIP,mscoco,Img-Img,Pos,0.9265906
CyCLIP,mscoco,Img-Img,Pos,0.8392956
CyCLIP,mscoco,Img-Img,Pos,0.8094619
CyCLIP,mscoco,Img-Img,Pos,0.8231255
CyCLIP,mscoco,Img-Img,Pos,0.93417543
CyCLIP,mscoco,Img-Img,Pos,0.8699218
CyCLIP,mscoco,Img-Img,Pos,0.8777721
CyCLIP,mscoco,Img-Img,Pos,0.8819267
CyCLIP,mscoco,Img-Img,Pos,0.85734457
CyCLIP,mscoco,Img-Img,Pos,0.86515015
CyCLIP,mscoco,Img-Img,Pos,0.8542345
CyCLIP,mscoco,Img-Img,Pos,0.8539794
CyCLIP,mscoco,Img-Img,Pos,0.87102664
CyCLIP,mscoco,Img-Img,Pos,0.86600965
CyCLIP,mscoco,Txt-Img,Pos,0.4273427
CyCLIP,mscoco,Txt-Img,Pos,0.38821632
CyCLIP,mscoco,Txt-Img,Pos,0.40678596
CyCLIP,mscoco,Txt-Img,Pos,0.3930132
CyCLIP,mscoco,Txt-Img,Pos,0.4233988
CyCLIP,mscoco,Txt-Img,Pos,0.40897653
CyCLIP,mscoco,Txt-Img,Pos,0.4054598
CyCLIP,mscoco,Txt-Img,Pos,0.4264284
CyCLIP,mscoco,Txt-Img,Pos,0.40081394
CyCLIP,mscoco,Txt-Img,Pos,0.41934556
CyCLIP,mscoco,Txt-Img,Pos,0.45172858
CyCLIP,mscoco,Txt-Img,Pos,0.42630285
CyCLIP,mscoco,Txt-Img,Pos,0.3775755
CyCLIP,mscoco,Txt-Img,Pos,0.39014322
CyCLIP,mscoco,Txt-Img,Pos,0.39110875
CyCLIP,mscoco,Txt-Img,Pos,0.42413342
CyCLIP,mscoco,Txt-Img,Pos,0.41306388
CyCLIP,mscoco,Txt-Img,Pos,0.3842994
CyCLIP,mscoco,Txt-Img,Pos,0.41077676
CyCLIP,mscoco,Txt-Img,Pos,0.37502015
CyCLIP,mscoco,Txt-Img,Pos,0.351631
CyCLIP,mscoco,Txt-Img,Pos,0.4157008
CyCLIP,mscoco,Txt-Img,Pos,0.42443827
CyCLIP,mscoco,Txt-Img,Pos,0.40824616
CyCLIP,mscoco,Txt-Img,Pos,0.430727
CyCLIP,mscoco,Txt-Img,Pos,0.42781568
CyCLIP,mscoco,Txt-Img,Pos,0.43099648
CyCLIP,mscoco,Txt-Img,Pos,0.36937532
CyCLIP,mscoco,Txt-Img,Pos,0.39380312
CyCLIP,mscoco,Txt-Img,Pos,0.41117707
CyCLIP,mscoco,Txt-Img,Pos,0.43606144
CyCLIP,mscoco,Txt-Img,Pos,0.39695945
CyCLIP,mscoco,Txt-Img,Pos,0.40062267
CyCLIP,mscoco,Txt-Img,Pos,0.36193657
CyCLIP,mscoco,Txt-Img,Pos,0.41461873
CyCLIP,mscoco,Txt-Img,Pos,0.39206055
CyCLIP,mscoco,Txt-Img,Pos,0.43723154
CyCLIP,mscoco,Txt-Img,Pos,0.43347973
CyCLIP,mscoco,Txt-Img,Pos,0.395333
CyCLIP,mscoco,Txt-Img,Pos,0.42129382
CyCLIP,mscoco,Txt-Img,Pos,0.43936813
CyCLIP,mscoco,Txt-Img,Pos,0.4031891
CyCLIP,mscoco,Txt-Img,Pos,0.42018974
CyCLIP,mscoco,Txt-Img,Pos,0.41801775
CyCLIP,mscoco,Txt-Img,Pos,0.40408468
CyCLIP,mscoco,Txt-Img,Pos,0.39076015
CyCLIP,mscoco,Txt-Img,Pos,0.3988667
CyCLIP,mscoco,Txt-Img,Pos,0.3752321
CyCLIP,mscoco,Txt-Img,Pos,0.39362538
CyCLIP,mscoco,Txt-Img,Pos,0.44610858
CyCLIP,mscoco,Txt-Img,Pos,0.4187368
CyCLIP,mscoco,Txt-Img,Pos,0.41252652
CyCLIP,mscoco,Txt-Img,Pos,0.42143703
CyCLIP,mscoco,Txt-Img,Pos,0.41403082
CyCLIP,mscoco,Txt-Img,Pos,0.433937
CyCLIP,mscoco,Txt-Img,Pos,0.37102723
CyCLIP,mscoco,Txt-Img,Pos,0.40033197
CyCLIP,mscoco,Txt-Img,Pos,0.37718496
CyCLIP,mscoco,Txt-Img,Pos,0.3733116
CyCLIP,mscoco,Txt-Img,Pos,0.4154476
CyCLIP,mscoco,Txt-Img,Pos,0.40308
CyCLIP,mscoco,Txt-Img,Pos,0.4326915
CyCLIP,mscoco,Txt-Img,Pos,0.40274495
CyCLIP,mscoco,Txt-Img,Pos,0.429029
CyCLIP,mscoco,Txt-Img,Pos,0.4048783
CyCLIP,mscoco,Txt-Img,Pos,0.39066416
CyCLIP,mscoco,Txt-Img,Pos,0.3803478
CyCLIP,mscoco,Txt-Img,Pos,0.3925478
CyCLIP,mscoco,Txt-Img,Pos,0.42465994
CyCLIP,mscoco,Txt-Img,Pos,0.39631808
CyCLIP,mscoco,Txt-Img,Pos,0.41379687
CyCLIP,mscoco,Txt-Img,Pos,0.30782613
CyCLIP,mscoco,Txt-Img,Pos,0.4217958
CyCLIP,mscoco,Txt-Img,Pos,0.3830872
CyCLIP,mscoco,Txt-Img,Pos,0.35721737
CyCLIP,mscoco,Txt-Img,Pos,0.41801712
CyCLIP,mscoco,Txt-Img,Pos,0.39416596
CyCLIP,mscoco,Txt-Img,Pos,0.40809995
CyCLIP,mscoco,Txt-Img,Pos,0.40892482
CyCLIP,mscoco,Txt-Img,Pos,0.39769092
CyCLIP,mscoco,Txt-Img,Pos,0.40381774
CyCLIP,mscoco,Txt-Img,Pos,0.37490404
CyCLIP,mscoco,Txt-Img,Pos,0.3882382
CyCLIP,mscoco,Txt-Img,Pos,0.3982985
CyCLIP,mscoco,Txt-Img,Pos,0.41259384
CyCLIP,mscoco,Txt-Img,Pos,0.38201284
CyCLIP,mscoco,Txt-Img,Pos,0.35264564
CyCLIP,mscoco,Txt-Img,Pos,0.3642341
CyCLIP,mscoco,Txt-Img,Pos,0.38916036
CyCLIP,mscoco,Txt-Img,Pos,0.41050625
CyCLIP,mscoco,Txt-Img,Pos,0.3837829
CyCLIP,mscoco,Txt-Img,Pos,0.3790784
CyCLIP,mscoco,Txt-Img,Pos,0.43268248
CyCLIP,mscoco,Txt-Img,Pos,0.41118756
CyCLIP,mscoco,Txt-Img,Pos,0.3994084
CyCLIP,mscoco,Txt-Img,Pos,0.38737035
CyCLIP,mscoco,Txt-Img,Pos,0.41404173
CyCLIP,mscoco,Txt-Img,Pos,0.44052893
CyCLIP,mscoco,Txt-Img,Pos,0.42975515
CyCLIP,mscoco,Txt-Img,Pos,0.41558182
CyCLIP,mscoco,Txt-Img,Pos,0.45248592
CyCLIP,mscoco,Txt-Img,Pos,0.38591084
CyCLIP,mscoco,Txt-Img,Pos,0.45995378
CyCLIP,mscoco,Txt-Img,Pos,0.42542595
CyCLIP,mscoco,Txt-Img,Pos,0.35482016
CyCLIP,mscoco,Txt-Img,Pos,0.42856032
CyCLIP,mscoco,Txt-Img,Pos,0.3966076
CyCLIP,mscoco,Txt-Img,Pos,0.37085804
CyCLIP,mscoco,Txt-Img,Pos,0.42910033
CyCLIP,mscoco,Txt-Img,Pos,0.39228463
CyCLIP,mscoco,Txt-Img,Pos,0.37844557
CyCLIP,mscoco,Txt-Img,Pos,0.36280298
CyCLIP,mscoco,Txt-Img,Pos,0.40288958
CyCLIP,mscoco,Txt-Img,Pos,0.3599669
CyCLIP,mscoco,Txt-Img,Pos,0.38138765
CyCLIP,mscoco,Txt-Img,Pos,0.37417448
CyCLIP,mscoco,Txt-Img,Pos,0.4246049
CyCLIP,mscoco,Txt-Img,Pos,0.38944483
CyCLIP,mscoco,Txt-Img,Pos,0.41146058
CyCLIP,mscoco,Txt-Img,Pos,0.4048233
CyCLIP,mscoco,Txt-Img,Pos,0.39232364
CyCLIP,mscoco,Txt-Img,Pos,0.4121128
CyCLIP,mscoco,Txt-Img,Pos,0.40585297
CyCLIP,mscoco,Txt-Img,Pos,0.38574633
CyCLIP,mscoco,Txt-Img,Pos,0.42369488
CyCLIP,mscoco,Txt-Img,Pos,0.3791893
CyCLIP,mscoco,Txt-Img,Pos,0.33120802
CyCLIP,mscoco,Txt-Img,Pos,0.38424712
CyCLIP,mscoco,Txt-Img,Pos,0.38710466
CyCLIP,mscoco,Txt-Img,Pos,0.42841637
CyCLIP,mscoco,Txt-Img,Pos,0.43642431
CyCLIP,mscoco,Txt-Img,Pos,0.3495289
CyCLIP,mscoco,Txt-Img,Pos,0.4272017
CyCLIP,mscoco,Txt-Img,Pos,0.38739872
CyCLIP,mscoco,Txt-Img,Pos,0.35486072
CyCLIP,mscoco,Txt-Img,Pos,0.40541402
CyCLIP,mscoco,Txt-Img,Pos,0.31703758
CyCLIP,mscoco,Txt-Img,Pos,0.4532346
CyCLIP,mscoco,Txt-Img,Pos,0.35517645
CyCLIP,mscoco,Txt-Img,Pos,0.43706465
CyCLIP,mscoco,Txt-Img,Pos,0.4128273
CyCLIP,mscoco,Txt-Img,Pos,0.4422527
CyCLIP,mscoco,Txt-Img,Pos,0.42689192
CyCLIP,mscoco,Txt-Img,Pos,0.3847562
CyCLIP,mscoco,Txt-Img,Pos,0.4205188
CyCLIP,mscoco,Txt-Img,Pos,0.38842627
CyCLIP,mscoco,Txt-Img,Pos,0.43890285
CyCLIP,mscoco,Txt-Img,Pos,0.43724054
CyCLIP,mscoco,Txt-Img,Pos,0.38721386
CyCLIP,mscoco,Txt-Img,Pos,0.40839535
CyCLIP,mscoco,Txt-Img,Pos,0.41817904
CyCLIP,mscoco,Txt-Img,Pos,0.36816147
CyCLIP,mscoco,Txt-Img,Pos,0.3995022
CyCLIP,mscoco,Txt-Img,Pos,0.3948613
CyCLIP,mscoco,Txt-Img,Pos,0.3852832
CyCLIP,mscoco,Txt-Img,Pos,0.3934774
CyCLIP,mscoco,Txt-Img,Pos,0.3809113
CyCLIP,mscoco,Txt-Img,Pos,0.4053634
CyCLIP,mscoco,Txt-Img,Pos,0.39079252
CyCLIP,mscoco,Txt-Img,Pos,0.38412952
CyCLIP,mscoco,Txt-Img,Pos,0.40580702
CyCLIP,mscoco,Txt-Img,Pos,0.39608294
CyCLIP,mscoco,Txt-Img,Pos,0.42781058
CyCLIP,mscoco,Txt-Img,Pos,0.3633677
CyCLIP,mscoco,Txt-Img,Pos,0.40508604
CyCLIP,mscoco,Txt-Img,Pos,0.38863495
CyCLIP,mscoco,Txt-Img,Pos,0.43896642
CyCLIP,mscoco,Txt-Img,Pos,0.42616656
CyCLIP,mscoco,Txt-Img,Pos,0.3345002
CyCLIP,mscoco,Txt-Img,Pos,0.4079549
CyCLIP,mscoco,Txt-Img,Pos,0.43499118
CyCLIP,mscoco,Txt-Img,Pos,0.39502934
CyCLIP,mscoco,Txt-Img,Pos,0.37010646
CyCLIP,mscoco,Txt-Img,Pos,0.33161867
CyCLIP,mscoco,Txt-Img,Pos,0.39768535
CyCLIP,mscoco,Txt-Img,Pos,0.39681977
CyCLIP,mscoco,Txt-Img,Pos,0.36827213
CyCLIP,mscoco,Txt-Img,Pos,0.3477838
CyCLIP,mscoco,Txt-Img,Pos,0.427217
CyCLIP,mscoco,Txt-Img,Pos,0.37192228
CyCLIP,mscoco,Txt-Img,Pos,0.364307
CyCLIP,mscoco,Txt-Img,Pos,0.39775607
CyCLIP,mscoco,Txt-Img,Pos,0.41135332
CyCLIP,mscoco,Txt-Img,Pos,0.43657935
CyCLIP,mscoco,Txt-Img,Pos,0.37255293
CyCLIP,mscoco,Txt-Img,Pos,0.3665803
CyCLIP,mscoco,Txt-Img,Pos,0.44482976
CyCLIP,mscoco,Txt-Img,Pos,0.32690427
CyCLIP,mscoco,Txt-Img,Pos,0.40106273
CyCLIP,mscoco,Txt-Img,Pos,0.32960588
CyCLIP,mscoco,Txt-Img,Pos,0.3988473
CyCLIP,mscoco,Txt-Img,Pos,0.38131082
CyCLIP,mscoco,Txt-Img,Pos,0.36630255
CyCLIP,mscoco,Txt-Img,Pos,0.39299577
CyCLIP,mscoco,Txt-Img,Pos,0.37450987
CyCLIP,mscoco,Txt-Img,Pos,0.41922596
CyCLIP,mscoco,Txt-Img,Pos,0.3993309
CyCLIP,mscoco,Txt-Img,Pos,0.42349195
CyCLIP,mscoco,Txt-Img,Pos,0.41020703
CyCLIP,mscoco,Txt-Img,Pos,0.33271468
CyCLIP,mscoco,Txt-Img,Pos,0.35317728
CyCLIP,mscoco,Txt-Img,Pos,0.39069673
CyCLIP,mscoco,Txt-Img,Pos,0.41305554
CyCLIP,mscoco,Txt-Img,Pos,0.4236696
CyCLIP,mscoco,Txt-Img,Pos,0.4354805
CyCLIP,mscoco,Txt-Img,Pos,0.4310061
CyCLIP,mscoco,Txt-Img,Pos,0.43172246
CyCLIP,mscoco,Txt-Img,Pos,0.4206583
CyCLIP,mscoco,Txt-Img,Pos,0.37618813
CyCLIP,mscoco,Txt-Img,Pos,0.41316724
CyCLIP,mscoco,Txt-Img,Pos,0.35826713
CyCLIP,mscoco,Txt-Img,Pos,0.39761028
CyCLIP,mscoco,Txt-Img,Pos,0.30486175
CyCLIP,mscoco,Txt-Img,Pos,0.3748836
CyCLIP,mscoco,Txt-Img,Pos,0.38972947
CyCLIP,mscoco,Txt-Img,Pos,0.4233119
CyCLIP,mscoco,Txt-Img,Pos,0.3455804
CyCLIP,mscoco,Txt-Img,Pos,0.42047656
CyCLIP,mscoco,Txt-Img,Pos,0.40170118
CyCLIP,mscoco,Txt-Img,Pos,0.4407736
CyCLIP,mscoco,Txt-Img,Pos,0.37254977
CyCLIP,mscoco,Txt-Img,Pos,0.41023642
CyCLIP,mscoco,Txt-Img,Pos,0.41336662
CyCLIP,mscoco,Txt-Img,Pos,0.37860775
CyCLIP,mscoco,Txt-Img,Pos,0.3965706
CyCLIP,mscoco,Txt-Img,Pos,0.36430013
CyCLIP,mscoco,Txt-Img,Pos,0.3689949
CyCLIP,mscoco,Txt-Img,Pos,0.42259058
CyCLIP,mscoco,Txt-Img,Pos,0.42508113
CyCLIP,mscoco,Txt-Img,Pos,0.3651443
CyCLIP,mscoco,Txt-Img,Pos,0.40990573
CyCLIP,mscoco,Txt-Img,Pos,0.43225184
CyCLIP,mscoco,Txt-Img,Pos,0.42343348
CyCLIP,mscoco,Txt-Img,Pos,0.39390588
CyCLIP,mscoco,Txt-Img,Pos,0.42584532
CyCLIP,mscoco,Txt-Img,Pos,0.38169846
CyCLIP,mscoco,Txt-Img,Pos,0.41425127
CyCLIP,mscoco,Txt-Img,Pos,0.42276785
CyCLIP,mscoco,Txt-Img,Pos,0.3918394
CyCLIP,mscoco,Txt-Img,Pos,0.41260773
CyCLIP,mscoco,Txt-Img,Pos,0.41293398
CyCLIP,mscoco,Txt-Img,Pos,0.399901
CyCLIP,mscoco,Txt-Img,Pos,0.39344123
CyCLIP,mscoco,Txt-Img,Pos,0.41514245
CyCLIP,mscoco,Txt-Img,Pos,0.41831696
CyCLIP,mscoco,Txt-Img,Pos,0.39789033
CyCLIP,mscoco,Txt-Img,Pos,0.39279577
CyCLIP,mscoco,Txt-Img,Pos,0.41728887
CyCLIP,mscoco,Txt-Img,Pos,0.3664136
CyCLIP,mscoco,Txt-Img,Pos,0.39658406
CyCLIP,mscoco,Txt-Img,Pos,0.38539472
CyCLIP,mscoco,Txt-Img,Pos,0.41499457
CyCLIP,mscoco,Txt-Img,Pos,0.42993358
CyCLIP,mscoco,Txt-Img,Pos,0.36024016
CyCLIP,mscoco,Txt-Img,Pos,0.38864556
CyCLIP,mscoco,Txt-Img,Pos,0.4291663
CyCLIP,mscoco,Txt-Img,Pos,0.39287248
CyCLIP,mscoco,Txt-Img,Pos,0.4439906
CyCLIP,mscoco,Txt-Img,Pos,0.40077206
CyCLIP,mscoco,Txt-Img,Pos,0.38075644
CyCLIP,mscoco,Txt-Img,Pos,0.39680916
CyCLIP,mscoco,Txt-Img,Pos,0.40091643
CyCLIP,mscoco,Txt-Img,Pos,0.35223764
CyCLIP,mscoco,Txt-Img,Pos,0.360345
CyCLIP,mscoco,Txt-Img,Pos,0.35383266
CyCLIP,mscoco,Txt-Img,Pos,0.40050742
CyCLIP,mscoco,Txt-Img,Pos,0.42961997
CyCLIP,mscoco,Txt-Img,Pos,0.3521539
CyCLIP,mscoco,Txt-Img,Pos,0.3655699
CyCLIP,mscoco,Txt-Img,Pos,0.43367094
CyCLIP,mscoco,Txt-Img,Pos,0.3834797
CyCLIP,mscoco,Txt-Img,Pos,0.4061681
CyCLIP,mscoco,Txt-Img,Pos,0.3708079
CyCLIP,mscoco,Txt-Img,Pos,0.41128898
CyCLIP,mscoco,Txt-Img,Pos,0.3923927
CyCLIP,mscoco,Txt-Img,Pos,0.37260026
CyCLIP,mscoco,Txt-Img,Pos,0.38193208
CyCLIP,mscoco,Txt-Img,Pos,0.3723928
CyCLIP,mscoco,Txt-Img,Pos,0.41600543
CyCLIP,mscoco,Txt-Img,Pos,0.41874868
CyCLIP,mscoco,Txt-Img,Pos,0.40253237
CyCLIP,mscoco,Txt-Img,Pos,0.37746525
CyCLIP,mscoco,Txt-Img,Pos,0.35781768
CyCLIP,mscoco,Txt-Img,Pos,0.39051518
CyCLIP,mscoco,Txt-Img,Pos,0.42527008
CyCLIP,mscoco,Txt-Img,Pos,0.37248373
CyCLIP,mscoco,Txt-Img,Pos,0.43056375
CyCLIP,mscoco,Txt-Img,Pos,0.39737743
CyCLIP,mscoco,Txt-Img,Pos,0.3916546
CyCLIP,mscoco,Txt-Img,Pos,0.45855317
CyCLIP,mscoco,Txt-Img,Pos,0.401037
CyCLIP,mscoco,Txt-Img,Pos,0.36644018
CyCLIP,mscoco,Txt-Img,Pos,0.36718068
CyCLIP,mscoco,Txt-Img,Pos,0.40741715
CyCLIP,mscoco,Txt-Img,Pos,0.38492706
CyCLIP,mscoco,Txt-Img,Pos,0.42784742
CyCLIP,mscoco,Txt-Img,Pos,0.35755834
CyCLIP,mscoco,Txt-Img,Pos,0.44038638
CyCLIP,mscoco,Txt-Img,Pos,0.38160667
CyCLIP,mscoco,Txt-Img,Pos,0.42025623
CyCLIP,mscoco,Txt-Img,Pos,0.38073218
CyCLIP,mscoco,Txt-Img,Pos,0.41920727
CyCLIP,mscoco,Txt-Img,Pos,0.45244795
CyCLIP,mscoco,Txt-Img,Pos,0.42320037
CyCLIP,mscoco,Txt-Img,Pos,0.3541307
CyCLIP,mscoco,Txt-Img,Pos,0.446719
CyCLIP,mscoco,Txt-Img,Pos,0.3924877
CyCLIP,mscoco,Txt-Img,Pos,0.38358554
CyCLIP,mscoco,Txt-Img,Pos,0.40044203
CyCLIP,mscoco,Txt-Img,Pos,0.36369616
CyCLIP,mscoco,Txt-Img,Pos,0.3949205
CyCLIP,mscoco,Txt-Img,Pos,0.41284364
CyCLIP,mscoco,Txt-Img,Pos,0.3330628
CyCLIP,mscoco,Txt-Img,Pos,0.3160466
CyCLIP,mscoco,Txt-Img,Pos,0.38683602
CyCLIP,mscoco,Txt-Img,Pos,0.41568908
CyCLIP,mscoco,Txt-Img,Pos,0.4119148
CyCLIP,mscoco,Txt-Img,Pos,0.39603204
CyCLIP,mscoco,Txt-Img,Pos,0.41880894
CyCLIP,mscoco,Txt-Img,Pos,0.44003588
CyCLIP,mscoco,Txt-Img,Pos,0.39926356
CyCLIP,mscoco,Txt-Img,Pos,0.3905196
CyCLIP,mscoco,Txt-Img,Pos,0.39724672
CyCLIP,mscoco,Txt-Img,Pos,0.41919887
CyCLIP,mscoco,Txt-Img,Pos,0.40741467
CyCLIP,mscoco,Txt-Img,Pos,0.41272324
CyCLIP,mscoco,Txt-Img,Pos,0.43579617
CyCLIP,mscoco,Txt-Img,Pos,0.4162749
CyCLIP,mscoco,Txt-Img,Pos,0.4144991
CyCLIP,mscoco,Txt-Img,Pos,0.34672213
CyCLIP,mscoco,Txt-Img,Pos,0.39990798
CyCLIP,mscoco,Txt-Img,Pos,0.3562554
CyCLIP,mscoco,Txt-Img,Pos,0.39921057
CyCLIP,mscoco,Txt-Img,Pos,0.4225371
CyCLIP,mscoco,Txt-Img,Pos,0.3695168
CyCLIP,mscoco,Txt-Img,Pos,0.38717368
CyCLIP,mscoco,Txt-Img,Pos,0.4200617
CyCLIP,mscoco,Txt-Img,Pos,0.38160908
CyCLIP,mscoco,Txt-Img,Pos,0.35601893
CyCLIP,mscoco,Txt-Img,Pos,0.4020787
CyCLIP,mscoco,Txt-Img,Pos,0.3285619
CyCLIP,mscoco,Txt-Img,Pos,0.4388947
CyCLIP,mscoco,Txt-Img,Pos,0.40889946
CyCLIP,mscoco,Txt-Img,Pos,0.3520264
CyCLIP,mscoco,Txt-Img,Pos,0.37673312
CyCLIP,mscoco,Txt-Img,Pos,0.41220468
CyCLIP,mscoco,Txt-Img,Pos,0.42361954
CyCLIP,mscoco,Txt-Img,Pos,0.4405821
CyCLIP,mscoco,Txt-Img,Pos,0.4242942
CyCLIP,mscoco,Txt-Img,Pos,0.37120023
CyCLIP,mscoco,Txt-Img,Pos,0.37182498
CyCLIP,mscoco,Txt-Img,Pos,0.37715834
CyCLIP,mscoco,Txt-Img,Pos,0.39392412
CyCLIP,mscoco,Txt-Img,Pos,0.44090706
CyCLIP,mscoco,Txt-Img,Pos,0.420502
CyCLIP,mscoco,Txt-Img,Pos,0.35641572
CyCLIP,mscoco,Txt-Img,Pos,0.39539927
CyCLIP,mscoco,Txt-Img,Pos,0.43108714
CyCLIP,mscoco,Txt-Img,Pos,0.39689028
CyCLIP,mscoco,Txt-Img,Pos,0.42326063
CyCLIP,mscoco,Txt-Img,Pos,0.39548162
CyCLIP,mscoco,Txt-Img,Pos,0.33977553
CyCLIP,mscoco,Txt-Img,Pos,0.36418176
CyCLIP,mscoco,Txt-Img,Pos,0.41461378
CyCLIP,mscoco,Txt-Img,Pos,0.4343223
CyCLIP,mscoco,Txt-Img,Pos,0.40352744
CyCLIP,mscoco,Txt-Img,Pos,0.42146528
CyCLIP,mscoco,Txt-Img,Pos,0.42128915
CyCLIP,mscoco,Txt-Img,Pos,0.33571637
CyCLIP,mscoco,Txt-Img,Pos,0.39184198
CyCLIP,mscoco,Txt-Img,Pos,0.3955298
CyCLIP,mscoco,Txt-Img,Pos,0.41743553
CyCLIP,mscoco,Txt-Img,Pos,0.3245776
CyCLIP,mscoco,Txt-Img,Pos,0.37086856
CyCLIP,mscoco,Txt-Img,Pos,0.34792534
CyCLIP,mscoco,Txt-Img,Pos,0.39880168
CyCLIP,mscoco,Txt-Img,Pos,0.4107947
CyCLIP,mscoco,Txt-Img,Pos,0.31732917
CyCLIP,mscoco,Txt-Img,Pos,0.4032052
CyCLIP,mscoco,Txt-Img,Pos,0.42180222
CyCLIP,mscoco,Txt-Img,Pos,0.41345873
CyCLIP,mscoco,Txt-Img,Pos,0.4212891
CyCLIP,mscoco,Txt-Img,Pos,0.3888715
CyCLIP,mscoco,Txt-Img,Pos,0.38392577
CyCLIP,mscoco,Txt-Img,Pos,0.41772538
CyCLIP,mscoco,Txt-Img,Pos,0.41135317
CyCLIP,mscoco,Txt-Img,Pos,0.37954816
CyCLIP,mscoco,Txt-Img,Pos,0.39941347
CyCLIP,mscoco,Txt-Img,Pos,0.43766248
CyCLIP,mscoco,Txt-Img,Pos,0.38397858
CyCLIP,mscoco,Txt-Img,Pos,0.3958999
CyCLIP,mscoco,Txt-Img,Pos,0.39830723
CyCLIP,mscoco,Txt-Img,Pos,0.41671196
CyCLIP,mscoco,Txt-Img,Pos,0.38748574
CyCLIP,mscoco,Txt-Img,Pos,0.41483247
CyCLIP,mscoco,Txt-Img,Pos,0.37769544
CyCLIP,mscoco,Txt-Img,Pos,0.39325595
CyCLIP,mscoco,Txt-Img,Pos,0.4177072
CyCLIP,mscoco,Txt-Img,Pos,0.3963335
CyCLIP,mscoco,Txt-Img,Pos,0.41061655
CyCLIP,mscoco,Txt-Img,Pos,0.39006874
CyCLIP,mscoco,Txt-Img,Pos,0.43330225
CyCLIP,mscoco,Txt-Img,Pos,0.33817917
CyCLIP,mscoco,Txt-Img,Pos,0.424444
CyCLIP,mscoco,Txt-Img,Pos,0.42218724
CyCLIP,mscoco,Txt-Img,Pos,0.37809366
CyCLIP,mscoco,Txt-Img,Pos,0.41665423
CyCLIP,mscoco,Txt-Img,Pos,0.40042883
CyCLIP,mscoco,Txt-Img,Pos,0.36019534
CyCLIP,mscoco,Txt-Img,Pos,0.44930857
CyCLIP,mscoco,Txt-Img,Pos,0.41441548
CyCLIP,mscoco,Txt-Img,Pos,0.41811824
CyCLIP,mscoco,Txt-Img,Pos,0.4109738
CyCLIP,mscoco,Txt-Img,Pos,0.3700141
CyCLIP,mscoco,Txt-Img,Pos,0.3467214
CyCLIP,mscoco,Txt-Img,Pos,0.43496192
CyCLIP,mscoco,Txt-Img,Pos,0.44348615
CyCLIP,mscoco,Txt-Img,Pos,0.45426688
CyCLIP,mscoco,Txt-Img,Pos,0.40515995
CyCLIP,mscoco,Txt-Img,Pos,0.39518547
CyCLIP,mscoco,Txt-Img,Pos,0.4300201
CyCLIP,mscoco,Txt-Img,Pos,0.38214746
CyCLIP,mscoco,Txt-Img,Pos,0.41382876
CyCLIP,mscoco,Txt-Img,Pos,0.41921225
CyCLIP,mscoco,Txt-Img,Pos,0.35621494
CyCLIP,mscoco,Txt-Img,Pos,0.35565963
CyCLIP,mscoco,Txt-Img,Pos,0.3929611
CyCLIP,mscoco,Txt-Img,Pos,0.3606371
CyCLIP,mscoco,Txt-Img,Pos,0.41507086
CyCLIP,mscoco,Txt-Img,Pos,0.40184423
CyCLIP,mscoco,Txt-Img,Pos,0.38896266
CyCLIP,mscoco,Txt-Img,Pos,0.3762846
CyCLIP,mscoco,Txt-Img,Pos,0.4111962
CyCLIP,mscoco,Txt-Img,Pos,0.41454217
CyCLIP,mscoco,Txt-Img,Pos,0.37747002
CyCLIP,mscoco,Txt-Img,Pos,0.38651747
CyCLIP,mscoco,Txt-Img,Pos,0.38731346
CyCLIP,mscoco,Txt-Img,Pos,0.42906904
CyCLIP,mscoco,Txt-Img,Pos,0.32446516
CyCLIP,mscoco,Txt-Img,Pos,0.39898986
CyCLIP,mscoco,Txt-Img,Pos,0.38614345
CyCLIP,mscoco,Txt-Img,Pos,0.3686632
CyCLIP,mscoco,Txt-Img,Pos,0.40803316
CyCLIP,mscoco,Txt-Img,Pos,0.39348602
CyCLIP,mscoco,Txt-Img,Pos,0.43043536
CyCLIP,mscoco,Txt-Img,Pos,0.4173389
CyCLIP,mscoco,Txt-Img,Pos,0.36262062
CyCLIP,mscoco,Txt-Img,Pos,0.42705745
CyCLIP,mscoco,Txt-Img,Pos,0.36755273
CyCLIP,mscoco,Txt-Img,Pos,0.40867797
CyCLIP,mscoco,Txt-Img,Pos,0.35732552
CyCLIP,mscoco,Txt-Img,Pos,0.38127154
CyCLIP,mscoco,Txt-Img,Pos,0.4264653
CyCLIP,mscoco,Txt-Img,Pos,0.42018524
CyCLIP,mscoco,Txt-Img,Pos,0.4082103
CyCLIP,mscoco,Txt-Img,Pos,0.36945447
CyCLIP,mscoco,Txt-Img,Pos,0.43776804
CyCLIP,mscoco,Txt-Img,Pos,0.35879293
CyCLIP,mscoco,Txt-Img,Pos,0.38657585
CyCLIP,mscoco,Txt-Img,Pos,0.39430213
CyCLIP,mscoco,Txt-Img,Pos,0.43711287
CyCLIP,mscoco,Txt-Img,Pos,0.35393858
CyCLIP,mscoco,Txt-Img,Pos,0.398203
CyCLIP,mscoco,Txt-Img,Pos,0.38099533
CyCLIP,mscoco,Txt-Img,Pos,0.38849744
CyCLIP,mscoco,Txt-Img,Pos,0.30690002
CyCLIP,mscoco,Txt-Img,Pos,0.3511726
CyCLIP,mscoco,Txt-Img,Pos,0.41715962
CyCLIP,mscoco,Txt-Img,Pos,0.38902307
CyCLIP,mscoco,Txt-Img,Pos,0.4366781
CyCLIP,mscoco,Txt-Img,Pos,0.4215763
CyCLIP,mscoco,Txt-Img,Pos,0.4297497
CyCLIP,mscoco,Txt-Img,Pos,0.42135525
CyCLIP,mscoco,Txt-Img,Pos,0.3770977
CyCLIP,mscoco,Txt-Img,Pos,0.36957842
CyCLIP,mscoco,Txt-Img,Pos,0.3883494
CyCLIP,mscoco,Txt-Img,Pos,0.3712355
CyCLIP,mscoco,Txt-Img,Pos,0.41708136
CyCLIP,mscoco,Txt-Img,Pos,0.41614753
CyCLIP,mscoco,Txt-Img,Pos,0.42332354
CyCLIP,mscoco,Txt-Img,Pos,0.42341453
CyCLIP,mscoco,Txt-Img,Pos,0.43039292
CyCLIP,mscoco,Txt-Img,Pos,0.3902591
CyCLIP,mscoco,Txt-Img,Pos,0.32695025
CyCLIP,mscoco,Txt-Img,Pos,0.43813002
CyCLIP,mscoco,Txt-Img,Pos,0.41940123
CyCLIP,mscoco,Txt-Img,Pos,0.41304627
CyCLIP,mscoco,Txt-Img,Pos,0.4197687
CyCLIP,mscoco,Txt-Img,Pos,0.4110994
CyCLIP,mscoco,Txt-Img,Pos,0.37015516
CyCLIP,mscoco,Txt-Img,Pos,0.39424065
CyCLIP,mscoco,Txt-Img,Pos,0.4122773
CyCLIP,mscoco,Txt-Img,Pos,0.3701725
CyCLIP,mscoco,Txt-Img,Pos,0.41864282
CyCLIP,mscoco,Txt-Img,Pos,0.379271
CyCLIP,mscoco,Txt-Img,Pos,0.37966147
CyCLIP,mscoco,Txt-Img,Pos,0.39914688
CyCLIP,mscoco,Txt-Img,Pos,0.3814433
CyCLIP,mscoco,Txt-Img,Pos,0.35346976
CyCLIP,mscoco,Txt-Img,Pos,0.37641263
CyCLIP,mscoco,Txt-Img,Pos,0.39593583
CyCLIP,mscoco,Txt-Img,Pos,0.32748234
CyCLIP,mscoco,Txt-Img,Pos,0.40588877
CyCLIP,mscoco,Txt-Img,Pos,0.39620036
CyCLIP,mscoco,Txt-Img,Pos,0.38593504
CyCLIP,mscoco,Txt-Img,Pos,0.34601066
CyCLIP,mscoco,Txt-Img,Pos,0.3529672
CyCLIP,mscoco,Txt-Img,Pos,0.3860447
CyCLIP,mscoco,Txt-Img,Pos,0.40076625
CyCLIP,mscoco,Txt-Img,Pos,0.435588
CyCLIP,mscoco,Txt-Img,Pos,0.3902011
CyCLIP,mscoco,Txt-Img,Pos,0.34168443
CyCLIP,mscoco,Txt-Img,Pos,0.39112377
CyCLIP,mscoco,Txt-Img,Pos,0.44645804
CyCLIP,mscoco,Txt-Img,Pos,0.3604926
CyCLIP,mscoco,Txt-Img,Pos,0.41603667
CyCLIP,mscoco,Txt-Img,Pos,0.37221098
CyCLIP,mscoco,Txt-Img,Pos,0.42299783
CyCLIP,mscoco,Txt-Img,Pos,0.41745278
CyCLIP,mscoco,Txt-Img,Pos,0.45841613
CyCLIP,mscoco,Txt-Img,Pos,0.38751167
CyCLIP,mscoco,Txt-Img,Pos,0.36756185
CyCLIP,mscoco,Txt-Img,Pos,0.4627019
CyCLIP,mscoco,Txt-Txt,Neg,0.78955245
CyCLIP,mscoco,Txt-Txt,Neg,0.78109384
CyCLIP,mscoco,Txt-Txt,Neg,0.8164541
CyCLIP,mscoco,Txt-Txt,Neg,0.79599285
CyCLIP,mscoco,Txt-Txt,Neg,0.7940757
CyCLIP,mscoco,Txt-Txt,Neg,0.78049874
CyCLIP,mscoco,Txt-Txt,Neg,0.77873653
CyCLIP,mscoco,Txt-Txt,Neg,0.79404914
CyCLIP,mscoco,Txt-Txt,Neg,0.7556631
CyCLIP,mscoco,Txt-Txt,Neg,0.80085176
CyCLIP,mscoco,Txt-Txt,Neg,0.8243426
CyCLIP,mscoco,Txt-Txt,Neg,0.79448754
CyCLIP,mscoco,Txt-Txt,Neg,0.7848764
CyCLIP,mscoco,Txt-Txt,Neg,0.9103425
CyCLIP,mscoco,Txt-Txt,Neg,0.77626836
CyCLIP,mscoco,Txt-Txt,Neg,0.8183446
CyCLIP,mscoco,Txt-Txt,Neg,0.7836636
CyCLIP,mscoco,Txt-Txt,Neg,0.7958757
CyCLIP,mscoco,Txt-Txt,Neg,0.79455304
CyCLIP,mscoco,Txt-Txt,Neg,0.7838155
CyCLIP,mscoco,Txt-Txt,Neg,0.79823637
CyCLIP,mscoco,Txt-Txt,Neg,0.84109557
CyCLIP,mscoco,Txt-Txt,Neg,0.78589386
CyCLIP,mscoco,Txt-Txt,Neg,0.7680793
CyCLIP,mscoco,Txt-Txt,Neg,0.8028399
CyCLIP,mscoco,Txt-Txt,Neg,0.8230336
CyCLIP,mscoco,Txt-Txt,Neg,0.8113344
CyCLIP,mscoco,Txt-Txt,Neg,0.7862516
CyCLIP,mscoco,Txt-Txt,Neg,0.79003537
CyCLIP,mscoco,Txt-Txt,Neg,0.75993353
CyCLIP,mscoco,Txt-Txt,Neg,0.8125355
CyCLIP,mscoco,Txt-Txt,Neg,0.7846271
CyCLIP,mscoco,Txt-Txt,Neg,0.7790446
CyCLIP,mscoco,Txt-Txt,Neg,0.7660587
CyCLIP,mscoco,Txt-Txt,Neg,0.81938124
CyCLIP,mscoco,Txt-Txt,Neg,0.7708073
CyCLIP,mscoco,Txt-Txt,Neg,0.7736098
CyCLIP,mscoco,Txt-Txt,Neg,0.7689838
CyCLIP,mscoco,Txt-Txt,Neg,0.77914953
CyCLIP,mscoco,Txt-Txt,Neg,0.81295186
CyCLIP,mscoco,Txt-Txt,Neg,0.80102366
CyCLIP,mscoco,Txt-Txt,Neg,0.8304472
CyCLIP,mscoco,Txt-Txt,Neg,0.77170855
CyCLIP,mscoco,Txt-Txt,Neg,0.78978014
CyCLIP,mscoco,Txt-Txt,Neg,0.79155624
CyCLIP,mscoco,Txt-Txt,Neg,0.8287635
CyCLIP,mscoco,Txt-Txt,Neg,0.78394955
CyCLIP,mscoco,Txt-Txt,Neg,0.79454446
CyCLIP,mscoco,Txt-Txt,Neg,0.82160854
CyCLIP,mscoco,Txt-Txt,Neg,0.7967189
CyCLIP,mscoco,Txt-Txt,Neg,0.7670661
CyCLIP,mscoco,Txt-Txt,Neg,0.8016762
CyCLIP,mscoco,Txt-Txt,Neg,0.8248682
CyCLIP,mscoco,Txt-Txt,Neg,0.7845292
CyCLIP,mscoco,Txt-Txt,Neg,0.7988559
CyCLIP,mscoco,Txt-Txt,Neg,0.77581996
CyCLIP,mscoco,Txt-Txt,Neg,0.78292096
CyCLIP,mscoco,Txt-Txt,Neg,0.80084664
CyCLIP,mscoco,Txt-Txt,Neg,0.8143083
CyCLIP,mscoco,Txt-Txt,Neg,0.7756762
CyCLIP,mscoco,Txt-Txt,Neg,0.77449954
CyCLIP,mscoco,Txt-Txt,Neg,0.7667806
CyCLIP,mscoco,Txt-Txt,Neg,0.7659097
CyCLIP,mscoco,Txt-Txt,Neg,0.81422603
CyCLIP,mscoco,Txt-Txt,Neg,0.7841711
CyCLIP,mscoco,Txt-Txt,Neg,0.7898732
CyCLIP,mscoco,Txt-Txt,Neg,0.8457954
CyCLIP,mscoco,Txt-Txt,Neg,0.8271822
CyCLIP,mscoco,Txt-Txt,Neg,0.8495358
CyCLIP,mscoco,Txt-Txt,Neg,0.81767607
CyCLIP,mscoco,Txt-Txt,Neg,0.8063133
CyCLIP,mscoco,Txt-Txt,Neg,0.8042972
CyCLIP,mscoco,Txt-Txt,Neg,0.81455183
CyCLIP,mscoco,Txt-Txt,Neg,0.7898168
CyCLIP,mscoco,Txt-Txt,Neg,0.82175356
CyCLIP,mscoco,Txt-Txt,Neg,0.79602224
CyCLIP,mscoco,Txt-Txt,Neg,0.81619906
CyCLIP,mscoco,Txt-Txt,Neg,0.8269312
CyCLIP,mscoco,Txt-Txt,Neg,0.7953508
CyCLIP,mscoco,Txt-Txt,Neg,0.7715757
CyCLIP,mscoco,Txt-Txt,Neg,0.83225024
CyCLIP,mscoco,Txt-Txt,Neg,0.7725414
CyCLIP,mscoco,Txt-Txt,Neg,0.7831366
CyCLIP,mscoco,Txt-Txt,Neg,0.7697476
CyCLIP,mscoco,Txt-Txt,Neg,0.7761406
CyCLIP,mscoco,Txt-Txt,Neg,0.79802704
CyCLIP,mscoco,Txt-Txt,Neg,0.8053933
CyCLIP,mscoco,Txt-Txt,Neg,0.8051732
CyCLIP,mscoco,Txt-Txt,Neg,0.7833804
CyCLIP,mscoco,Txt-Txt,Neg,0.8023565
CyCLIP,mscoco,Txt-Txt,Neg,0.79099333
CyCLIP,mscoco,Txt-Txt,Neg,0.76006985
CyCLIP,mscoco,Txt-Txt,Neg,0.8018732
CyCLIP,mscoco,Txt-Txt,Neg,0.81287503
CyCLIP,mscoco,Txt-Txt,Neg,0.8158125
CyCLIP,mscoco,Txt-Txt,Neg,0.7951554
CyCLIP,mscoco,Txt-Txt,Neg,0.804777
CyCLIP,mscoco,Txt-Txt,Neg,0.76882136
CyCLIP,mscoco,Txt-Txt,Neg,0.7947445
CyCLIP,mscoco,Txt-Txt,Neg,0.80858976
CyCLIP,mscoco,Txt-Txt,Neg,0.7935179
CyCLIP,mscoco,Txt-Txt,Neg,0.78133595
CyCLIP,mscoco,Txt-Txt,Neg,0.7932837
CyCLIP,mscoco,Txt-Txt,Neg,0.7534226
CyCLIP,mscoco,Txt-Txt,Neg,0.77163255
CyCLIP,mscoco,Txt-Txt,Neg,0.8107584
CyCLIP,mscoco,Txt-Txt,Neg,0.79171515
CyCLIP,mscoco,Txt-Txt,Neg,0.8126857
CyCLIP,mscoco,Txt-Txt,Neg,0.78437614
CyCLIP,mscoco,Txt-Txt,Neg,0.83681494
CyCLIP,mscoco,Txt-Txt,Neg,0.8053762
CyCLIP,mscoco,Txt-Txt,Neg,0.7754134
CyCLIP,mscoco,Txt-Txt,Neg,0.8246757
CyCLIP,mscoco,Txt-Txt,Neg,0.7868812
CyCLIP,mscoco,Txt-Txt,Neg,0.802982
CyCLIP,mscoco,Txt-Txt,Neg,0.802961
CyCLIP,mscoco,Txt-Txt,Neg,0.8028861
CyCLIP,mscoco,Txt-Txt,Neg,0.8001811
CyCLIP,mscoco,Txt-Txt,Neg,0.7859906
CyCLIP,mscoco,Txt-Txt,Neg,0.79708
CyCLIP,mscoco,Txt-Txt,Neg,0.8019854
CyCLIP,mscoco,Txt-Txt,Neg,0.8158698
CyCLIP,mscoco,Txt-Txt,Neg,0.77926755
CyCLIP,mscoco,Txt-Txt,Neg,0.80897444
CyCLIP,mscoco,Txt-Txt,Neg,0.7542753
CyCLIP,mscoco,Txt-Txt,Neg,0.79173493
CyCLIP,mscoco,Txt-Txt,Neg,0.7841558
CyCLIP,mscoco,Txt-Txt,Neg,0.7802454
CyCLIP,mscoco,Txt-Txt,Neg,0.7878997
CyCLIP,mscoco,Txt-Txt,Neg,0.78264856
CyCLIP,mscoco,Txt-Txt,Neg,0.783771
CyCLIP,mscoco,Txt-Txt,Neg,0.81483114
CyCLIP,mscoco,Txt-Txt,Neg,0.77823037
CyCLIP,mscoco,Txt-Txt,Neg,0.7921827
CyCLIP,mscoco,Txt-Txt,Neg,0.7843464
CyCLIP,mscoco,Txt-Txt,Neg,0.804176
CyCLIP,mscoco,Txt-Txt,Neg,0.7936279
CyCLIP,mscoco,Txt-Txt,Neg,0.7607362
CyCLIP,mscoco,Txt-Txt,Neg,0.793793
CyCLIP,mscoco,Txt-Txt,Neg,0.7668599
CyCLIP,mscoco,Txt-Txt,Neg,0.7641854
CyCLIP,mscoco,Txt-Txt,Neg,0.7772943
CyCLIP,mscoco,Txt-Txt,Neg,0.7961618
CyCLIP,mscoco,Txt-Txt,Neg,0.78780174
CyCLIP,mscoco,Txt-Txt,Neg,0.79618233
CyCLIP,mscoco,Txt-Txt,Neg,0.78191406
CyCLIP,mscoco,Txt-Txt,Neg,0.82951355
CyCLIP,mscoco,Txt-Txt,Neg,0.81626606
CyCLIP,mscoco,Txt-Txt,Neg,0.76864123
CyCLIP,mscoco,Txt-Txt,Neg,0.7915742
CyCLIP,mscoco,Txt-Txt,Neg,0.8232776
CyCLIP,mscoco,Txt-Txt,Neg,0.8226338
CyCLIP,mscoco,Txt-Txt,Neg,0.79854786
CyCLIP,mscoco,Txt-Txt,Neg,0.769716
CyCLIP,mscoco,Txt-Txt,Neg,0.799851
CyCLIP,mscoco,Txt-Txt,Neg,0.78680503
CyCLIP,mscoco,Txt-Txt,Neg,0.82263404
CyCLIP,mscoco,Txt-Txt,Neg,0.7850643
CyCLIP,mscoco,Txt-Txt,Neg,0.7951382
CyCLIP,mscoco,Txt-Txt,Neg,0.79047817
CyCLIP,mscoco,Txt-Txt,Neg,0.84490377
CyCLIP,mscoco,Txt-Txt,Neg,0.8120255
CyCLIP,mscoco,Txt-Txt,Neg,0.8441686
CyCLIP,mscoco,Txt-Txt,Neg,0.7888479
CyCLIP,mscoco,Txt-Txt,Neg,0.7972442
CyCLIP,mscoco,Txt-Txt,Neg,0.8059981
CyCLIP,mscoco,Txt-Txt,Neg,0.7754346
CyCLIP,mscoco,Txt-Txt,Neg,0.7843795
CyCLIP,mscoco,Txt-Txt,Neg,0.77062535
CyCLIP,mscoco,Txt-Txt,Neg,0.81667376
CyCLIP,mscoco,Txt-Txt,Neg,0.7732382
CyCLIP,mscoco,Txt-Txt,Neg,0.7749918
CyCLIP,mscoco,Txt-Txt,Neg,0.8128358
CyCLIP,mscoco,Txt-Txt,Neg,0.82884514
CyCLIP,mscoco,Txt-Txt,Neg,0.76722974
CyCLIP,mscoco,Txt-Txt,Neg,0.7909209
CyCLIP,mscoco,Txt-Txt,Neg,0.7747307
CyCLIP,mscoco,Txt-Txt,Neg,0.78627706
CyCLIP,mscoco,Txt-Txt,Neg,0.8364294
CyCLIP,mscoco,Txt-Txt,Neg,0.7787163
CyCLIP,mscoco,Txt-Txt,Neg,0.774112
CyCLIP,mscoco,Txt-Txt,Neg,0.77479804
CyCLIP,mscoco,Txt-Txt,Neg,0.7664888
CyCLIP,mscoco,Txt-Txt,Neg,0.8266661
CyCLIP,mscoco,Txt-Txt,Neg,0.84765714
CyCLIP,mscoco,Txt-Txt,Neg,0.7857597
CyCLIP,mscoco,Txt-Txt,Neg,0.7926639
CyCLIP,mscoco,Txt-Txt,Neg,0.8345311
CyCLIP,mscoco,Txt-Txt,Neg,0.792462
CyCLIP,mscoco,Txt-Txt,Neg,0.77149624
CyCLIP,mscoco,Txt-Txt,Neg,0.7604825
CyCLIP,mscoco,Txt-Txt,Neg,0.8222297
CyCLIP,mscoco,Txt-Txt,Neg,0.8060225
CyCLIP,mscoco,Txt-Txt,Neg,0.79670405
CyCLIP,mscoco,Txt-Txt,Neg,0.79598606
CyCLIP,mscoco,Txt-Txt,Neg,0.81527376
CyCLIP,mscoco,Txt-Txt,Neg,0.8148117
CyCLIP,mscoco,Txt-Txt,Neg,0.74982417
CyCLIP,mscoco,Txt-Txt,Neg,0.7767012
CyCLIP,mscoco,Txt-Txt,Neg,0.81014746
CyCLIP,mscoco,Txt-Txt,Neg,0.8053898
CyCLIP,mscoco,Txt-Txt,Neg,0.7990991
CyCLIP,mscoco,Txt-Txt,Neg,0.8110769
CyCLIP,mscoco,Txt-Txt,Neg,0.8074465
CyCLIP,mscoco,Txt-Txt,Neg,0.78407806
CyCLIP,mscoco,Txt-Txt,Neg,0.8312924
CyCLIP,mscoco,Txt-Txt,Neg,0.7810295
CyCLIP,mscoco,Txt-Txt,Neg,0.8321219
CyCLIP,mscoco,Txt-Txt,Neg,0.7867702
CyCLIP,mscoco,Txt-Txt,Neg,0.80285764
CyCLIP,mscoco,Txt-Txt,Neg,0.8347165
CyCLIP,mscoco,Txt-Txt,Neg,0.8722527
CyCLIP,mscoco,Txt-Txt,Neg,0.7626396
CyCLIP,mscoco,Txt-Txt,Neg,0.8290949
CyCLIP,mscoco,Txt-Txt,Neg,0.86929417
CyCLIP,mscoco,Txt-Txt,Neg,0.8140449
CyCLIP,mscoco,Txt-Txt,Neg,0.77153265
CyCLIP,mscoco,Txt-Txt,Neg,0.8121255
CyCLIP,mscoco,Txt-Txt,Neg,0.83063114
CyCLIP,mscoco,Txt-Txt,Neg,0.77761483
CyCLIP,mscoco,Txt-Txt,Neg,0.7943237
CyCLIP,mscoco,Txt-Txt,Neg,0.793875
CyCLIP,mscoco,Txt-Txt,Neg,0.86302066
CyCLIP,mscoco,Txt-Txt,Neg,0.77787995
CyCLIP,mscoco,Txt-Txt,Neg,0.7802857
CyCLIP,mscoco,Txt-Txt,Neg,0.7705165
CyCLIP,mscoco,Txt-Txt,Neg,0.79163766
CyCLIP,mscoco,Txt-Txt,Neg,0.77542394
CyCLIP,mscoco,Txt-Txt,Neg,0.7753071
CyCLIP,mscoco,Txt-Txt,Neg,0.8295397
CyCLIP,mscoco,Txt-Txt,Neg,0.7755748
CyCLIP,mscoco,Txt-Txt,Neg,0.7614725
CyCLIP,mscoco,Txt-Txt,Neg,0.7830992
CyCLIP,mscoco,Txt-Txt,Neg,0.794661
CyCLIP,mscoco,Txt-Txt,Neg,0.8488479
CyCLIP,mscoco,Txt-Txt,Neg,0.7672591
CyCLIP,mscoco,Txt-Txt,Neg,0.8268664
CyCLIP,mscoco,Txt-Txt,Neg,0.7773664
CyCLIP,mscoco,Txt-Txt,Neg,0.8370423
CyCLIP,mscoco,Txt-Txt,Neg,0.774963
CyCLIP,mscoco,Txt-Txt,Neg,0.8791789
CyCLIP,mscoco,Txt-Txt,Neg,0.795272
CyCLIP,mscoco,Txt-Txt,Neg,0.7565242
CyCLIP,mscoco,Txt-Txt,Neg,0.83126926
CyCLIP,mscoco,Txt-Txt,Neg,0.82762855
CyCLIP,mscoco,Txt-Txt,Neg,0.78613436
CyCLIP,mscoco,Txt-Txt,Neg,0.78128254
CyCLIP,mscoco,Txt-Txt,Neg,0.8591298
CyCLIP,mscoco,Txt-Txt,Neg,0.7738924
CyCLIP,mscoco,Txt-Txt,Neg,0.8135414
CyCLIP,mscoco,Txt-Txt,Neg,0.8240229
CyCLIP,mscoco,Txt-Txt,Neg,0.82154703
CyCLIP,mscoco,Txt-Txt,Neg,0.8073225
CyCLIP,mscoco,Txt-Txt,Neg,0.7843957
CyCLIP,mscoco,Txt-Txt,Neg,0.8320846
CyCLIP,mscoco,Txt-Txt,Neg,0.7654357
CyCLIP,mscoco,Txt-Txt,Neg,0.8025128
CyCLIP,mscoco,Txt-Txt,Neg,0.7883648
CyCLIP,mscoco,Txt-Txt,Neg,0.783786
CyCLIP,mscoco,Txt-Txt,Neg,0.7783846
CyCLIP,mscoco,Txt-Txt,Neg,0.79578537
CyCLIP,mscoco,Txt-Txt,Neg,0.7977933
CyCLIP,mscoco,Txt-Txt,Neg,0.8375221
CyCLIP,mscoco,Txt-Txt,Neg,0.7659497
CyCLIP,mscoco,Txt-Txt,Neg,0.8216035
CyCLIP,mscoco,Txt-Txt,Neg,0.79634416
CyCLIP,mscoco,Txt-Txt,Neg,0.7531446
CyCLIP,mscoco,Txt-Txt,Neg,0.78639746
CyCLIP,mscoco,Txt-Txt,Neg,0.83395267
CyCLIP,mscoco,Txt-Txt,Neg,0.7993356
CyCLIP,mscoco,Txt-Txt,Neg,0.88238955
CyCLIP,mscoco,Txt-Txt,Neg,0.8227035
CyCLIP,mscoco,Txt-Txt,Neg,0.7828517
CyCLIP,mscoco,Txt-Txt,Neg,0.80731785
CyCLIP,mscoco,Txt-Txt,Neg,0.8030999
CyCLIP,mscoco,Txt-Txt,Neg,0.7980806
CyCLIP,mscoco,Txt-Txt,Neg,0.7854945
CyCLIP,mscoco,Txt-Txt,Neg,0.7785246
CyCLIP,mscoco,Txt-Txt,Neg,0.7544767
CyCLIP,mscoco,Txt-Txt,Neg,0.8005754
CyCLIP,mscoco,Txt-Txt,Neg,0.7937232
CyCLIP,mscoco,Txt-Txt,Neg,0.7893903
CyCLIP,mscoco,Txt-Txt,Neg,0.79217184
CyCLIP,mscoco,Txt-Txt,Neg,0.7937658
CyCLIP,mscoco,Txt-Txt,Neg,0.8218337
CyCLIP,mscoco,Txt-Txt,Neg,0.8013788
CyCLIP,mscoco,Txt-Txt,Neg,0.78504074
CyCLIP,mscoco,Txt-Txt,Neg,0.7933208
CyCLIP,mscoco,Txt-Txt,Neg,0.78471243
CyCLIP,mscoco,Txt-Txt,Neg,0.78058434
CyCLIP,mscoco,Txt-Txt,Neg,0.80175203
CyCLIP,mscoco,Txt-Txt,Neg,0.7794843
CyCLIP,mscoco,Txt-Txt,Neg,0.8187861
CyCLIP,mscoco,Txt-Txt,Neg,0.8071052
CyCLIP,mscoco,Txt-Txt,Neg,0.7751136
CyCLIP,mscoco,Txt-Txt,Neg,0.7791761
CyCLIP,mscoco,Txt-Txt,Neg,0.79334927
CyCLIP,mscoco,Txt-Txt,Neg,0.8038447
CyCLIP,mscoco,Txt-Txt,Neg,0.7715795
CyCLIP,mscoco,Txt-Txt,Neg,0.81333786
CyCLIP,mscoco,Txt-Txt,Neg,0.7687007
CyCLIP,mscoco,Txt-Txt,Neg,0.81507427
CyCLIP,mscoco,Txt-Txt,Neg,0.8369664
CyCLIP,mscoco,Txt-Txt,Neg,0.80049
CyCLIP,mscoco,Txt-Txt,Neg,0.7824038
CyCLIP,mscoco,Txt-Txt,Neg,0.76753145
CyCLIP,mscoco,Txt-Txt,Neg,0.77381325
CyCLIP,mscoco,Txt-Txt,Neg,0.81997347
CyCLIP,mscoco,Txt-Txt,Neg,0.8003012
CyCLIP,mscoco,Txt-Txt,Neg,0.8002972
CyCLIP,mscoco,Txt-Txt,Neg,0.81135166
CyCLIP,mscoco,Txt-Txt,Neg,0.78609335
CyCLIP,mscoco,Txt-Txt,Neg,0.7778939
CyCLIP,mscoco,Txt-Txt,Neg,0.80015016
CyCLIP,mscoco,Txt-Txt,Neg,0.8268493
CyCLIP,mscoco,Txt-Txt,Neg,0.79359514
CyCLIP,mscoco,Txt-Txt,Neg,0.7511483
CyCLIP,mscoco,Txt-Txt,Neg,0.79439694
CyCLIP,mscoco,Txt-Txt,Neg,0.7722029
CyCLIP,mscoco,Txt-Txt,Neg,0.76505125
CyCLIP,mscoco,Txt-Txt,Neg,0.777935
CyCLIP,mscoco,Txt-Txt,Neg,0.80199265
CyCLIP,mscoco,Txt-Txt,Neg,0.860515
CyCLIP,mscoco,Txt-Txt,Neg,0.9022006
CyCLIP,mscoco,Txt-Txt,Neg,0.82395405
CyCLIP,mscoco,Txt-Txt,Neg,0.77300483
CyCLIP,mscoco,Txt-Txt,Neg,0.76156527
CyCLIP,mscoco,Txt-Txt,Neg,0.7859935
CyCLIP,mscoco,Txt-Txt,Neg,0.7815376
CyCLIP,mscoco,Txt-Txt,Neg,0.77766174
CyCLIP,mscoco,Txt-Txt,Neg,0.7871643
CyCLIP,mscoco,Txt-Txt,Neg,0.79778814
CyCLIP,mscoco,Txt-Txt,Neg,0.7941231
CyCLIP,mscoco,Txt-Txt,Neg,0.8112879
CyCLIP,mscoco,Txt-Txt,Neg,0.79527956
CyCLIP,mscoco,Txt-Txt,Neg,0.78498167
CyCLIP,mscoco,Txt-Txt,Neg,0.8158121
CyCLIP,mscoco,Txt-Txt,Neg,0.7961938
CyCLIP,mscoco,Txt-Txt,Neg,0.7755823
CyCLIP,mscoco,Txt-Txt,Neg,0.79633796
CyCLIP,mscoco,Txt-Txt,Neg,0.8001088
CyCLIP,mscoco,Txt-Txt,Neg,0.77125
CyCLIP,mscoco,Txt-Txt,Neg,0.79257876
CyCLIP,mscoco,Txt-Txt,Neg,0.8119836
CyCLIP,mscoco,Txt-Txt,Neg,0.8042964
CyCLIP,mscoco,Txt-Txt,Neg,0.8195647
CyCLIP,mscoco,Txt-Txt,Neg,0.7802387
CyCLIP,mscoco,Txt-Txt,Neg,0.79290175
CyCLIP,mscoco,Txt-Txt,Neg,0.77256733
CyCLIP,mscoco,Txt-Txt,Neg,0.845947
CyCLIP,mscoco,Txt-Txt,Neg,0.7899895
CyCLIP,mscoco,Txt-Txt,Neg,0.8439898
CyCLIP,mscoco,Txt-Txt,Neg,0.79463077
CyCLIP,mscoco,Txt-Txt,Neg,0.838056
CyCLIP,mscoco,Txt-Txt,Neg,0.7928883
CyCLIP,mscoco,Txt-Txt,Neg,0.94403523
CyCLIP,mscoco,Txt-Txt,Neg,0.81571496
CyCLIP,mscoco,Txt-Txt,Neg,0.7825776
CyCLIP,mscoco,Txt-Txt,Neg,0.81863
CyCLIP,mscoco,Txt-Txt,Neg,0.78239584
CyCLIP,mscoco,Txt-Txt,Neg,0.79811794
CyCLIP,mscoco,Txt-Txt,Neg,0.7685202
CyCLIP,mscoco,Txt-Txt,Neg,0.786201
CyCLIP,mscoco,Txt-Txt,Neg,0.8066208
CyCLIP,mscoco,Txt-Txt,Neg,0.7906929
CyCLIP,mscoco,Txt-Txt,Neg,0.79244095
CyCLIP,mscoco,Txt-Txt,Neg,0.8405175
CyCLIP,mscoco,Txt-Txt,Neg,0.83237
CyCLIP,mscoco,Txt-Txt,Neg,0.80948776
CyCLIP,mscoco,Txt-Txt,Neg,0.8042433
CyCLIP,mscoco,Txt-Txt,Neg,0.8272903
CyCLIP,mscoco,Txt-Txt,Neg,0.8000643
CyCLIP,mscoco,Txt-Txt,Neg,0.8108626
CyCLIP,mscoco,Txt-Txt,Neg,0.7920835
CyCLIP,mscoco,Txt-Txt,Neg,0.7878952
CyCLIP,mscoco,Txt-Txt,Neg,0.7976042
CyCLIP,mscoco,Txt-Txt,Neg,0.8130212
CyCLIP,mscoco,Txt-Txt,Neg,0.7894588
CyCLIP,mscoco,Txt-Txt,Neg,0.840024
CyCLIP,mscoco,Txt-Txt,Neg,0.76357216
CyCLIP,mscoco,Txt-Txt,Neg,0.795237
CyCLIP,mscoco,Txt-Txt,Neg,0.8068636
CyCLIP,mscoco,Txt-Txt,Neg,0.7972825
CyCLIP,mscoco,Txt-Txt,Neg,0.7899682
CyCLIP,mscoco,Txt-Txt,Neg,0.7834524
CyCLIP,mscoco,Txt-Txt,Neg,0.7895168
CyCLIP,mscoco,Txt-Txt,Neg,0.82589996
CyCLIP,mscoco,Txt-Txt,Neg,0.7686238
CyCLIP,mscoco,Txt-Txt,Neg,0.7906528
CyCLIP,mscoco,Txt-Txt,Neg,0.79749775
CyCLIP,mscoco,Txt-Txt,Neg,0.7897258
CyCLIP,mscoco,Txt-Txt,Neg,0.8056989
CyCLIP,mscoco,Txt-Txt,Neg,0.7902998
CyCLIP,mscoco,Txt-Txt,Neg,0.77677876
CyCLIP,mscoco,Txt-Txt,Neg,0.7779648
CyCLIP,mscoco,Txt-Txt,Neg,0.82077104
CyCLIP,mscoco,Txt-Txt,Neg,0.80953014
CyCLIP,mscoco,Txt-Txt,Neg,0.8463517
CyCLIP,mscoco,Txt-Txt,Neg,0.79671013
CyCLIP,mscoco,Txt-Txt,Neg,0.7670264
CyCLIP,mscoco,Txt-Txt,Neg,0.8252335
CyCLIP,mscoco,Txt-Txt,Neg,0.8107285
CyCLIP,mscoco,Txt-Txt,Neg,0.78998375
CyCLIP,mscoco,Txt-Txt,Neg,0.76679486
CyCLIP,mscoco,Txt-Txt,Neg,0.79688334
CyCLIP,mscoco,Txt-Txt,Neg,0.79547
CyCLIP,mscoco,Txt-Txt,Neg,0.77194285
CyCLIP,mscoco,Txt-Txt,Neg,0.7690276
CyCLIP,mscoco,Txt-Txt,Neg,0.80157894
CyCLIP,mscoco,Txt-Txt,Neg,0.7825215
CyCLIP,mscoco,Txt-Txt,Neg,0.7890721
CyCLIP,mscoco,Txt-Txt,Neg,0.80807877
CyCLIP,mscoco,Txt-Txt,Neg,0.75472647
CyCLIP,mscoco,Txt-Txt,Neg,0.7863804
CyCLIP,mscoco,Txt-Txt,Neg,0.8591686
CyCLIP,mscoco,Txt-Txt,Neg,0.79489136
CyCLIP,mscoco,Txt-Txt,Neg,0.7856988
CyCLIP,mscoco,Txt-Txt,Neg,0.9167868
CyCLIP,mscoco,Txt-Txt,Neg,0.786657
CyCLIP,mscoco,Txt-Txt,Neg,0.790412
CyCLIP,mscoco,Txt-Txt,Neg,0.7949305
CyCLIP,mscoco,Txt-Txt,Neg,0.782817
CyCLIP,mscoco,Txt-Txt,Neg,0.75827503
CyCLIP,mscoco,Txt-Txt,Neg,0.7666174
CyCLIP,mscoco,Txt-Txt,Neg,0.7855813
CyCLIP,mscoco,Txt-Txt,Neg,0.78363633
CyCLIP,mscoco,Txt-Txt,Neg,0.78722644
CyCLIP,mscoco,Txt-Txt,Neg,0.78403103
CyCLIP,mscoco,Txt-Txt,Neg,0.8303241
CyCLIP,mscoco,Txt-Txt,Neg,0.8432389
CyCLIP,mscoco,Txt-Txt,Neg,0.8118988
CyCLIP,mscoco,Txt-Txt,Neg,0.80689365
CyCLIP,mscoco,Txt-Txt,Neg,0.8019717
CyCLIP,mscoco,Txt-Txt,Neg,0.7904122
CyCLIP,mscoco,Txt-Txt,Neg,0.79248494
CyCLIP,mscoco,Txt-Txt,Neg,0.8771534
CyCLIP,mscoco,Txt-Txt,Neg,0.7917625
CyCLIP,mscoco,Txt-Txt,Neg,0.7973004
CyCLIP,mscoco,Txt-Txt,Neg,0.75273603
CyCLIP,mscoco,Txt-Txt,Neg,0.7854659
CyCLIP,mscoco,Txt-Txt,Neg,0.82362014
CyCLIP,mscoco,Txt-Txt,Neg,0.8049957
CyCLIP,mscoco,Txt-Txt,Neg,0.846291
CyCLIP,mscoco,Txt-Txt,Neg,0.7912733
CyCLIP,mscoco,Txt-Txt,Neg,0.800449
CyCLIP,mscoco,Txt-Txt,Neg,0.80994916
CyCLIP,mscoco,Txt-Txt,Neg,0.76590014
CyCLIP,mscoco,Txt-Txt,Neg,0.8076116
CyCLIP,mscoco,Txt-Txt,Neg,0.7795329
CyCLIP,mscoco,Txt-Txt,Neg,0.81080484
CyCLIP,mscoco,Txt-Txt,Neg,0.79352635
CyCLIP,mscoco,Txt-Txt,Neg,0.80794376
CyCLIP,mscoco,Txt-Txt,Neg,0.77022386
CyCLIP,mscoco,Txt-Txt,Neg,0.7769086
CyCLIP,mscoco,Txt-Txt,Neg,0.78735083
CyCLIP,mscoco,Txt-Txt,Neg,0.78868645
CyCLIP,mscoco,Txt-Txt,Neg,0.7922343
CyCLIP,mscoco,Txt-Txt,Neg,0.78995615
CyCLIP,mscoco,Txt-Txt,Neg,0.8009638
CyCLIP,mscoco,Txt-Txt,Neg,0.7782743
CyCLIP,mscoco,Txt-Txt,Neg,0.7834088
CyCLIP,mscoco,Txt-Txt,Neg,0.81113696
CyCLIP,mscoco,Txt-Txt,Neg,0.79046166
CyCLIP,mscoco,Txt-Txt,Neg,0.7873254
CyCLIP,mscoco,Txt-Txt,Neg,0.79544765
CyCLIP,mscoco,Txt-Txt,Neg,0.7689238
CyCLIP,mscoco,Txt-Txt,Neg,0.8200885
CyCLIP,mscoco,Txt-Txt,Neg,0.8033842
CyCLIP,mscoco,Txt-Txt,Neg,0.7893357
CyCLIP,mscoco,Txt-Txt,Neg,0.78700566
CyCLIP,mscoco,Txt-Txt,Neg,0.77366734
CyCLIP,mscoco,Txt-Txt,Neg,0.7872622
CyCLIP,mscoco,Txt-Txt,Neg,0.8305743
CyCLIP,mscoco,Txt-Txt,Neg,0.78534174
CyCLIP,mscoco,Txt-Txt,Neg,0.85153615
CyCLIP,mscoco,Txt-Txt,Neg,0.7790241
CyCLIP,mscoco,Txt-Txt,Neg,0.8076146
CyCLIP,mscoco,Txt-Txt,Neg,0.8029004
CyCLIP,mscoco,Txt-Txt,Neg,0.7995025
CyCLIP,mscoco,Txt-Txt,Neg,0.9001324
CyCLIP,mscoco,Txt-Txt,Neg,0.81232023
CyCLIP,mscoco,Txt-Txt,Neg,0.80656797
CyCLIP,mscoco,Txt-Txt,Neg,0.9260355
CyCLIP,mscoco,Txt-Txt,Neg,0.793191
CyCLIP,mscoco,Txt-Txt,Neg,0.7845954
CyCLIP,mscoco,Txt-Txt,Neg,0.7993214
CyCLIP,mscoco,Txt-Txt,Neg,0.80330825
CyCLIP,mscoco,Txt-Txt,Neg,0.78168803
CyCLIP,mscoco,Txt-Txt,Neg,0.7689877
CyCLIP,mscoco,Txt-Txt,Neg,0.78749424
CyCLIP,mscoco,Txt-Txt,Neg,0.80307955
CyCLIP,mscoco,Txt-Txt,Neg,0.8094884
CyCLIP,mscoco,Txt-Txt,Neg,0.7858993
CyCLIP,mscoco,Txt-Txt,Neg,0.7775154
CyCLIP,mscoco,Txt-Txt,Neg,0.78378403
CyCLIP,mscoco,Txt-Txt,Neg,0.8318807
CyCLIP,mscoco,Txt-Txt,Neg,0.76502955
CyCLIP,mscoco,Txt-Txt,Neg,0.7704841
CyCLIP,mscoco,Txt-Txt,Neg,0.84251124
CyCLIP,mscoco,Txt-Txt,Neg,0.7755727
CyCLIP,mscoco,Txt-Txt,Neg,0.8122873
CyCLIP,mscoco,Txt-Txt,Neg,0.7897672
CyCLIP,mscoco,Txt-Txt,Neg,0.80466604
CyCLIP,mscoco,Txt-Txt,Neg,0.7871197
CyCLIP,mscoco,Txt-Txt,Neg,0.7533591
CyCLIP,mscoco,Txt-Txt,Neg,0.8156922
CyCLIP,mscoco,Txt-Txt,Neg,0.79614836
CyCLIP,mscoco,Txt-Txt,Neg,0.788174
CyCLIP,mscoco,Txt-Txt,Neg,0.78820115
CyCLIP,mscoco,Txt-Txt,Neg,0.7799536
CyCLIP,mscoco,Txt-Txt,Neg,0.793406
CyCLIP,mscoco,Txt-Txt,Neg,0.7849407
CyCLIP,mscoco,Txt-Txt,Neg,0.8256705
CyCLIP,mscoco,Txt-Txt,Neg,0.7655628
CyCLIP,mscoco,Txt-Txt,Neg,0.8139273
CyCLIP,mscoco,Txt-Txt,Neg,0.77374
CyCLIP,mscoco,Txt-Txt,Neg,0.7723497
CyCLIP,mscoco,Txt-Txt,Neg,0.795391
CyCLIP,mscoco,Txt-Txt,Neg,0.7654459
CyCLIP,mscoco,Txt-Txt,Neg,0.75450456
CyCLIP,mscoco,Txt-Txt,Neg,0.76951575
CyCLIP,mscoco,Txt-Txt,Neg,0.8193598
CyCLIP,mscoco,Txt-Txt,Neg,0.88332987
CyCLIP,mscoco,Img-Img,Neg,0.80836517
CyCLIP,mscoco,Img-Img,Neg,0.7803611
CyCLIP,mscoco,Img-Img,Neg,0.76695716
CyCLIP,mscoco,Img-Img,Neg,0.82334566
CyCLIP,mscoco,Img-Img,Neg,0.784279
CyCLIP,mscoco,Img-Img,Neg,0.80006874
CyCLIP,mscoco,Img-Img,Neg,0.8024548
CyCLIP,mscoco,Img-Img,Neg,0.7775645
CyCLIP,mscoco,Img-Img,Neg,0.82050794
CyCLIP,mscoco,Img-Img,Neg,0.77304983
CyCLIP,mscoco,Img-Img,Neg,0.7753104
CyCLIP,mscoco,Img-Img,Neg,0.79194903
CyCLIP,mscoco,Img-Img,Neg,0.78891987
CyCLIP,mscoco,Img-Img,Neg,0.8024748
CyCLIP,mscoco,Img-Img,Neg,0.8088571
CyCLIP,mscoco,Img-Img,Neg,0.77956176
CyCLIP,mscoco,Img-Img,Neg,0.8277005
CyCLIP,mscoco,Img-Img,Neg,0.81572807
CyCLIP,mscoco,Img-Img,Neg,0.7920254
CyCLIP,mscoco,Img-Img,Neg,0.8019567
CyCLIP,mscoco,Img-Img,Neg,0.7926892
CyCLIP,mscoco,Img-Img,Neg,0.7652253
CyCLIP,mscoco,Img-Img,Neg,0.84098995
CyCLIP,mscoco,Img-Img,Neg,0.7967274
CyCLIP,mscoco,Img-Img,Neg,0.86569333
CyCLIP,mscoco,Img-Img,Neg,0.8092924
CyCLIP,mscoco,Img-Img,Neg,0.7833529
CyCLIP,mscoco,Img-Img,Neg,0.7994983
CyCLIP,mscoco,Img-Img,Neg,0.82657945
CyCLIP,mscoco,Img-Img,Neg,0.8035052
CyCLIP,mscoco,Img-Img,Neg,0.80844235
CyCLIP,mscoco,Img-Img,Neg,0.7845531
CyCLIP,mscoco,Img-Img,Neg,0.844219
CyCLIP,mscoco,Img-Img,Neg,0.7641258
CyCLIP,mscoco,Img-Img,Neg,0.8069626
CyCLIP,mscoco,Img-Img,Neg,0.7804863
CyCLIP,mscoco,Img-Img,Neg,0.84733146
CyCLIP,mscoco,Img-Img,Neg,0.7989767
CyCLIP,mscoco,Img-Img,Neg,0.76152736
CyCLIP,mscoco,Img-Img,Neg,0.81308174
CyCLIP,mscoco,Img-Img,Neg,0.7643649
CyCLIP,mscoco,Img-Img,Neg,0.80414605
CyCLIP,mscoco,Img-Img,Neg,0.780894
CyCLIP,mscoco,Img-Img,Neg,0.7238606
CyCLIP,mscoco,Img-Img,Neg,0.77017564
CyCLIP,mscoco,Img-Img,Neg,0.8393707
CyCLIP,mscoco,Img-Img,Neg,0.7907453
CyCLIP,mscoco,Img-Img,Neg,0.80022687
CyCLIP,mscoco,Img-Img,Neg,0.81837296
CyCLIP,mscoco,Img-Img,Neg,0.81288165
CyCLIP,mscoco,Img-Img,Neg,0.76690733
CyCLIP,mscoco,Img-Img,Neg,0.78369814
CyCLIP,mscoco,Img-Img,Neg,0.8000258
CyCLIP,mscoco,Img-Img,Neg,0.7970447
CyCLIP,mscoco,Img-Img,Neg,0.81042665
CyCLIP,mscoco,Img-Img,Neg,0.800546
CyCLIP,mscoco,Img-Img,Neg,0.7724077
CyCLIP,mscoco,Img-Img,Neg,0.82291234
CyCLIP,mscoco,Img-Img,Neg,0.88739884
CyCLIP,mscoco,Img-Img,Neg,0.7758583
CyCLIP,mscoco,Img-Img,Neg,0.7933161
CyCLIP,mscoco,Img-Img,Neg,0.7603015
CyCLIP,mscoco,Img-Img,Neg,0.80887556
CyCLIP,mscoco,Img-Img,Neg,0.81984603
CyCLIP,mscoco,Img-Img,Neg,0.81864446
CyCLIP,mscoco,Img-Img,Neg,0.8103232
CyCLIP,mscoco,Img-Img,Neg,0.7870457
CyCLIP,mscoco,Img-Img,Neg,0.8270099
CyCLIP,mscoco,Img-Img,Neg,0.79326946
CyCLIP,mscoco,Img-Img,Neg,0.78409815
CyCLIP,mscoco,Img-Img,Neg,0.79849446
CyCLIP,mscoco,Img-Img,Neg,0.80081385
CyCLIP,mscoco,Img-Img,Neg,0.77949065
CyCLIP,mscoco,Img-Img,Neg,0.7998186
CyCLIP,mscoco,Img-Img,Neg,0.81719065
CyCLIP,mscoco,Img-Img,Neg,0.756459
CyCLIP,mscoco,Img-Img,Neg,0.8258724
CyCLIP,mscoco,Img-Img,Neg,0.7955575
CyCLIP,mscoco,Img-Img,Neg,0.79612577
CyCLIP,mscoco,Img-Img,Neg,0.79725516
CyCLIP,mscoco,Img-Img,Neg,0.7600436
CyCLIP,mscoco,Img-Img,Neg,0.79450566
CyCLIP,mscoco,Img-Img,Neg,0.7623097
CyCLIP,mscoco,Img-Img,Neg,0.78906393
CyCLIP,mscoco,Img-Img,Neg,0.77209836
CyCLIP,mscoco,Img-Img,Neg,0.84692293
CyCLIP,mscoco,Img-Img,Neg,0.81676435
CyCLIP,mscoco,Img-Img,Neg,0.8217523
CyCLIP,mscoco,Img-Img,Neg,0.7750904
CyCLIP,mscoco,Img-Img,Neg,0.8372587
CyCLIP,mscoco,Img-Img,Neg,0.7653973
CyCLIP,mscoco,Img-Img,Neg,0.7872623
CyCLIP,mscoco,Img-Img,Neg,0.8556724
CyCLIP,mscoco,Img-Img,Neg,0.8389205
CyCLIP,mscoco,Img-Img,Neg,0.7813501
CyCLIP,mscoco,Img-Img,Neg,0.77718353
CyCLIP,mscoco,Img-Img,Neg,0.804725
CyCLIP,mscoco,Img-Img,Neg,0.8026989
CyCLIP,mscoco,Img-Img,Neg,0.80007327
CyCLIP,mscoco,Img-Img,Neg,0.79796267
CyCLIP,mscoco,Img-Img,Neg,0.79570186
CyCLIP,mscoco,Img-Img,Neg,0.8189508
CyCLIP,mscoco,Img-Img,Neg,0.79238343
CyCLIP,mscoco,Img-Img,Neg,0.8329184
CyCLIP,mscoco,Img-Img,Neg,0.7930583
CyCLIP,mscoco,Img-Img,Neg,0.79999864
CyCLIP,mscoco,Img-Img,Neg,0.808072
CyCLIP,mscoco,Img-Img,Neg,0.81046915
CyCLIP,mscoco,Img-Img,Neg,0.7827712
CyCLIP,mscoco,Img-Img,Neg,0.8075355
CyCLIP,mscoco,Img-Img,Neg,0.80859447
CyCLIP,mscoco,Img-Img,Neg,0.82021195
CyCLIP,mscoco,Img-Img,Neg,0.786454
CyCLIP,mscoco,Img-Img,Neg,0.7981895
CyCLIP,mscoco,Img-Img,Neg,0.8857253
CyCLIP,mscoco,Img-Img,Neg,0.79565996
CyCLIP,mscoco,Img-Img,Neg,0.7883668
CyCLIP,mscoco,Img-Img,Neg,0.8098693
CyCLIP,mscoco,Img-Img,Neg,0.8570984
CyCLIP,mscoco,Img-Img,Neg,0.8332474
CyCLIP,mscoco,Img-Img,Neg,0.8070398
CyCLIP,mscoco,Img-Img,Neg,0.8131944
CyCLIP,mscoco,Img-Img,Neg,0.76523626
CyCLIP,mscoco,Img-Img,Neg,0.8046363
CyCLIP,mscoco,Img-Img,Neg,0.79696375
CyCLIP,mscoco,Img-Img,Neg,0.7814652
CyCLIP,mscoco,Img-Img,Neg,0.84701025
CyCLIP,mscoco,Img-Img,Neg,0.79140675
CyCLIP,mscoco,Img-Img,Neg,0.78447956
CyCLIP,mscoco,Img-Img,Neg,0.81422
CyCLIP,mscoco,Img-Img,Neg,0.8457048
CyCLIP,mscoco,Img-Img,Neg,0.80045867
CyCLIP,mscoco,Img-Img,Neg,0.7740426
CyCLIP,mscoco,Img-Img,Neg,0.81957114
CyCLIP,mscoco,Img-Img,Neg,0.8090238
CyCLIP,mscoco,Img-Img,Neg,0.80155975
CyCLIP,mscoco,Img-Img,Neg,0.80105436
CyCLIP,mscoco,Img-Img,Neg,0.80835843
CyCLIP,mscoco,Img-Img,Neg,0.8583064
CyCLIP,mscoco,Img-Img,Neg,0.79478705
CyCLIP,mscoco,Img-Img,Neg,0.79002494
CyCLIP,mscoco,Img-Img,Neg,0.78902745
CyCLIP,mscoco,Img-Img,Neg,0.7791215
CyCLIP,mscoco,Img-Img,Neg,0.7967526
CyCLIP,mscoco,Img-Img,Neg,0.77811337
CyCLIP,mscoco,Img-Img,Neg,0.79089725
CyCLIP,mscoco,Img-Img,Neg,0.8040618
CyCLIP,mscoco,Img-Img,Neg,0.79413843
CyCLIP,mscoco,Img-Img,Neg,0.82050765
CyCLIP,mscoco,Img-Img,Neg,0.7770989
CyCLIP,mscoco,Img-Img,Neg,0.7871473
CyCLIP,mscoco,Img-Img,Neg,0.8075053
CyCLIP,mscoco,Img-Img,Neg,0.78435826
CyCLIP,mscoco,Img-Img,Neg,0.8173647
CyCLIP,mscoco,Img-Img,Neg,0.78976744
CyCLIP,mscoco,Img-Img,Neg,0.7867341
CyCLIP,mscoco,Img-Img,Neg,0.7830275
CyCLIP,mscoco,Img-Img,Neg,0.7804992
CyCLIP,mscoco,Img-Img,Neg,0.7585379
CyCLIP,mscoco,Img-Img,Neg,0.79749435
CyCLIP,mscoco,Img-Img,Neg,0.83924216
CyCLIP,mscoco,Img-Img,Neg,0.8445622
CyCLIP,mscoco,Img-Img,Neg,0.8558862
CyCLIP,mscoco,Img-Img,Neg,0.77759504
CyCLIP,mscoco,Img-Img,Neg,0.8073293
CyCLIP,mscoco,Img-Img,Neg,0.7693337
CyCLIP,mscoco,Img-Img,Neg,0.8243035
CyCLIP,mscoco,Img-Img,Neg,0.80455923
CyCLIP,mscoco,Img-Img,Neg,0.78928685
CyCLIP,mscoco,Img-Img,Neg,0.7847122
CyCLIP,mscoco,Img-Img,Neg,0.8025005
CyCLIP,mscoco,Img-Img,Neg,0.81739974
CyCLIP,mscoco,Img-Img,Neg,0.79552215
CyCLIP,mscoco,Img-Img,Neg,0.8730192
CyCLIP,mscoco,Img-Img,Neg,0.7957243
CyCLIP,mscoco,Img-Img,Neg,0.7754439
CyCLIP,mscoco,Img-Img,Neg,0.8488193
CyCLIP,mscoco,Img-Img,Neg,0.81324184
CyCLIP,mscoco,Img-Img,Neg,0.78495693
CyCLIP,mscoco,Img-Img,Neg,0.78542495
CyCLIP,mscoco,Img-Img,Neg,0.7961456
CyCLIP,mscoco,Img-Img,Neg,0.81700796
CyCLIP,mscoco,Img-Img,Neg,0.82199836
CyCLIP,mscoco,Img-Img,Neg,0.8215889
CyCLIP,mscoco,Img-Img,Neg,0.8033146
CyCLIP,mscoco,Img-Img,Neg,0.8452088
CyCLIP,mscoco,Img-Img,Neg,0.7773516
CyCLIP,mscoco,Img-Img,Neg,0.76769614
CyCLIP,mscoco,Img-Img,Neg,0.77855814
CyCLIP,mscoco,Img-Img,Neg,0.8258427
CyCLIP,mscoco,Img-Img,Neg,0.9011141
CyCLIP,mscoco,Img-Img,Neg,0.8068454
CyCLIP,mscoco,Img-Img,Neg,0.8293426
CyCLIP,mscoco,Img-Img,Neg,0.8229424
CyCLIP,mscoco,Img-Img,Neg,0.82413757
CyCLIP,mscoco,Img-Img,Neg,0.83212376
CyCLIP,mscoco,Img-Img,Neg,0.8105616
CyCLIP,mscoco,Img-Img,Neg,0.84737706
CyCLIP,mscoco,Img-Img,Neg,0.78601485
CyCLIP,mscoco,Img-Img,Neg,0.79027253
CyCLIP,mscoco,Img-Img,Neg,0.76329803
CyCLIP,mscoco,Img-Img,Neg,0.82318676
CyCLIP,mscoco,Img-Img,Neg,0.79209775
CyCLIP,mscoco,Img-Img,Neg,0.80042803
CyCLIP,mscoco,Img-Img,Neg,0.84513557
CyCLIP,mscoco,Img-Img,Neg,0.8356744
CyCLIP,mscoco,Img-Img,Neg,0.7698971
CyCLIP,mscoco,Img-Img,Neg,0.8024736
CyCLIP,mscoco,Img-Img,Neg,0.8132137
CyCLIP,mscoco,Img-Img,Neg,0.80467427
CyCLIP,mscoco,Img-Img,Neg,0.7760056
CyCLIP,mscoco,Img-Img,Neg,0.77058256
CyCLIP,mscoco,Img-Img,Neg,0.8476112
CyCLIP,mscoco,Img-Img,Neg,0.7785417
CyCLIP,mscoco,Img-Img,Neg,0.81259716
CyCLIP,mscoco,Img-Img,Neg,0.83572644
CyCLIP,mscoco,Img-Img,Neg,0.8044077
CyCLIP,mscoco,Img-Img,Neg,0.8736205
CyCLIP,mscoco,Img-Img,Neg,0.80510575
CyCLIP,mscoco,Img-Img,Neg,0.79249996
CyCLIP,mscoco,Img-Img,Neg,0.8182423
CyCLIP,mscoco,Img-Img,Neg,0.82500106
CyCLIP,mscoco,Img-Img,Neg,0.830397
CyCLIP,mscoco,Img-Img,Neg,0.7971639
CyCLIP,mscoco,Img-Img,Neg,0.7886968
CyCLIP,mscoco,Img-Img,Neg,0.799037
CyCLIP,mscoco,Img-Img,Neg,0.77808356
CyCLIP,mscoco,Img-Img,Neg,0.74737394
CyCLIP,mscoco,Img-Img,Neg,0.83595943
CyCLIP,mscoco,Img-Img,Neg,0.7736987
CyCLIP,mscoco,Img-Img,Neg,0.8006011
CyCLIP,mscoco,Img-Img,Neg,0.8092345
CyCLIP,mscoco,Img-Img,Neg,0.7747297
CyCLIP,mscoco,Img-Img,Neg,0.7591335
CyCLIP,mscoco,Img-Img,Neg,0.8166611
CyCLIP,mscoco,Img-Img,Neg,0.8051298
CyCLIP,mscoco,Img-Img,Neg,0.8262322
CyCLIP,mscoco,Img-Img,Neg,0.8073431
CyCLIP,mscoco,Img-Img,Neg,0.7906673
CyCLIP,mscoco,Img-Img,Neg,0.8408349
CyCLIP,mscoco,Img-Img,Neg,0.8286247
CyCLIP,mscoco,Img-Img,Neg,0.7755936
CyCLIP,mscoco,Img-Img,Neg,0.79493284
CyCLIP,mscoco,Img-Img,Neg,0.7759519
CyCLIP,mscoco,Img-Img,Neg,0.8004072
CyCLIP,mscoco,Img-Img,Neg,0.7912702
CyCLIP,mscoco,Img-Img,Neg,0.8027958
CyCLIP,mscoco,Img-Img,Neg,0.7882833
CyCLIP,mscoco,Img-Img,Neg,0.7687691
CyCLIP,mscoco,Img-Img,Neg,0.76793456
CyCLIP,mscoco,Img-Img,Neg,0.85599303
CyCLIP,mscoco,Img-Img,Neg,0.80252576
CyCLIP,mscoco,Img-Img,Neg,0.7864597
CyCLIP,mscoco,Img-Img,Neg,0.800908
CyCLIP,mscoco,Img-Img,Neg,0.78428257
CyCLIP,mscoco,Img-Img,Neg,0.81958854
CyCLIP,mscoco,Img-Img,Neg,0.77533317
CyCLIP,mscoco,Img-Img,Neg,0.8177398
CyCLIP,mscoco,Img-Img,Neg,0.8295685
CyCLIP,mscoco,Img-Img,Neg,0.7818545
CyCLIP,mscoco,Img-Img,Neg,0.79585415
CyCLIP,mscoco,Img-Img,Neg,0.7906969
CyCLIP,mscoco,Img-Img,Neg,0.81304985
CyCLIP,mscoco,Img-Img,Neg,0.78354853
CyCLIP,mscoco,Img-Img,Neg,0.7808569
CyCLIP,mscoco,Img-Img,Neg,0.7054155
CyCLIP,mscoco,Img-Img,Neg,0.8069066
CyCLIP,mscoco,Img-Img,Neg,0.80978763
CyCLIP,mscoco,Img-Img,Neg,0.81521624
CyCLIP,mscoco,Img-Img,Neg,0.82904166
CyCLIP,mscoco,Img-Img,Neg,0.81917906
CyCLIP,mscoco,Img-Img,Neg,0.8867393
CyCLIP,mscoco,Img-Img,Neg,0.760665
CyCLIP,mscoco,Img-Img,Neg,0.7741908
CyCLIP,mscoco,Img-Img,Neg,0.778497
CyCLIP,mscoco,Img-Img,Neg,0.82190204
CyCLIP,mscoco,Img-Img,Neg,0.7658727
CyCLIP,mscoco,Img-Img,Neg,0.8101898
CyCLIP,mscoco,Img-Img,Neg,0.7668103
CyCLIP,mscoco,Img-Img,Neg,0.82221156
CyCLIP,mscoco,Img-Img,Neg,0.79252815
CyCLIP,mscoco,Img-Img,Neg,0.7922237
CyCLIP,mscoco,Img-Img,Neg,0.81718594
CyCLIP,mscoco,Img-Img,Neg,0.7891536
CyCLIP,mscoco,Img-Img,Neg,0.7764691
CyCLIP,mscoco,Img-Img,Neg,0.8359251
CyCLIP,mscoco,Img-Img,Neg,0.79461455
CyCLIP,mscoco,Img-Img,Neg,0.87137806
CyCLIP,mscoco,Img-Img,Neg,0.78013134
CyCLIP,mscoco,Img-Img,Neg,0.76858836
CyCLIP,mscoco,Img-Img,Neg,0.7999442
CyCLIP,mscoco,Img-Img,Neg,0.7680779
CyCLIP,mscoco,Img-Img,Neg,0.8005846
CyCLIP,mscoco,Img-Img,Neg,0.7944599
CyCLIP,mscoco,Img-Img,Neg,0.7700921
CyCLIP,mscoco,Img-Img,Neg,0.78926593
CyCLIP,mscoco,Img-Img,Neg,0.7984475
CyCLIP,mscoco,Img-Img,Neg,0.82978684
CyCLIP,mscoco,Img-Img,Neg,0.78782046
CyCLIP,mscoco,Img-Img,Neg,0.81546867
CyCLIP,mscoco,Img-Img,Neg,0.7656959
CyCLIP,mscoco,Img-Img,Neg,0.805807
CyCLIP,mscoco,Img-Img,Neg,0.8290593
CyCLIP,mscoco,Img-Img,Neg,0.77736473
CyCLIP,mscoco,Img-Img,Neg,0.8129656
CyCLIP,mscoco,Img-Img,Neg,0.7813405
CyCLIP,mscoco,Img-Img,Neg,0.8584945
CyCLIP,mscoco,Img-Img,Neg,0.8191009
CyCLIP,mscoco,Img-Img,Neg,0.7866902
CyCLIP,mscoco,Img-Img,Neg,0.75622535
CyCLIP,mscoco,Img-Img,Neg,0.80382705
CyCLIP,mscoco,Img-Img,Neg,0.7779837
CyCLIP,mscoco,Img-Img,Neg,0.8122945
CyCLIP,mscoco,Img-Img,Neg,0.7709518
CyCLIP,mscoco,Img-Img,Neg,0.8206116
CyCLIP,mscoco,Img-Img,Neg,0.795581
CyCLIP,mscoco,Img-Img,Neg,0.805006
CyCLIP,mscoco,Img-Img,Neg,0.8019119
CyCLIP,mscoco,Img-Img,Neg,0.7921611
CyCLIP,mscoco,Img-Img,Neg,0.7536862
CyCLIP,mscoco,Img-Img,Neg,0.8028534
CyCLIP,mscoco,Img-Img,Neg,0.7680455
CyCLIP,mscoco,Img-Img,Neg,0.81716883
CyCLIP,mscoco,Img-Img,Neg,0.79797554
CyCLIP,mscoco,Img-Img,Neg,0.85542595
CyCLIP,mscoco,Img-Img,Neg,0.7914536
CyCLIP,mscoco,Img-Img,Neg,0.7871136
CyCLIP,mscoco,Img-Img,Neg,0.7986155
CyCLIP,mscoco,Img-Img,Neg,0.8298151
CyCLIP,mscoco,Img-Img,Neg,0.86117256
CyCLIP,mscoco,Img-Img,Neg,0.7987519
CyCLIP,mscoco,Img-Img,Neg,0.8274854
CyCLIP,mscoco,Img-Img,Neg,0.7927592
CyCLIP,mscoco,Img-Img,Neg,0.7854532
CyCLIP,mscoco,Img-Img,Neg,0.7869899
CyCLIP,mscoco,Img-Img,Neg,0.78678113
CyCLIP,mscoco,Img-Img,Neg,0.8249203
CyCLIP,mscoco,Img-Img,Neg,0.79588974
CyCLIP,mscoco,Img-Img,Neg,0.80499303
CyCLIP,mscoco,Img-Img,Neg,0.79583687
CyCLIP,mscoco,Img-Img,Neg,0.7694679
CyCLIP,mscoco,Img-Img,Neg,0.83348536
CyCLIP,mscoco,Img-Img,Neg,0.7775356
CyCLIP,mscoco,Img-Img,Neg,0.8044136
CyCLIP,mscoco,Img-Img,Neg,0.77999645
CyCLIP,mscoco,Img-Img,Neg,0.78776085
CyCLIP,mscoco,Img-Img,Neg,0.79554975
CyCLIP,mscoco,Img-Img,Neg,0.78364086
CyCLIP,mscoco,Img-Img,Neg,0.8436795
CyCLIP,mscoco,Img-Img,Neg,0.79777765
CyCLIP,mscoco,Img-Img,Neg,0.80221695
CyCLIP,mscoco,Img-Img,Neg,0.798763
CyCLIP,mscoco,Img-Img,Neg,0.8029163
CyCLIP,mscoco,Img-Img,Neg,0.81359965
CyCLIP,mscoco,Img-Img,Neg,0.8063153
CyCLIP,mscoco,Img-Img,Neg,0.79894626
CyCLIP,mscoco,Img-Img,Neg,0.8151383
CyCLIP,mscoco,Img-Img,Neg,0.83429164
CyCLIP,mscoco,Img-Img,Neg,0.8339985
CyCLIP,mscoco,Img-Img,Neg,0.78826
CyCLIP,mscoco,Img-Img,Neg,0.80361706
CyCLIP,mscoco,Img-Img,Neg,0.7719251
CyCLIP,mscoco,Img-Img,Neg,0.7629739
CyCLIP,mscoco,Img-Img,Neg,0.8112252
CyCLIP,mscoco,Img-Img,Neg,0.7828189
CyCLIP,mscoco,Img-Img,Neg,0.8086284
CyCLIP,mscoco,Img-Img,Neg,0.86213696
CyCLIP,mscoco,Img-Img,Neg,0.8085954
CyCLIP,mscoco,Img-Img,Neg,0.79246664
CyCLIP,mscoco,Img-Img,Neg,0.8405786
CyCLIP,mscoco,Img-Img,Neg,0.7943349
CyCLIP,mscoco,Img-Img,Neg,0.7899281
CyCLIP,mscoco,Img-Img,Neg,0.8184177
CyCLIP,mscoco,Img-Img,Neg,0.75992364
CyCLIP,mscoco,Img-Img,Neg,0.77364993
CyCLIP,mscoco,Img-Img,Neg,0.78317237
CyCLIP,mscoco,Img-Img,Neg,0.8045049
CyCLIP,mscoco,Img-Img,Neg,0.7926193
CyCLIP,mscoco,Img-Img,Neg,0.8127311
CyCLIP,mscoco,Img-Img,Neg,0.827906
CyCLIP,mscoco,Img-Img,Neg,0.8047534
CyCLIP,mscoco,Img-Img,Neg,0.8047583
CyCLIP,mscoco,Img-Img,Neg,0.783024
CyCLIP,mscoco,Img-Img,Neg,0.74337065
CyCLIP,mscoco,Img-Img,Neg,0.81859946
CyCLIP,mscoco,Img-Img,Neg,0.76815385
CyCLIP,mscoco,Img-Img,Neg,0.8113747
CyCLIP,mscoco,Img-Img,Neg,0.8152995
CyCLIP,mscoco,Img-Img,Neg,0.7919245
CyCLIP,mscoco,Img-Img,Neg,0.81458974
CyCLIP,mscoco,Img-Img,Neg,0.77840185
CyCLIP,mscoco,Img-Img,Neg,0.77909374
CyCLIP,mscoco,Img-Img,Neg,0.78592384
CyCLIP,mscoco,Img-Img,Neg,0.7733151
CyCLIP,mscoco,Img-Img,Neg,0.78376573
CyCLIP,mscoco,Img-Img,Neg,0.7595095
CyCLIP,mscoco,Img-Img,Neg,0.7914342
CyCLIP,mscoco,Img-Img,Neg,0.8668398
CyCLIP,mscoco,Img-Img,Neg,0.7825941
CyCLIP,mscoco,Img-Img,Neg,0.82827055
CyCLIP,mscoco,Img-Img,Neg,0.8047702
CyCLIP,mscoco,Img-Img,Neg,0.77668834
CyCLIP,mscoco,Img-Img,Neg,0.789762
CyCLIP,mscoco,Img-Img,Neg,0.7859921
CyCLIP,mscoco,Img-Img,Neg,0.8614409
CyCLIP,mscoco,Img-Img,Neg,0.7820715
CyCLIP,mscoco,Img-Img,Neg,0.84721595
CyCLIP,mscoco,Img-Img,Neg,0.79227966
CyCLIP,mscoco,Img-Img,Neg,0.80261
CyCLIP,mscoco,Img-Img,Neg,0.7981509
CyCLIP,mscoco,Img-Img,Neg,0.79275787
CyCLIP,mscoco,Img-Img,Neg,0.8291422
CyCLIP,mscoco,Img-Img,Neg,0.8128555
CyCLIP,mscoco,Img-Img,Neg,0.7812295
CyCLIP,mscoco,Img-Img,Neg,0.76304805
CyCLIP,mscoco,Img-Img,Neg,0.77998686
CyCLIP,mscoco,Img-Img,Neg,0.7798257
CyCLIP,mscoco,Img-Img,Neg,0.7989514
CyCLIP,mscoco,Img-Img,Neg,0.784438
CyCLIP,mscoco,Img-Img,Neg,0.81552005
CyCLIP,mscoco,Img-Img,Neg,0.7743161
CyCLIP,mscoco,Img-Img,Neg,0.80044484
CyCLIP,mscoco,Img-Img,Neg,0.8079188
CyCLIP,mscoco,Img-Img,Neg,0.8185364
CyCLIP,mscoco,Img-Img,Neg,0.78600603
CyCLIP,mscoco,Img-Img,Neg,0.8251949
CyCLIP,mscoco,Img-Img,Neg,0.80531085
CyCLIP,mscoco,Img-Img,Neg,0.79144
CyCLIP,mscoco,Img-Img,Neg,0.79572046
CyCLIP,mscoco,Img-Img,Neg,0.77027375
CyCLIP,mscoco,Img-Img,Neg,0.7959164
CyCLIP,mscoco,Img-Img,Neg,0.80831933
CyCLIP,mscoco,Img-Img,Neg,0.8262018
CyCLIP,mscoco,Img-Img,Neg,0.78747576
CyCLIP,mscoco,Img-Img,Neg,0.7502097
CyCLIP,mscoco,Img-Img,Neg,0.7999994
CyCLIP,mscoco,Img-Img,Neg,0.82022095
CyCLIP,mscoco,Img-Img,Neg,0.77661335
CyCLIP,mscoco,Img-Img,Neg,0.77970725
CyCLIP,mscoco,Img-Img,Neg,0.81783813
CyCLIP,mscoco,Img-Img,Neg,0.7608089
CyCLIP,mscoco,Img-Img,Neg,0.7843923
CyCLIP,mscoco,Img-Img,Neg,0.8539225
CyCLIP,mscoco,Img-Img,Neg,0.8081767
CyCLIP,mscoco,Img-Img,Neg,0.7875817
CyCLIP,mscoco,Img-Img,Neg,0.7884658
CyCLIP,mscoco,Img-Img,Neg,0.79782796
CyCLIP,mscoco,Img-Img,Neg,0.8038405
CyCLIP,mscoco,Img-Img,Neg,0.7788027
CyCLIP,mscoco,Img-Img,Neg,0.8092802
CyCLIP,mscoco,Img-Img,Neg,0.79541403
CyCLIP,mscoco,Img-Img,Neg,0.8248075
CyCLIP,mscoco,Img-Img,Neg,0.7543075
CyCLIP,mscoco,Img-Img,Neg,0.81563985
CyCLIP,mscoco,Img-Img,Neg,0.78244984
CyCLIP,mscoco,Img-Img,Neg,0.7987745
CyCLIP,mscoco,Img-Img,Neg,0.79956126
CyCLIP,mscoco,Img-Img,Neg,0.79067636
CyCLIP,mscoco,Img-Img,Neg,0.84010804
CyCLIP,mscoco,Img-Img,Neg,0.8065759
CyCLIP,mscoco,Img-Img,Neg,0.83337003
CyCLIP,mscoco,Img-Img,Neg,0.7671337
CyCLIP,mscoco,Img-Img,Neg,0.7679734
CyCLIP,mscoco,Img-Img,Neg,0.7616482
CyCLIP,mscoco,Img-Img,Neg,0.8174169
CyCLIP,mscoco,Img-Img,Neg,0.80318904
CyCLIP,mscoco,Img-Img,Neg,0.8206487
CyCLIP,mscoco,Img-Img,Neg,0.79481286
CyCLIP,mscoco,Img-Img,Neg,0.7488728
CyCLIP,mscoco,Img-Img,Neg,0.7803765
CyCLIP,mscoco,Img-Img,Neg,0.81087816
CyCLIP,mscoco,Img-Img,Neg,0.77245086
CyCLIP,mscoco,Img-Img,Neg,0.77684325
CyCLIP,mscoco,Img-Img,Neg,0.823038
CyCLIP,mscoco,Img-Img,Neg,0.7964999
CyCLIP,mscoco,Img-Img,Neg,0.83511007
CyCLIP,mscoco,Img-Img,Neg,0.75730705
CyCLIP,mscoco,Img-Img,Neg,0.85111797
CyCLIP,mscoco,Img-Img,Neg,0.8125345
CyCLIP,mscoco,Img-Img,Neg,0.773176
CyCLIP,mscoco,Img-Img,Neg,0.79123324
CyCLIP,mscoco,Img-Img,Neg,0.84097666
CyCLIP,mscoco,Img-Img,Neg,0.7671105
CyCLIP,mscoco,Img-Img,Neg,0.8144531
CyCLIP,mscoco,Img-Img,Neg,0.77320933
CyCLIP,mscoco,Img-Img,Neg,0.8076045
CyCLIP,mscoco,Img-Img,Neg,0.81485915
CyCLIP,mscoco,Img-Img,Neg,0.792092
CyCLIP,mscoco,Img-Img,Neg,0.7966002
CyCLIP,mscoco,Img-Img,Neg,0.7824685
CyCLIP,mscoco,Img-Img,Neg,0.8027698
CyCLIP,mscoco,Img-Img,Neg,0.79338044
CyCLIP,mscoco,Img-Img,Neg,0.84113675
CyCLIP,mscoco,Img-Img,Neg,0.7722965
CyCLIP,mscoco,Img-Img,Neg,0.8082419
CyCLIP,mscoco,Img-Img,Neg,0.82881963
CyCLIP,mscoco,Img-Img,Neg,0.7797358
CyCLIP,mscoco,Img-Img,Neg,0.79269373
CyCLIP,mscoco,Img-Img,Neg,0.7751109
CyCLIP,mscoco,Img-Img,Neg,0.7771787
CyCLIP,mscoco,Img-Img,Neg,0.8232087
CyCLIP,mscoco,Img-Img,Neg,0.77613735
CyCLIP,mscoco,Img-Img,Neg,0.79353434
CyCLIP,mscoco,Img-Img,Neg,0.7815739
CyCLIP,mscoco,Img-Img,Neg,0.8227297
CyCLIP,mscoco,Img-Img,Neg,0.7907762
CyCLIP,mscoco,Img-Img,Neg,0.78584546
CyCLIP,mscoco,Img-Img,Neg,0.76895624
CyCLIP,mscoco,Img-Img,Neg,0.7978888
CyCLIP,mscoco,Img-Img,Neg,0.8143718
CyCLIP,mscoco,Img-Img,Neg,0.8164308
CyCLIP,mscoco,Img-Img,Neg,0.8793447
CyCLIP,mscoco,Img-Img,Neg,0.8072629
CyCLIP,mscoco,Img-Img,Neg,0.7887858
CyCLIP,mscoco,Img-Img,Neg,0.79238373
CyCLIP,mscoco,Img-Img,Neg,0.8484285
CyCLIP,mscoco,Img-Img,Neg,0.81495094
CyCLIP,mscoco,Img-Img,Neg,0.7815365
CyCLIP,mscoco,Img-Img,Neg,0.7852229
CyCLIP,mscoco,Img-Img,Neg,0.78231835
CyCLIP,mscoco,Img-Img,Neg,0.7860702
CyCLIP,mscoco,Img-Img,Neg,0.8243807
CyCLIP,mscoco,Img-Img,Neg,0.78296185
CyCLIP,mscoco,Txt-Img,Neg,0.31549984
CyCLIP,mscoco,Txt-Img,Neg,0.3295765
CyCLIP,mscoco,Txt-Img,Neg,0.310074
CyCLIP,mscoco,Txt-Img,Neg,0.2689491
CyCLIP,mscoco,Txt-Img,Neg,0.36846417
CyCLIP,mscoco,Txt-Img,Neg,0.2851085
CyCLIP,mscoco,Txt-Img,Neg,0.28740194
CyCLIP,mscoco,Txt-Img,Neg,0.30077448
CyCLIP,mscoco,Txt-Img,Neg,0.27683324
CyCLIP,mscoco,Txt-Img,Neg,0.29134792
CyCLIP,mscoco,Txt-Img,Neg,0.29543412
CyCLIP,mscoco,Txt-Img,Neg,0.2993528
CyCLIP,mscoco,Txt-Img,Neg,0.28646564
CyCLIP,mscoco,Txt-Img,Neg,0.29439116
CyCLIP,mscoco,Txt-Img,Neg,0.2929318
CyCLIP,mscoco,Txt-Img,Neg,0.2939153
CyCLIP,mscoco,Txt-Img,Neg,0.3185526
CyCLIP,mscoco,Txt-Img,Neg,0.3015439
CyCLIP,mscoco,Txt-Img,Neg,0.33705682
CyCLIP,mscoco,Txt-Img,Neg,0.30491766
CyCLIP,mscoco,Txt-Img,Neg,0.30303064
CyCLIP,mscoco,Txt-Img,Neg,0.30267593
CyCLIP,mscoco,Txt-Img,Neg,0.28552613
CyCLIP,mscoco,Txt-Img,Neg,0.31365484
CyCLIP,mscoco,Txt-Img,Neg,0.3218782
CyCLIP,mscoco,Txt-Img,Neg,0.27724168
CyCLIP,mscoco,Txt-Img,Neg,0.27901927
CyCLIP,mscoco,Txt-Img,Neg,0.291155
CyCLIP,mscoco,Txt-Img,Neg,0.30487865
CyCLIP,mscoco,Txt-Img,Neg,0.28475747
CyCLIP,mscoco,Txt-Img,Neg,0.276883
CyCLIP,mscoco,Txt-Img,Neg,0.30602565
CyCLIP,mscoco,Txt-Img,Neg,0.2968471
CyCLIP,mscoco,Txt-Img,Neg,0.2745491
CyCLIP,mscoco,Txt-Img,Neg,0.4009168
CyCLIP,mscoco,Txt-Img,Neg,0.2933647
CyCLIP,mscoco,Txt-Img,Neg,0.31955525
CyCLIP,mscoco,Txt-Img,Neg,0.27511668
CyCLIP,mscoco,Txt-Img,Neg,0.32432953
CyCLIP,mscoco,Txt-Img,Neg,0.3035298
CyCLIP,mscoco,Txt-Img,Neg,0.37972653
CyCLIP,mscoco,Txt-Img,Neg,0.27713454
CyCLIP,mscoco,Txt-Img,Neg,0.33173954
CyCLIP,mscoco,Txt-Img,Neg,0.30551475
CyCLIP,mscoco,Txt-Img,Neg,0.28460047
CyCLIP,mscoco,Txt-Img,Neg,0.28765607
CyCLIP,mscoco,Txt-Img,Neg,0.29436767
CyCLIP,mscoco,Txt-Img,Neg,0.27851847
CyCLIP,mscoco,Txt-Img,Neg,0.27566245
CyCLIP,mscoco,Txt-Img,Neg,0.29248714
CyCLIP,mscoco,Txt-Img,Neg,0.33195338
CyCLIP,mscoco,Txt-Img,Neg,0.26654455
CyCLIP,mscoco,Txt-Img,Neg,0.31286043
CyCLIP,mscoco,Txt-Img,Neg,0.31038806
CyCLIP,mscoco,Txt-Img,Neg,0.3080126
CyCLIP,mscoco,Txt-Img,Neg,0.2941656
CyCLIP,mscoco,Txt-Img,Neg,0.2984186
CyCLIP,mscoco,Txt-Img,Neg,0.28808248
CyCLIP,mscoco,Txt-Img,Neg,0.25560227
CyCLIP,mscoco,Txt-Img,Neg,0.38195452
CyCLIP,mscoco,Txt-Img,Neg,0.28592604
CyCLIP,mscoco,Txt-Img,Neg,0.28432688
CyCLIP,mscoco,Txt-Img,Neg,0.2776035
CyCLIP,mscoco,Txt-Img,Neg,0.30668786
CyCLIP,mscoco,Txt-Img,Neg,0.3100229
CyCLIP,mscoco,Txt-Img,Neg,0.34058553
CyCLIP,mscoco,Txt-Img,Neg,0.28584868
CyCLIP,mscoco,Txt-Img,Neg,0.30933413
CyCLIP,mscoco,Txt-Img,Neg,0.27038437
CyCLIP,mscoco,Txt-Img,Neg,0.3101173
CyCLIP,mscoco,Txt-Img,Neg,0.3147558
CyCLIP,mscoco,Txt-Img,Neg,0.31841573
CyCLIP,mscoco,Txt-Img,Neg,0.27142757
CyCLIP,mscoco,Txt-Img,Neg,0.27074736
CyCLIP,mscoco,Txt-Img,Neg,0.32130602
CyCLIP,mscoco,Txt-Img,Neg,0.33140302
CyCLIP,mscoco,Txt-Img,Neg,0.27535433
CyCLIP,mscoco,Txt-Img,Neg,0.27888343
CyCLIP,mscoco,Txt-Img,Neg,0.31940424
CyCLIP,mscoco,Txt-Img,Neg,0.27708215
CyCLIP,mscoco,Txt-Img,Neg,0.3030076
CyCLIP,mscoco,Txt-Img,Neg,0.28627902
CyCLIP,mscoco,Txt-Img,Neg,0.28236514
CyCLIP,mscoco,Txt-Img,Neg,0.309681
CyCLIP,mscoco,Txt-Img,Neg,0.33598453
CyCLIP,mscoco,Txt-Img,Neg,0.27096605
CyCLIP,mscoco,Txt-Img,Neg,0.33044544
CyCLIP,mscoco,Txt-Img,Neg,0.28362167
CyCLIP,mscoco,Txt-Img,Neg,0.35233015
CyCLIP,mscoco,Txt-Img,Neg,0.28859085
CyCLIP,mscoco,Txt-Img,Neg,0.2933616
CyCLIP,mscoco,Txt-Img,Neg,0.33409226
CyCLIP,mscoco,Txt-Img,Neg,0.26163468
CyCLIP,mscoco,Txt-Img,Neg,0.2699087
CyCLIP,mscoco,Txt-Img,Neg,0.2492086
CyCLIP,mscoco,Txt-Img,Neg,0.28167653
CyCLIP,mscoco,Txt-Img,Neg,0.27770674
CyCLIP,mscoco,Txt-Img,Neg,0.2877941
CyCLIP,mscoco,Txt-Img,Neg,0.29518253
CyCLIP,mscoco,Txt-Img,Neg,0.3086527
CyCLIP,mscoco,Txt-Img,Neg,0.28601235
CyCLIP,mscoco,Txt-Img,Neg,0.30767345
CyCLIP,mscoco,Txt-Img,Neg,0.356502
CyCLIP,mscoco,Txt-Img,Neg,0.32022846
CyCLIP,mscoco,Txt-Img,Neg,0.350616
CyCLIP,mscoco,Txt-Img,Neg,0.26236293
CyCLIP,mscoco,Txt-Img,Neg,0.34356713
CyCLIP,mscoco,Txt-Img,Neg,0.31426707
CyCLIP,mscoco,Txt-Img,Neg,0.30474132
CyCLIP,mscoco,Txt-Img,Neg,0.29845193
CyCLIP,mscoco,Txt-Img,Neg,0.30688667
CyCLIP,mscoco,Txt-Img,Neg,0.31481808
CyCLIP,mscoco,Txt-Img,Neg,0.30478847
CyCLIP,mscoco,Txt-Img,Neg,0.298042
CyCLIP,mscoco,Txt-Img,Neg,0.3390007
CyCLIP,mscoco,Txt-Img,Neg,0.29637364
CyCLIP,mscoco,Txt-Img,Neg,0.33972812
CyCLIP,mscoco,Txt-Img,Neg,0.30065352
CyCLIP,mscoco,Txt-Img,Neg,0.30050534
CyCLIP,mscoco,Txt-Img,Neg,0.31421882
CyCLIP,mscoco,Txt-Img,Neg,0.30184186
CyCLIP,mscoco,Txt-Img,Neg,0.26583573
CyCLIP,mscoco,Txt-Img,Neg,0.33986628
CyCLIP,mscoco,Txt-Img,Neg,0.3095485
CyCLIP,mscoco,Txt-Img,Neg,0.34745318
CyCLIP,mscoco,Txt-Img,Neg,0.33021903
CyCLIP,mscoco,Txt-Img,Neg,0.28299648
CyCLIP,mscoco,Txt-Img,Neg,0.29951328
CyCLIP,mscoco,Txt-Img,Neg,0.2888826
CyCLIP,mscoco,Txt-Img,Neg,0.2828342
CyCLIP,mscoco,Txt-Img,Neg,0.31271094
CyCLIP,mscoco,Txt-Img,Neg,0.28771216
CyCLIP,mscoco,Txt-Img,Neg,0.36458772
CyCLIP,mscoco,Txt-Img,Neg,0.25920308
CyCLIP,mscoco,Txt-Img,Neg,0.28506353
CyCLIP,mscoco,Txt-Img,Neg,0.26835006
CyCLIP,mscoco,Txt-Img,Neg,0.31740865
CyCLIP,mscoco,Txt-Img,Neg,0.28152117
CyCLIP,mscoco,Txt-Img,Neg,0.26339728
CyCLIP,mscoco,Txt-Img,Neg,0.31090397
CyCLIP,mscoco,Txt-Img,Neg,0.38236964
CyCLIP,mscoco,Txt-Img,Neg,0.30516422
CyCLIP,mscoco,Txt-Img,Neg,0.29910082
CyCLIP,mscoco,Txt-Img,Neg,0.2675426
CyCLIP,mscoco,Txt-Img,Neg,0.2756058
CyCLIP,mscoco,Txt-Img,Neg,0.2853135
CyCLIP,mscoco,Txt-Img,Neg,0.29911673
CyCLIP,mscoco,Txt-Img,Neg,0.26200598
CyCLIP,mscoco,Txt-Img,Neg,0.33421513
CyCLIP,mscoco,Txt-Img,Neg,0.3032952
CyCLIP,mscoco,Txt-Img,Neg,0.310337
CyCLIP,mscoco,Txt-Img,Neg,0.3149047
CyCLIP,mscoco,Txt-Img,Neg,0.2735513
CyCLIP,mscoco,Txt-Img,Neg,0.31413737
CyCLIP,mscoco,Txt-Img,Neg,0.29795006
CyCLIP,mscoco,Txt-Img,Neg,0.28867388
CyCLIP,mscoco,Txt-Img,Neg,0.30189654
CyCLIP,mscoco,Txt-Img,Neg,0.3313371
CyCLIP,mscoco,Txt-Img,Neg,0.29091284
CyCLIP,mscoco,Txt-Img,Neg,0.2870964
CyCLIP,mscoco,Txt-Img,Neg,0.2766892
CyCLIP,mscoco,Txt-Img,Neg,0.27813423
CyCLIP,mscoco,Txt-Img,Neg,0.2559073
CyCLIP,mscoco,Txt-Img,Neg,0.29867658
CyCLIP,mscoco,Txt-Img,Neg,0.27487952
CyCLIP,mscoco,Txt-Img,Neg,0.2893985
CyCLIP,mscoco,Txt-Img,Neg,0.26777464
CyCLIP,mscoco,Txt-Img,Neg,0.3344782
CyCLIP,mscoco,Txt-Img,Neg,0.2880988
CyCLIP,mscoco,Txt-Img,Neg,0.32173964
CyCLIP,mscoco,Txt-Img,Neg,0.31053892
CyCLIP,mscoco,Txt-Img,Neg,0.30989468
CyCLIP,mscoco,Txt-Img,Neg,0.31233647
CyCLIP,mscoco,Txt-Img,Neg,0.28864992
CyCLIP,mscoco,Txt-Img,Neg,0.27682096
CyCLIP,mscoco,Txt-Img,Neg,0.29673424
CyCLIP,mscoco,Txt-Img,Neg,0.28865469
CyCLIP,mscoco,Txt-Img,Neg,0.29285872
CyCLIP,mscoco,Txt-Img,Neg,0.29147637
CyCLIP,mscoco,Txt-Img,Neg,0.32528433
CyCLIP,mscoco,Txt-Img,Neg,0.2824665
CyCLIP,mscoco,Txt-Img,Neg,0.3054573
CyCLIP,mscoco,Txt-Img,Neg,0.30807373
CyCLIP,mscoco,Txt-Img,Neg,0.32542264
CyCLIP,mscoco,Txt-Img,Neg,0.28696403
CyCLIP,mscoco,Txt-Img,Neg,0.3133938
CyCLIP,mscoco,Txt-Img,Neg,0.29836056
CyCLIP,mscoco,Txt-Img,Neg,0.27172774
CyCLIP,mscoco,Txt-Img,Neg,0.33865517
CyCLIP,mscoco,Txt-Img,Neg,0.28868848
CyCLIP,mscoco,Txt-Img,Neg,0.27275828
CyCLIP,mscoco,Txt-Img,Neg,0.28519756
CyCLIP,mscoco,Txt-Img,Neg,0.31099522
CyCLIP,mscoco,Txt-Img,Neg,0.27230555
CyCLIP,mscoco,Txt-Img,Neg,0.3049466
CyCLIP,mscoco,Txt-Img,Neg,0.3160802
CyCLIP,mscoco,Txt-Img,Neg,0.29887715
CyCLIP,mscoco,Txt-Img,Neg,0.28388458
CyCLIP,mscoco,Txt-Img,Neg,0.35230657
CyCLIP,mscoco,Txt-Img,Neg,0.27746916
CyCLIP,mscoco,Txt-Img,Neg,0.32461652
CyCLIP,mscoco,Txt-Img,Neg,0.29516485
CyCLIP,mscoco,Txt-Img,Neg,0.27945104
CyCLIP,mscoco,Txt-Img,Neg,0.27374512
CyCLIP,mscoco,Txt-Img,Neg,0.27277145
CyCLIP,mscoco,Txt-Img,Neg,0.30885988
CyCLIP,mscoco,Txt-Img,Neg,0.28417182
CyCLIP,mscoco,Txt-Img,Neg,0.27122748
CyCLIP,mscoco,Txt-Img,Neg,0.26606062
CyCLIP,mscoco,Txt-Img,Neg,0.3169608
CyCLIP,mscoco,Txt-Img,Neg,0.30968162
CyCLIP,mscoco,Txt-Img,Neg,0.31762075
CyCLIP,mscoco,Txt-Img,Neg,0.28180587
CyCLIP,mscoco,Txt-Img,Neg,0.33846134
CyCLIP,mscoco,Txt-Img,Neg,0.31277508
CyCLIP,mscoco,Txt-Img,Neg,0.2962494
CyCLIP,mscoco,Txt-Img,Neg,0.28075057
CyCLIP,mscoco,Txt-Img,Neg,0.27149534
CyCLIP,mscoco,Txt-Img,Neg,0.31690547
CyCLIP,mscoco,Txt-Img,Neg,0.30206838
CyCLIP,mscoco,Txt-Img,Neg,0.27767816
CyCLIP,mscoco,Txt-Img,Neg,0.2698855
CyCLIP,mscoco,Txt-Img,Neg,0.3106677
CyCLIP,mscoco,Txt-Img,Neg,0.28229713
CyCLIP,mscoco,Txt-Img,Neg,0.25548902
CyCLIP,mscoco,Txt-Img,Neg,0.2927959
CyCLIP,mscoco,Txt-Img,Neg,0.28327483
CyCLIP,mscoco,Txt-Img,Neg,0.2681473
CyCLIP,mscoco,Txt-Img,Neg,0.29992443
CyCLIP,mscoco,Txt-Img,Neg,0.27003708
CyCLIP,mscoco,Txt-Img,Neg,0.3193436
CyCLIP,mscoco,Txt-Img,Neg,0.36851928
CyCLIP,mscoco,Txt-Img,Neg,0.30580208
CyCLIP,mscoco,Txt-Img,Neg,0.2861985
CyCLIP,mscoco,Txt-Img,Neg,0.3372353
CyCLIP,mscoco,Txt-Img,Neg,0.3645981
CyCLIP,mscoco,Txt-Img,Neg,0.3912636
CyCLIP,mscoco,Txt-Img,Neg,0.3179403
CyCLIP,mscoco,Txt-Img,Neg,0.28072652
CyCLIP,mscoco,Txt-Img,Neg,0.28260386
CyCLIP,mscoco,Txt-Img,Neg,0.37668192
CyCLIP,mscoco,Txt-Img,Neg,0.29164022
CyCLIP,mscoco,Txt-Img,Neg,0.30594745
CyCLIP,mscoco,Txt-Img,Neg,0.28821477
CyCLIP,mscoco,Txt-Img,Neg,0.34820026
CyCLIP,mscoco,Txt-Img,Neg,0.3107285
CyCLIP,mscoco,Txt-Img,Neg,0.3077793
CyCLIP,mscoco,Txt-Img,Neg,0.3446703
CyCLIP,mscoco,Txt-Img,Neg,0.3816433
CyCLIP,mscoco,Txt-Img,Neg,0.29383785
CyCLIP,mscoco,Txt-Img,Neg,0.31273776
CyCLIP,mscoco,Txt-Img,Neg,0.30212092
CyCLIP,mscoco,Txt-Img,Neg,0.31511942
CyCLIP,mscoco,Txt-Img,Neg,0.29505828
CyCLIP,mscoco,Txt-Img,Neg,0.2630253
CyCLIP,mscoco,Txt-Img,Neg,0.27156705
CyCLIP,mscoco,Txt-Img,Neg,0.2955702
CyCLIP,mscoco,Txt-Img,Neg,0.29445663
CyCLIP,mscoco,Txt-Img,Neg,0.2718004
CyCLIP,mscoco,Txt-Img,Neg,0.28104886
CyCLIP,mscoco,Txt-Img,Neg,0.28161305
CyCLIP,mscoco,Txt-Img,Neg,0.29905212
CyCLIP,mscoco,Txt-Img,Neg,0.30852267
CyCLIP,mscoco,Txt-Img,Neg,0.31357223
CyCLIP,mscoco,Txt-Img,Neg,0.3380711
CyCLIP,mscoco,Txt-Img,Neg,0.2799142
CyCLIP,mscoco,Txt-Img,Neg,0.2801838
CyCLIP,mscoco,Txt-Img,Neg,0.32132065
CyCLIP,mscoco,Txt-Img,Neg,0.34670287
CyCLIP,mscoco,Txt-Img,Neg,0.27743295
CyCLIP,mscoco,Txt-Img,Neg,0.3879795
CyCLIP,mscoco,Txt-Img,Neg,0.31946194
CyCLIP,mscoco,Txt-Img,Neg,0.29978782
CyCLIP,mscoco,Txt-Img,Neg,0.27779302
CyCLIP,mscoco,Txt-Img,Neg,0.27984405
CyCLIP,mscoco,Txt-Img,Neg,0.3035559
CyCLIP,mscoco,Txt-Img,Neg,0.29614806
CyCLIP,mscoco,Txt-Img,Neg,0.28113198
CyCLIP,mscoco,Txt-Img,Neg,0.25724024
CyCLIP,mscoco,Txt-Img,Neg,0.3967163
CyCLIP,mscoco,Txt-Img,Neg,0.26839757
CyCLIP,mscoco,Txt-Img,Neg,0.2777499
CyCLIP,mscoco,Txt-Img,Neg,0.2892177
CyCLIP,mscoco,Txt-Img,Neg,0.2955846
CyCLIP,mscoco,Txt-Img,Neg,0.27112117
CyCLIP,mscoco,Txt-Img,Neg,0.26324916
CyCLIP,mscoco,Txt-Img,Neg,0.26411334
CyCLIP,mscoco,Txt-Img,Neg,0.27510777
CyCLIP,mscoco,Txt-Img,Neg,0.3109992
CyCLIP,mscoco,Txt-Img,Neg,0.27064815
CyCLIP,mscoco,Txt-Img,Neg,0.30847847
CyCLIP,mscoco,Txt-Img,Neg,0.27610314
CyCLIP,mscoco,Txt-Img,Neg,0.31157166
CyCLIP,mscoco,Txt-Img,Neg,0.31192333
CyCLIP,mscoco,Txt-Img,Neg,0.2772897
CyCLIP,mscoco,Txt-Img,Neg,0.28733337
CyCLIP,mscoco,Txt-Img,Neg,0.33123198
CyCLIP,mscoco,Txt-Img,Neg,0.29888687
CyCLIP,mscoco,Txt-Img,Neg,0.275955
CyCLIP,mscoco,Txt-Img,Neg,0.28960675
CyCLIP,mscoco,Txt-Img,Neg,0.30304945
CyCLIP,mscoco,Txt-Img,Neg,0.3225199
CyCLIP,mscoco,Txt-Img,Neg,0.2974648
CyCLIP,mscoco,Txt-Img,Neg,0.27357477
CyCLIP,mscoco,Txt-Img,Neg,0.28794143
CyCLIP,mscoco,Txt-Img,Neg,0.29470012
CyCLIP,mscoco,Txt-Img,Neg,0.30261403
CyCLIP,mscoco,Txt-Img,Neg,0.27959424
CyCLIP,mscoco,Txt-Img,Neg,0.3057403
CyCLIP,mscoco,Txt-Img,Neg,0.28453785
CyCLIP,mscoco,Txt-Img,Neg,0.2927441
CyCLIP,mscoco,Txt-Img,Neg,0.27852616
CyCLIP,mscoco,Txt-Img,Neg,0.37296337
CyCLIP,mscoco,Txt-Img,Neg,0.32569966
CyCLIP,mscoco,Txt-Img,Neg,0.30460528
CyCLIP,mscoco,Txt-Img,Neg,0.28393346
CyCLIP,mscoco,Txt-Img,Neg,0.2946571
CyCLIP,mscoco,Txt-Img,Neg,0.3093878
CyCLIP,mscoco,Txt-Img,Neg,0.29472318
CyCLIP,mscoco,Txt-Img,Neg,0.30447546
CyCLIP,mscoco,Txt-Img,Neg,0.2756829
CyCLIP,mscoco,Txt-Img,Neg,0.29389986
CyCLIP,mscoco,Txt-Img,Neg,0.29710385
CyCLIP,mscoco,Txt-Img,Neg,0.30313158
CyCLIP,mscoco,Txt-Img,Neg,0.2604557
CyCLIP,mscoco,Txt-Img,Neg,0.28078377
CyCLIP,mscoco,Txt-Img,Neg,0.31750464
CyCLIP,mscoco,Txt-Img,Neg,0.31066152
CyCLIP,mscoco,Txt-Img,Neg,0.36149853
CyCLIP,mscoco,Txt-Img,Neg,0.2854211
CyCLIP,mscoco,Txt-Img,Neg,0.37542686
CyCLIP,mscoco,Txt-Img,Neg,0.28870714
CyCLIP,mscoco,Txt-Img,Neg,0.29640916
CyCLIP,mscoco,Txt-Img,Neg,0.28900063
CyCLIP,mscoco,Txt-Img,Neg,0.2836799
CyCLIP,mscoco,Txt-Img,Neg,0.33105326
CyCLIP,mscoco,Txt-Img,Neg,0.279133
CyCLIP,mscoco,Txt-Img,Neg,0.3135595
CyCLIP,mscoco,Txt-Img,Neg,0.2979174
CyCLIP,mscoco,Txt-Img,Neg,0.2814907
CyCLIP,mscoco,Txt-Img,Neg,0.27655277
CyCLIP,mscoco,Txt-Img,Neg,0.31153694
CyCLIP,mscoco,Txt-Img,Neg,0.35815418
CyCLIP,mscoco,Txt-Img,Neg,0.3470239
CyCLIP,mscoco,Txt-Img,Neg,0.28240484
CyCLIP,mscoco,Txt-Img,Neg,0.29281074
CyCLIP,mscoco,Txt-Img,Neg,0.31415766
CyCLIP,mscoco,Txt-Img,Neg,0.28630453
CyCLIP,mscoco,Txt-Img,Neg,0.31022966
CyCLIP,mscoco,Txt-Img,Neg,0.31901503
CyCLIP,mscoco,Txt-Img,Neg,0.29938176
CyCLIP,mscoco,Txt-Img,Neg,0.3470142
CyCLIP,mscoco,Txt-Img,Neg,0.27515572
CyCLIP,mscoco,Txt-Img,Neg,0.3089495
CyCLIP,mscoco,Txt-Img,Neg,0.3015889
CyCLIP,mscoco,Txt-Img,Neg,0.27951035
CyCLIP,mscoco,Txt-Img,Neg,0.28552097
CyCLIP,mscoco,Txt-Img,Neg,0.32586682
CyCLIP,mscoco,Txt-Img,Neg,0.2836769
CyCLIP,mscoco,Txt-Img,Neg,0.35024363
CyCLIP,mscoco,Txt-Img,Neg,0.30663407
CyCLIP,mscoco,Txt-Img,Neg,0.31098157
CyCLIP,mscoco,Txt-Img,Neg,0.32258546
CyCLIP,mscoco,Txt-Img,Neg,0.28623408
CyCLIP,mscoco,Txt-Img,Neg,0.29193863
CyCLIP,mscoco,Txt-Img,Neg,0.33247516
CyCLIP,mscoco,Txt-Img,Neg,0.3302119
CyCLIP,mscoco,Txt-Img,Neg,0.26485062
CyCLIP,mscoco,Txt-Img,Neg,0.269411
CyCLIP,mscoco,Txt-Img,Neg,0.2854602
CyCLIP,mscoco,Txt-Img,Neg,0.27799636
CyCLIP,mscoco,Txt-Img,Neg,0.30289984
CyCLIP,mscoco,Txt-Img,Neg,0.27500328
CyCLIP,mscoco,Txt-Img,Neg,0.30024993
CyCLIP,mscoco,Txt-Img,Neg,0.2564623
CyCLIP,mscoco,Txt-Img,Neg,0.2641542
CyCLIP,mscoco,Txt-Img,Neg,0.31427413
CyCLIP,mscoco,Txt-Img,Neg,0.31130674
CyCLIP,mscoco,Txt-Img,Neg,0.3380263
CyCLIP,mscoco,Txt-Img,Neg,0.25228286
CyCLIP,mscoco,Txt-Img,Neg,0.29503146
CyCLIP,mscoco,Txt-Img,Neg,0.27578437
CyCLIP,mscoco,Txt-Img,Neg,0.2787796
CyCLIP,mscoco,Txt-Img,Neg,0.31018385
CyCLIP,mscoco,Txt-Img,Neg,0.27946568
CyCLIP,mscoco,Txt-Img,Neg,0.30346763
CyCLIP,mscoco,Txt-Img,Neg,0.30231428
CyCLIP,mscoco,Txt-Img,Neg,0.30479777
CyCLIP,mscoco,Txt-Img,Neg,0.31208676
CyCLIP,mscoco,Txt-Img,Neg,0.29271036
CyCLIP,mscoco,Txt-Img,Neg,0.33486077
CyCLIP,mscoco,Txt-Img,Neg,0.2944342
CyCLIP,mscoco,Txt-Img,Neg,0.30784482
CyCLIP,mscoco,Txt-Img,Neg,0.29687905
CyCLIP,mscoco,Txt-Img,Neg,0.31195545
CyCLIP,mscoco,Txt-Img,Neg,0.32233953
CyCLIP,mscoco,Txt-Img,Neg,0.26214644
CyCLIP,mscoco,Txt-Img,Neg,0.27426866
CyCLIP,mscoco,Txt-Img,Neg,0.29532933
CyCLIP,mscoco,Txt-Img,Neg,0.27969003
CyCLIP,mscoco,Txt-Img,Neg,0.27824026
CyCLIP,mscoco,Txt-Img,Neg,0.2922868
CyCLIP,mscoco,Txt-Img,Neg,0.3155411
CyCLIP,mscoco,Txt-Img,Neg,0.29638982
CyCLIP,mscoco,Txt-Img,Neg,0.2945265
CyCLIP,mscoco,Txt-Img,Neg,0.27642518
CyCLIP,mscoco,Txt-Img,Neg,0.37339646
CyCLIP,mscoco,Txt-Img,Neg,0.31027126
CyCLIP,mscoco,Txt-Img,Neg,0.2889486
CyCLIP,mscoco,Txt-Img,Neg,0.30373585
CyCLIP,mscoco,Txt-Img,Neg,0.31361252
CyCLIP,mscoco,Txt-Img,Neg,0.28744918
CyCLIP,mscoco,Txt-Img,Neg,0.28910047
CyCLIP,mscoco,Txt-Img,Neg,0.26863968
CyCLIP,mscoco,Txt-Img,Neg,0.29439753
CyCLIP,mscoco,Txt-Img,Neg,0.29621354
CyCLIP,mscoco,Txt-Img,Neg,0.27806717
CyCLIP,mscoco,Txt-Img,Neg,0.2819324
CyCLIP,mscoco,Txt-Img,Neg,0.30279246
CyCLIP,mscoco,Txt-Img,Neg,0.30727184
CyCLIP,mscoco,Txt-Img,Neg,0.2894606
CyCLIP,mscoco,Txt-Img,Neg,0.33754116
CyCLIP,mscoco,Txt-Img,Neg,0.3826001
CyCLIP,mscoco,Txt-Img,Neg,0.28912234
CyCLIP,mscoco,Txt-Img,Neg,0.31079805
CyCLIP,mscoco,Txt-Img,Neg,0.27676597
CyCLIP,mscoco,Txt-Img,Neg,0.29736602
CyCLIP,mscoco,Txt-Img,Neg,0.26779854
CyCLIP,mscoco,Txt-Img,Neg,0.2684909
CyCLIP,mscoco,Txt-Img,Neg,0.2641481
CyCLIP,mscoco,Txt-Img,Neg,0.2940879
CyCLIP,mscoco,Txt-Img,Neg,0.3212743
CyCLIP,mscoco,Txt-Img,Neg,0.30997223
CyCLIP,mscoco,Txt-Img,Neg,0.2723039
CyCLIP,mscoco,Txt-Img,Neg,0.28336275
CyCLIP,mscoco,Txt-Img,Neg,0.30138215
CyCLIP,mscoco,Txt-Img,Neg,0.28426993
CyCLIP,mscoco,Txt-Img,Neg,0.28898233
CyCLIP,mscoco,Txt-Img,Neg,0.2933005
CyCLIP,mscoco,Txt-Img,Neg,0.2974919
CyCLIP,mscoco,Txt-Img,Neg,0.31498802
CyCLIP,mscoco,Txt-Img,Neg,0.34299374
CyCLIP,mscoco,Txt-Img,Neg,0.30781242
CyCLIP,mscoco,Txt-Img,Neg,0.32261574
CyCLIP,mscoco,Txt-Img,Neg,0.25550032
CyCLIP,mscoco,Txt-Img,Neg,0.3099349
CyCLIP,mscoco,Txt-Img,Neg,0.27506775
CyCLIP,mscoco,Txt-Img,Neg,0.2646249
CyCLIP,mscoco,Txt-Img,Neg,0.2874778
CyCLIP,mscoco,Txt-Img,Neg,0.26792908
CyCLIP,mscoco,Txt-Img,Neg,0.29533654
CyCLIP,mscoco,Txt-Img,Neg,0.30868295
CyCLIP,mscoco,Txt-Img,Neg,0.2743192
CyCLIP,mscoco,Txt-Img,Neg,0.2871843
CyCLIP,mscoco,Txt-Img,Neg,0.26869383
CyCLIP,mscoco,Txt-Img,Neg,0.29558584
CyCLIP,mscoco,Txt-Img,Neg,0.32727087
CyCLIP,mscoco,Txt-Img,Neg,0.2646795
CyCLIP,mscoco,Txt-Img,Neg,0.29730302
CyCLIP,mscoco,Txt-Img,Neg,0.2850347
CyCLIP,mscoco,Txt-Img,Neg,0.28794864
CyCLIP,mscoco,Txt-Img,Neg,0.32915577
CyCLIP,mscoco,Txt-Img,Neg,0.29535693
CyCLIP,mscoco,Txt-Img,Neg,0.34453493
CyCLIP,mscoco,Txt-Img,Neg,0.26574972
CyCLIP,mscoco,Txt-Img,Neg,0.30013984
CyCLIP,mscoco,Txt-Img,Neg,0.30737522
CyCLIP,mscoco,Txt-Img,Neg,0.28262666
CyCLIP,mscoco,Txt-Img,Neg,0.30827636
CyCLIP,mscoco,Txt-Img,Neg,0.2981885
CyCLIP,mscoco,Txt-Img,Neg,0.2903678
CyCLIP,mscoco,Txt-Img,Neg,0.3302541
CyCLIP,mscoco,Txt-Img,Neg,0.27321023
CyCLIP,mscoco,Txt-Img,Neg,0.34470358
CyCLIP,mscoco,Txt-Img,Neg,0.2772011
CyCLIP,mscoco,Txt-Img,Neg,0.26755294
CyCLIP,mscoco,Txt-Img,Neg,0.34068653
CyCLIP,mscoco,Txt-Img,Neg,0.322079
CyCLIP,mscoco,Txt-Img,Neg,0.31994018
CyCLIP,mscoco,Txt-Img,Neg,0.38774076
CyCLIP,mscoco,Txt-Img,Neg,0.29327855
CyCLIP,mscoco,Txt-Img,Neg,0.3243064
CyCLIP,mscoco,Txt-Img,Neg,0.28276715
CyCLIP,mscoco,Txt-Img,Neg,0.2882953
CyCLIP,mscoco,Txt-Img,Neg,0.28950405
CyCLIP,mscoco,Txt-Img,Neg,0.3287861
CyCLIP,mscoco,Txt-Img,Neg,0.28455332
CyCLIP,mscoco,Txt-Img,Neg,0.2967938
CyCLIP,mscoco,Txt-Img,Neg,0.3472793
CyCLIP,mscoco,Txt-Img,Neg,0.32316318
CyCLIP,mscoco,Txt-Img,Neg,0.29040423
CyCLIP,mscoco,Txt-Img,Neg,0.2702496
CyCLIP,mscoco,Txt-Img,Neg,0.3161318
CyCLIP,mscoco,Txt-Img,Neg,0.30128413
CyCLIP,mscoco,Txt-Img,Neg,0.29190028
CyCLIP,mscoco,Txt-Img,Neg,0.4148478
CyCLIP,mscoco,Txt-Img,Neg,0.28364187
CyCLIP,mscoco,Txt-Img,Neg,0.30367112
CyCLIP,mscoco,Txt-Img,Neg,0.26291192
CyCLIP,mscoco,Txt-Img,Neg,0.31383622
CyCLIP,mscoco,Txt-Img,Neg,0.2876434
CyCLIP,mscoco,Txt-Img,Neg,0.26922625
CyCLIP,mscoco,Txt-Img,Neg,0.31046656
CyCLIP,mscoco,Txt-Img,Neg,0.31263065
CyCLIP,mscoco,Txt-Img,Neg,0.32629746
CyCLIP,mscoco,Txt-Img,Neg,0.3011971
CyCLIP,mscoco,Txt-Img,Neg,0.3124544
CyCLIP,mscoco,Txt-Img,Neg,0.37738252
CyCLIP,mscoco,Txt-Img,Neg,0.30652434
CyCLIP,mscoco,Txt-Img,Neg,0.29285038
CyCLIP,mscoco,Txt-Img,Neg,0.29217705
CyCLIP,mscoco,Txt-Img,Neg,0.33130032
CyCLIP,mscoco,Txt-Img,Neg,0.32669622
CyCLIP,mscoco,Txt-Img,Neg,0.28109777
CyCLIP,mscoco,Txt-Img,Neg,0.2696177
CyCLIP,mscoco,Txt-Img,Neg,0.3279689
CyCLIP,mscoco,Txt-Img,Neg,0.29446396
CyCLIP,mscoco,Txt-Img,Neg,0.27682412
CyCLIP,mscoco,Txt-Img,Neg,0.31106424
CyCLIP,mscoco,Txt-Img,Neg,0.40645668
CyCLIP,mscoco,Txt-Img,Neg,0.29652864
CyCLIP,mscoco,Txt-Img,Neg,0.27968276
CyCLIP,mscoco,Txt-Img,Neg,0.2937495
